"pais","anio","region","region_id","tramo","contribucion_po","contribucion_empleo","contribucion_vtas","contribucion_sal_neto","ent_nr","emp_nr","ventas_anuales_en_uf","sal_neto","poblacion","km_2","densidad_pobl","pib_regional","aporte_pib","pbi_per_capita","tasa_ocupacion","tasa_desempleo","tasa_informalidad","tasa_pobreza","anios_educacion_promedio","sin_educacion","basica_incompleta","basica_completa","media_incompleta","media_completa","superior_incompleta","superior_completa","renta_media_laboral_hogar","renta_media_autonoma_hogar","subsidios_promedio_hogar","renta_media_hogar","share_ing_trabajo","esperanza_vida","tasa_mortalidad_general","tasa_mortalidad_infantil","tasa_homicidios","tasa_denuncias_delitos_graves","ent_per_1000","tasa_empleo_pyme"
"Chile",2005,"Región de Antofagasta",3,"Micro",0.682733399079553,0.140911826662654,0.0391784314270972,1058856.40537646,16615,24349,8371882.39,1390077.752,NA,NA,NA,NA,NA,NA,NA,NA,NA,NA,NA,NA,NA,NA,NA,NA,NA,NA,NA,NA,NA,NA,NA,NA,NA,NA,NA,NA,NA,NA
"Chile",2005,"Región de Antofagasta",3,"Pequeña",0.135437212360289,0.291019468043242,0.10772021637757,2910379.4684699,3296,50287,23018302.41,3803674.357,NA,NA,NA,NA,NA,NA,NA,NA,NA,NA,NA,NA,NA,NA,NA,NA,NA,NA,NA,NA,NA,NA,NA,NA,NA,NA,NA,NA,NA,NA
"Chile",2005,"Región de Magallanes y la Antártica Chilena",16,"Mediana",0.0182019308125503,0.191082451499118,0.193576921658167,608850.009788041,181,13868,8772915.72,738614.67,NA,NA,NA,NA,NA,NA,NA,NA,NA,NA,NA,NA,NA,NA,NA,NA,NA,NA,NA,NA,NA,NA,NA,NA,NA,NA,NA,NA,NA,NA
"Chile",2005,"Región de La Araucanía",12,"Sin Ventas/Sin Información",0.150340675751353,0.0608788626793564,0,1912984.84731768,6443,13836,0,2163261.116,NA,NA,NA,NA,NA,NA,NA,NA,NA,NA,NA,NA,NA,NA,NA,NA,NA,NA,NA,NA,NA,NA,NA,NA,NA,NA,NA,NA,NA,NA
"Chile",2005,"Región del Maule",9,"Pequeña",0.102173804904741,0.357085553378571,0.255537582848713,4182722.13609549,6162,111721,41482299.69,4919992.438,NA,NA,NA,NA,NA,NA,NA,NA,NA,NA,NA,NA,NA,NA,NA,NA,NA,NA,NA,NA,NA,NA,NA,NA,NA,NA,NA,NA,NA,NA
"Chile",2005,"Región de Valparaíso",6,"Grande",0.00497649075009887,0.259209818622464,0.779825679768198,21498523.4695122,453,160004,592631106.75,24598668.833,NA,NA,NA,NA,NA,NA,NA,NA,NA,NA,NA,NA,NA,NA,NA,NA,NA,NA,NA,NA,NA,NA,NA,NA,NA,NA,NA,NA,NA,NA
"Chile",2005,"Región de Ñuble",11,"Mediana",0.0105970641596569,0.203108411840658,0.163195165500926,1604006.33265262,257,21236,11529219.42,1798491.257,NA,NA,NA,NA,NA,NA,NA,NA,NA,NA,NA,NA,NA,NA,NA,NA,NA,NA,NA,NA,NA,NA,NA,NA,NA,NA,NA,NA,NA,NA
"Chile",2005,"Región de Tarapacá",2,"Grande",0.0157773564463705,0.305819988062601,0.691456965738944,3153127.50974308,233,30230,92467018.09,3885009.679,NA,NA,NA,NA,NA,NA,NA,NA,NA,NA,NA,NA,NA,NA,NA,NA,NA,NA,NA,NA,NA,NA,NA,NA,NA,NA,NA,NA,NA,NA
"Chile",2005,"Región de Tarapacá",2,"Pequeña",0.129943120260022,0.305819988062601,0.110856945657585,1386138.04465168,1919,30230,14824655.34,1754389.464,NA,NA,NA,NA,NA,NA,NA,NA,NA,NA,NA,NA,NA,NA,NA,NA,NA,NA,NA,NA,NA,NA,NA,NA,NA,NA,NA,NA,NA,NA
"Chile",2005,"Región del Maule",9,"Mediana",0.00983269495431859,0.170266149730398,0.172435565583958,2912842.70771019,593,53271,27992061.79,3317425.903,NA,NA,NA,NA,NA,NA,NA,NA,NA,NA,NA,NA,NA,NA,NA,NA,NA,NA,NA,NA,NA,NA,NA,NA,NA,NA,NA,NA,NA,NA
"Chile",2005,"Región del Maule",9,"Grande",0.00311727934470809,0.199818454369081,0.458442801854955,5090999.8266018,188,62517,74420605.71,5731099.809,NA,NA,NA,NA,NA,NA,NA,NA,NA,NA,NA,NA,NA,NA,NA,NA,NA,NA,NA,NA,NA,NA,NA,NA,NA,NA,NA,NA,NA,NA
"Chile",2005,"Región de La Araucanía",12,"Pequeña",0.110089602389397,0.29102701180529,0.271921265905975,3878323.65875718,4718,66142,32115509.17,4606679.043,NA,NA,NA,NA,NA,NA,NA,NA,NA,NA,NA,NA,NA,NA,NA,NA,NA,NA,NA,NA,NA,NA,NA,NA,NA,NA,NA,NA,NA,NA
"Chile",2005,"Región del Libertador General Bernardo O'Higgins",8,"Micro",0.720154269972452,0.1728354252939,0.0612587548157286,2731019.81064187,32677,56470,15345228.85,3202002.052,NA,NA,NA,NA,NA,NA,NA,NA,NA,NA,NA,NA,NA,NA,NA,NA,NA,NA,NA,NA,NA,NA,NA,NA,NA,NA,NA,NA,NA,NA
"Chile",2005,"Región de Los Lagos",14,"Grande",0.00639710909268483,0.301341040753298,0.677044133020494,9172957.12603442,262,95815,171099579.11,10339939.931,NA,NA,NA,NA,NA,NA,NA,NA,NA,NA,NA,NA,NA,NA,NA,NA,NA,NA,NA,NA,NA,NA,NA,NA,NA,NA,NA,NA,NA,NA
"Chile",2005,"Región de Los Lagos",14,"Micro",0.698554546342416,0.182839458803253,0.0552493057091011,3288262.90445727,28610,58136,13962358.57,4085711.78,NA,NA,NA,NA,NA,NA,NA,NA,NA,NA,NA,NA,NA,NA,NA,NA,NA,NA,NA,NA,NA,NA,NA,NA,NA,NA,NA,NA,NA,NA
"Chile",2005,"Región de Los Lagos",14,"Pequeña",0.136048442230687,0.251121203162642,0.150424913852121,3758744.50054801,5572,79847,38014714.54,4634544.233,NA,NA,NA,NA,NA,NA,NA,NA,NA,NA,NA,NA,NA,NA,NA,NA,NA,NA,NA,NA,NA,NA,NA,NA,NA,NA,NA,NA,NA,NA
"Chile",2005,"Región de Tarapacá",2,"Mediana",0.0297941495124594,0.175267326932999,0.163860189158064,1026365.54638986,440,17325,21912662.43,1252255.308,NA,NA,NA,NA,NA,NA,NA,NA,NA,NA,NA,NA,NA,NA,NA,NA,NA,NA,NA,NA,NA,NA,NA,NA,NA,NA,NA,NA,NA,NA
"Chile",2005,"Región del Libertador General Bernardo O'Higgins",8,"Mediana",0.0129366391184573,0.20732599387256,0.109763870041301,3467156.8646783,587,67739,27495689.56,3917169.317,NA,NA,NA,NA,NA,NA,NA,NA,NA,NA,NA,NA,NA,NA,NA,NA,NA,NA,NA,NA,NA,NA,NA,NA,NA,NA,NA,NA,NA,NA
"Chile",2005,"Región del Biobío",10,"Mediana",0.0161319918040307,0.187529140158522,0.126679376150464,6792501.13137162,1055,99749,51092752.54,7818515.914,NA,NA,NA,NA,NA,NA,NA,NA,NA,NA,NA,NA,NA,NA,NA,NA,NA,NA,NA,NA,NA,NA,NA,NA,NA,NA,NA,NA,NA,NA
"Chile",2005,"Región del Biobío",10,"Micro",0.689501207988012,0.14555791183504,0.0538043222545379,3091364.67435538,45092,77424,21700540.42,3915101.923,NA,NA,NA,NA,NA,NA,NA,NA,NA,NA,NA,NA,NA,NA,NA,NA,NA,NA,NA,NA,NA,NA,NA,NA,NA,NA,NA,NA,NA,NA
"Chile",2005,"Región de Aysén del General Carlos Ibáñez del Campo",15,"Micro",0.741126997476871,0.26115544397621,NA,NA,4406,8738,1919208.3,730941.342,NA,NA,NA,NA,NA,NA,NA,NA,NA,NA,NA,NA,NA,NA,NA,NA,NA,NA,NA,NA,NA,NA,NA,NA,NA,NA,NA,NA,NA,NA
"Chile",2005,"Región del Biobío",10,"Sin Ventas/Sin Información",0.157650081042234,0.0876648768969303,0,7634400.11538949,10310,46630,0,8258395.825,NA,NA,NA,NA,NA,NA,NA,NA,NA,NA,NA,NA,NA,NA,NA,NA,NA,NA,NA,NA,NA,NA,NA,NA,NA,NA,NA,NA,NA,NA
"Chile",2005,"Región de Atacama",4,"Sin Ventas/Sin Información",0.169552012148823,0.0296545277352374,0,294669.092612595,2233,2982,0,348968.237,NA,NA,NA,NA,NA,NA,NA,NA,NA,NA,NA,NA,NA,NA,NA,NA,NA,NA,NA,NA,NA,NA,NA,NA,NA,NA,NA,NA,NA,NA
"Chile",2005,"Región de Valparaíso",6,"Micro",0.6907435074922,0.174897452679191,0.0393312564696382,4672971.77364444,62877,107960,29889918.55,5992243.604,NA,NA,NA,NA,NA,NA,NA,NA,NA,NA,NA,NA,NA,NA,NA,NA,NA,NA,NA,NA,NA,NA,NA,NA,NA,NA,NA,NA,NA,NA
"Chile",2005,"Región de Arica y Parinacota",1,"Sin Ventas/Sin Información",0.133520511620652,0.0234585700958358,0,56214.6666719355,1712,1383,0,70591.516,NA,NA,NA,NA,NA,NA,NA,NA,NA,NA,NA,NA,NA,NA,NA,NA,NA,NA,NA,NA,NA,NA,NA,NA,NA,NA,NA,NA,NA,NA
"Chile",2005,"Región de Magallanes y la Antártica Chilena",16,"Sin Ventas/Sin Información",0.153660498793242,0.0366236772486772,0,507042.229571015,1528,2658,0,551736.977,NA,NA,NA,NA,NA,NA,NA,NA,NA,NA,NA,NA,NA,NA,NA,NA,NA,NA,NA,NA,NA,NA,NA,NA,NA,NA,NA,NA,NA,NA
"Chile",2005,"Región Metropolitana",7,"Pequeña",0.164107074271783,0.185315742347383,0.0490107767049039,65362242.4348468,58964,996119,440388132.6,95185299.855,NA,NA,NA,NA,NA,NA,NA,NA,NA,NA,NA,NA,NA,NA,NA,NA,NA,NA,NA,NA,NA,NA,NA,NA,NA,NA,NA,NA,NA,NA
"Chile",2005,"Región de Arica y Parinacota",1,"Micro",0.771486507565122,0.347417521838691,0.133132942443089,1017349.18589119,9892,20482,3715407.08,1181367.124,NA,NA,NA,NA,NA,NA,NA,NA,NA,NA,NA,NA,NA,NA,NA,NA,NA,NA,NA,NA,NA,NA,NA,NA,NA,NA,NA,NA,NA,NA
"Chile",2005,"Región de Atacama",4,"Mediana",0.012452543659833,0.192117981662324,0.0721397575306429,1220332.70703784,164,19319,7735809.28,1356142.052,NA,NA,NA,NA,NA,NA,NA,NA,NA,NA,NA,NA,NA,NA,NA,NA,NA,NA,NA,NA,NA,NA,NA,NA,NA,NA,NA,NA,NA,NA
"Chile",2005,"Región Metropolitana",7,"Mediana",0.0294654635933003,0.161686156912056,0.057717402701047,70453019.9108597,10587,869104,518621839.99,90793929.915,NA,NA,NA,NA,NA,NA,NA,NA,NA,NA,NA,NA,NA,NA,NA,NA,NA,NA,NA,NA,NA,NA,NA,NA,NA,NA,NA,NA,NA,NA
"Chile",2005,"Región de Atacama",4,"Pequeña",0.121412300683371,0.32266950416675,0.103669526130145,1247018.27298928,1599,32447,11116861.35,1575848.178,NA,NA,NA,NA,NA,NA,NA,NA,NA,NA,NA,NA,NA,NA,NA,NA,NA,NA,NA,NA,NA,NA,NA,NA,NA,NA,NA,NA,NA,NA
"Chile",2005,"Región de Valparaíso",6,"Sin Ventas/Sin Información",0.169189699872567,0.103990759400981,0,11773055.6657078,15401,64191,0,12649047.109,NA,NA,NA,NA,NA,NA,NA,NA,NA,NA,NA,NA,NA,NA,NA,NA,NA,NA,NA,NA,NA,NA,NA,NA,NA,NA,NA,NA,NA,NA
"Chile",2005,"Región del Libertador General Bernardo O'Higgins",8,"Sin Ventas/Sin Información",0.142347107438017,0.0381113284179146,0,1432938.1438348,6459,12452,0,1625205.864,NA,NA,NA,NA,NA,NA,NA,NA,NA,NA,NA,NA,NA,NA,NA,NA,NA,NA,NA,NA,NA,NA,NA,NA,NA,NA,NA,NA,NA,NA
"Chile",2005,"Región Metropolitana",7,"Micro",0.615354214560453,0.0723882206102671,0.0134749462354073,25433450.7739971,221098,389105,121079623.88,34192779.284,NA,NA,NA,NA,NA,NA,NA,NA,NA,NA,NA,NA,NA,NA,NA,NA,NA,NA,NA,NA,NA,NA,NA,NA,NA,NA,NA,NA,NA,NA
"Chile",2005,"Región de Coquimbo",5,"Grande",0.00350801612456534,0.206978738172279,0.463096988396356,3655863.93425908,114,40555,45888166.01,3971093.812,NA,NA,NA,NA,NA,NA,NA,NA,NA,NA,NA,NA,NA,NA,NA,NA,NA,NA,NA,NA,NA,NA,NA,NA,NA,NA,NA,NA,NA,NA
"Chile",2005,"Región de Aysén del General Carlos Ibáñez del Campo",15,"Pequeña",0.11219512195122,0.324576347171165,NA,NA,667,10860,NA,NA,NA,NA,NA,NA,NA,NA,NA,NA,NA,NA,NA,NA,NA,NA,NA,NA,NA,NA,NA,NA,NA,NA,NA,NA,NA,NA,NA,NA,NA,NA
"Chile",2005,"Región Metropolitana",7,"Sin Ventas/Sin Información",0.173711807894195,0.0550893139355487,0,53789905.4930321,62415,296119,0,60384431.829,NA,NA,NA,NA,NA,NA,NA,NA,NA,NA,NA,NA,NA,NA,NA,NA,NA,NA,NA,NA,NA,NA,NA,NA,NA,NA,NA,NA,NA,NA
"Chile",2005,"Región de Ñuble",11,"Pequeña",0.0985073396008577,0.308794414423031,0.226232341610964,1480763.32314799,2389,32286,15982595.43,1705257.881,NA,NA,NA,NA,NA,NA,NA,NA,NA,NA,NA,NA,NA,NA,NA,NA,NA,NA,NA,NA,NA,NA,NA,NA,NA,NA,NA,NA,NA,NA
"Chile",2005,"Región de Magallanes y la Antártica Chilena",16,"Micro",0.675080450522928,0.165495480599647,0.0761172633090501,342565.109659884,6713,12011,3449638.16,457721.895,NA,NA,NA,NA,NA,NA,NA,NA,NA,NA,NA,NA,NA,NA,NA,NA,NA,NA,NA,NA,NA,NA,NA,NA,NA,NA,NA,NA,NA,NA
"Chile",2005,"Región de Atacama",4,"Grande",0.00417615793470008,0.239563237136777,0.785823668659768,4143711.53981511,55,24090,84266737.74,4422483.777,NA,NA,NA,NA,NA,NA,NA,NA,NA,NA,NA,NA,NA,NA,NA,NA,NA,NA,NA,NA,NA,NA,NA,NA,NA,NA,NA,NA,NA,NA
"Chile",2005,"Región de Los Ríos",13,"Sin Ventas/Sin Información",0.14714782023983,0.0338559218559219,0,407308.602607173,2626,3466,0,488478.829,NA,NA,NA,NA,NA,NA,NA,NA,NA,NA,NA,NA,NA,NA,NA,NA,NA,NA,NA,NA,NA,NA,NA,NA,NA,NA,NA,NA,NA,NA
"Chile",2005,"Región de Aysén del General Carlos Ibáñez del Campo",15,"Sin Ventas/Sin Información",0.131539108494533,0.0364027615888102,NA,NA,782,1218,0,148098.318,NA,NA,NA,NA,NA,NA,NA,NA,NA,NA,NA,NA,NA,NA,NA,NA,NA,NA,NA,NA,NA,NA,NA,NA,NA,NA,NA,NA,NA,NA
"Chile",2005,"Región de Tarapacá",2,"Micro",0.698740520043337,0.165130653825532,0.0338258994454067,434197.63790127,10319,16323,4523463.08,614821.851,NA,NA,NA,NA,NA,NA,NA,NA,NA,NA,NA,NA,NA,NA,NA,NA,NA,NA,NA,NA,NA,NA,NA,NA,NA,NA,NA,NA,NA,NA
"Chile",2005,"Región Metropolitana",7,"Grande",0.017361439680269,0.525520566194745,0.879796874358642,403827890.443642,6238,2824806,7905447099.91,449563873.393,NA,NA,NA,NA,NA,NA,NA,NA,NA,NA,NA,NA,NA,NA,NA,NA,NA,NA,NA,NA,NA,NA,NA,NA,NA,NA,NA,NA,NA,NA
"Chile",2005,"Región de Los Ríos",13,"Pequeña",0.120699316373417,0.36971916971917,0.223805620906363,2780095.96441913,2154,37850,14801151.24,3227283.625,NA,NA,NA,NA,NA,NA,NA,NA,NA,NA,NA,NA,NA,NA,NA,NA,NA,NA,NA,NA,NA,NA,NA,NA,NA,NA,NA,NA,NA,NA
"Chile",2005,"Región de Ñuble",11,"Sin Ventas/Sin Información",0.150709219858156,0.110420352924298,0,1722633.63309655,3655,11545,0,1852245.615,NA,NA,NA,NA,NA,NA,NA,NA,NA,NA,NA,NA,NA,NA,NA,NA,NA,NA,NA,NA,NA,NA,NA,NA,NA,NA,NA,NA,NA,NA
"Chile",2005,"Región de Valparaíso",6,"Pequeña",0.120984751944457,0.294429072246451,0.0997899426558855,8668032.47011596,11013,181744,75835697.25,11167716.32,NA,NA,NA,NA,NA,NA,NA,NA,NA,NA,NA,NA,NA,NA,NA,NA,NA,NA,NA,NA,NA,NA,NA,NA,NA,NA,NA,NA,NA,NA
"Chile",2005,"Región de Coquimbo",5,"Sin Ventas/Sin Información",0.154629658122288,0.0549051230491278,0,1748169.03772352,5025,10758,0,1966489.582,NA,NA,NA,NA,NA,NA,NA,NA,NA,NA,NA,NA,NA,NA,NA,NA,NA,NA,NA,NA,NA,NA,NA,NA,NA,NA,NA,NA,NA,NA
"Chile",2005,"Región de Arica y Parinacota",1,"Grande",0.00280767430978007,0.119379187515902,0.446844673864859,551788.952146955,36,7038,12470316.02,638501.649,NA,NA,NA,NA,NA,NA,NA,NA,NA,NA,NA,NA,NA,NA,NA,NA,NA,NA,NA,NA,NA,NA,NA,NA,NA,NA,NA,NA,NA,NA
"Chile",2005,"Región de Arica y Parinacota",1,"Mediana",0.00779909530494463,0.146637265711136,0.164353936437127,685401.01292282,100,8645,4586706.85,794728.143,NA,NA,NA,NA,NA,NA,NA,NA,NA,NA,NA,NA,NA,NA,NA,NA,NA,NA,NA,NA,NA,NA,NA,NA,NA,NA,NA,NA,NA,NA
"Chile",2005,"Región de La Araucanía",12,"Mediana",0.0109436251633377,0.181017375732056,0.186135332187826,2876725.93026999,469,41140,21983683.21,3201277.108,NA,NA,NA,NA,NA,NA,NA,NA,NA,NA,NA,NA,NA,NA,NA,NA,NA,NA,NA,NA,NA,NA,NA,NA,NA,NA,NA,NA,NA,NA
"Chile",2005,"Región de Arica y Parinacota",1,"Pequeña",0.0843862111995009,0.363107454838436,0.255668447254926,945001.300827526,1082,21407,7135066.21,1230145.296,NA,NA,NA,NA,NA,NA,NA,NA,NA,NA,NA,NA,NA,NA,NA,NA,NA,NA,NA,NA,NA,NA,NA,NA,NA,NA,NA,NA,NA,NA
"Chile",2005,"Región de Los Lagos",14,"Mediana",0.0150161148549663,0.237314521861103,0.117281647418284,4572772.84757881,615,75457,29638895.8,5170501.062,NA,NA,NA,NA,NA,NA,NA,NA,NA,NA,NA,NA,NA,NA,NA,NA,NA,NA,NA,NA,NA,NA,NA,NA,NA,NA,NA,NA,NA,NA
"Chile",2005,"Región de Ñuble",11,"Grande",0.00259772389905987,0.161015733346086,0.501815661493185,1796736.07601882,63,16835,35451680.52,1951437.292,NA,NA,NA,NA,NA,NA,NA,NA,NA,NA,NA,NA,NA,NA,NA,NA,NA,NA,NA,NA,NA,NA,NA,NA,NA,NA,NA,NA,NA,NA
"Chile",2005,"Región del Biobío",10,"Grande",0.00597877610936114,0.291781347290529,0.668260039261241,18748932.7342751,391,155202,269524889.18,21029210.463,NA,NA,NA,NA,NA,NA,NA,NA,NA,NA,NA,NA,NA,NA,NA,NA,NA,NA,NA,NA,NA,NA,NA,NA,NA,NA,NA,NA,NA,NA
"Chile",2005,"Región de Los Lagos",14,"Sin Ventas/Sin Información",0.143983787479246,0.0273837754197042,0,1008977.51136093,5897,8707,0,1119528.097,NA,NA,NA,NA,NA,NA,NA,NA,NA,NA,NA,NA,NA,NA,NA,NA,NA,NA,NA,NA,NA,NA,NA,NA,NA,NA,NA,NA,NA,NA
"Chile",2005,"Región de Antofagasta",3,"Grande",0.00669789612097304,0.333045903840367,0.76952528210372,10825048.6630102,163,57549,164436781.24,11643818.609,NA,NA,NA,NA,NA,NA,NA,NA,NA,NA,NA,NA,NA,NA,NA,NA,NA,NA,NA,NA,NA,NA,NA,NA,NA,NA,NA,NA,NA,NA
"Chile",2005,"Región de Los Ríos",13,"Mediana",0.0117673428219209,0.157079365079365,0.140751812773475,1019267.6731277,210,16081,9308474.29,1180791.026,NA,NA,NA,NA,NA,NA,NA,NA,NA,NA,NA,NA,NA,NA,NA,NA,NA,NA,NA,NA,NA,NA,NA,NA,NA,NA,NA,NA,NA,NA
"Chile",2005,"Región de Magallanes y la Antártica Chilena",16,"Grande",0.00784392598551891,0.27675815696649,0.513974667691092,1289319.52424331,78,20086,23293357.51,1528615.646,NA,NA,NA,NA,NA,NA,NA,NA,NA,NA,NA,NA,NA,NA,NA,NA,NA,NA,NA,NA,NA,NA,NA,NA,NA,NA,NA,NA,NA,NA
"Chile",2005,"Región de Valparaíso",6,"Mediana",0.0141055499406776,0.167472897050914,0.0810531211062785,7910727.48081914,1284,103377,61596587.69,9496781.227,NA,NA,NA,NA,NA,NA,NA,NA,NA,NA,NA,NA,NA,NA,NA,NA,NA,NA,NA,NA,NA,NA,NA,NA,NA,NA,NA,NA,NA,NA
"Chile",2005,"Región de Coquimbo",5,"Mediana",0.0126473212911961,0.192147516050996,0.196109016019483,2462970.6694769,411,37649,19432393.88,2825914.403,NA,NA,NA,NA,NA,NA,NA,NA,NA,NA,NA,NA,NA,NA,NA,NA,NA,NA,NA,NA,NA,NA,NA,NA,NA,NA,NA,NA,NA,NA
"Chile",2005,"Región de Antofagasta",3,"Sin Ventas/Sin Información",0.159188034188034,0.048947892312322,0,1352242.63560219,3874,8458,0,1537540.716,NA,NA,NA,NA,NA,NA,NA,NA,NA,NA,NA,NA,NA,NA,NA,NA,NA,NA,NA,NA,NA,NA,NA,NA,NA,NA,NA,NA,NA,NA
"Chile",2005,"Región del Libertador General Bernardo O'Higgins",8,"Pequeña",0.119669421487603,0.358479709359802,0.146505365884675,4133545.61839098,5430,117125,36699380.75,4794930.803,NA,NA,NA,NA,NA,NA,NA,NA,NA,NA,NA,NA,NA,NA,NA,NA,NA,NA,NA,NA,NA,NA,NA,NA,NA,NA,NA,NA,NA,NA
"Chile",2005,"Región de Los Ríos",13,"Micro",0.716351003025888,0.2322442002442,0.0890702739533911,1148442.85498257,12784,23776,5890569.64,1365180.766,NA,NA,NA,NA,NA,NA,NA,NA,NA,NA,NA,NA,NA,NA,NA,NA,NA,NA,NA,NA,NA,NA,NA,NA,NA,NA,NA,NA,NA,NA
"Chile",2005,"Región de Coquimbo",5,"Micro",0.724005292796258,0.180419316314344,0.105301628838662,962323.272704196,23528,35351,10434312.35,1343465.398,NA,NA,NA,NA,NA,NA,NA,NA,NA,NA,NA,NA,NA,NA,NA,NA,NA,NA,NA,NA,NA,NA,NA,NA,NA,NA,NA,NA,NA,NA
"Chile",2005,"Región de Los Ríos",13,"Grande",0.0040345175389443,0.207101343101343,0.54637229236677,2791569.62500092,72,21202,36133761.52,3168799.573,NA,NA,NA,NA,NA,NA,NA,NA,NA,NA,NA,NA,NA,NA,NA,NA,NA,NA,NA,NA,NA,NA,NA,NA,NA,NA,NA,NA,NA,NA
"Chile",2005,"Región de Coquimbo",5,"Pequeña",0.105209711665692,0.365549306413253,0.235492366745499,3928356.41045918,3419,71625,23334880.36,4721049.832,NA,NA,NA,NA,NA,NA,NA,NA,NA,NA,NA,NA,NA,NA,NA,NA,NA,NA,NA,NA,NA,NA,NA,NA,NA,NA,NA,NA,NA,NA
"Chile",2005,"Región de Antofagasta",3,"Mediana",0.0159434582511506,0.186074909141415,0.0835760700916122,2727200.01835641,388,32153,17859036.31,3165693.341,NA,NA,NA,NA,NA,NA,NA,NA,NA,NA,NA,NA,NA,NA,NA,NA,NA,NA,NA,NA,NA,NA,NA,NA,NA,NA,NA,NA,NA,NA
"Chile",2005,"Región de Magallanes y la Antártica Chilena",16,"Pequeña",0.14521319388576,0.330040233686067,0.216331147341691,1099604.51485271,1444,23953,9804138.36,1393114.261,NA,NA,NA,NA,NA,NA,NA,NA,NA,NA,NA,NA,NA,NA,NA,NA,NA,NA,NA,NA,NA,NA,NA,NA,NA,NA,NA,NA,NA,NA
"Chile",2005,"Región de Aysén del General Carlos Ibáñez del Campo",15,"Mediana",0.0107653490328007,0.173884455602379,NA,NA,64,5818,3228309.7,304407.638,NA,NA,NA,NA,NA,NA,NA,NA,NA,NA,NA,NA,NA,NA,NA,NA,NA,NA,NA,NA,NA,NA,NA,NA,NA,NA,NA,NA,NA,NA
"Chile",2005,"Región del Biobío",10,"Pequeña",0.130737943056363,0.287466723818978,0.151256262333758,7159904.09135934,8550,152907,61005185.03,9343693.739,NA,NA,NA,NA,NA,NA,NA,NA,NA,NA,NA,NA,NA,NA,NA,NA,NA,NA,NA,NA,NA,NA,NA,NA,NA,NA,NA,NA,NA,NA
"Chile",2005,"Región de Aysén del General Carlos Ibáñez del Campo",15,"Grande",0.00437342304457527,0.203980991661436,NA,NA,26,6825,11058828.12,598037.729,NA,NA,NA,NA,NA,NA,NA,NA,NA,NA,NA,NA,NA,NA,NA,NA,NA,NA,NA,NA,NA,NA,NA,NA,NA,NA,NA,NA,NA,NA
"Chile",2005,"Región de Tarapacá",2,"Sin Ventas/Sin Información",0.125744853737811,0.0479620431162682,0,630833.668324968,1857,4741,0,740727.382,NA,NA,NA,NA,NA,NA,NA,NA,NA,NA,NA,NA,NA,NA,NA,NA,NA,NA,NA,NA,NA,NA,NA,NA,NA,NA,NA,NA,NA,NA
"Chile",2005,"Región del Libertador General Bernardo O'Higgins",8,"Grande",0.00489256198347107,0.223247543055823,0.682472009258295,7689496.68052586,222,72941,170958244.21,8223241.953,NA,NA,NA,NA,NA,NA,NA,NA,NA,NA,NA,NA,NA,NA,NA,NA,NA,NA,NA,NA,NA,NA,NA,NA,NA,NA,NA,NA,NA,NA
"Chile",2005,"Región de Atacama",4,"Micro",0.692406985573273,0.215994749298912,0.0383670476794447,1706584.79733898,9119,21720,4114238.44,1971076.195,NA,NA,NA,NA,NA,NA,NA,NA,NA,NA,NA,NA,NA,NA,NA,NA,NA,NA,NA,NA,NA,NA,NA,NA,NA,NA,NA,NA,NA,NA
"Chile",2005,"Región del Maule",9,"Sin Ventas/Sin Información",0.146081016100416,0.0860424011327425,0,4374719.27026119,8810,26920,0,4618227.775,NA,NA,NA,NA,NA,NA,NA,NA,NA,NA,NA,NA,NA,NA,NA,NA,NA,NA,NA,NA,NA,NA,NA,NA,NA,NA,NA,NA,NA,NA
"Chile",2005,"Región de La Araucanía",12,"Grande",0.00340675751353369,0.254519934351501,0.429573678095019,4951439.01503154,146,57845,50735191.13,5684950.465,NA,NA,NA,NA,NA,NA,NA,NA,NA,NA,NA,NA,NA,NA,NA,NA,NA,NA,NA,NA,NA,NA,NA,NA,NA,NA,NA,NA,NA,NA
"Chile",2005,"Región de Ñuble",11,"Micro",0.737588652482269,0.216661087465927,0.108756831394925,1087979.56614491,17888,22653,7683324.25,1278105.496,NA,NA,NA,NA,NA,NA,NA,NA,NA,NA,NA,NA,NA,NA,NA,NA,NA,NA,NA,NA,NA,NA,NA,NA,NA,NA,NA,NA,NA,NA
"Chile",2005,"Región del Maule",9,"Micro",0.738795204695816,0.186787441389208,0.113584049712374,2534257.56924696,44556,58440,18438491.66,3036942.536,NA,NA,NA,NA,NA,NA,NA,NA,NA,NA,NA,NA,NA,NA,NA,NA,NA,NA,NA,NA,NA,NA,NA,NA,NA,NA,NA,NA,NA,NA
"Chile",2005,"Región de La Araucanía",12,"Micro",0.725219339182378,0.212556815431797,0.11236972381118,2563423.91150094,31080,48308,13271528.74,3136621.529,NA,NA,NA,NA,NA,NA,NA,NA,NA,NA,NA,NA,NA,NA,NA,NA,NA,NA,NA,NA,NA,NA,NA,NA,NA,NA,NA,NA,NA,NA
"Chile",2006,"Región de Atacama",4,"Sin Ventas/Sin Información",0.171508215962441,0.0320832592398476,0,342869.66724761,2338,3428,0,408142.757,274064,75176.2,3.64562188564998,NA,NA,NA,NA,NA,NA,21.6,10.3747568986013,2.92840041220188,13.3235096931457,11.2934589385986,19.6853578090667,32.8828811645507,9.33407098054885,10.5413652956485,949634,1047306.4409326,14538.9914999509,1061845.43243255,89.4324307025955,NA,NA,NA,NA,NA,8.53085410706988,1.25080273220854
"Chile",2006,"Región de Magallanes y la Antártica Chilena",16,"Mediana",0.0180933852140078,0.199975914577033,0.180565569796632,628000.326168283,186,14945,8408657.88,807215.082,156053,132297.2,1.17956389099694,NA,NA,NA,NA,NA,NA,12,10.3321749004292,1.9766042008996,15.3930842876434,11.8854291737079,17.9477035999298,29.5854121446609,9.78582501411438,13.4164810180664,972028,1119411.68312412,8631.66669917809,1128043.3498233,86.1693887299748,NA,NA,NA,NA,NA,1.19190275098845,9.5768745233991
"Chile",2006,"Región Metropolitana",7,"Pequeña",0.168916260835357,0.177349850848359,0.0460459951124987,63121224.9667104,62260,1026751,466881474.17,94685233.265,6597698,15403.2,428.332943803885,NA,NA,NA,NA,NA,NA,20,10.9799519494563,2.12913546711206,12.0237000286579,10.381956398487,16.484323143959,31.1943411827087,11.2050235271453,16.1855787038803,1111899,1248119.48728413,8249.44592130627,1256368.93320543,88.5009896057573,NA,NA,NA,NA,NA,9.43662471365012,15.5622612614278
"Chile",2006,"Región del Libertador General Bernardo O'Higgins",8,"Mediana",0.0131539289558665,0.221559760938996,0.101530442033879,4379831.71347098,611,77072,29326916.76,4865580.507,843131,16387,51.4512113260511,NA,NA,NA,NA,NA,NA,31.9,9.26236316948268,4.6428132802248,22.7503404021263,14.3134355545043,15.2836829423904,26.9434750080108,7.29874297976493,8.69923159480094,670442,781031.25122068,15131.9386701281,796163.189890808,84.2091441230876,NA,NA,NA,NA,NA,0.724679794717547,9.14116548911142
"Chile",2006,"Región Metropolitana",7,"Grande",0.0182101821832142,0.535493254062158,0.888560472046051,451157343.723818,6712,3100190,9009522371.37,498704187.848,6597698,15403.2,428.332943803885,NA,NA,NA,NA,NA,NA,20,10.9799519494563,2.12913546711206,12.0237000286579,10.381956398487,16.484323143959,31.1943411827087,11.2050235271453,16.1855787038803,1111899,1248119.48728413,8249.44592130627,1256368.93320543,88.5009896057573,NA,NA,NA,NA,NA,1.01732452743366,46.9889649389833
"Chile",2006,"Región Metropolitana",7,"Mediana",0.0299659508661503,0.163286587061549,0.0531025723288591,75060996.7662823,11045,945333,538431348.71,95951648.172,6597698,15403.2,428.332943803885,NA,NA,NA,NA,NA,NA,20,10.9799519494563,2.12913546711206,12.0237000286579,10.381956398487,16.484323143959,31.1943411827087,11.2050235271453,16.1855787038803,1111899,1248119.48728413,8249.44592130627,1256368.93320543,88.5009896057573,NA,NA,NA,NA,NA,1.67406874337079,14.3282247838564
"Chile",2006,"Región de Coquimbo",5,"Mediana",0.0128316855485771,0.188684522089327,0.183163524179406,2428761.06842331,427,40480,20050430.01,2780674.011,664731,40579.9,16.3807944327118,NA,NA,NA,NA,NA,NA,37.5,9.61193303238369,4.31550815701484,18.1254714727401,13.7827768921852,17.3090294003486,30.3379565477371,8.13428089022636,7.99497589468956,629221,734471.299032512,18354.6861537041,752825.985186215,83.5812173882074,NA,NA,NA,NA,NA,0.642365107088431,6.08968138991562
"Chile",2006,"Región de Los Lagos",14,"Sin Ventas/Sin Información",0.147217662312945,0.0346111777418721,0,1237649.92230706,6188,11803,0,1467372.595,779460,48583.6,16.04368552351,NA,NA,NA,NA,NA,NA,28.7,9.10236910591255,3.88742499053478,25.254938006401,15.5595377087593,15.1982173323631,24.0824311971664,7.44518935680389,8.37067291140556,719187,796530.454477472,23665.2695326374,820195.724010111,87.6847533106986,NA,NA,NA,NA,NA,7.93882944602674,1.51425345752187
"Chile",2006,"Región de Los Lagos",14,"Grande",0.00732757595222801,0.330121372248304,0.705963434247226,10408192.1293558,308,112577,210295568.06,11717764,779460,48583.6,16.04368552351,NA,NA,NA,NA,NA,NA,28.7,9.10236910591255,3.88742499053478,25.254938006401,15.5595377087593,15.1982173323631,24.0824311971664,7.44518935680389,8.37067291140556,719187,796530.454477472,23665.2695326374,820195.724010111,87.6847533106986,NA,NA,NA,NA,NA,0.395145357042055,14.4429476817284
"Chile",2006,"Región de Ñuble",11,"Sin Ventas/Sin Información",0.155638885528809,0.120036501108069,0,2085303.37281823,3860,13812,0,2245887.335,465154,13178.5,35.2964297909474,NA,NA,NA,NA,NA,NA,NA,NA,NA,NA,NA,NA,NA,NA,NA,NA,NA,NA,NA,NA,NA,NA,NA,NA,NA,8.29832700567984,2.96933918659197
"Chile",2006,"Región de Los Lagos",14,"Micro",0.688030832916994,0.170014984590211,0.0485152540807456,3308624.53910211,28920,57978,14451942.44,3975141.759,779460,48583.6,16.04368552351,NA,NA,NA,NA,NA,NA,28.7,9.10236910591255,3.88742499053478,25.254938006401,15.5595377087593,15.1982173323631,24.0824311971664,7.44518935680389,8.37067291140556,719187,796530.454477472,23665.2695326374,820195.724010111,87.6847533106986,NA,NA,NA,NA,NA,37.1026094988838,7.43822646447541
"Chile",2006,"Región de Aysén del General Carlos Ibáñez del Campo",15,"Micro",0.738305528295715,0.243821320029818,NA,NA,4514,8504,2026559.38,475606.629,96389,108494.4,0.888423734312554,NA,NA,NA,NA,NA,NA,23.2,9.21836882209438,4.47098165750503,22.5958496332168,13.9806643128395,18.5841634869575,23.9044666290283,7.19663873314857,9.26723480224609,716405,799283.836700237,18803.3147072116,818087.151407448,87.5707426593418,NA,NA,NA,NA,NA,46.8310699353661,8.8225834898173
"Chile",2006,"Región del Libertador General Bernardo O'Higgins",8,"Pequeña",0.121851453175457,0.349297564256988,0.132629011049267,4379674.79579035,5660,121507,38309692.04,5086559.859,843131,16387,51.4512113260511,NA,NA,NA,NA,NA,NA,31.9,9.26236316948268,4.6428132802248,22.7503404021263,14.3134355545043,15.2836829423904,26.9434750080108,7.29874297976493,8.69923159480094,670442,781031.25122068,15131.9386701281,796163.189890808,84.2091441230876,NA,NA,NA,NA,NA,6.71307305744896,14.4114022613331
"Chile",2006,"Región del Libertador General Bernardo O'Higgins",8,"Sin Ventas/Sin Información",0.14221743810549,0.0432759061809171,0,1899999.97835438,6606,15054,0,2098238.147,843131,16387,51.4512113260511,NA,NA,NA,NA,NA,NA,31.9,9.26236316948268,4.6428132802248,22.7503404021263,14.3134355545043,15.2836829423904,26.9434750080108,7.29874297976493,8.69923159480094,670442,781031.25122068,15131.9386701281,796163.189890808,84.2091441230876,NA,NA,NA,NA,NA,7.83508138118513,1.78548766443174
"Chile",2006,"Región de Los Lagos",14,"Pequeña",0.141436490376609,0.25988733699493,0.137822445915054,4882388.42006562,5945,88626,41055171.06,5852089.568,779460,48583.6,16.04368552351,NA,NA,NA,NA,NA,NA,28.7,9.10236910591255,3.88742499053478,25.254938006401,15.5595377087593,15.1982173323631,24.0824311971664,7.44518935680389,8.37067291140556,719187,796530.454477472,23665.2695326374,820195.724010111,87.6847533106986,NA,NA,NA,NA,NA,7.62707515459421,11.370179354938
"Chile",2006,"Región del Maule",9,"Mediana",0.0101660564853556,0.191278464493614,0.166191629380111,3219356.55192574,622,65225,29660366.03,3641952.939,975876,16387,59.5518398730701,NA,NA,NA,NA,NA,NA,42.9,9.04947743357966,5.63848651945591,24.0785300731658,14.7435098886489,13.7402728199958,26.4767348766326,6.43174275755882,8.49711894989013,586334,671565.707014095,17751.853446014,689317.56046011,85.0601032372577,NA,NA,NA,NA,NA,0.637376060073206,6.68373850776123
"Chile",2006,"Región de Atacama",4,"Grande",0.0045481220657277,0.230394863683585,0.79217709214451,4508143.91523733,62,24617,94013911.68,4803158.784,274064,75176.2,3.64562188564998,NA,NA,NA,NA,NA,NA,21.6,10.3747568986013,2.92840041220188,13.3235096931457,11.2934589385986,19.6853578090667,32.8828811645507,9.33407098054885,10.5413652956485,949634,1047306.4409326,14538.9914999509,1061845.43243255,89.4324307025955,NA,NA,NA,NA,NA,0.226224531496293,8.98220853523265
"Chile",2006,"Región de Tarapacá",2,"Grande",0.016267067354805,0.285836730029332,0.732850802945258,3378590.25310535,249,30014,121543655.7,4134924.552,268976,42225.9,6.36992935615345,NA,NA,NA,NA,NA,NA,23.9,10.5183383495485,1.60785522311925,12.0919115841388,10.8140267431736,20.3961640596389,37.4841272830963,8.80670771002769,8.79920795559883,710239,841967.001099531,7452.79493400849,849419.79603354,83.6146245238913,NA,NA,NA,NA,NA,0.925733150913093,11.1586163821307
"Chile",2006,"Región de La Araucanía",12,"Sin Ventas/Sin Información",0.153509776088649,0.0593105370368093,0,2035745.09860625,6705,14471,0,2313015.566,924631,31842.3,29.037820760435,NA,NA,NA,NA,NA,NA,47.7,9.2128179208533,5.31396605074405,23.0353713035583,13.5715544223785,13.5777696967124,27.7535259723663,7.65120983123779,8.86816158890724,553370,639945.891330232,24643.8899120022,664589.781242231,83.2648549640692,NA,NA,NA,NA,NA,7.25154142571469,1.56505676318445
"Chile",2006,"Región del Maule",9,"Grande",0.00354667887029289,0.206967844103286,0.493372874176867,5757554.52926778,217,70575,88052690.09,6518262.052,975876,16387,59.5518398730701,NA,NA,NA,NA,NA,NA,42.9,9.04947743357966,5.63848651945591,24.0785300731658,14.7435098886489,13.7402728199958,26.4767348766326,6.43174275755882,8.49711894989013,586334,671565.707014095,17751.853446014,689317.56046011,85.0601032372577,NA,NA,NA,NA,NA,0.222364316777951,7.23196389705249
"Chile",2006,"Región de Los Lagos",14,"Mediana",0.0159874384412248,0.205365128424683,0.107698865756975,4120172.67585294,672,70033,32081823.3,4641529.882,779460,48583.6,16.04368552351,NA,NA,NA,NA,NA,NA,28.7,9.10236910591255,3.88742499053478,25.254938006401,15.5595377087593,15.1982173323631,24.0824311971664,7.44518935680389,8.37067291140556,719187,796530.454477472,23665.2695326374,820195.724010111,87.6847533106986,NA,NA,NA,NA,NA,0.862135324455392,8.98480999666436
"Chile",2006,"Región de Tarapacá",2,"Pequeña",0.131051153067224,0.30806445468744,0.094452563742068,1484186.26113354,2006,32348,15665002.81,1903063.745,268976,42225.9,6.36992935615345,NA,NA,NA,NA,NA,NA,23.9,10.5183383495485,1.60785522311925,12.0919115841388,10.8140267431736,20.3961640596389,37.4841272830963,8.80670771002769,8.79920795559883,710239,841967.001099531,7452.79493400849,849419.79603354,83.6146245238913,NA,NA,NA,NA,NA,7.45791446076973,12.0263517934686
"Chile",2006,"Región de Coquimbo",5,"Micro",0.718904949364426,0.176360365063532,0.0979381588806712,1206390.33205928,23923,37836,10721033.07,1585176.733,664731,40579.9,16.3807944327118,NA,NA,NA,NA,NA,NA,37.5,9.61193303238369,4.31550815701484,18.1254714727401,13.7827768921852,17.3090294003486,30.3379565477371,8.13428089022636,7.99497589468956,629221,734471.299032512,18354.6861537041,752825.985186215,83.5812173882074,NA,NA,NA,NA,NA,35.9889940442074,5.69192650861777
"Chile",2006,"Región de Arica y Parinacota",1,"Micro",0.766520501577044,0.333316795660515,0.115031118283121,995462.467576037,9964,20155,3716768.26,1164012.238,204095,16873.3,12.0957370520289,NA,NA,NA,NA,NA,NA,30.2,10.5778718323549,2.55631152540445,10.6400728225708,11.0304079949855,16.9458970427513,37.2264772653579,10.2979555726051,11.3028772175312,551766,878706.461819405,14725.6387087213,893432.100528126,61.7580364568083,NA,NA,NA,NA,NA,48.8204022636517,9.87530316764252
"Chile",2006,"Región del Maule",9,"Pequeña",0.101366370292887,0.354456810217159,0.236683662944521,5174888.34992034,6202,120868,42241141.16,5974554.719,975876,16387,59.5518398730701,NA,NA,NA,NA,NA,NA,42.9,9.04947743357966,5.63848651945591,24.0785300731658,14.7435098886489,13.7402728199958,26.4767348766326,6.43174275755882,8.49711894989013,586334,671565.707014095,17751.853446014,689317.56046011,85.0601032372577,NA,NA,NA,NA,NA,6.35531563436338,12.3855899724965
"Chile",2006,"Región de La Araucanía",12,"Grande",0.00366317139063144,0.272916179960408,0.646715646798279,5551350.89619638,160,66588,122970060.13,6370479.863,924631,31842.3,29.037820760435,NA,NA,NA,NA,NA,NA,47.7,9.2128179208533,5.31396605074405,23.0353713035583,13.5715544223785,13.5777696967124,27.7535259723663,7.65120983123779,8.86816158890724,553370,639945.891330232,24643.8899120022,664589.781242231,83.2648549640692,NA,NA,NA,NA,NA,0.173042002701618,7.2015755474346
"Chile",2006,"Región del Maule",9,"Micro",0.732299293933054,0.173008401882726,0.103751833498501,2553535.35868237,44805,58995,18516680.83,2993969.239,975876,16387,59.5518398730701,NA,NA,NA,NA,NA,NA,42.9,9.04947743357966,5.63848651945591,24.0785300731658,14.7435098886489,13.7402728199958,26.4767348766326,6.43174275755882,8.49711894989013,586334,671565.707014095,17751.853446014,689317.56046011,85.0601032372577,NA,NA,NA,NA,NA,45.912595452701,6.04533772733421
"Chile",2006,"Región de La Araucanía",12,"Micro",0.721965291451074,0.211023538139327,0.071642599932238,2852912.64982046,31534,51487,13622516.89,3480977.433,924631,31842.3,29.037820760435,NA,NA,NA,NA,NA,NA,47.7,9.2128179208533,5.31396605074405,23.0353713035583,13.5715544223785,13.5777696967124,27.7535259723663,7.65120983123779,8.86816158890724,553370,639945.891330232,24643.8899120022,664589.781242231,83.2648549640692,NA,NA,NA,NA,NA,34.1044157074552,5.56838349568639
"Chile",2006,"Región de La Araucanía",12,"Pequeña",0.110581986354687,0.29629447470562,0.174617634074452,4033928.77136159,4830,72292,33202754.67,4856424.307,924631,31842.3,29.037820760435,NA,NA,NA,NA,NA,NA,47.7,9.2128179208533,5.31396605074405,23.0353713035583,13.5715544223785,13.5777696967124,27.7535259723663,7.65120983123779,8.86816158890724,553370,639945.891330232,24643.8899120022,664589.781242231,83.2648549640692,NA,NA,NA,NA,NA,5.2237054565551,7.81847028706587
"Chile",2006,"Región del Biobío",10,"Sin Ventas/Sin Información",0.157330829868717,0.0900545472056596,0,8443455.45429653,10558,51427,0,9161466.719,1521868,23890.2,63.7026060895262,NA,NA,NA,NA,NA,NA,41,9.78693546003559,4.07449156045913,19.2511543631553,12.4405562877655,15.563242137432,27.8883606195449,9.68298017978668,10.64984947443,599407,713594.165395379,19552.4135761906,733146.578971568,81.7581867644402,NA,NA,NA,NA,NA,6.93752677630386,3.3792024012595
"Chile",2006,"Región de Arica y Parinacota",1,"Mediana",0.0076159704592661,0.193937289144672,0.151419525848284,1059817.76763542,99,11727,4892513.4,1282460.71,204095,16873.3,12.0957370520289,NA,NA,NA,NA,NA,NA,30.2,10.5778718323549,2.55631152540445,10.6400728225708,11.0304079949855,16.9458970427513,37.2264772653579,10.2979555726051,11.3028772175312,551766,878706.461819405,14725.6387087213,893432.100528126,61.7580364568083,NA,NA,NA,NA,NA,0.485068228031064,5.74585364658615
"Chile",2006,"Región de Tarapacá",2,"Sin Ventas/Sin Información",0.119422486444111,0.0463029979810293,0,657460.05942362,1828,4862,0,776756.259,268976,42225.9,6.36992935615345,NA,NA,NA,NA,NA,NA,23.9,10.5183383495485,1.60785522311925,12.0919115841388,10.8140267431736,20.3961640596389,37.4841272830963,8.80670771002769,8.79920795559883,710239,841967.001099531,7452.79493400849,849419.79603354,83.6146245238913,NA,NA,NA,NA,NA,6.79614538100054,1.80759621676283
"Chile",2006,"Región de Ñuble",11,"Pequeña",0.0962461191081005,0.297145091904576,0.218277298526606,1637498.73407031,2387,34191,15969104.34,1895971.679,465154,13178.5,35.2964297909474,NA,NA,NA,NA,NA,NA,NA,NA,NA,NA,NA,NA,NA,NA,NA,NA,NA,NA,NA,NA,NA,NA,NA,NA,NA,5.13163382449683,7.35046887697408
"Chile",2006,"Región de Aysén del General Carlos Ibáñez del Campo",15,"Pequeña",0.115799803729146,0.291960548196571,NA,NA,708,10183,NA,NA,96389,108494.4,0.888423734312554,NA,NA,NA,NA,NA,NA,23.2,9.21836882209438,4.47098165750503,22.5958496332168,13.9806643128395,18.5841634869575,23.9044666290283,7.19663873314857,9.26723480224609,716405,799283.836700237,18803.3147072116,818087.151407448,87.5707426593418,NA,NA,NA,NA,NA,7.34523648964093,10.5644834991545
"Chile",2006,"Región del Biobío",10,"Grande",0.00658649619264756,0.298445886195092,0.670100021275588,19913447.9706592,442,170432,285491285.25,22271040.783,1521868,23890.2,63.7026060895262,NA,NA,NA,NA,NA,NA,41,9.78693546003559,4.07449156045913,19.2511543631553,12.4405562877655,15.563242137432,27.8883606195449,9.68298017978668,10.64984947443,599407,713594.165395379,19552.4135761906,733146.578971568,81.7581867644402,NA,NA,NA,NA,NA,0.290432547369417,11.1988687586571
"Chile",2006,"Región de Ñuble",11,"Micro",0.73460747550502,0.204501803328553,0.105765265845319,930716.34143785,18219,23531,7737756.41,1144957.589,465154,13178.5,35.2964297909474,NA,NA,NA,NA,NA,NA,NA,NA,NA,NA,NA,NA,NA,NA,NA,NA,NA,NA,NA,NA,NA,NA,NA,NA,NA,39.167673501679,5.05875473499099
"Chile",2006,"Región del Biobío",10,"Micro",0.685919501691329,0.13465892674214,0.052371860949163,3011441.16877991,46030,76899,22312653.96,3863554.464,1521868,23890.2,63.7026060895262,NA,NA,NA,NA,NA,NA,41,9.78693546003559,4.07449156045913,19.2511543631553,12.4405562877655,15.563242137432,27.8883606195449,9.68298017978668,10.64984947443,599407,713594.165395379,19552.4135761906,733146.578971568,81.7581867644402,NA,NA,NA,NA,NA,30.2457243335164,5.05293494573774
"Chile",2006,"Región de La Araucanía",12,"Mediana",0.0102797747149595,0.160455270157836,0.107024119195031,3050096.34507418,449,39149,20350153.02,3357280.576,924631,31842.3,29.037820760435,NA,NA,NA,NA,NA,NA,47.7,9.2128179208533,5.31396605074405,23.0353713035583,13.5715544223785,13.5777696967124,27.7535259723663,7.65120983123779,8.86816158890724,553370,639945.891330232,24643.8899120022,664589.781242231,83.2648549640692,NA,NA,NA,NA,NA,0.485599120081416,4.23401335235353
"Chile",2006,"Región de Arica y Parinacota",1,"Grande",0.00261558581429341,0.11045511675597,0.505291423550208,937557.980540276,34,6679,16326461.51,1034178.296,204095,16873.3,12.0957370520289,NA,NA,NA,NA,NA,NA,30.2,10.5778718323549,2.55631152540445,10.6400728225708,11.0304079949855,16.9458970427513,37.2264772653579,10.2979555726051,11.3028772175312,551766,878706.461819405,14725.6387087213,893432.100528126,61.7580364568083,NA,NA,NA,NA,NA,0.166589088414709,3.27249565153482
"Chile",2006,"Región del Maule",9,"Sin Ventas/Sin Información",0.15262160041841,0.0742884793032156,0,4191847.82078478,9338,25332,0,4446097.337,975876,16387,59.5518398730701,NA,NA,NA,NA,NA,NA,42.9,9.04947743357966,5.63848651945591,24.0785300731658,14.7435098886489,13.7402728199958,26.4767348766326,6.43174275755882,8.49711894989013,586334,671565.707014095,17751.853446014,689317.56046011,85.0601032372577,NA,NA,NA,NA,NA,9.56883866392861,2.59582160028528
"Chile",2006,"Región del Libertador General Bernardo O'Higgins",8,"Grande",0.00501614639397201,0.218190599118613,0.710957421134805,8013117.31186873,233,75900,205358990.78,8555761.561,843131,16387,51.4512113260511,NA,NA,NA,NA,NA,NA,31.9,9.26236316948268,4.6428132802248,22.7503404021263,14.3134355545043,15.2836829423904,26.9434750080108,7.29874297976493,8.69923159480094,670442,781031.25122068,15131.9386701281,796163.189890808,84.2091441230876,NA,NA,NA,NA,NA,0.276350887347281,9.00215980672043
"Chile",2006,"Región del Biobío",10,"Mediana",0.0171219097858644,0.195940917408701,0.128564187155674,7441268.44914149,1149,111895,54773845.49,8636906.436,1521868,23890.2,63.7026060895262,NA,NA,NA,NA,NA,NA,41,9.78693546003559,4.07449156045913,19.2511543631553,12.4405562877655,15.563242137432,27.8883606195449,9.68298017978668,10.64984947443,599407,713594.165395379,19552.4135761906,733146.578971568,81.7581867644402,NA,NA,NA,NA,NA,0.754993205718236,7.35247735020383
"Chile",2006,"Región de Valparaíso",6,"Micro",0.682774039551989,0.170584380475517,0.0403439533560844,4940655.31162392,63216,110110,30198152.36,6404670.027,1669839,16396.1,101.84367014107,NA,NA,NA,NA,NA,NA,30.4,10.3905367500217,2.74738501757383,13.6809974908828,12.26227581501,17.3410519957542,31.3774675130844,11.01885586977,11.5364827215671,666388,800086.727521665,12309.576204667,812396.303726334,82.0274550135741,NA,NA,NA,NA,NA,37.8575419546435,6.59404888734782
"Chile",2006,"Región de Tarapacá",2,"Mediana",0.0314235317175149,0.20266846977258,0.14404831147546,1186216.70090872,481,21281,23890481.26,1452016.562,268976,42225.9,6.36992935615345,NA,NA,NA,NA,NA,NA,23.9,10.5183383495485,1.60785522311925,12.0919115841388,10.8140267431736,20.3961640596389,37.4841272830963,8.80670771002769,8.79920795559883,710239,841967.001099531,7452.79493400849,849419.79603354,83.6146245238913,NA,NA,NA,NA,NA,1.78826363690441,7.91185830706085
"Chile",2006,"Región de Valparaíso",6,"Sin Ventas/Sin Información",0.173231663192457,0.0977990261616423,0,12022072.5610279,16039,63128,0,12836403.689,1669839,16396.1,101.84367014107,NA,NA,NA,NA,NA,NA,30.4,10.3905367500217,2.74738501757383,13.6809974908828,12.26227581501,17.3410519957542,31.3774675130844,11.01885586977,11.5364827215671,666388,800086.727521665,12309.576204667,812396.303726334,82.0274550135741,NA,NA,NA,NA,NA,9.60511761912376,3.78048422632362
"Chile",2006,"Región de Arica y Parinacota",1,"Pequeña",0.0888529886914378,0.332886816167229,0.228257932318387,675129.775217504,1155,20129,7375237.68,882441.41,204095,16873.3,12.0957370520289,NA,NA,NA,NA,NA,NA,30.2,10.5778718323549,2.55631152540445,10.6400728225708,11.0304079949855,16.9458970427513,37.2264772653579,10.2979555726051,11.3028772175312,551766,878706.461819405,14725.6387087213,893432.100528126,61.7580364568083,NA,NA,NA,NA,NA,5.65912932702908,9.86256400205787
"Chile",2006,"Región de Tarapacá",2,"Micro",0.701835761416346,0.157127347529618,0.0286483218372146,436992.236623742,10743,16499,4751337.86,620276.176,268976,42225.9,6.36992935615345,NA,NA,NA,NA,NA,NA,23.9,10.5183383495485,1.60785522311925,12.0919115841388,10.8140267431736,20.3961640596389,37.4841272830963,8.80670771002769,8.79920795559883,710239,841967.001099531,7452.79493400849,849419.79603354,83.6146245238913,NA,NA,NA,NA,NA,39.9403664267444,6.13400452084944
"Chile",2006,"Región de Antofagasta",3,"Pequeña",0.142404936490764,0.2897268325299,0.0813242544689095,3161279.46851108,3554,53731,25436851.83,4141071.385,531553,126049.1,4.21703129970781,NA,NA,NA,NA,NA,NA,12.5,10.8024708931473,1.99940484017133,10.1358756422996,10.9491474926471,20.8561062812805,32.6128959655761,12.1465392410755,11.1054226756095,1064461,1209453.26559949,10394.2155911925,1219847.48119069,87.2618280527536,NA,NA,NA,NA,NA,6.68606893385984,10.1083052865848
"Chile",2006,"Región de Valparaíso",6,"Grande",0.00530312030846663,0.265161033452262,0.766491278888017,22856989.4380713,491,171158,573732083.67,26043883.959,1669839,16396.1,101.84367014107,NA,NA,NA,NA,NA,NA,30.4,10.3905367500217,2.74738501757383,13.6809974908828,12.26227581501,17.3410519957542,31.3774675130844,11.01885586977,11.5364827215671,666388,800086.727521665,12309.576204667,812396.303726334,82.0274550135741,NA,NA,NA,NA,NA,0.294040323647968,10.2499702067086
"Chile",2006,"Región de Antofagasta",3,"Micro",0.681131546259566,0.136179322096045,0.0277163427320375,1176027.94945674,16999,25255,8669203.4,1517252.368,531553,126049.1,4.21703129970781,NA,NA,NA,NA,NA,NA,12.5,10.8024708931473,1.99940484017133,10.1358756422996,10.9491474926471,20.8561062812805,32.6128959655761,12.1465392410755,11.1054226756095,1064461,1209453.26559949,10394.2155911925,1219847.48119069,87.2618280527536,NA,NA,NA,NA,NA,31.9798778296802,4.75117250772736
"Chile",2006,"Región de Magallanes y la Antártica Chilena",16,"Sin Ventas/Sin Información",0.156225680933852,0.0424973907458453,0,570941.259957826,1606,3176,0,630192.589,156053,132297.2,1.17956389099694,NA,NA,NA,NA,NA,NA,12,10.3321749004292,1.9766042008996,15.3930842876434,11.8854291737079,17.9477035999298,29.5854121446609,9.78582501411438,13.4164810180664,972028,1119411.68312412,8631.66669917809,1128043.3498233,86.1693887299748,NA,NA,NA,NA,NA,10.2913753660615,2.0352059877093
"Chile",2006,"Región de Aysén del General Carlos Ibáñez del Campo",15,"Sin Ventas/Sin Información",0.130520117762512,0.0846665519811916,NA,NA,798,2953,0,627554.29,96389,108494.4,0.888423734312554,NA,NA,NA,NA,NA,NA,23.2,9.21836882209438,4.47098165750503,22.5958496332168,13.9806643128395,18.5841634869575,23.9044666290283,7.19663873314857,9.26723480224609,716405,799283.836700237,18803.3147072116,818087.151407448,87.5707426593418,NA,NA,NA,NA,NA,8.27895299256139,3.06362759236012
"Chile",2006,"Región de Ñuble",11,"Mediana",0.0106850530220556,0.190309824881589,0.167919923692647,1295935.46157787,265,21898,12284973.29,1463772.579,465154,13178.5,35.2964297909474,NA,NA,NA,NA,NA,NA,NA,NA,NA,NA,NA,NA,NA,NA,NA,NA,NA,NA,NA,NA,NA,NA,NA,NA,NA,0.569703797022062,4.70768820648645
"Chile",2006,"Región de Los Ríos",13,"Micro",0.718033146745692,0.252854843113073,0.0908023192604046,1820795.60916512,13084,26859,6119204.21,2242924.798,374372,18429.5,20.3137361295749,NA,NA,NA,NA,NA,NA,44.9,9.01622501398708,5.43432347476482,23.5912457108497,14.4904851913452,15.3675824403762,25.8696645498275,7.64662623405456,7.59107396006584,577263,670097.152528495,19499.2074329678,689596.359961463,83.7102886117456,NA,NA,NA,NA,NA,34.9491949184234,7.17441475324009
"Chile",2006,"Región de Valparaíso",6,"Mediana",0.0148292956894596,0.175013594386874,0.0880700097925908,8639097.4086631,1373,112969,65921937.56,10376579.091,1669839,16396.1,101.84367014107,NA,NA,NA,NA,NA,NA,30.4,10.3905367500217,2.74738501757383,13.6809974908828,12.26227581501,17.3410519957542,31.3774675130844,11.01885586977,11.5364827215671,666388,800086.727521665,12309.576204667,812396.303726334,82.0274550135741,NA,NA,NA,NA,NA,0.822234957980979,6.76526299840883
"Chile",2006,"Región de Los Ríos",13,"Pequeña",0.120074635056525,0.347034069834217,0.226378835886319,2140320.98559359,2188,36863,15255759.29,2746943.738,374372,18429.5,20.3137361295749,NA,NA,NA,NA,NA,NA,44.9,9.01622501398708,5.43432347476482,23.5912457108497,14.4904851913452,15.3675824403762,25.8696645498275,7.64662623405456,7.59107396006584,577263,670097.152528495,19499.2074329678,689596.359961463,83.7102886117456,NA,NA,NA,NA,NA,5.84445417926554,9.84662314489331
"Chile",2006,"Región de Los Ríos",13,"Mediana",0.0125123477115575,0.159306364911554,0.151821462532378,1087491.00571062,228,16922,10231308.41,1264798.001,374372,18429.5,20.3137361295749,NA,NA,NA,NA,NA,NA,44.9,9.01622501398708,5.43432347476482,23.5912457108497,14.4904851913452,15.3675824403762,25.8696645498275,7.64662623405456,7.59107396006584,577263,670097.152528495,19499.2074329678,689596.359961463,83.7102886117456,NA,NA,NA,NA,NA,0.609019905334801,4.52010299915592
"Chile",2006,"Región de Valparaíso",6,"Pequeña",0.123861881257628,0.291441965523705,0.105094757963308,9348266.36978665,11468,188122,78665258.34,12041961.806,1669839,16396.1,101.84367014107,NA,NA,NA,NA,NA,NA,30.4,10.3905367500217,2.74738501757383,13.6809974908828,12.26227581501,17.3410519957542,31.3774675130844,11.01885586977,11.5364827215671,666388,800086.727521665,12309.576204667,812396.303726334,82.0274550135741,NA,NA,NA,NA,NA,6.8677279665884,11.2658765306116
"Chile",2006,"Región del Libertador General Bernardo O'Higgins",8,"Micro",0.717761033369214,0.167676169504486,0.0548831257820494,2618112.84825719,33340,58328,15852909.03,3122517.511,843131,16387,51.4512113260511,NA,NA,NA,NA,NA,NA,31.9,9.26236316948268,4.6428132802248,22.7503404021263,14.3134355545043,15.2836829423904,26.9434750080108,7.29874297976493,8.69923159480094,670442,781031.25122068,15131.9386701281,796163.189890808,84.2091441230876,NA,NA,NA,NA,NA,39.5430840521817,6.91802341510394
"Chile",2006,"Región de Aysén del General Carlos Ibáñez del Campo",15,"Grande",0.00474321229964017,0.20431217386318,NA,NA,29,7126,13026405.5,673554.107,96389,108494.4,0.888423734312554,NA,NA,NA,NA,NA,NA,23.2,9.21836882209438,4.47098165750503,22.5958496332168,13.9806643128395,18.5841634869575,23.9044666290283,7.19663873314857,9.26723480224609,716405,799283.836700237,18803.3147072116,818087.151407448,87.5707426593418,NA,NA,NA,NA,NA,0.300864206496592,7.39295977756798
"Chile",2006,"Región de Magallanes y la Antártica Chilena",16,"Grande",0.00836575875486381,0.278266920009634,0.537034231222794,1425341.37549885,86,20796,25008849.28,1685474.503,156053,132297.2,1.17956389099694,NA,NA,NA,NA,NA,NA,12,10.3321749004292,1.9766042008996,15.3930842876434,11.8854291737079,17.9477035999298,29.5854121446609,9.78582501411438,13.4164810180664,972028,1119411.68312412,8631.66669917809,1128043.3498233,86.1693887299748,NA,NA,NA,NA,NA,0.551094820349497,13.3262417255676
"Chile",2006,"Región de Los Ríos",13,"Sin Ventas/Sin Información",0.145648117659971,0.0471272699886089,0,624100.909526261,2654,5006,0,709460.162,374372,18429.5,20.3137361295749,NA,NA,NA,NA,NA,NA,44.9,9.01622501398708,5.43432347476482,23.5912457108497,14.4904851913452,15.3675824403762,25.8696645498275,7.64662623405456,7.59107396006584,577263,670097.152528495,19499.2074329678,689596.359961463,83.7102886117456,NA,NA,NA,NA,NA,7.08920538929193,1.33717265180088
"Chile",2006,"Región de Antofagasta",3,"Grande",0.00677164723324118,0.350092206153548,0.827023565561504,11802080.7104717,169,64926,258678988.63,12639323.718,531553,126049.1,4.21703129970781,NA,NA,NA,NA,NA,NA,12.5,10.8024708931473,1.99940484017133,10.1358756422996,10.9491474926471,20.8561062812805,32.6128959655761,12.1465392410755,11.1054226756095,1064461,1209453.26559949,10394.2155911925,1219847.48119069,87.2618280527536,NA,NA,NA,NA,NA,0.317936311148653,12.2143981879512
"Chile",2006,"Región de Antofagasta",3,"Mediana",0.0171895660536122,0.174156394577631,0.0639358372375493,3071570.71830643,429,32298,19998048.91,3550866.189,531553,126049.1,4.21703129970781,NA,NA,NA,NA,NA,NA,12.5,10.8024708931473,1.99940484017133,10.1358756422996,10.9491474926471,20.8561062812805,32.6128959655761,12.1465392410755,11.1054226756095,1064461,1209453.26559949,10394.2155911925,1219847.48119069,87.2618280527536,NA,NA,NA,NA,NA,0.807069097531196,6.07615797483976
"Chile",2006,"Región del Biobío",10,"Pequeña",0.133041262461442,0.280899722448408,0.148963930619575,7572284.91719688,8928,160412,63465009.19,10066911.081,1521868,23890.2,63.7026060895262,NA,NA,NA,NA,NA,NA,41,9.78693546003559,4.07449156045913,19.2511543631553,12.4405562877655,15.563242137432,27.8883606195449,9.68298017978668,10.64984947443,599407,713594.165395379,19552.4135761906,733146.578971568,81.7581867644402,NA,NA,NA,NA,NA,5.86647462197773,10.5404673729916
"Chile",2006,"Región de Los Ríos",13,"Grande",0.00373175282625398,0.193677452152547,0.530997382320899,2669293.4997488,68,20573,35784123.62,3047209.4,374372,18429.5,20.3137361295749,NA,NA,NA,NA,NA,NA,44.9,9.01622501398708,5.43432347476482,23.5912457108497,14.4904851913452,15.3675824403762,25.8696645498275,7.64662623405456,7.59107396006584,577263,670097.152528495,19499.2074329678,689596.359961463,83.7102886117456,NA,NA,NA,NA,NA,0.181637515626169,5.4953361896723
"Chile",2006,"Región de Antofagasta",3,"Sin Ventas/Sin Información",0.152502303962816,0.0498452446428764,0,1505606.79755038,3806,9244,0,1754629.016,531553,126049.1,4.21703129970781,NA,NA,NA,NA,NA,NA,12.5,10.8024708931473,1.99940484017133,10.1358756422996,10.9491474926471,20.8561062812805,32.6128959655761,12.1465392410755,11.1054226756095,1064461,1209453.26559949,10394.2155911925,1219847.48119069,87.2618280527536,NA,NA,NA,NA,NA,7.16015148066138,1.7390551835847
"Chile",2006,"Región de Coquimbo",5,"Sin Ventas/Sin Información",0.153228956937224,0.0454791225796829,0,1612502.5285543,5099,9757,0,1835154.127,664731,40579.9,16.3807944327118,NA,NA,NA,NA,NA,NA,37.5,9.61193303238369,4.31550815701484,18.1254714727401,13.7827768921852,17.3090294003486,30.3379565477371,8.13428089022636,7.99497589468956,629221,734471.299032512,18354.6861537041,752825.985186215,83.5812173882074,NA,NA,NA,NA,NA,7.67077208675389,1.46781179153673
"Chile",2006,"Región de Atacama",4,"Pequeña",0.125293427230047,0.363604031933512,0.100108850748799,2352584.81317656,1708,38850,11880707.92,2782784.786,274064,75176.2,3.64562188564998,NA,NA,NA,NA,NA,NA,21.6,10.3747568986013,2.92840041220188,13.3235096931457,11.2934589385986,19.6853578090667,32.8828811645507,9.33407098054885,10.5413652956485,949634,1047306.4409326,14538.9914999509,1061845.43243255,89.4324307025955,NA,NA,NA,NA,NA,6.23212096444626,14.175521046179
"Chile",2006,"Región de Coquimbo",5,"Pequeña",0.111368212278751,0.382347183249587,0.232404604069774,4752146.57766163,3706,82028,25440721.72,5682906.746,664731,40579.9,16.3807944327118,NA,NA,NA,NA,NA,NA,37.5,9.61193303238369,4.31550815701484,18.1254714727401,13.7827768921852,17.3090294003486,30.3379565477371,8.13428089022636,7.99497589468956,629221,734471.299032512,18354.6861537041,752825.985186215,83.5812173882074,NA,NA,NA,NA,NA,5.57518755707196,12.340029275
"Chile",2006,"Región Metropolitana",7,"Sin Ventas/Sin Información",0.175606712155948,0.0535899167618116,0,57192483.1658475,64726,310254,0,64224994.322,6597698,15403.2,428.332943803885,NA,NA,NA,NA,NA,NA,20,10.9799519494563,2.12913546711206,12.0237000286579,10.381956398487,16.484323143959,31.1943411827087,11.2050235271453,16.1855787038803,1111899,1248119.48728413,8249.44592130627,1256368.93320543,88.5009896057573,NA,NA,NA,NA,NA,9.81039144259104,4.70245834228848
"Chile",2006,"Región de Ñuble",11,"Grande",0.00282246683601468,0.188006778777213,0.508037511935428,2594250.21229918,70,21633,37167878.16,2797619.187,465154,13178.5,35.2964297909474,NA,NA,NA,NA,NA,NA,NA,NA,NA,NA,NA,NA,NA,NA,NA,NA,NA,NA,NA,NA,NA,NA,NA,NA,NA,0.15048779543979,4.65071782678425
"Chile",2006,"Región de Magallanes y la Antártica Chilena",16,"Pequeña",0.139591439688716,0.32168758530254,0.206341193600089,1102930.17733568,1435,24041,9608988.61,1406850.015,156053,132297.2,1.17956389099694,NA,NA,NA,NA,NA,NA,12,10.3321749004292,1.9766042008996,15.3930842876434,11.8854291737079,17.9477035999298,29.5854121446609,9.78582501411438,13.4164810180664,972028,1119411.68312412,8631.66669917809,1128043.3498233,86.1693887299748,NA,NA,NA,NA,NA,9.19559380466893,15.405663460491
"Chile",2006,"Región de Atacama",4,"Micro",0.684932511737089,0.159751794622217,0.0357441464014774,741671.805816103,9337,17069,4242040.14,948704.311,274064,75176.2,3.64562188564998,NA,NA,NA,NA,NA,NA,21.6,10.3747568986013,2.92840041220188,13.3235096931457,11.2934589385986,19.6853578090667,32.8828811645507,9.33407098054885,10.5413652956485,949634,1047306.4409326,14538.9914999509,1061845.43243255,89.4324307025955,NA,NA,NA,NA,NA,34.0686846867885,6.22810730340358
"Chile",2006,"Región de Magallanes y la Antártica Chilena",16,"Micro",0.67772373540856,0.157572189364948,0.0760590053804847,305676.50214065,6967,11776,3541949.64,425294.031,156053,132297.2,1.17956389099694,NA,NA,NA,NA,NA,NA,12,10.3321749004292,1.9766042008996,15.3930842876434,11.8854291737079,17.9477035999298,29.5854121446609,9.78582501411438,13.4164810180664,972028,1119411.68312412,8631.66669917809,1128043.3498233,86.1693887299748,NA,NA,NA,NA,NA,44.6450885276156,7.54615419120427
"Chile",2006,"Región Metropolitana",7,"Micro",0.607300893959331,0.0702803912661221,0.0122909605125917,32304152.6123039,223842,406882,124623688.75,41289130.101,6597698,15403.2,428.332943803885,NA,NA,NA,NA,NA,NA,20,10.9799519494563,2.12913546711206,12.0237000286579,10.381956398487,16.484323143959,31.1943411827087,11.2050235271453,16.1855787038803,1111899,1248119.48728413,8249.44592130627,1256368.93320543,88.5009896057573,NA,NA,NA,NA,NA,33.9272879722594,6.16702977311177
"Chile",2006,"Región de Atacama",4,"Mediana",0.0137177230046948,0.214166050520838,0.0719699107052144,1343948.70240549,187,22883,8541237.68,1504900.451,274064,75176.2,3.64562188564998,NA,NA,NA,NA,NA,NA,21.6,10.3747568986013,2.92840041220188,13.3235096931457,11.2934589385986,19.6853578090667,32.8828811645507,9.33407098054885,10.5413652956485,949634,1047306.4409326,14538.9914999509,1061845.43243255,89.4324307025955,NA,NA,NA,NA,NA,0.682322377254948,8.34950960359624
"Chile",2006,"Región de Arica y Parinacota",1,"Sin Ventas/Sin Información",0.134394953457958,0.0294039822716147,0,87991.2136874339,1747,1778,0,122473.701,204095,16873.3,12.0957370520289,NA,NA,NA,NA,NA,NA,30.2,10.5778718323549,2.55631152540445,10.6400728225708,11.0304079949855,16.9458970427513,37.2264772653579,10.2979555726051,11.3028772175312,551766,878706.461819405,14725.6387087213,893432.100528126,61.7580364568083,NA,NA,NA,NA,NA,8.55973933707342,0.871162938827507
"Chile",2006,"Región de Coquimbo",5,"Grande",0.00366619587102203,0.207128807017871,0.486493712870149,4169117.26574425,122,44437,53255189.23,4542728.894,664731,40579.9,16.3807944327118,NA,NA,NA,NA,NA,NA,37.5,9.61193303238369,4.31550815701484,18.1254714727401,13.7827768921852,17.3090294003486,30.3379565477371,8.13428089022636,7.99497589468956,629221,734471.299032512,18354.6861537041,752825.985186215,83.5812173882074,NA,NA,NA,NA,NA,0.183532887739552,6.68495978072333
"Chile",2006,"Región de Aysén del General Carlos Ibáñez del Campo",15,"Mediana",0.0106313379129866,0.175239405929239,NA,NA,65,6112,3149293.7,270895.25,96389,108494.4,0.888423734312554,NA,NA,NA,NA,NA,NA,23.2,9.21836882209438,4.47098165750503,22.5958496332168,13.9806643128395,18.5841634869575,23.9044666290283,7.19663873314857,9.26723480224609,716405,799283.836700237,18803.3147072116,818087.151407448,87.5707426593418,NA,NA,NA,NA,NA,0.674350807664775,6.34097251761093
"Chile",2007,"Región de Tarapacá",2,"Micro",0.702212895841282,0.151527023417327,0.0285075087456871,492001.010644495,11043,17018,4822344.32,714786.763,275014,42225.9,6.5129221638852,NA,NA,NA,NA,NA,NA,NA,NA,NA,NA,NA,NA,NA,NA,NA,NA,NA,NA,NA,NA,NA,NA,NA,NA,NA,40.1543194164661,6.18804860843448
"Chile",2007,"Región del Libertador General Bernardo O'Higgins",8,"Micro",0.707352377708715,0.151699247313271,0.0534170588468219,2523115.47459052,33230,56533,16135404.55,3032053.139,852115,16387,51.9994507841582,NA,NA,NA,NA,NA,NA,NA,NA,NA,NA,NA,NA,NA,NA,NA,NA,NA,NA,NA,NA,NA,NA,NA,NA,NA,38.9970837269617,6.63443314576084
"Chile",2007,"Región de Tarapacá",2,"Grande",0.0171054304972657,0.31158400854777,0.722568466921041,3940309.7858023,269,34994,122230040.28,4705760.406,275014,42225.9,6.5129221638852,NA,NA,NA,NA,NA,NA,NA,NA,NA,NA,NA,NA,NA,NA,NA,NA,NA,NA,NA,NA,NA,NA,NA,NA,NA,0.97813202236977,12.7244431192594
"Chile",2007,"Región de Arica y Parinacota",1,"Micro",0.770811058500076,0.325028606301015,0.11027113445682,1103448.60410076,10093,21304,3950543.14,1306901.267,206494,16873.3,12.237914338037,NA,NA,NA,NA,NA,NA,NA,NA,NA,NA,NA,NA,NA,NA,NA,NA,NA,NA,NA,NA,NA,NA,NA,NA,NA,48.8779334992784,10.3170067895435
"Chile",2007,"Región del Libertador General Bernardo O'Higgins",8,"Mediana",0.0135595385073864,0.204355117867253,0.0986931995269066,4433643.43411348,637,76156,29811725.6,4904209.448,852115,16387,51.9994507841582,NA,NA,NA,NA,NA,NA,NA,NA,NA,NA,NA,NA,NA,NA,NA,NA,NA,NA,NA,NA,NA,NA,NA,NA,NA,0.747551680230955,8.93729132804844
"Chile",2007,"Región del Libertador General Bernardo O'Higgins",8,"Grande",0.00574737110988122,0.254327613271974,0.710604414392682,9583488.47983143,270,94779,214648465.28,10176620.965,852115,16387,51.9994507841582,NA,NA,NA,NA,NA,NA,NA,NA,NA,NA,NA,NA,NA,NA,NA,NA,NA,NA,NA,NA,NA,NA,NA,NA,NA,0.316858639972304,11.1227944584945
"Chile",2007,"Región de Atacama",4,"Sin Ventas/Sin Información",0.159827213822894,0.0312015751189543,0,348349.217668056,2220,3423,0,412597.844,276858,75176.2,3.68278790361843,NA,NA,NA,NA,NA,NA,NA,NA,NA,NA,NA,NA,NA,NA,NA,NA,NA,NA,NA,NA,NA,NA,NA,NA,NA,8.01855102615781,1.23637388119541
"Chile",2007,"Región de Antofagasta",3,"Mediana",0.0192918386789457,0.212669361193726,0.0685934456968994,4009247.83473986,486,41831,22506008.51,4729575.814,539071,126049.1,4.27667472437328,NA,NA,NA,NA,NA,NA,NA,NA,NA,NA,NA,NA,NA,NA,NA,NA,NA,NA,NA,NA,NA,NA,NA,NA,NA,0.901551001630583,7.75983126526932
"Chile",2007,"Región del Biobío",10,"Mediana",0.0182546880028084,0.192652894983882,0.134728152602695,7791761.10890715,1248,116361,59896707.01,8954819.431,1532144,23890.2,64.1327406216775,NA,NA,NA,NA,NA,NA,NA,NA,NA,NA,NA,NA,NA,NA,NA,NA,NA,NA,NA,NA,NA,NA,NA,NA,NA,0.814544846959555,7.5946516776491
"Chile",2007,"Región del Biobío",10,"Grande",0.00677237223181113,0.313457275167096,0.662563016601213,22160794.0871739,463,189326,294558650.99,24858465.251,1532144,23890.2,64.1327406216775,NA,NA,NA,NA,NA,NA,NA,NA,NA,NA,NA,NA,NA,NA,NA,NA,NA,NA,NA,NA,NA,NA,NA,NA,NA,0.302190916780668,12.3569325076494
"Chile",2007,"Región Metropolitana",7,"Grande",0.0191849862218378,0.530168828274946,0.888074995101223,498393030.796311,7164,3200107,9407333454.08,544971991.481,6672285,15403.2,433.175249298847,NA,NA,NA,NA,NA,NA,NA,NA,NA,NA,NA,NA,NA,NA,NA,NA,NA,NA,NA,NA,NA,NA,NA,NA,NA,1.07369514341788,47.9611857107423
"Chile",2007,"Región del Biobío",10,"Micro",0.682956440335839,0.123407059353337,0.0516821221526493,2512260.7173905,46691,74537,22976555.89,3294589.398,1532144,23890.2,64.1327406216775,NA,NA,NA,NA,NA,NA,NA,NA,NA,NA,NA,NA,NA,NA,NA,NA,NA,NA,NA,NA,NA,NA,NA,NA,NA,30.4742896229075,4.86488215206926
"Chile",2007,"Región de La Araucanía",12,"Micro",0.715344800307393,0.203477503382298,0.0989017801505623,2867898.38133697,31649,52790,13870629.13,3558614.392,930314,31842.3,29.2162940491108,NA,NA,NA,NA,NA,NA,NA,NA,NA,NA,NA,NA,NA,NA,NA,NA,NA,NA,NA,NA,NA,NA,NA,NA,NA,34.0196965755648,5.67442820381076
"Chile",2007,"Región de Valparaíso",6,"Pequeña",0.129636789312026,0.281363370136285,0.101491494885173,9773740.38645707,12071,193116,83615263.38,12577009.119,1688072,16396.1,102.955702880563,NA,NA,NA,NA,NA,NA,NA,NA,NA,NA,NA,NA,NA,NA,NA,NA,NA,NA,NA,NA,NA,NA,NA,NA,NA,7.15076134193328,11.4400333635058
"Chile",2007,"Región de Los Lagos",14,"Mediana",0.0180461926934927,0.20287137993981,0.1139853584086,4522730.49953463,779,74016,35967463.69,5125043.45,788306,48583.6,16.2257634263414,NA,NA,NA,NA,NA,NA,NA,NA,NA,NA,NA,NA,NA,NA,NA,NA,NA,NA,NA,NA,NA,NA,NA,NA,NA,0.988194939528559,9.38924732274015
"Chile",2007,"Región de Arica y Parinacota",1,"Mediana",0.00824805254314953,0.183126096574872,0.136568115950832,1122608.24590337,108,12003,4892651.52,1383097.22,206494,16873.3,12.237914338037,NA,NA,NA,NA,NA,NA,NA,NA,NA,NA,NA,NA,NA,NA,NA,NA,NA,NA,NA,NA,NA,NA,NA,NA,NA,0.523017617945316,5.81275969277558
"Chile",2007,"Región de Magallanes y la Antártica Chilena",16,"Pequeña",0.146641074856046,0.332478599767819,0.188957818451097,1186340.99107751,1528,26062,10292960.54,1532961.269,157141,132297.2,1.18778779898592,NA,NA,NA,NA,NA,NA,NA,NA,NA,NA,NA,NA,NA,NA,NA,NA,NA,NA,NA,NA,NA,NA,NA,NA,NA,9.72375128069695,16.5851050966966
"Chile",2007,"Región de Coquimbo",5,"Pequeña",0.115892089297285,0.335314314198175,0.214146665058275,3523644.35650354,3935,78032,26987905.58,4222765.241,674245,40579.9,16.6152454786729,NA,NA,NA,NA,NA,NA,NA,NA,NA,NA,NA,NA,NA,NA,NA,NA,NA,NA,NA,NA,NA,NA,NA,NA,NA,5.83615747984783,11.5732411808764
"Chile",2007,"Región de Los Ríos",13,"Micro",0.711368683312571,0.23181302551935,0.0804007591521086,1835571.01221833,13134,26770,6227335.89,2103826.622,375988,18429.5,20.4014216337936,NA,NA,NA,NA,NA,NA,NA,NA,NA,NA,NA,NA,NA,NA,NA,NA,NA,NA,NA,NA,NA,NA,NA,NA,NA,34.9319659138058,7.11990808217284
"Chile",2007,"Región del Maule",9,"Micro",0.725163266951544,0.163446072251445,0.0966937804969863,2739587.56823243,44971,60156,19071103.62,3264954.076,984607,16387,60.0846402636236,NA,NA,NA,NA,NA,NA,NA,NA,NA,NA,NA,NA,NA,NA,NA,NA,NA,NA,NA,NA,NA,NA,NA,NA,NA,45.6740608181742,6.10964577745232
"Chile",2007,"Región de La Araucanía",12,"Sin Ventas/Sin Información",0.153674027529779,0.0568495869934744,0,2293573.76760893,6799,14749,0,2637619.143,930314,31842.3,29.2162940491108,NA,NA,NA,NA,NA,NA,NA,NA,NA,NA,NA,NA,NA,NA,NA,NA,NA,NA,NA,NA,NA,NA,NA,NA,NA,7.30828515963427,1.58537870009481
"Chile",2007,"Región de Los Ríos",13,"Grande",0.00406217841087581,0.222408881114642,0.547977611298255,3116715.01156321,75,25684,42442890.86,3526924.418,375988,18429.5,20.4014216337936,NA,NA,NA,NA,NA,NA,NA,NA,NA,NA,NA,NA,NA,NA,NA,NA,NA,NA,NA,NA,NA,NA,NA,NA,NA,0.199474451312276,6.83106907667266
"Chile",2007,"Región de Magallanes y la Antártica Chilena",16,"Sin Ventas/Sin Información",0.152687140115163,0.0473420337555972,0,703624.301290261,1591,3711,0,769085.53,157141,132297.2,1.18778779898592,NA,NA,NA,NA,NA,NA,NA,NA,NA,NA,NA,NA,NA,NA,NA,NA,NA,NA,NA,NA,NA,NA,NA,NA,NA,10.1246651096786,2.36157336404885
"Chile",2007,"Región de La Araucanía",12,"Mediana",0.0115498496937369,0.151796761473795,0.169237571197003,3188949.60710675,511,39382,23734978.09,3543967.699,930314,31842.3,29.2162940491108,NA,NA,NA,NA,NA,NA,NA,NA,NA,NA,NA,NA,NA,NA,NA,NA,NA,NA,NA,NA,NA,NA,NA,NA,NA,0.549276910806459,4.2331943838317
"Chile",2007,"Región de Ñuble",11,"Mediana",0.0111675939638954,0.199905172073176,0.166482175279354,1481554.56456151,279,25297,13345387.49,1689636.55,468014,13178.5,35.513449937398,NA,NA,NA,NA,NA,NA,NA,NA,NA,NA,NA,NA,NA,NA,NA,NA,NA,NA,NA,NA,NA,NA,NA,NA,NA,0.596136013025251,5.40518018691749
"Chile",2007,"Región Metropolitana",7,"Sin Ventas/Sin Información",0.1757257971651,0.0542208725458767,0,61256764.3730348,65619,327278,0,69005277.36,6672285,15403.2,433.175249298847,NA,NA,NA,NA,NA,NA,NA,NA,NA,NA,NA,NA,NA,NA,NA,NA,NA,NA,NA,NA,NA,NA,NA,NA,NA,9.83456192293944,4.90503628067446
"Chile",2007,"Región de Los Lagos",14,"Pequeña",0.14960502235504,0.261239111725076,0.144091532679025,5630659.82689754,6458,95311,45467304.24,6768324.932,788306,48583.6,16.2257634263414,NA,NA,NA,NA,NA,NA,NA,NA,NA,NA,NA,NA,NA,NA,NA,NA,NA,NA,NA,NA,NA,NA,NA,NA,NA,8.19225021755511,12.0906094841343
"Chile",2007,"Región de Ñuble",11,"Sin Ventas/Sin Información",0.157066805427691,0.113975265715753,0,2205976.48360222,3924,14423,0,2425128.849,468014,13178.5,35.513449937398,NA,NA,NA,NA,NA,NA,NA,NA,NA,NA,NA,NA,NA,NA,NA,NA,NA,NA,NA,NA,NA,NA,NA,NA,NA,8.38436457029063,3.08174541787211
"Chile",2007,"Región de Coquimbo",5,"Micro",0.722742534016611,0.168593933299816,0.0868320684660395,1255054.0611655,24540,39234,10943040.67,1657520.084,674245,40579.9,16.6152454786729,NA,NA,NA,NA,NA,NA,NA,NA,NA,NA,NA,NA,NA,NA,NA,NA,NA,NA,NA,NA,NA,NA,NA,NA,NA,36.3962654524691,5.81895305119059
"Chile",2007,"Región de Los Lagos",14,"Micro",0.680844163365534,0.160288563268483,0.0472441343415474,3312218.59666365,29390,58480,14907631.21,4041842.031,788306,48583.6,16.2257634263414,NA,NA,NA,NA,NA,NA,NA,NA,NA,NA,NA,NA,NA,NA,NA,NA,NA,NA,NA,NA,NA,NA,NA,NA,NA,37.2824766017257,7.41843903255842
"Chile",2007,"Región de Valparaíso",6,"Sin Ventas/Sin Información",0.169029361857508,0.0943181255263288,0,12758172.0872525,15739,64736,0,13651300.282,1688072,16396.1,102.955702880563,NA,NA,NA,NA,NA,NA,NA,NA,NA,NA,NA,NA,NA,NA,NA,NA,NA,NA,NA,NA,NA,NA,NA,NA,NA,9.32365444127976,3.83490751579316
"Chile",2007,"Región de Magallanes y la Antártica Chilena",16,"Grande",0.00873320537428023,0.296732876624951,0.595321418421735,1603317.692812,91,23260,32428506.63,1884608.59,157141,132297.2,1.18778779898592,NA,NA,NA,NA,NA,NA,NA,NA,NA,NA,NA,NA,NA,NA,NA,NA,NA,NA,NA,NA,NA,NA,NA,NA,NA,0.579097752973444,14.8019931144641
"Chile",2007,"Región de Aysén del General Carlos Ibáñez del Campo",15,"Grande",0.004375,0.208448117539027,NA,NA,28,7491,14159480.51,721134.474,97265,108494.4,0.896497883761743,NA,NA,NA,NA,NA,NA,NA,NA,NA,NA,NA,NA,NA,NA,NA,NA,NA,NA,NA,NA,NA,NA,NA,NA,NA,0.287873335732278,7.70163984989462
"Chile",2007,"Región de Los Ríos",13,"Sin Ventas/Sin Información",0.14401776526025,0.0429594478745421,0,601758.343642669,2659,4961,0,704330.549,375988,18429.5,20.4014216337936,NA,NA,NA,NA,NA,NA,NA,NA,NA,NA,NA,NA,NA,NA,NA,NA,NA,NA,NA,NA,NA,NA,NA,NA,NA,7.07203421385789,1.31945700394693
"Chile",2007,"Región de Antofagasta",3,"Sin Ventas/Sin Información",0.149531597332486,0.0476016167162358,0,1591301.71082033,3767,9363,0,1846308.691,539071,126049.1,4.27667472437328,NA,NA,NA,NA,NA,NA,NA,NA,NA,NA,NA,NA,NA,NA,NA,NA,NA,NA,NA,NA,NA,NA,NA,NA,NA,6.98794778424363,1.7368769605488
"Chile",2007,"Región del Libertador General Bernardo O'Higgins",8,"Sin Ventas/Sin Información",0.144280301417685,0.0439724685709686,0,2245223.01811178,6778,16387,0,2481935.798,852115,16387,51.9994507841582,NA,NA,NA,NA,NA,NA,NA,NA,NA,NA,NA,NA,NA,NA,NA,NA,NA,NA,NA,NA,NA,NA,NA,NA,NA,7.95432541382325,1.9230972345282
"Chile",2007,"Región de Ñuble",11,"Grande",0.00356242244726414,0.202070409735667,0.513247967492641,2958042.3639676,89,25571,41142500.65,3223630.682,468014,13178.5,35.513449937398,NA,NA,NA,NA,NA,NA,NA,NA,NA,NA,NA,NA,NA,NA,NA,NA,NA,NA,NA,NA,NA,NA,NA,NA,NA,0.190165251466836,5.46372544411065
"Chile",2007,"Región de Los Ríos",13,"Mediana",0.0153821155825164,0.187779807933773,0.163226011927305,1258305.32622774,284,21685,12642457.77,1473474.387,375988,18429.5,20.4014216337936,NA,NA,NA,NA,NA,NA,NA,NA,NA,NA,NA,NA,NA,NA,NA,NA,NA,NA,NA,NA,NA,NA,NA,NA,NA,0.755343255635818,5.7674713022756
"Chile",2007,"Región de Aysén del General Carlos Ibáñez del Campo",15,"Sin Ventas/Sin Información",0.12515625,0.0787210952500209,NA,NA,801,2829,0,687600.799,97265,108494.4,0.896497883761743,NA,NA,NA,NA,NA,NA,NA,NA,NA,NA,NA,NA,NA,NA,NA,NA,NA,NA,NA,NA,NA,NA,NA,NA,NA,8.23523364005552,2.90854880995219
"Chile",2007,"Región de Valparaíso",6,"Micro",0.679725927357862,0.160812578858263,0.0372384592819014,5021542.73791449,63292,110375,30679453.33,6546072.47,1688072,16396.1,102.955702880563,NA,NA,NA,NA,NA,NA,NA,NA,NA,NA,NA,NA,NA,NA,NA,NA,NA,NA,NA,NA,NA,NA,NA,NA,NA,37.4936614078073,6.53852442312887
"Chile",2007,"Región de Los Ríos",13,"Pequeña",0.125169257433786,0.315038837557693,0.208395617622332,2319628.84786365,2311,36381,16141010.64,2828770.031,375988,18429.5,20.4014216337936,NA,NA,NA,NA,NA,NA,NA,NA,NA,NA,NA,NA,NA,NA,NA,NA,NA,NA,NA,NA,NA,NA,NA,NA,NA,6.14647275976893,9.67610668425588
"Chile",2007,"Región Metropolitana",7,"Mediana",0.031195687395057,0.163844191904758,0.0536732471902629,77827911.1556259,11649,988966,568557989.66,99805344.484,6672285,15403.2,433.175249298847,NA,NA,NA,NA,NA,NA,NA,NA,NA,NA,NA,NA,NA,NA,NA,NA,NA,NA,NA,NA,NA,NA,NA,NA,NA,1.74587866075865,14.8219987605446
"Chile",2007,"Región de Magallanes y la Antártica Chilena",16,"Mediana",0.0173704414587332,0.173868115886563,0.149057728155698,589593.714189766,181,13629,8119512.21,755718.783,157141,132297.2,1.18778779898592,NA,NA,NA,NA,NA,NA,NA,NA,NA,NA,NA,NA,NA,NA,NA,NA,NA,NA,NA,NA,NA,NA,NA,NA,NA,1.15183179437575,8.67310250030228
"Chile",2007,"Región de Ñuble",11,"Pequeña",0.105591802425649,0.291785530838832,0.2238410907203,1808748.81006744,2638,36924,17943338.9,2086036.474,468014,13178.5,35.513449937398,NA,NA,NA,NA,NA,NA,NA,NA,NA,NA,NA,NA,NA,NA,NA,NA,NA,NA,NA,NA,NA,NA,NA,NA,NA,5.63658352100578,7.88950757883311
"Chile",2007,"Región del Maule",9,"Pequeña",0.107312746916069,0.328940790331696,0.228469290458315,5384196.0431029,6655,121066,45061445.42,6269731.036,984607,16387,60.0846402636236,NA,NA,NA,NA,NA,NA,NA,NA,NA,NA,NA,NA,NA,NA,NA,NA,NA,NA,NA,NA,NA,NA,NA,NA,NA,6.75904193246646,12.2958703320208
"Chile",2007,"Región de Coquimbo",5,"Grande",0.00427048359545267,0.209941000287908,0.534442531173443,5013109.54127185,145,48856,67353299.97,5435663.816,674245,40579.9,16.6152454786729,NA,NA,NA,NA,NA,NA,NA,NA,NA,NA,NA,NA,NA,NA,NA,NA,NA,NA,NA,NA,NA,NA,NA,NA,NA,0.215055358215485,7.24603074550052
"Chile",2007,"Región del Biobío",10,"Sin Ventas/Sin Información",0.154374981716058,0.0939116844069385,0,9488699.17612245,10554,56722,0,10430639.865,1532144,23890.2,64.1327406216775,NA,NA,NA,NA,NA,NA,NA,NA,NA,NA,NA,NA,NA,NA,NA,NA,NA,NA,NA,NA,NA,NA,NA,NA,NA,6.88838647020123,3.70213243663781
"Chile",2007,"Región del Maule",9,"Mediana",0.0109650890913489,0.188969916967352,0.1615214043889,3530959.39684908,680,69550,31857182.79,3968472.036,984607,16387,60.0846402636236,NA,NA,NA,NA,NA,NA,NA,NA,NA,NA,NA,NA,NA,NA,NA,NA,NA,NA,NA,NA,NA,NA,NA,NA,NA,0.690630881153597,7.06373202709304
"Chile",2007,"Región de Valparaíso",6,"Mediana",0.0157763601606633,0.18243977632664,0.0861376423210719,9432833.25694998,1469,125219,70965765.73,11251523.671,1688072,16396.1,102.955702880563,NA,NA,NA,NA,NA,NA,NA,NA,NA,NA,NA,NA,NA,NA,NA,NA,NA,NA,NA,NA,NA,NA,NA,NA,NA,0.870223544967276,7.41787080171936
"Chile",2007,"Región de Ñuble",11,"Micro",0.7226113757355,0.192263621636572,0.0964287665077056,984783.100443777,18053,24330,7729832.05,1212887.4,468014,13178.5,35.513449937398,NA,NA,NA,NA,NA,NA,NA,NA,NA,NA,NA,NA,NA,NA,NA,NA,NA,NA,NA,NA,NA,NA,NA,NA,NA,38.5736324127056,5.19856243616644
"Chile",2007,"Región de La Araucanía",12,"Grande",0.0038650181949687,0.285030392500742,0.480205857679937,6061191.06038343,171,73948,67347193.83,6951305.345,930314,31842.3,29.2162940491108,NA,NA,NA,NA,NA,NA,NA,NA,NA,NA,NA,NA,NA,NA,NA,NA,NA,NA,NA,NA,NA,NA,NA,NA,NA,0.183808907530146,7.94871409008141
"Chile",2007,"Región de Tarapacá",2,"Pequeña",0.135762431641867,0.290098833585611,0.0968359282127839,1537343.16791405,2135,32581,16380813.65,1979225.806,275014,42225.9,6.5129221638852,NA,NA,NA,NA,NA,NA,NA,NA,NA,NA,NA,NA,NA,NA,NA,NA,NA,NA,NA,NA,NA,NA,NA,NA,NA,7.76324114408721,11.847033241944
"Chile",2007,"Región del Biobío",10,"Pequeña",0.137641517713483,0.276571086088746,0.151026708643443,8242049.37924817,9410,167047,67142630.13,10885634.92,1532144,23890.2,64.1327406216775,NA,NA,NA,NA,NA,NA,NA,NA,NA,NA,NA,NA,NA,NA,NA,NA,NA,NA,NA,NA,NA,NA,NA,NA,NA,6.14172036048831,10.9028263661901
"Chile",2007,"Región de Antofagasta",3,"Grande",0.0077008574150524,0.338529194946491,0.820759653818246,12932476.9511487,194,66587,269297212.96,13871159.378,539071,126049.1,4.27667472437328,NA,NA,NA,NA,NA,NA,NA,NA,NA,NA,NA,NA,NA,NA,NA,NA,NA,NA,NA,NA,NA,NA,NA,NA,NA,0.359878383366941,12.3521762439456
"Chile",2007,"Región de La Araucanía",12,"Pequeña",0.115566304274122,0.30284575564969,0.251654790972498,4424571.40898862,5113,78570,35293705.22,5350066.633,930314,31842.3,29.2162940491108,NA,NA,NA,NA,NA,NA,NA,NA,NA,NA,NA,NA,NA,NA,NA,NA,NA,NA,NA,NA,NA,NA,NA,NA,NA,5.49599382574056,8.4455355933588
"Chile",2007,"Región de Arica y Parinacota",1,"Pequeña",0.0895830151214297,0.336471126706843,0.21670172564723,716143.704945371,1173,22054,7763496.04,928510.483,206494,16873.3,12.237914338037,NA,NA,NA,NA,NA,NA,NA,NA,NA,NA,NA,NA,NA,NA,NA,NA,NA,NA,NA,NA,NA,NA,NA,NA,NA,5.68055246157273,10.6802134686722
"Chile",2007,"Región de Atacama",4,"Mediana",0.0160547156227502,0.188859314896177,0.0806916715459593,1515213.68923621,223,20719,10081340.61,1665248.954,276858,75176.2,3.68278790361843,NA,NA,NA,NA,NA,NA,NA,NA,NA,NA,NA,NA,NA,NA,NA,NA,NA,NA,NA,NA,NA,NA,NA,NA,NA,0.805467062537474,7.48361976175512
"Chile",2007,"Región de Atacama",4,"Micro",0.684737221022318,0.172214828724044,0.0361441187885028,1347287.507843,9511,18893,4515722.2,1583547.325,276858,75176.2,3.68278790361843,NA,NA,NA,NA,NA,NA,NA,NA,NA,NA,NA,NA,NA,NA,NA,NA,NA,NA,NA,NA,NA,NA,NA,NA,NA,34.3533508152194,6.82407588005404
"Chile",2007,"Región de Valparaíso",6,"Grande",0.0058315613119402,0.281066149152483,0.775132403511854,25521165.5519081,543,192912,638604251,28867564.213,1688072,16396.1,102.955702880563,NA,NA,NA,NA,NA,NA,NA,NA,NA,NA,NA,NA,NA,NA,NA,NA,NA,NA,NA,NA,NA,NA,NA,NA,NA,0.321668743987223,11.427948570914
"Chile",2007,"Región del Maule",9,"Grande",0.00391840683705555,0.249165869669174,0.513315524655799,6917904.60599124,243,91705,101242225.82,7722640.583,984607,16387,60.0846402636236,NA,NA,NA,NA,NA,NA,NA,NA,NA,NA,NA,NA,NA,NA,NA,NA,NA,NA,NA,NA,NA,NA,NA,NA,NA,0.246798976647536,9.31386837591039
"Chile",2007,"Región de Antofagasta",3,"Micro",0.67041124166402,0.123597447825313,0.0267723990143032,1183485.26361668,16889,24311,8784218.87,1511105.69,539071,126049.1,4.27667472437328,NA,NA,NA,NA,NA,NA,NA,NA,NA,NA,NA,NA,NA,NA,NA,NA,NA,NA,NA,NA,NA,NA,NA,NA,NA,31.3298248282694,4.50979555568747
"Chile",2007,"Región de Tarapacá",2,"Sin Ventas/Sin Información",0.112806816736615,0.0465319205769744,0,748486.44830771,1774,5226,0,869574.706,275014,42225.9,6.5129221638852,NA,NA,NA,NA,NA,NA,NA,NA,NA,NA,NA,NA,NA,NA,NA,NA,NA,NA,NA,NA,NA,NA,NA,NA,NA,6.45058069770993,1.9002668955035
"Chile",2007,"Región de Los Lagos",14,"Grande",0.00815437718627655,0.344708120227386,0.694678974570827,12127655.8301648,352,125764,219202195.29,13458559.454,788306,48583.6,16.2257634263414,NA,NA,NA,NA,NA,NA,NA,NA,NA,NA,NA,NA,NA,NA,NA,NA,NA,NA,NA,NA,NA,NA,NA,NA,NA,0.446527110030876,15.9537032573645
"Chile",2007,"Región de Tarapacá",2,"Mediana",0.0321124252829709,0.200258213872318,0.152088096120488,1282334.78414345,505,22491,25727297.78,1569059.921,275014,42225.9,6.5129221638852,NA,NA,NA,NA,NA,NA,NA,NA,NA,NA,NA,NA,NA,NA,NA,NA,NA,NA,NA,NA,NA,NA,NA,NA,NA,1.83627015351946,8.17812911342695
"Chile",2007,"Región de Coquimbo",5,"Sin Ventas/Sin Información",0.143988926194263,0.0493655274952409,0,1930633.49199364,4889,11488,0,2202877.808,674245,40579.9,16.6152454786729,NA,NA,NA,NA,NA,NA,NA,NA,NA,NA,NA,NA,NA,NA,NA,NA,NA,NA,NA,NA,NA,NA,NA,NA,NA,7.25107342286558,1.70383169322724
"Chile",2007,"Región de Coquimbo",5,"Mediana",0.0131059668963892,0.23678522471886,0.164578735302242,3970415.98379361,445,55103,20741090.54,4638489.247,674245,40579.9,16.6152454786729,NA,NA,NA,NA,NA,NA,NA,NA,NA,NA,NA,NA,NA,NA,NA,NA,NA,NA,NA,NA,NA,NA,NA,NA,NA,0.659997478661317,8.17254855430889
"Chile",2007,"Región de Aysén del General Carlos Ibáñez del Campo",15,"Pequeña",0.11609375,0.301221582213318,NA,NA,743,10825,NA,NA,97265,108494.4,0.896497883761743,NA,NA,NA,NA,NA,NA,NA,NA,NA,NA,NA,NA,NA,NA,NA,NA,NA,NA,NA,NA,NA,NA,NA,NA,NA,7.63892458746723,11.1293887832211
"Chile",2007,"Región de Los Lagos",14,"Sin Ventas/Sin Información",0.143350244399657,0.0308928248392455,0,1234784.61963366,6188,11271,0,1439320.971,788306,48583.6,16.2257634263414,NA,NA,NA,NA,NA,NA,NA,NA,NA,NA,NA,NA,NA,NA,NA,NA,NA,NA,NA,NA,NA,NA,NA,NA,NA,7.84974362747461,1.42977473214716
"Chile",2007,"Región de Aysén del General Carlos Ibáñez del Campo",15,"Micro",0.7415625,0.246152989954643,NA,NA,4746,8846,2135915.07,507167.168,97265,108494.4,0.896497883761743,NA,NA,NA,NA,NA,NA,NA,NA,NA,NA,NA,NA,NA,NA,NA,NA,NA,NA,NA,NA,NA,NA,NA,NA,NA,48.7945304066211,9.09474117102761
"Chile",2007,"Región de Arica y Parinacota",1,"Sin Ventas/Sin Información",0.128303039560104,0.0210542375467236,0,58868.7452853133,1680,1380,0,79577.597,206494,16873.3,12.237914338037,NA,NA,NA,NA,NA,NA,NA,NA,NA,NA,NA,NA,NA,NA,NA,NA,NA,NA,NA,NA,NA,NA,NA,NA,NA,8.13582961248269,0.668300289596792
"Chile",2007,"Región de Aysén del General Carlos Ibáñez del Campo",15,"Mediana",0.0128125,0.165456215042992,NA,NA,82,5946,3813124.25,329196.225,97265,108494.4,0.896497883761743,NA,NA,NA,NA,NA,NA,NA,NA,NA,NA,NA,NA,NA,NA,NA,NA,NA,NA,NA,NA,NA,NA,NA,NA,NA,0.843057626073099,6.11319590808616
"Chile",2007,"Región de Arica y Parinacota",1,"Grande",0.00305483427524057,0.134319932870547,0.536459023945119,1013857.82195059,40,8804,19219032.5,1134431.966,206494,16873.3,12.237914338037,NA,NA,NA,NA,NA,NA,NA,NA,NA,NA,NA,NA,NA,NA,NA,NA,NA,NA,NA,NA,NA,NA,NA,NA,NA,0.193710228868635,4.26356213739867
"Chile",2007,"Región de Magallanes y la Antártica Chilena",16,"Micro",0.674568138195777,0.149578373965071,0.0666630349714688,252889.719596141,7029,11725,3631286.57,383895.374,157141,132297.2,1.18778779898592,NA,NA,NA,NA,NA,NA,NA,NA,NA,NA,NA,NA,NA,NA,NA,NA,NA,NA,NA,NA,NA,NA,NA,NA,NA,44.7305286335202,7.46145181715784
"Chile",2007,"Región de Antofagasta",3,"Pequeña",0.153064464909495,0.277602379318234,0.0838745014705509,3068358.51922826,3856,54603,27519834.07,4009107.023,539071,126049.1,4.27667472437328,NA,NA,NA,NA,NA,NA,NA,NA,NA,NA,NA,NA,NA,NA,NA,NA,NA,NA,NA,NA,NA,NA,NA,NA,NA,7.15304663022125,10.1290924572088
"Chile",2007,"Región de Atacama",4,"Grande",0.00496760259179266,0.270978797877965,0.778770807811341,4913740.57641242,69,29728,97296952.96,5247136.645,276858,75176.2,3.68278790361843,NA,NA,NA,NA,NA,NA,NA,NA,NA,NA,NA,NA,NA,NA,NA,NA,NA,NA,NA,NA,NA,NA,NA,NA,NA,0.249225234596797,10.7376344552081
"Chile",2007,"Región de Atacama",4,"Pequeña",0.134413246940245,0.33674548338286,0.104393401854197,1934334.39043538,1867,36943,13042553.48,2426683.73,276858,75176.2,3.68278790361843,NA,NA,NA,NA,NA,NA,NA,NA,NA,NA,NA,NA,NA,NA,NA,NA,NA,NA,NA,NA,NA,NA,NA,NA,NA,6.74352917380029,13.3436635387094
"Chile",2007,"Región del Libertador General Bernardo O'Higgins",8,"Pequeña",0.129060411256333,0.345645552976534,0.13728532723359,4602248.00409012,6063,128810,41469042.69,5383952.248,852115,16387,51.9994507841582,NA,NA,NA,NA,NA,NA,NA,NA,NA,NA,NA,NA,NA,NA,NA,NA,NA,NA,NA,NA,NA,NA,NA,NA,NA,7.11523679315585,15.1165042277157
"Chile",2007,"Región Metropolitana",7,"Pequeña",0.173894064812261,0.177197207097729,0.0462714866116357,66360114.3986862,64935,1069565,490151514.65,94392706.711,6672285,15403.2,433.175249298847,NA,NA,NA,NA,NA,NA,NA,NA,NA,NA,NA,NA,NA,NA,NA,NA,NA,NA,NA,NA,NA,NA,NA,NA,NA,9.73204831628146,16.0299657463672
"Chile",2007,"Región Metropolitana",7,"Micro",0.599999464405745,0.0745689001766894,0.0119802710968788,36416911.4301981,224050,450099,126906405.09,49451170.15,6672285,15403.2,433.175249298847,NA,NA,NA,NA,NA,NA,NA,NA,NA,NA,NA,NA,NA,NA,NA,NA,NA,NA,NA,NA,NA,NA,NA,NA,NA,33.5792011282492,6.74579997706932
"Chile",2007,"Región del Maule",9,"Sin Ventas/Sin Información",0.152640490203983,0.069477350780333,0,4460733.56378426,9466,25571,0,4740763.821,984607,16387,60.0846402636236,NA,NA,NA,NA,NA,NA,NA,NA,NA,NA,NA,NA,NA,NA,NA,NA,NA,NA,NA,NA,NA,NA,NA,NA,NA,9.61398811911758,2.59707680323215
"Chile",2008,"Región del Libertador General Bernardo O'Higgins",8,"Sin Ventas/Sin Información",0.141500951425047,0.0434257168381765,0,2184166.62546528,6767,16673,0,2411561.029,861829,16387,52.5922377494355,NA,NA,NA,NA,NA,NA,NA,NA,NA,NA,NA,NA,NA,NA,NA,NA,NA,NA,NA,NA,NA,NA,NA,NA,NA,7.85190565645853,1.93460651707009
"Chile",2008,"Región de Ñuble",11,"Sin Ventas/Sin Información",0.14829201874174,0.124444478150738,0,2358844.38544878,3703,16409,0,2640785.645,471037,13178.5,35.742838714573,NA,NA,NA,NA,NA,NA,NA,NA,NA,NA,NA,NA,NA,NA,NA,NA,NA,NA,NA,NA,NA,NA,NA,NA,NA,7.86137819322049,3.48359046104658
"Chile",2008,"Región de Coquimbo",5,"Micro",0.724471141290154,0.163792994289236,0.0814922728484991,1301771.26909261,24966,38806,11326236.01,1753370.474,684510,40579.9,16.8682032237635,NA,NA,NA,NA,NA,NA,NA,NA,NA,NA,NA,NA,NA,NA,NA,NA,NA,NA,NA,NA,NA,NA,NA,NA,NA,36.4728053644213,5.66916480402039
"Chile",2008,"Región del Maule",9,"Micro",0.721055903591411,0.154244892958868,0.0927814911095141,2712357.92644777,45234,60435,20074771.46,3207917.104,994027,16387,60.659486178068,NA,NA,NA,NA,NA,NA,NA,NA,NA,NA,NA,NA,NA,NA,NA,NA,NA,NA,NA,NA,NA,NA,NA,NA,NA,45.505806180315,6.07981473340261
"Chile",2008,"Región de La Araucanía",12,"Pequeña",0.122605191472118,0.292219613416506,0.254583975302815,4401572.35478524,5446,79778,37801587.21,5413161.584,936394,31842.3,29.4072350301329,NA,NA,NA,NA,NA,NA,NA,NA,NA,NA,NA,NA,NA,NA,NA,NA,NA,NA,NA,NA,NA,NA,NA,NA,NA,5.81592791068717,8.51970431250093
"Chile",2008,"Región de Ñuble",11,"Pequeña",0.111088863081174,0.291654658799618,0.238230968129712,1631903.50000369,2774,38457,18881186.65,1887780.376,471037,13178.5,35.742838714573,NA,NA,NA,NA,NA,NA,NA,NA,NA,NA,NA,NA,NA,NA,NA,NA,NA,NA,NA,NA,NA,NA,NA,NA,NA,5.88913397461346,8.1643267938612
"Chile",2008,"Región de Los Lagos",14,"Micro",0.682227259465404,0.16967210532947,0.0465880645537755,4011924.54344117,30398,64641,15427145.58,4876291.953,797877,48583.6,16.4227640603002,NA,NA,NA,NA,NA,NA,NA,NA,NA,NA,NA,NA,NA,NA,NA,NA,NA,NA,NA,NA,NA,NA,NA,NA,NA,38.0986041708183,8.10162468651183
"Chile",2008,"Región de Ñuble",11,"Grande",0.00376436666533178,0.210226152376041,0.496275754843505,2931725.96919017,94,27720,39332733.4,3242890.096,471037,13178.5,35.742838714573,NA,NA,NA,NA,NA,NA,NA,NA,NA,NA,NA,NA,NA,NA,NA,NA,NA,NA,NA,NA,NA,NA,NA,NA,NA,0.199559694885964,5.88488802365844
"Chile",2008,"Región de Magallanes y la Antártica Chilena",16,"Pequeña",0.149858088930937,0.288962839711592,0.188347678656748,914202.742380752,1584,23445,10757682.31,1218978.954,158402,132297.2,1.19731936881506,NA,NA,NA,NA,NA,NA,NA,NA,NA,NA,NA,NA,NA,NA,NA,NA,NA,NA,NA,NA,NA,NA,NA,NA,NA,9.99987373896794,14.8009494829611
"Chile",2008,"Región del Libertador General Bernardo O'Higgins",8,"Mediana",0.0147209501704201,0.211742368007751,0.0967441741787204,4718684.10984492,704,81297,33860563.79,5251758.666,861829,16387,52.5922377494355,NA,NA,NA,NA,NA,NA,NA,NA,NA,NA,NA,NA,NA,NA,NA,NA,NA,NA,NA,NA,NA,NA,NA,NA,NA,0.816867383204789,9.43307779153405
"Chile",2008,"Región del Libertador General Bernardo O'Higgins",8,"Pequeña",0.134265938983334,0.327470483899954,0.124104063235066,4421624.94751365,6421,125730,43436554.04,5187559.114,861829,16387,52.5922377494355,NA,NA,NA,NA,NA,NA,NA,NA,NA,NA,NA,NA,NA,NA,NA,NA,NA,NA,NA,NA,NA,NA,NA,NA,NA,7.45043390278118,14.588740921923
"Chile",2008,"Región de Ñuble",11,"Mediana",0.0112930999959954,0.191584886772134,0.164503008060373,1504741.56809991,282,25262,13037817.98,1697684.734,471037,13178.5,35.742838714573,NA,NA,NA,NA,NA,NA,NA,NA,NA,NA,NA,NA,NA,NA,NA,NA,NA,NA,NA,NA,NA,NA,NA,NA,NA,0.598679084657893,5.36306065128642
"Chile",2008,"Región de Ñuble",11,"Micro",0.725561651515758,0.18208982390147,0.10099026896641,964204.692252649,18118,24010,8004064.85,1190755.71,471037,13178.5,35.742838714573,NA,NA,NA,NA,NA,NA,NA,NA,NA,NA,NA,NA,NA,NA,NA,NA,NA,NA,NA,NA,NA,NA,NA,NA,NA,38.4640697015309,5.09726412150213
"Chile",2008,"Región Metropolitana",7,"Micro",0.596915603232979,0.0718771296278605,0.010283732243746,34858249.583896,226582,451420,128855171.12,44606663.845,6750464,15403.2,438.250753090267,NA,NA,NA,NA,NA,NA,NA,NA,NA,NA,NA,NA,NA,NA,NA,NA,NA,NA,NA,NA,NA,NA,NA,NA,NA,33.5653963934924,6.68724401759642
"Chile",2008,"Región de Aysén del General Carlos Ibáñez del Campo",15,"Sin Ventas/Sin Información",0.112425126708647,0.0801745736684717,0,630593.444678696,732,2976,0,721017.925,98245,108494.4,0.905530608031382,NA,NA,NA,NA,NA,NA,NA,NA,NA,NA,NA,NA,NA,NA,NA,NA,NA,NA,NA,NA,NA,NA,NA,NA,NA,7.45076085296962,3.02916178940404
"Chile",2008,"Región de Magallanes y la Antártica Chilena",16,"Grande",0.00917691579943236,0.333234732236396,0.600003705400928,1931502.51111815,97,27037,34269863.55,2251343.435,158402,132297.2,1.19731936881506,NA,NA,NA,NA,NA,NA,NA,NA,NA,NA,NA,NA,NA,NA,NA,NA,NA,NA,NA,NA,NA,NA,NA,NA,NA,0.612366005479729,17.0685976187169
"Chile",2008,"Región de Coquimbo",5,"Pequeña",0.118452743681263,0.338087379337416,0.199511263306993,4063276.27322412,4082,80100,27729152.42,5006347.551,684510,40579.9,16.8682032237635,NA,NA,NA,NA,NA,NA,NA,NA,NA,NA,NA,NA,NA,NA,NA,NA,NA,NA,NA,NA,NA,NA,NA,NA,NA,5.96338987012608,11.701801288513
"Chile",2008,"Región de Valparaíso",6,"Grande",0.00588461867670975,0.286724656298881,0.80944282628551,27032437.9617416,550,199985,818172227.85,30323360.038,1707196,16396.1,104.122077811187,NA,NA,NA,NA,NA,NA,NA,NA,NA,NA,NA,NA,NA,NA,NA,NA,NA,NA,NA,NA,NA,NA,NA,NA,NA,0.322165703293588,11.7142378496669
"Chile",2008,"Región de Valparaíso",6,"Sin Ventas/Sin Información",0.16958401095609,0.0984700658512562,0,13265870.5913241,15850,68681,0,14343549.166,1707196,16396.1,104.122077811187,NA,NA,NA,NA,NA,NA,NA,NA,NA,NA,NA,NA,NA,NA,NA,NA,NA,NA,NA,NA,NA,NA,NA,NA,NA,9.28422981309703,4.02302957598307
"Chile",2008,"Región de Aysén del General Carlos Ibáñez del Campo",15,"Pequeña",0.123483335893104,0.286376249360166,0.191361247553873,330687.76510741,804,10630,5530744.06,438900.996,98245,108494.4,0.905530608031382,NA,NA,NA,NA,NA,NA,NA,NA,NA,NA,NA,NA,NA,NA,NA,NA,NA,NA,NA,NA,NA,NA,NA,NA,NA,8.18362257621253,10.819889052878
"Chile",2008,"Región de Arica y Parinacota",1,"Grande",0.00302091987010045,0.148950585462847,0.546212218574391,1132334.39455724,40,10113,21109367.03,1244445.111,209279,16873.3,12.4029680027025,NA,NA,NA,NA,NA,NA,NA,NA,NA,NA,NA,NA,NA,NA,NA,NA,NA,NA,NA,NA,NA,NA,NA,NA,NA,0.191132411756555,4.83230520023509
"Chile",2008,"Región de Atacama",4,"Grande",0.00535026394635469,0.270317184787754,0.79815984485263,5673629.85867023,75,30834,120407166.46,5980693.768,279750,75176.2,3.72125752565307,NA,NA,NA,NA,NA,NA,NA,NA,NA,NA,NA,NA,NA,NA,NA,NA,NA,NA,NA,NA,NA,NA,NA,NA,NA,0.268096514745308,11.0219839142091
"Chile",2008,"Región de Tarapacá",2,"Pequeña",0.143907035175879,0.286626284967452,0.0804509476307273,1549595.68695834,2291,34212,17909461.18,2018078.428,281334,42225.9,6.66259333726457,NA,NA,NA,NA,NA,NA,NA,NA,NA,NA,NA,NA,NA,NA,NA,NA,NA,NA,NA,NA,NA,NA,NA,NA,NA,8.14334563188239,12.1606346904391
"Chile",2008,"Región de Tarapacá",2,"Sin Ventas/Sin Información",0.10822864321608,0.0486591097594692,0,790560.984737515,1723,5808,0,920402.608,281334,42225.9,6.66259333726457,NA,NA,NA,NA,NA,NA,NA,NA,NA,NA,NA,NA,NA,NA,NA,NA,NA,NA,NA,NA,NA,NA,NA,NA,NA,6.1243930701586,2.06445008424151
"Chile",2008,"Región del Biobío",10,"Sin Ventas/Sin Información",0.15282887685043,0.105224365642696,0,10372526.8321562,10551,65243,0,11465104.539,1542605,23890.2,64.5706189148689,NA,NA,NA,NA,NA,NA,NA,NA,NA,NA,NA,NA,NA,NA,NA,NA,NA,NA,NA,NA,NA,NA,NA,NA,NA,6.8397289001397,4.22940415725348
"Chile",2008,"Región de Tarapacá",2,"Mediana",0.0346105527638191,0.200450733489163,0.125124106574961,1305132.22395279,551,23926,27854306.2,1600266.516,281334,42225.9,6.66259333726457,NA,NA,NA,NA,NA,NA,NA,NA,NA,NA,NA,NA,NA,NA,NA,NA,NA,NA,NA,NA,NA,NA,NA,NA,NA,1.95852616462994,8.50448221686679
"Chile",2008,"Región de Valparaíso",6,"Mediana",0.0164769322947873,0.184432264104685,0.0740043991799914,9850221.67115338,1540,128638,74802496.46,11667414.785,1707196,16396.1,104.122077811187,NA,NA,NA,NA,NA,NA,NA,NA,NA,NA,NA,NA,NA,NA,NA,NA,NA,NA,NA,NA,NA,NA,NA,NA,NA,0.902063969222046,7.5350457709601
"Chile",2008,"Región Metropolitana",7,"Grande",0.0192313771773607,0.541950404748712,0.90182638680763,527624294.242795,7300,3403687,11299885162.15,573964208.12,6750464,15403.2,438.250753090267,NA,NA,NA,NA,NA,NA,NA,NA,NA,NA,NA,NA,NA,NA,NA,NA,NA,NA,NA,NA,NA,NA,NA,NA,NA,1.08140714475331,50.4215265795062
"Chile",2008,"Región de Atacama",4,"Sin Ventas/Sin Información",0.151662148666001,0.0270632791541739,0,268889.153195783,2126,3087,0,333559.707,279750,75176.2,3.72125752565307,NA,NA,NA,NA,NA,NA,NA,NA,NA,NA,NA,NA,NA,NA,NA,NA,NA,NA,NA,NA,NA,NA,NA,NA,NA,7.59964253798034,1.10348525469169
"Chile",2008,"Región de Los Ríos",13,"Sin Ventas/Sin Información",0.141162578498202,0.0477355343625711,0,721128.297782721,2630,5581,0,852800.217,377866,18429.5,20.5033234759489,NA,NA,NA,NA,NA,NA,NA,NA,NA,NA,NA,NA,NA,NA,NA,NA,NA,NA,NA,NA,NA,NA,NA,NA,NA,6.9601393086438,1.47697861146544
"Chile",2008,"Región de Antofagasta",3,"Mediana",0.0217036172695449,0.225659738245551,0.0752708448178476,4387363.88942751,558,47433,25749388.3,5133665.894,546939,126049.1,4.33909484478667,NA,NA,NA,NA,NA,NA,NA,NA,NA,NA,NA,NA,NA,NA,NA,NA,NA,NA,NA,NA,NA,NA,NA,NA,NA,1.02022346184858,8.67244793295047
"Chile",2008,"Región de Los Ríos",13,"Micro",0.707154742096506,0.234469486378993,0.0738117515384955,1965020.11820548,13175,27413,6304899.18,2280216.365,377866,18429.5,20.5033234759489,NA,NA,NA,NA,NA,NA,NA,NA,NA,NA,NA,NA,NA,NA,NA,NA,NA,NA,NA,NA,NA,NA,NA,NA,NA,34.8668575632632,7.25468816988033
"Chile",2008,"Región de Coquimbo",5,"Mediana",0.0137546792025768,0.215671046466966,0.159992521680609,3744059.75956958,474,51097,22236624.37,4263654.68,684510,40579.9,16.8682032237635,NA,NA,NA,NA,NA,NA,NA,NA,NA,NA,NA,NA,NA,NA,NA,NA,NA,NA,NA,NA,NA,NA,NA,NA,NA,0.692466143664811,7.46475581072592
"Chile",2008,"Región de Coquimbo",5,"Grande",0.00467194799918749,0.233588411326982,0.559003942163898,5871711.67994353,161,55342,77693385.62,6320395.478,684510,40579.9,16.8682032237635,NA,NA,NA,NA,NA,NA,NA,NA,NA,NA,NA,NA,NA,NA,NA,NA,NA,NA,NA,NA,NA,NA,NA,NA,NA,0.235204745000073,8.08490745204599
"Chile",2008,"Región de Antofagasta",3,"Micro",0.665538700894594,0.119335670823085,0.0268024260063947,1179325.50965322,17111,25084,9168836.57,1536647.09,546939,126049.1,4.33909484478667,NA,NA,NA,NA,NA,NA,NA,NA,NA,NA,NA,NA,NA,NA,NA,NA,NA,NA,NA,NA,NA,NA,NA,NA,NA,31.2850244725646,4.58625184892648
"Chile",2008,"Región de Valparaíso",6,"Micro",0.675746811606608,0.159032289051601,0.0306033180049613,4837570.5514332,63158,110922,30933358.18,6600580.733,1707196,16396.1,104.122077811187,NA,NA,NA,NA,NA,NA,NA,NA,NA,NA,NA,NA,NA,NA,NA,NA,NA,NA,NA,NA,NA,NA,NA,NA,NA,36.995166342939,6.49732075286025
"Chile",2008,"Región de Atacama",4,"Micro",0.679554858039663,0.157286132589904,0.0308142481233924,1361654.2770789,9526,17941,4648512.86,1611571.149,279750,75176.2,3.72125752565307,NA,NA,NA,NA,NA,NA,NA,NA,NA,NA,NA,NA,NA,NA,NA,NA,NA,NA,NA,NA,NA,NA,NA,NA,NA,34.0518319928508,6.41322609472744
"Chile",2008,"Región Metropolitana",7,"Pequeña",0.176154146074165,0.17204654450962,0.0403211648706873,68757259.6494897,66866,1080528,505224219.77,96930297.161,6750464,15403.2,438.250753090267,NA,NA,NA,NA,NA,NA,NA,NA,NA,NA,NA,NA,NA,NA,NA,NA,NA,NA,NA,NA,NA,NA,NA,NA,NA,9.90539317001024,16.0067219083014
"Chile",2008,"Región de Arica y Parinacota",1,"Pequeña",0.0946303149308965,0.311068561749761,0.215949663731196,690872.742731021,1253,21120,8345768.47,888338.101,209279,16873.3,12.4029680027025,NA,NA,NA,NA,NA,NA,NA,NA,NA,NA,NA,NA,NA,NA,NA,NA,NA,NA,NA,NA,NA,NA,NA,NA,NA,5.98722279827407,10.0917913407461
"Chile",2008,"Región de La Araucanía",12,"Sin Ventas/Sin Información",0.147617010738648,0.064386627449113,0,2678323.59951053,6557,17578,0,3119018.89,936394,31842.3,29.4072350301329,NA,NA,NA,NA,NA,NA,NA,NA,NA,NA,NA,NA,NA,NA,NA,NA,NA,NA,NA,NA,NA,NA,NA,NA,NA,7.00239429129191,1.87720126357068
"Chile",2008,"Región del Biobío",10,"Pequeña",0.140458877719517,0.269587137541792,0.141428357527567,8126455.28954689,9697,167154,70079627.69,10746952.041,1542605,23890.2,64.5706189148689,NA,NA,NA,NA,NA,NA,NA,NA,NA,NA,NA,NA,NA,NA,NA,NA,NA,NA,NA,NA,NA,NA,NA,NA,NA,6.28611990755897,10.8358264105199
"Chile",2008,"Región del Biobío",10,"Micro",0.68145079521423,0.118657434959527,0.0469139677787371,2301229.44813379,47046,73572,23246493.51,3091574.16,1542605,23890.2,64.5706189148689,NA,NA,NA,NA,NA,NA,NA,NA,NA,NA,NA,NA,NA,NA,NA,NA,NA,NA,NA,NA,NA,NA,NA,NA,NA,30.4977619027554,4.76933498854211
"Chile",2008,"Región de Aysén del General Carlos Ibáñez del Campo",15,"Grande",0.00445400092151743,0.224575015490719,0.595064752504956,647145.656300138,29,8336,17198627.66,725454.328,98245,108494.4,0.905530608031382,NA,NA,NA,NA,NA,NA,NA,NA,NA,NA,NA,NA,NA,NA,NA,NA,NA,NA,NA,NA,NA,NA,NA,NA,NA,0.295180416306173,8.48491017354573
"Chile",2008,"Región de Arica y Parinacota",1,"Micro",0.7624046522166,0.322792547315708,0.103901601466638,1078117.71201696,10095,21916,4015466.82,1301854.469,209279,16873.3,12.4029680027025,NA,NA,NA,NA,NA,NA,NA,NA,NA,NA,NA,NA,NA,NA,NA,NA,NA,NA,NA,NA,NA,NA,NA,NA,NA,48.2370424170605,10.4721448401416
"Chile",2008,"Región de Antofagasta",3,"Sin Ventas/Sin Información",0.143329443796188,0.0462994238737946,0,1684208.2948633,3685,9732,0,1990983.42,546939,126049.1,4.33909484478667,NA,NA,NA,NA,NA,NA,NA,NA,NA,NA,NA,NA,NA,NA,NA,NA,NA,NA,NA,NA,NA,NA,NA,NA,NA,6.73749723460934,1.77935747862193
"Chile",2008,"Región de Magallanes y la Antártica Chilena",16,"Micro",0.674172185430464,0.148283724656437,0.0665769278269523,257191.489030175,7126,12031,3802613.57,411449.607,158402,132297.2,1.19731936881506,NA,NA,NA,NA,NA,NA,NA,NA,NA,NA,NA,NA,NA,NA,NA,NA,NA,NA,NA,NA,NA,NA,NA,NA,NA,44.98680572215,7.5952323834295
"Chile",2008,"Región de Magallanes y la Antártica Chilena",16,"Sin Ventas/Sin Información",0.149858088930937,0.0460960128181426,0,733645.077752104,1584,3740,0,814830.15,158402,132297.2,1.19731936881506,NA,NA,NA,NA,NA,NA,NA,NA,NA,NA,NA,NA,NA,NA,NA,NA,NA,NA,NA,NA,NA,NA,NA,NA,NA,9.99987373896794,2.36108129947854
"Chile",2008,"Región de Magallanes y la Antártica Chilena",16,"Mediana",0.0169347209082308,0.183422690577433,0.145071688115371,638297.108597971,179,14882,8285927.09,806686.545,158402,132297.2,1.19731936881506,NA,NA,NA,NA,NA,NA,NA,NA,NA,NA,NA,NA,NA,NA,NA,NA,NA,NA,NA,NA,NA,NA,NA,NA,NA,1.1300362369162,9.39508339541167
"Chile",2008,"Región Metropolitana",7,"Mediana",0.032332423575034,0.159257950079931,0.047568716077937,82313904.3371785,12273,1000210,596036040.7,103945789.855,6750464,15403.2,438.250753090267,NA,NA,NA,NA,NA,NA,NA,NA,NA,NA,NA,NA,NA,NA,NA,NA,NA,NA,NA,NA,NA,NA,NA,NA,NA,1.81809724487087,14.8169074007357
"Chile",2008,"Región de Coquimbo",5,"Sin Ventas/Sin Información",0.138649487826819,0.0488601685793999,0,1928864.41349053,4778,11576,0,2212241.386,684510,40579.9,16.8682032237635,NA,NA,NA,NA,NA,NA,NA,NA,NA,NA,NA,NA,NA,NA,NA,NA,NA,NA,NA,NA,NA,NA,NA,NA,NA,6.98017560006428,1.6911367255409
"Chile",2008,"Región de Atacama",4,"Pequeña",0.146240547867028,0.336314063787632,0.0963849903752454,2095636.49745405,2050,38362,14540249.87,2599157.525,279750,75176.2,3.72125752565307,NA,NA,NA,NA,NA,NA,NA,NA,NA,NA,NA,NA,NA,NA,NA,NA,NA,NA,NA,NA,NA,NA,NA,NA,NA,7.32797140303843,13.7129579982127
"Chile",2008,"Región de Antofagasta",3,"Pequeña",0.161415791520809,0.268324476562463,0.0883256410767635,3119055.50064038,4150,56401,30215300.95,4097285.3,546939,126049.1,4.33909484478667,NA,NA,NA,NA,NA,NA,NA,NA,NA,NA,NA,NA,NA,NA,NA,NA,NA,NA,NA,NA,NA,NA,NA,NA,NA,7.58768345281649,10.3121189017422
"Chile",2008,"Región Metropolitana",7,"Sin Ventas/Sin Información",0.175366449940462,0.0548679710338766,0,63525889.0270809,66567,344595,0,75229025.806,6750464,15403.2,438.250753090267,NA,NA,NA,NA,NA,NA,NA,NA,NA,NA,NA,NA,NA,NA,NA,NA,NA,NA,NA,NA,NA,NA,NA,NA,NA,9.86109991846486,5.10476020611324
"Chile",2008,"Región de Los Ríos",13,"Grande",0.00450861467446729,0.229269127143651,0.574755499217311,3394229.95303522,84,26805,49094831.11,3808098.599,377866,18429.5,20.5033234759489,NA,NA,NA,NA,NA,NA,NA,NA,NA,NA,NA,NA,NA,NA,NA,NA,NA,NA,NA,NA,NA,NA,NA,NA,NA,0.222301027348319,7.09378456913297
"Chile",2008,"Región de Atacama",4,"Mediana",0.0171921814809531,0.209019339680536,0.0746409166487319,1760333.46496919,241,23842,11260026.84,1921757.559,279750,75176.2,3.72125752565307,NA,NA,NA,NA,NA,NA,NA,NA,NA,NA,NA,NA,NA,NA,NA,NA,NA,NA,NA,NA,NA,NA,NA,NA,NA,0.861483467381591,8.52260947274352
"Chile",2008,"Región de Antofagasta",3,"Grande",0.00801244651886425,0.340380690495107,0.809601088098994,14515318.8621961,206,71547,276956274.85,15481003.521,546939,126049.1,4.33909484478667,NA,NA,NA,NA,NA,NA,NA,NA,NA,NA,NA,NA,NA,NA,NA,NA,NA,NA,NA,NA,NA,NA,NA,NA,NA,0.37664163645306,13.0813491084015
"Chile",2008,"Región de Tarapacá",2,"Micro",0.694095477386935,0.144016889938925,0.0226560254321781,518396.204694645,11050,17190,5043535.47,719156.299,281334,42225.9,6.66259333726457,NA,NA,NA,NA,NA,NA,NA,NA,NA,NA,NA,NA,NA,NA,NA,NA,NA,NA,NA,NA,NA,NA,NA,NA,NA,39.2771581109997,6.11017509437181
"Chile",2008,"Región de Aysén del General Carlos Ibáñez del Campo",15,"Micro",0.746889878666871,0.243325520622862,0.0782703824914559,360937.757035739,4863,9032,2262179.3,527061.292,98245,108494.4,0.905530608031382,NA,NA,NA,NA,NA,NA,NA,NA,NA,NA,NA,NA,NA,NA,NA,NA,NA,NA,NA,NA,NA,NA,NA,NA,NA,49.4987022240318,9.19334317268054
"Chile",2008,"Región de Valparaíso",6,"Pequeña",0.132307626465805,0.271340724693576,0.085949456529537,9501050.19721138,12366,189255,86876374.77,12300669.318,1707196,16396.1,104.122077811187,NA,NA,NA,NA,NA,NA,NA,NA,NA,NA,NA,NA,NA,NA,NA,NA,NA,NA,NA,NA,NA,NA,NA,NA,NA,7.24345652168819,11.0857218503324
"Chile",2008,"Región del Libertador General Bernardo O'Higgins",8,"Micro",0.703824519582628,0.153350888022441,0.047644108571514,2621687.93719506,33659,58878,16675488.64,3217891.877,861829,16387,52.5922377494355,NA,NA,NA,NA,NA,NA,NA,NA,NA,NA,NA,NA,NA,NA,NA,NA,NA,NA,NA,NA,NA,NA,NA,NA,NA,39.0553114364915,6.83174968584255
"Chile",2008,"Región del Libertador General Bernardo O'Higgins",8,"Grande",0.0056876398385714,0.264010543231678,0.731507654014699,10217130.4494472,272,101365,256028456.41,10793245.314,861829,16387,52.5922377494355,NA,NA,NA,NA,NA,NA,NA,NA,NA,NA,NA,NA,NA,NA,NA,NA,NA,NA,NA,NA,NA,NA,NA,NA,NA,0.31560785260185,11.7616139628627
"Chile",2008,"Región de Los Lagos",14,"Grande",0.00801220908050362,0.367928688421318,0.694744602252609,12266100.5784365,357,140172,230057338.13,13539805.822,797877,48583.6,16.4227640603002,NA,NA,NA,NA,NA,NA,NA,NA,NA,NA,NA,NA,NA,NA,NA,NA,NA,NA,NA,NA,NA,NA,NA,NA,NA,0.44743738696566,17.568121402171
"Chile",2008,"Región de Los Lagos",14,"Pequeña",0.151715779787688,0.240689702238461,0.145292319918973,5055990.74815051,6760,91697,48112017.37,6131695.174,797877,48583.6,16.4227640603002,NA,NA,NA,NA,NA,NA,NA,NA,NA,NA,NA,NA,NA,NA,NA,NA,NA,NA,NA,NA,NA,NA,NA,NA,NA,8.47248385402763,11.4926235497451
"Chile",2008,"Región de Los Lagos",14,"Sin Ventas/Sin Información",0.140000448863254,0.0360652639536349,0,1343224.98479734,6238,13740,0,1588832.92,797877,48583.6,16.4227640603002,NA,NA,NA,NA,NA,NA,NA,NA,NA,NA,NA,NA,NA,NA,NA,NA,NA,NA,NA,NA,NA,NA,NA,NA,NA,7.81824767476691,1.72206994311153
"Chile",2008,"Región de Los Ríos",13,"Pequeña",0.132628415007246,0.311243210879699,0.204761048879762,2236871.20414166,2471,36389,17490409.62,2741329.274,377866,18429.5,20.5033234759489,NA,NA,NA,NA,NA,NA,NA,NA,NA,NA,NA,NA,NA,NA,NA,NA,NA,NA,NA,NA,NA,NA,NA,NA,NA,6.53935522116306,9.63013343354523
"Chile",2008,"Región de Los Lagos",14,"Mediana",0.018044302803151,0.185644240057116,0.113375013274642,4805265.59768441,804,70726,37542938.34,5362305.665,797877,48583.6,16.4227640603002,NA,NA,NA,NA,NA,NA,NA,NA,NA,NA,NA,NA,NA,NA,NA,NA,NA,NA,NA,NA,NA,NA,NA,NA,NA,1.00767411518317,8.86427356597571
"Chile",2008,"Región del Maule",9,"Sin Ventas/Sin Información",0.147960403615322,0.0829351832001062,0,5464199.08489305,9282,32495,0,5917994.106,994027,16387,60.659486178068,NA,NA,NA,NA,NA,NA,NA,NA,NA,NA,NA,NA,NA,NA,NA,NA,NA,NA,NA,NA,NA,NA,NA,NA,NA,9.33777452725127,3.26902589165083
"Chile",2008,"Región de Aysén del General Carlos Ibáñez del Campo",15,"Mediana",0.0127476578098602,0.165548640857782,0.135303617449715,296457.705028014,83,6145,3910560.2,354643.847,98245,108494.4,0.905530608031382,NA,NA,NA,NA,NA,NA,NA,NA,NA,NA,NA,NA,NA,NA,NA,NA,NA,NA,NA,NA,NA,NA,NA,NA,NA,0.844826708738358,6.25477123517736
"Chile",2008,"Región del Maule",9,"Grande",0.00416048969441921,0.253146917399161,0.514568708147683,7144552.3821544,261,99186,111335236.08,8008310.25,994027,16387,60.659486178068,NA,NA,NA,NA,NA,NA,NA,NA,NA,NA,NA,NA,NA,NA,NA,NA,NA,NA,NA,NA,NA,NA,NA,NA,NA,0.262568320578817,9.97819978732972
"Chile",2008,"Región de Tarapacá",2,"Grande",0.0191582914572864,0.320246981844991,0.771768920362134,4198262.36834644,305,38225,171806124.43,4935735.795,281334,42225.9,6.66259333726457,NA,NA,NA,NA,NA,NA,NA,NA,NA,NA,NA,NA,NA,NA,NA,NA,NA,NA,NA,NA,NA,NA,NA,NA,NA,1.08412065374253,13.5870531112486
"Chile",2008,"Región de La Araucanía",12,"Grande",0.00409734573043067,0.292607881849183,0.471637266070058,6142175.72009554,182,79884,70030477.07,7047835.97,936394,31842.3,29.4072350301329,NA,NA,NA,NA,NA,NA,NA,NA,NA,NA,NA,NA,NA,NA,NA,NA,NA,NA,NA,NA,NA,NA,NA,NA,NA,0.194362629405998,8.53102433377403
"Chile",2008,"Región del Biobío",10,"Mediana",0.0181928792838726,0.186803368186092,0.120740442828398,7785249.2682758,1256,115825,59828491.46,8945198.085,1542605,23890.2,64.5706189148689,NA,NA,NA,NA,NA,NA,NA,NA,NA,NA,NA,NA,NA,NA,NA,NA,NA,NA,NA,NA,NA,NA,NA,NA,NA,0.814207136629273,7.50840299363739
"Chile",2008,"Región de Los Ríos",13,"Mediana",0.014545649723579,0.177282641235085,0.146671700364431,1252563.24947604,271,20727,12528496.67,1492558.008,377866,18429.5,20.5033234759489,NA,NA,NA,NA,NA,NA,NA,NA,NA,NA,NA,NA,NA,NA,NA,NA,NA,NA,NA,NA,NA,NA,NA,NA,NA,0.717185457278506,5.48527784981978
"Chile",2008,"Región del Maule",9,"Mediana",0.0120988953182536,0.193679621859463,0.162772331465767,3873290.75816639,759,75886,35218418.19,4334428.359,994027,16387,60.659486178068,NA,NA,NA,NA,NA,NA,NA,NA,NA,NA,NA,NA,NA,NA,NA,NA,NA,NA,NA,NA,NA,NA,NA,NA,NA,0.763560748349894,7.63419907105139
"Chile",2008,"Región de La Araucanía",12,"Micro",0.712848105540422,0.186859677590684,0.0955005350373147,2527050.41283735,31664,51014,14180279.02,3246178.369,936394,31842.3,29.4072350301329,NA,NA,NA,NA,NA,NA,NA,NA,NA,NA,NA,NA,NA,NA,NA,NA,NA,NA,NA,NA,NA,NA,NA,NA,NA,33.8148258105028,5.44792042665801
"Chile",2008,"Región del Maule",9,"Pequeña",0.114724307780594,0.315993384582402,0.229877469277037,4582336.5542216,7197,123810,49737696.65,5394174.129,994027,16387,60.659486178068,NA,NA,NA,NA,NA,NA,NA,NA,NA,NA,NA,NA,NA,NA,NA,NA,NA,NA,NA,NA,NA,NA,NA,NA,NA,7.24024598929405,12.4553960807906
"Chile",2008,"Región de La Araucanía",12,"Mediana",0.0128323465183818,0.163926199694513,0.178278223589812,3387772.45753969,570,44753,26471421.89,3761363.627,936394,31842.3,29.4072350301329,NA,NA,NA,NA,NA,NA,NA,NA,NA,NA,NA,NA,NA,NA,NA,NA,NA,NA,NA,NA,NA,NA,NA,NA,NA,0.608718125062741,4.77929162297067
"Chile",2008,"Región de Arica y Parinacota",1,"Sin Ventas/Sin Información",0.131485537346122,0.0284998895353119,0,121939.240755478,1741,1935,0,150544.281,209279,16873.3,12.4029680027025,NA,NA,NA,NA,NA,NA,NA,NA,NA,NA,NA,NA,NA,NA,NA,NA,NA,NA,NA,NA,NA,NA,NA,NA,NA,8.31903822170404,0.924603041872333
"Chile",2008,"Región de Arica y Parinacota",1,"Mediana",0.00845857563628125,0.188688415936372,0.133936516227774,1132546.03476966,112,12811,5176220.86,1384874.053,209279,16873.3,12.4029680027025,NA,NA,NA,NA,NA,NA,NA,NA,NA,NA,NA,NA,NA,NA,NA,NA,NA,NA,NA,NA,NA,NA,NA,NA,NA,0.535170752918353,6.12149331753305
"Chile",2008,"Región del Biobío",10,"Grande",0.00706857093195052,0.319727693669894,0.690917231865297,23320005.8813326,488,198243,342358655.79,25927606.737,1542605,23890.2,64.5706189148689,NA,NA,NA,NA,NA,NA,NA,NA,NA,NA,NA,NA,NA,NA,NA,NA,NA,NA,NA,NA,NA,NA,NA,NA,NA,0.316347995760418,12.8511835499042
"Chile",2009,"Región de Ñuble",11,"Sin Ventas/Sin Información",0.151470529709078,0.134487339413871,0,2621091.73857276,3806,16603,0,2905177.642,474282,13178.5,35.9890731115074,NA,NA,NA,NA,NA,NA,NA,NA,NA,NA,NA,NA,NA,NA,NA,NA,NA,NA,NA,NA,NA,NA,NA,NA,NA,8.02476163969959,3.50065994492728
"Chile",2009,"Región de Los Lagos",14,"Sin Ventas/Sin Información",0.146976363008972,0.0409158062787288,0,1800860.08456194,6815,14429,0,2126766.599,807700,48583.6,16.6249516297681,NA,NA,NA,NA,NA,NA,28.6,9.20864806296778,4.49259653687477,23.9881783723831,15.9883230924606,14.5209267735481,25.5647867918014,6.95499330759048,8.49019512534141,623077,718728.823288809,48545.6329561128,767274.456244921,81.2065671714409,NA,NA,NA,NA,NA,8.43753869010771,1.78643060542281
"Chile",2009,"Región de Magallanes y la Antártica Chilena",16,"Mediana",0.017092429168602,0.191757007991887,0.154405088065353,704552.468718074,184,15884,8809174.42,895631.29,159700,132297.2,1.20713061198574,NA,NA,NA,NA,NA,NA,10.1,10.3606488254022,2.18397732824087,15.0787368416786,11.3957487046718,18.4648483991622,31.3320726156234,8.76258462667465,12.7820327877998,919569,1052823.58627056,19790.1384719995,1072613.72474256,85.7315834855743,NA,NA,NA,NA,NA,1.15216030056356,9.94614902943018
"Chile",2009,"Región de Aysén del General Carlos Ibáñez del Campo",15,"Micro",0.746322425697989,0.24772442361149,NA,NA,4972,9090,2295637.72,605101.383,99314,108494.4,0.915383651137755,NA,NA,NA,NA,NA,NA,20.4,9.497108010454,4.8985306173563,19.872610270977,15.4239445924758,18.1117087602615,23.3015805482864,6.1510119587183,12.2406132519245,880172,943894.948850074,31856.7406773231,975751.689527396,90.2045034542586,NA,NA,NA,NA,NA,50.0634351652335,9.15278812654812
"Chile",2009,"Región de Tarapacá",2,"Pequeña",0.153827175723185,0.282130589786583,0.084321850095175,1544259.02294919,2494,34662,19372191.76,1997263.674,287773,42225.9,6.81508268621865,NA,NA,NA,NA,NA,NA,24.4,10.8797888599856,2.98592057079076,11.6759620606899,9.30544435977935,15.5743598937988,38.2896244525909,10.1612396538257,12.0074495673179,748926,838654.737005057,25761.4468444387,864416.183849495,86.6394661913296,NA,NA,NA,NA,NA,8.66655315126853,12.0449103981263
"Chile",2009,"Región de Arica y Parinacota",1,"Grande",0.00330901707151989,0.16290778169684,0.560298501538036,1469809.61116631,44,11131,23729631.61,1718942.76,212189,16873.3,12.5754298210783,NA,NA,NA,NA,NA,NA,17.5,11.3135959356206,2.38222237676382,6.28591999411582,9.40754488110542,17.1235978603363,36.9821190834045,14.1419872641563,13.6766090989112,827979,953785.856461901,25628.7996191338,979414.656081035,84.5381863527505,NA,NA,NA,NA,NA,0.207362304360735,5.24579502236214
"Chile",2009,"Región de Los Lagos",14,"Grande",0.0064484126984127,0.323705306379395,0.667352989267244,10802681.8336926,299,114155,186836283.26,11873179.326,807700,48583.6,16.6249516297681,NA,NA,NA,NA,NA,NA,28.6,9.20864806296778,4.49259653687477,23.9881783723831,15.9883230924606,14.5209267735481,25.5647867918014,6.95499330759048,8.49019512534141,623077,718728.823288809,48545.6329561128,767274.456244921,81.2065671714409,NA,NA,NA,NA,NA,0.37018695060047,14.133341587223
"Chile",2009,"Región de Coquimbo",5,"Mediana",0.0132637467201061,0.184504611307729,0.167039621139362,3084391.12120978,460,42332,21647719.96,3461145.03,695510,40579.9,17.1392733841138,NA,NA,NA,NA,NA,NA,30.4,9.79569630739091,5.4934699088335,18.3484062552452,11.4158570766448,14.6018147468566,31.40749335289,9.60675105452537,9.12620723247528,605610,698832.777294625,30037.3802929904,728870.157587617,83.0888448954249,NA,NA,NA,NA,NA,0.66138517059424,6.08646892208595
"Chile",2009,"Región de Los Lagos",14,"Mediana",0.0153769841269841,0.190780686854709,0.120990681850341,4767333.94626217,713,67279,33873301.94,5330844.09,807700,48583.6,16.6249516297681,NA,NA,NA,NA,NA,NA,28.6,9.20864806296778,4.49259653687477,23.9881783723831,15.9883230924606,14.5209267735481,25.5647867918014,6.95499330759048,8.49019512534141,623077,718728.823288809,48545.6329561128,767274.456244921,81.2065671714409,NA,NA,NA,NA,NA,0.882753497585737,8.32970162188932
"Chile",2009,"Región de Los Ríos",13,"Sin Ventas/Sin Información",0.142109989962491,0.0601256859621172,0,910122.299797204,2690,6793,0,1084177.217,379949,18429.5,20.6163487886269,NA,NA,NA,NA,NA,NA,36.8,9.4033328919742,6.23224303126335,20.7414835691452,12.1376283466815,14.1793563961982,29.0827929973602,8.09162631630897,9.53487083315849,503247,596279.719558827,43946.0033171373,640225.722875966,78.604600554939,NA,NA,NA,NA,NA,7.07989756519954,1.78787153012641
"Chile",2009,"Región del Libertador General Bernardo O'Higgins",8,"Sin Ventas/Sin Información",0.148169560818484,0.0469935136090965,0,2373977.95182594,7176,17540,0,2626442.85,871847,16387,53.2035760053701,NA,NA,NA,NA,NA,NA,25.1,9.64420218345218,4.5453418046236,19.7897851467132,13.8690799474716,14.1294434666633,30.4997473955154,7.59351700544357,9.57308486104011,693905,795246.765088315,30649.8430993964,825896.608187711,84.0183339544199,NA,NA,NA,NA,NA,8.23080196410609,2.01182088141612
"Chile",2009,"Región de Coquimbo",5,"Micro",0.721172976557769,0.174222876967869,0.0884691838769562,1404197.73161994,25011,39973,11465280.54,1892885.908,695510,40579.9,17.1392733841138,NA,NA,NA,NA,NA,NA,30.4,9.79569630739091,5.4934699088335,18.3484062552452,11.4158570766448,14.6018147468566,31.40749335289,9.60675105452537,9.12620723247528,605610,698832.777294625,30037.3802929904,728870.157587617,83.0888448954249,NA,NA,NA,NA,NA,35.9606619602881,5.74729335307904
"Chile",2009,"Región de Atacama",4,"Micro",0.690240955291776,0.169854420856071,0.0376508246816651,1640430.99741376,9711,18738,4659559.35,1911889.33,282769,75176.2,3.76141651214081,NA,NA,NA,NA,NA,NA,21.6,10.4453049990398,3.7172757089138,13.036336004734,9.51961874961853,15.3054252266883,38.3803784847259,9.96234193444252,10.0786231458187,832960,918201.365512907,26822.5960845116,945023.96159742,88.1416846982746,NA,NA,NA,NA,NA,34.3425198660391,6.62661041344702
"Chile",2009,"Región del Libertador General Bernardo O'Higgins",8,"Micro",0.70118312650988,0.160905897766335,0.0519572348819883,2936507.66584155,33959,60057,16689851.64,3589887.35,871847,16387,53.2035760053701,NA,NA,NA,NA,NA,NA,25.1,9.64420218345218,4.5453418046236,19.7897851467132,13.8690799474716,14.1294434666633,30.4997473955154,7.59351700544357,9.57308486104011,693905,795246.765088315,30649.8430993964,825896.608187711,84.0183339544199,NA,NA,NA,NA,NA,38.9506415689909,6.88847928592976
"Chile",2009,"Región de Antofagasta",3,"Grande",0.00796920115495669,0.341294388841878,0.794874842613787,15552959.6460291,207,70179,254693783.16,16490572.946,554646,126049.1,4.40023768515602,NA,NA,NA,NA,NA,NA,8.5,10.7395851776247,2.64901015907526,10.4343503713607,10.8618788421154,18.0678948760032,36.7320358753204,9.05620902776718,12.1986210346221,1089574,1232483.30749597,25100.3957128981,1257583.70320887,86.6402877737164,NA,NA,NA,NA,NA,0.373211021083718,12.6529353858137
"Chile",2009,"Región del Biobío",10,"Pequeña",0.140262984123338,0.270848088848987,0.156882010815503,8336082.54030863,9771,162907,70096926.07,11264251.425,1553598,23890.2,65.0307657533214,NA,NA,NA,NA,NA,NA,34.7,10.0492241243903,4.19838428497314,17.520149052143,12.4218292534351,13.8826012611389,30.6874930858612,10.089136660099,11.2004056572914,606246,716911.596020625,39911.457713801,756823.053734427,80.1040127032758,NA,NA,NA,NA,NA,6.28927174211089,10.4857884729512
"Chile",2009,"Región de Atacama",4,"Mediana",0.0161347643755775,0.211280117478562,0.0887732242023768,1798391.64610909,227,23308,10986322.62,1972713.875,282769,75176.2,3.76141651214081,NA,NA,NA,NA,NA,NA,21.6,10.4453049990398,3.7172757089138,13.036336004734,9.51961874961853,15.3054252266883,38.3803784847259,9.96234193444252,10.0786231458187,832960,918201.365512907,26822.5960845116,945023.96159742,88.1416846982746,NA,NA,NA,NA,NA,0.802775410317256,8.24277060073771
"Chile",2009,"Región de Los Ríos",13,"Grande",0.00433197738919119,0.214639759249425,0.57447270190065,3440632.81361708,82,24250,45405378.04,3930161.622,379949,18429.5,20.6163487886269,NA,NA,NA,NA,NA,NA,36.8,9.4033328919742,6.23224303126335,20.7414835691452,12.1376283466815,14.1793563961982,29.0827929973602,8.09162631630897,9.53487083315849,503247,596279.719558827,43946.0033171373,640225.722875966,78.604600554939,NA,NA,NA,NA,NA,0.215818438790469,6.38243553740107
"Chile",2009,"Región del Biobío",10,"Grande",0.00643105279779507,0.315964220991903,0.659697122327805,23746704.8216681,448,190043,294761267.86,26507905.804,1553598,23890.2,65.0307657533214,NA,NA,NA,NA,NA,NA,34.7,10.0492241243903,4.19838428497314,17.520149052143,12.4218292534351,13.8826012611389,30.6874930858612,10.089136660099,11.2004056572914,606246,716911.596020625,39911.457713801,756823.053734427,80.1040127032758,NA,NA,NA,NA,NA,0.288362884092281,12.2324436565959
"Chile",2009,"Región de Antofagasta",3,"Micro",0.665909528392685,0.121686946203301,0.0294883480620626,1245602.32504187,17297,25022,9448655.97,1609473.903,554646,126049.1,4.40023768515602,NA,NA,NA,NA,NA,NA,8.5,10.7395851776247,2.64901015907526,10.4343503713607,10.8618788421154,18.0678948760032,36.7320358753204,9.05620902776718,12.1986210346221,1089574,1232483.30749597,25100.3957128981,1257583.70320887,86.6402877737164,NA,NA,NA,NA,NA,31.1856571578989,4.5113459756313
"Chile",2009,"Región de Valparaíso",6,"Grande",0.00614900920747292,0.289441106313596,0.746060361721794,28936292.7512163,575,201306,570552444.79,32353959.357,1726803,16396.1,105.317910966632,NA,NA,NA,NA,NA,NA,24.1,10.8502326925718,2.3755207657814,11.5777753293514,9.91450622677803,15.6925559043884,36.0715180635452,11.6892583668231,12.6788660883903,717486,853508.518010972,29163.0494979517,882671.567508922,81.2857391093889,NA,NA,NA,NA,NA,0.332985291315802,11.657728183238
"Chile",2009,"Región de Magallanes y la Antártica Chilena",16,"Micro",0.675336739433349,0.147874061375764,0.0676353146402569,323743.190391934,7270,12249,3858754.21,464662.944,159700,132297.2,1.20713061198574,NA,NA,NA,NA,NA,NA,10.1,10.3606488254022,2.18397732824087,15.0787368416786,11.3957487046718,18.4648483991622,31.3320726156234,8.76258462667465,12.7820327877998,919569,1052823.58627056,19790.1384719995,1072613.72474256,85.7315834855743,NA,NA,NA,NA,NA,45.5228553537884,7.67000626174076
"Chile",2009,"Región de Arica y Parinacota",1,"Pequeña",0.103632398285328,0.324703265180675,0.213605434962272,767871.174867274,1378,22186,9046567.62,1004323.07,212189,16873.3,12.5754298210783,NA,NA,NA,NA,NA,NA,17.5,11.3135959356206,2.38222237676382,6.28591999411582,9.40754488110542,17.1235978603363,36.9821190834045,14.1419872641563,13.6766090989112,827979,953785.856461901,25628.7996191338,979414.656081035,84.5381863527505,NA,NA,NA,NA,NA,6.49421035020666,10.4557729194256
"Chile",2009,"Región de Los Ríos",13,"Pequeña",0.127634846003487,0.338856434767215,0.208068617955392,2482639.00620454,2416,38284,16445401.54,3073179.436,379949,18429.5,20.6163487886269,NA,NA,NA,NA,NA,NA,36.8,9.4033328919742,6.23224303126335,20.7414835691452,12.1376283466815,14.1793563961982,29.0827929973602,8.09162631630897,9.53487083315849,503247,596279.719558827,43946.0033171373,640225.722875966,78.604600554939,NA,NA,NA,NA,NA,6.35874814777773,10.0760891593345
"Chile",2009,"Región de Tarapacá",2,"Mediana",0.0357120828964411,0.191212619446841,0.127894421807027,1358741.5502423,579,23492,29382600.85,1637987.111,287773,42225.9,6.81508268621865,NA,NA,NA,NA,NA,NA,24.4,10.8797888599856,2.98592057079076,11.6759620606899,9.30544435977935,15.5743598937988,38.2896244525909,10.1612396538257,12.0074495673179,748926,838654.737005057,25761.4468444387,864416.183849495,86.6394661913296,NA,NA,NA,NA,NA,2.01200251587189,8.1633787742422
"Chile",2009,"Región de Tarapacá",2,"Micro",0.682353666810584,0.136971137410669,0.0225587562191762,557954.564127847,11063,16828,5182672.71,758495.744,287773,42225.9,6.81508268621865,NA,NA,NA,NA,NA,NA,24.4,10.8797888599856,2.98592057079076,11.6759620606899,9.30544435977935,15.5743598937988,38.2896244525909,10.1612396538257,12.0074495673179,748926,838654.737005057,25761.4468444387,864416.183849495,86.6394661913296,NA,NA,NA,NA,NA,38.443495393939,5.84766465234751
"Chile",2009,"Región de Magallanes y la Antártica Chilena",16,"Sin Ventas/Sin Información",0.149837436135625,0.0494241495038269,0,823956.522207299,1613,4094,0,957739.697,159700,132297.2,1.20713061198574,NA,NA,NA,NA,NA,NA,10.1,10.3606488254022,2.18397732824087,15.0787368416786,11.3957487046718,18.4648483991622,31.3320726156234,8.76258462667465,12.7820327877998,919569,1052823.58627056,19790.1384719995,1072613.72474256,85.7315834855743,NA,NA,NA,NA,NA,10.1001878522229,2.56355666875391
"Chile",2009,"Región del Maule",9,"Sin Ventas/Sin Información",0.152622330573541,0.0891745965139656,0,6070324.80397948,9641,33577,0,6604918.275,1004039,16387,61.270458290108,NA,NA,NA,NA,NA,NA,37.3,9.24080966088719,6.06456995010376,23.8511651754379,14.3722146749496,11.4536069333553,27.9073566198349,6.67143464088439,9.67965200543403,619203,699458.991471466,37348.6034262089,736807.594897675,84.0386387754362,NA,NA,NA,NA,NA,9.60221664696292,3.34419280525956
"Chile",2009,"Región de Tarapacá",2,"Grande",0.0186887065934744,0.320459392143776,0.765224971878621,4513638.92114378,303,39371,175803601.06,5234298.76,287773,42225.9,6.81508268621865,NA,NA,NA,NA,NA,NA,24.4,10.8797888599856,2.98592057079076,11.6759620606899,9.30544435977935,15.5743598937988,38.2896244525909,10.1612396538257,12.0074495673179,748926,838654.737005057,25761.4468444387,864416.183849495,86.6394661913296,NA,NA,NA,NA,NA,1.05291323369461,13.6812696118121
"Chile",2009,"Región de Los Ríos",13,"Micro",0.713244228432564,0.235200920516906,0.0805226571754031,2020500.15361912,13501,26573,6364378.46,2321849.929,379949,18429.5,20.6163487886269,NA,NA,NA,NA,NA,NA,36.8,9.4033328919742,6.23224303126335,20.7414835691452,12.1376283466815,14.1793563961982,29.0827929973602,8.09162631630897,9.53487083315849,503247,596279.719558827,43946.0033171373,640225.722875966,78.604600554939,NA,NA,NA,NA,NA,35.5337163671966,6.99383338290139
"Chile",2009,"Región del Biobío",10,"Sin Ventas/Sin Información",0.15509172863254,0.10974778459441,0,11570492.4921603,10804,66010,0,12782026.959,1553598,23890.2,65.0307657533214,NA,NA,NA,NA,NA,NA,34.7,10.0492241243903,4.19838428497314,17.520149052143,12.4218292534351,13.8826012611389,30.6874930858612,10.089136660099,11.2004056572914,606246,716911.596020625,39911.457713801,756823.053734427,80.1040127032758,NA,NA,NA,NA,NA,6.95417991011832,4.24884687029721
"Chile",2009,"Región Metropolitana",7,"Micro",0.591452663955117,0.0756431758822028,0.0116522830814111,41722687.1130546,228448,459536,130717575.34,52223950.105,6827896,15403.2,443.277760465358,NA,NA,NA,NA,NA,NA,17.4,11.408800266514,2.42156907916069,10.079526156187,9.14321094751358,14.2085880041122,32.8374624252319,12.3196542263031,18.9899891614913,1132790,1298755.99869497,20115.7929206974,1318871.79161567,85.8908312942388,NA,NA,NA,NA,NA,33.4580374393517,6.73027240016544
"Chile",2009,"Región de Tarapacá",2,"Sin Ventas/Sin Información",0.109418367976315,0.0692262612121311,0,1161054.81472331,1774,8505,0,1434559.041,287773,42225.9,6.81508268621865,NA,NA,NA,NA,NA,NA,24.4,10.8797888599856,2.98592057079076,11.6759620606899,9.30544435977935,15.5743598937988,38.2896244525909,10.1612396538257,12.0074495673179,748926,838654.737005057,25761.4468444387,864416.183849495,86.6394661913296,NA,NA,NA,NA,NA,6.16458111080609,2.95545447279627
"Chile",2009,"Región de Arica y Parinacota",1,"Mediana",0.00917500188012334,0.164327425468702,0.12958227681071,972718.723207517,122,11228,5488038.4,1128308.764,212189,16873.3,12.5754298210783,NA,NA,NA,NA,NA,NA,17.5,11.3135959356206,2.38222237676382,6.28591999411582,9.40754488110542,17.1235978603363,36.9821190834045,14.1419872641563,13.6766090989112,827979,953785.856461901,25628.7996191338,979414.656081035,84.5381863527505,NA,NA,NA,NA,NA,0.574959116636583,5.29150898491439
"Chile",2009,"Región de Antofagasta",3,"Mediana",0.0210587102983638,0.218377053485454,0.0805955562400045,4592277.91158791,547,44904,25824426.72,5395689.916,554646,126049.1,4.40023768515602,NA,NA,NA,NA,NA,NA,8.5,10.7395851776247,2.64901015907526,10.4343503713607,10.8618788421154,18.0678948760032,36.7320358753204,9.05620902776718,12.1986210346221,1089574,1232483.30749597,25100.3957128981,1257583.70320887,86.6402877737164,NA,NA,NA,NA,NA,0.986214630593207,8.09597472982767
"Chile",2009,"Región Metropolitana",7,"Pequeña",0.17498038829874,0.175479736871258,0.0452607148004286,70920344.4141311,67586,1066048,507743491.6,100493188.844,6827896,15403.2,443.277760465358,NA,NA,NA,NA,NA,NA,17.4,11.408800266514,2.42156907916069,10.079526156187,9.14321094751358,14.2085880041122,32.8374624252319,12.3196542263031,18.9899891614913,1132790,1298755.99869497,20115.7929206974,1318871.79161567,85.8908312942388,NA,NA,NA,NA,NA,9.89851046354543,15.6131259175594
"Chile",2009,"Región de Antofagasta",3,"Pequeña",0.162579403272377,0.267806600332643,0.0950412530841456,3272841.4363957,4223,55068,30453116.65,4342400.228,554646,126049.1,4.40023768515602,NA,NA,NA,NA,NA,NA,8.5,10.7395851776247,2.64901015907526,10.4343503713607,10.8618788421154,18.0678948760032,36.7320358753204,9.05620902776718,12.1986210346221,1089574,1232483.30749597,25100.3957128981,1257583.70320887,86.6402877737164,NA,NA,NA,NA,NA,7.61386542046639,9.92849493190251
"Chile",2009,"Región de La Araucanía",12,"Sin Ventas/Sin Información",0.155567001074884,0.0732527989688404,0,3361189.99207104,6947,19550,0,3928141.331,943063,31842.3,29.6166734186915,NA,NA,NA,NA,NA,NA,47.7,9.29272463140418,5.95332607626915,22.9696407914161,12.8763407468795,13.8514429330825,27.835676074028,7.42515325546264,9.08842086791992,519330,585350.621442261,50590.0353565987,635940.656798862,81.663260519725,NA,NA,NA,NA,NA,7.36642196756738,2.07303223644656
"Chile",2009,"Región de Valparaíso",6,"Sin Ventas/Sin Información",0.172803199623574,0.101367507358026,0,15392356.7058595,16159,70501,0,16595322.317,1726803,16396.1,105.317910966632,NA,NA,NA,NA,NA,NA,24.1,10.8502326925718,2.3755207657814,11.5777753293514,9.91450622677803,15.6925559043884,36.0715180635452,11.6892583668231,12.6788660883903,717486,853508.518010972,29163.0494979517,882671.567508922,81.2857391093889,NA,NA,NA,NA,NA,9.35775534325572,4.0827471344444
"Chile",2009,"Región de Atacama",4,"Pequeña",0.136328097235056,0.327761562029768,0.107822613594045,2096700.28288057,1918,36158,13343821.06,2587131.183,282769,75176.2,3.76141651214081,NA,NA,NA,NA,NA,NA,21.6,10.4453049990398,3.7172757089138,13.036336004734,9.51961874961853,15.3054252266883,38.3803784847259,9.96234193444252,10.0786231458187,832960,918201.365512907,26822.5960845116,945023.96159742,88.1416846982746,NA,NA,NA,NA,NA,6.782921748848,12.7871159851327
"Chile",2009,"Región de La Araucanía",12,"Pequeña",0.121842529559298,0.303746196849568,0.255358158849241,4637160.09178268,5441,81065,36975997.28,5786804.847,943063,31842.3,29.6166734186915,NA,NA,NA,NA,NA,NA,47.7,9.29272463140418,5.95332607626915,22.9696407914161,12.8763407468795,13.8514429330825,27.835676074028,7.42515325546264,9.08842086791992,519330,585350.621442261,50590.0353565987,635940.656798862,81.663260519725,NA,NA,NA,NA,NA,5.76949790204896,8.59592625307111
"Chile",2009,"Región de Arica y Parinacota",1,"Micro",0.752124539369783,0.317853849869012,0.0965137866889816,1174813.98820584,10001,21718,4087529.41,1440712.894,212189,16873.3,12.5754298210783,NA,NA,NA,NA,NA,NA,17.5,11.3135959356206,2.38222237676382,6.28591999411582,9.40754488110542,17.1235978603363,36.9821190834045,14.1419872641563,13.6766090989112,827979,953785.856461901,25628.7996191338,979414.656081035,84.5381863527505,NA,NA,NA,NA,NA,47.1325092252662,10.2352148320601
"Chile",2009,"Región de Arica y Parinacota",1,"Sin Ventas/Sin Información",0.131759043393247,0.0302076777847703,0,182707.305417297,1752,2064,0,223620.424,212189,16873.3,12.5754298210783,NA,NA,NA,NA,NA,NA,17.5,11.3135959356206,2.38222237676382,6.28591999411582,9.40754488110542,17.1235978603363,36.9821190834045,14.1419872641563,13.6766090989112,827979,953785.856461901,25628.7996191338,979414.656081035,84.5381863527505,NA,NA,NA,NA,NA,8.2567899372729,0.97271771863763
"Chile",2009,"Región de Valparaíso",6,"Pequeña",0.134283667162152,0.281570498304095,0.115260563351126,10124617.7002873,12557,195832,88145945.8,13062298.732,1726803,16396.1,105.317910966632,NA,NA,NA,NA,NA,NA,24.1,10.8502326925718,2.3755207657814,11.5777753293514,9.91450622677803,15.6925559043884,36.0715180635452,11.6892583668231,12.6788660883903,717486,853508.518010972,29163.0494979517,882671.567508922,81.2857391093889,NA,NA,NA,NA,NA,7.27181965748264,11.3407261859054
"Chile",2009,"Región de Magallanes y la Antártica Chilena",16,"Pequeña",0.149094287041338,0.280681845618949,0.190230738538665,905518.33619254,1605,23250,10853112.27,1262111.267,159700,132297.2,1.20713061198574,NA,NA,NA,NA,NA,NA,10.1,10.3606488254022,2.18397732824087,15.0787368416786,11.3957487046718,18.4648483991622,31.3320726156234,8.76258462667465,12.7820327877998,919569,1052823.58627056,19790.1384719995,1072613.72474256,85.7315834855743,NA,NA,NA,NA,NA,10.0500939261115,14.5585472761428
"Chile",2009,"Región del Maule",9,"Mediana",0.0118254206968608,0.194735626017513,0.153498671462953,4000235.86956553,747,73324,34750038.3,4466835.736,1004039,16387,61.270458290108,NA,NA,NA,NA,NA,NA,37.3,9.24080966088719,6.06456995010376,23.8511651754379,14.3722146749496,11.4536069333553,27.9073566198349,6.67143464088439,9.67965200543403,619203,699458.991471466,37348.6034262089,736807.594897675,84.0386387754362,NA,NA,NA,NA,NA,0.743995004178125,7.30290357247079
"Chile",2009,"Región Metropolitana",7,"Sin Ventas/Sin Información",0.183731220016104,0.057653032922039,0,72686637.6272649,70966,350245,0,85287617.068,6827896,15403.2,443.277760465358,NA,NA,NA,NA,NA,NA,17.4,11.408800266514,2.42156907916069,10.079526156187,9.14321094751358,14.2085880041122,32.8374624252319,12.3196542263031,18.9899891614913,1132790,1298755.99869497,20115.7929206974,1318871.79161567,85.8908312942388,NA,NA,NA,NA,NA,10.3935385073235,5.12961826014925
"Chile",2009,"Región de La Araucanía",12,"Grande",0.00389645288427087,0.276625799973022,0.471920996036732,6324457.68935668,174,73827,68334411.34,7291614.683,943063,31842.3,29.6166734186915,NA,NA,NA,NA,NA,NA,47.7,9.29272463140418,5.95332607626915,22.9696407914161,12.8763407468795,13.8514429330825,27.835676074028,7.42515325546264,9.08842086791992,519330,585350.621442261,50590.0353565987,635940.656798862,81.663260519725,NA,NA,NA,NA,NA,0.184505170916471,7.82842715704041
"Chile",2009,"Región de Antofagasta",3,"Sin Ventas/Sin Información",0.142483156881617,0.050835011136724,0,2015277.7680388,3701,10453,0,2379056.546,554646,126049.1,4.40023768515602,NA,NA,NA,NA,NA,NA,8.5,10.7395851776247,2.64901015907526,10.4343503713607,10.8618788421154,18.0678948760032,36.7320358753204,9.05620902776718,12.1986210346221,1089574,1232483.30749597,25100.3957128981,1257583.70320887,86.6402877737164,NA,NA,NA,NA,NA,6.67272458469006,1.88462550888314
"Chile",2009,"Región de La Araucanía",12,"Mediana",0.012293980652096,0.157971253428456,0.174929309311914,3631182.51151072,549,42160,25329857.07,4061493.487,943063,31842.3,29.6166734186915,NA,NA,NA,NA,NA,NA,47.7,9.29272463140418,5.95332607626915,22.9696407914161,12.8763407468795,13.8514429330825,27.835676074028,7.42515325546264,9.08842086791992,519330,585350.621442261,50590.0353565987,635940.656798862,81.663260519725,NA,NA,NA,NA,NA,0.582145625477831,4.47053908381519
"Chile",2009,"Región del Biobío",10,"Mediana",0.017785880393902,0.181490348645818,0.131005028494194,7754499.47274188,1239,109161,58534753.28,9002809.977,1553598,23890.2,65.0307657533214,NA,NA,NA,NA,NA,NA,34.7,10.0492241243903,4.19838428497314,17.520149052143,12.4218292534351,13.8826012611389,30.6874930858612,10.089136660099,11.2004056572914,606246,716911.596020625,39911.457713801,756823.053734427,80.1040127032758,NA,NA,NA,NA,NA,0.797503601317715,7.02633499785659
"Chile",2009,"Región de Ñuble",11,"Mediana",0.0111831893978589,0.184109060864776,0.18950012264893,1561811.63461859,281,22729,13458365.1,1757535.19,474282,13178.5,35.9890731115074,NA,NA,NA,NA,NA,NA,NA,NA,NA,NA,NA,NA,NA,NA,NA,NA,NA,NA,NA,NA,NA,NA,NA,NA,NA,0.592474519378766,4.79229656617793
"Chile",2009,"Región de Aysén del General Carlos Ibáñez del Campo",15,"Sin Ventas/Sin Información",0.114980486340438,0.0949474028451518,NA,NA,766,3484,0,865616.636,99314,108494.4,0.915383651137755,NA,NA,NA,NA,NA,NA,20.4,9.497108010454,4.8985306173563,19.872610270977,15.4239445924758,18.1117087602615,23.3015805482864,6.1510119587183,12.2406132519245,880172,943894.948850074,31856.7406773231,975751.689527396,90.2045034542586,NA,NA,NA,NA,NA,7.7129105664861,3.50806532815112
"Chile",2009,"Región de Atacama",4,"Grande",0.00490439974411827,0.254355590202868,0.765753337521913,6057905.99515405,69,28060,94767462.7,6352506.483,282769,75176.2,3.76141651214081,NA,NA,NA,NA,NA,NA,21.6,10.4453049990398,3.7172757089138,13.036336004734,9.51961874961853,15.3054252266883,38.3803784847259,9.96234193444252,10.0786231458187,832960,918201.365512907,26822.5960845116,945023.96159742,88.1416846982746,NA,NA,NA,NA,NA,0.244015433092029,9.92329427907585
"Chile",2009,"Región del Maule",9,"Pequeña",0.112602700691795,0.315397669780177,0.211965309937459,4702588.09294181,7113,118757,47986100.26,5602290.313,1004039,16387,61.270458290108,NA,NA,NA,NA,NA,NA,37.3,9.24080966088719,6.06456995010376,23.8511651754379,14.3722146749496,11.4536069333553,27.9073566198349,6.67143464088439,9.67965200543403,619203,699458.991471466,37348.6034262089,736807.594897675,84.0386387754362,NA,NA,NA,NA,NA,7.08438616428246,11.8279270028355
"Chile",2009,"Región de Coquimbo",5,"Sin Ventas/Sin Información",0.139701854041118,0.0508028382642654,0,2153259.51968295,4845,11656,0,2498423.778,695510,40579.9,17.1392733841138,NA,NA,NA,NA,NA,NA,30.4,9.79569630739091,5.4934699088335,18.3484062552452,11.4158570766448,14.6018147468566,31.40749335289,9.60675105452537,9.12620723247528,605610,698832.777294625,30037.3802929904,728870.157587617,83.0888448954249,NA,NA,NA,NA,NA,6.96611119897629,1.67589251053184
"Chile",2009,"Región de Aysén del General Carlos Ibáñez del Campo",15,"Grande",0.00390273191233864,0.163841499972748,NA,NA,26,6012,NA,NA,99314,108494.4,0.915383651137755,NA,NA,NA,NA,NA,NA,20.4,9.497108010454,4.8985306173563,19.872610270977,15.4239445924758,18.1117087602615,23.3015805482864,6.1510119587183,12.2406132519245,880172,943894.948850074,31856.7406773231,975751.689527396,90.2045034542586,NA,NA,NA,NA,NA,0.261795920011277,6.05352719656846
"Chile",2009,"Región del Libertador General Bernardo O'Higgins",8,"Pequeña",0.131465383741818,0.332751049584319,0.134281217662063,4720704.46462545,6367,124197,43134196.92,5596741.591,871847,16387,53.2035760053701,NA,NA,NA,NA,NA,NA,25.1,9.64420218345218,4.5453418046236,19.7897851467132,13.8690799474716,14.1294434666633,30.4997473955154,7.59351700544357,9.57308486104011,693905,795246.765088315,30649.8430993964,825896.608187711,84.0183339544199,NA,NA,NA,NA,NA,7.30288685973571,14.2452746869577
"Chile",2009,"Región de Valparaíso",6,"Mediana",0.0163403235982932,0.174023255245514,0.0983000637117729,10470096.9577461,1528,121033,75175340.43,12311535.132,1726803,16396.1,105.317910966632,NA,NA,NA,NA,NA,NA,24.1,10.8502326925718,2.3755207657814,11.5777753293514,9.91450622677803,15.6925559043884,36.0715180635452,11.6892583668231,12.6788660883903,717486,853508.518010972,29163.0494979517,882671.567508922,81.2857391093889,NA,NA,NA,NA,NA,0.884872217618339,7.00907978501311
"Chile",2009,"Región de Los Ríos",13,"Mediana",0.0126789582122669,0.151177199504337,0.136936022968555,1167903.25476332,240,17080,10823198.16,1353322.268,379949,18429.5,20.6163487886269,NA,NA,NA,NA,NA,NA,36.8,9.4033328919742,6.23224303126335,20.7414835691452,12.1376283466815,14.1793563961982,29.0827929973602,8.09162631630897,9.53487083315849,503247,596279.719558827,43946.0033171373,640225.722875966,78.604600554939,NA,NA,NA,NA,NA,0.631663723289178,4.49534016407465
"Chile",2009,"Región de Magallanes y la Antártica Chilena",16,"Grande",0.00863910822108685,0.330262935509573,0.587728858755725,2122556.24138189,93,27357,33531317.48,2444144.142,159700,132297.2,1.20713061198574,NA,NA,NA,NA,NA,NA,10.1,10.3606488254022,2.18397732824087,15.0787368416786,11.3957487046718,18.4648483991622,31.3320726156234,8.76258462667465,12.7820327877998,919569,1052823.58627056,19790.1384719995,1072613.72474256,85.7315834855743,NA,NA,NA,NA,NA,0.582341891045711,17.1302442078898
"Chile",2009,"Región de Coquimbo",5,"Grande",0.00493065367203945,0.242398751721613,0.522569775064583,6728785.74557096,171,55615,67723119.06,7361288.112,695510,40579.9,17.1392733841138,NA,NA,NA,NA,NA,NA,30.4,9.79569630739091,5.4934699088335,18.3484062552452,11.4158570766448,14.6018147468566,31.40749335289,9.60675105452537,9.12620723247528,605610,698832.777294625,30037.3802929904,728870.157587617,83.0888448954249,NA,NA,NA,NA,NA,0.245862748199163,7.99629049186928
"Chile",2009,"Región Metropolitana",7,"Mediana",0.0312725728739751,0.158042346654323,0.0523655276406289,86228848.2635902,12079,960115,587446662.32,107688351.902,6827896,15403.2,443.277760465358,NA,NA,NA,NA,NA,NA,17.4,11.408800266514,2.42156907916069,10.079526156187,9.14321094751358,14.2085880041122,32.8374624252319,12.3196542263031,18.9899891614913,1132790,1298755.99869497,20115.7929206974,1318871.79161567,85.8908312942388,NA,NA,NA,NA,NA,1.76906619550151,14.0616523743185
"Chile",2009,"Región del Maule",9,"Grande",0.00387848469977362,0.23451986689011,0.545425346573899,7075610.06817035,245,88304,123476975.42,7897248.729,1004039,16387,61.270458290108,NA,NA,NA,NA,NA,NA,37.3,9.24080966088719,6.06456995010376,23.8511651754379,14.3722146749496,11.4536069333553,27.9073566198349,6.67143464088439,9.67965200543403,619203,699458.991471466,37348.6034262089,736807.594897675,84.0386387754362,NA,NA,NA,NA,NA,0.244014425734459,8.79487748981862
"Chile",2009,"Región del Biobío",10,"Micro",0.680428354052425,0.121949556918882,0.0524158383624981,2771275.22828609,47400,73349,23420079.38,3674607.629,1553598,23890.2,65.0307657533214,NA,NA,NA,NA,NA,NA,34.7,10.0492241243903,4.19838428497314,17.520149052143,12.4218292534351,13.8826012611389,30.6874930858612,10.089136660099,11.2004056572914,606246,716911.596020625,39911.457713801,756823.053734427,80.1040127032758,NA,NA,NA,NA,NA,30.5098230044065,4.72123419314392
"Chile",2009,"Región de Ñuble",11,"Micro",0.726549130417479,0.199782915093881,0.112608914933719,1025207.4991367,18256,24664,7997524.59,1315558.069,474282,13178.5,35.9890731115074,NA,NA,NA,NA,NA,NA,NA,NA,NA,NA,NA,NA,NA,NA,NA,NA,NA,NA,NA,NA,NA,NA,NA,NA,NA,38.4918677073977,5.20028168895299
"Chile",2009,"Región de Ñuble",11,"Pequeña",0.107613324312493,0.281959272279554,0.258933675375615,1721242.10767643,2704,34809,18389560.34,2006479.603,474282,13178.5,35.9890731115074,NA,NA,NA,NA,NA,NA,NA,NA,NA,NA,NA,NA,NA,NA,NA,NA,NA,NA,NA,NA,NA,NA,NA,NA,NA,5.70124946761631,7.33930446443255
"Chile",2009,"Región del Libertador General Bernardo O'Higgins",8,"Grande",0.0053891102806054,0.26414159140292,0.713834952701529,10798215.6499834,261,98589,229300105.81,11427049.31,871847,16387,53.2035760053701,NA,NA,NA,NA,NA,NA,25.1,9.64420218345218,4.5453418046236,19.7897851467132,13.8690799474716,14.1294434666633,30.4997473955154,7.59351700544357,9.57308486104011,693905,795246.765088315,30649.8430993964,825896.608187711,84.0183339544199,NA,NA,NA,NA,NA,0.299364452707872,11.3080620796998
"Chile",2009,"Región de Aysén del General Carlos Ibáñez del Campo",15,"Pequeña",0.12323626538577,0.318607946803292,NA,NA,821,11691,5758100.36,503536.237,99314,108494.4,0.915383651137755,NA,NA,NA,NA,NA,NA,20.4,9.497108010454,4.8985306173563,19.872610270977,15.4239445924758,18.1117087602615,23.3015805482864,6.1510119587183,12.2406132519245,880172,943894.948850074,31856.7406773231,975751.689527396,90.2045034542586,NA,NA,NA,NA,NA,8.26670962804841,11.7717542340456
"Chile",2009,"Región de Atacama",4,"Sin Ventas/Sin Información",0.152391783353472,0.0367483094327308,0,380828.311974516,2144,4054,0,473574.133,282769,75176.2,3.76141651214081,NA,NA,NA,NA,NA,NA,21.6,10.4453049990398,3.7172757089138,13.036336004734,9.51961874961853,15.3054252266883,38.3803784847259,9.96234193444252,10.0786231458187,832960,918201.365512907,26822.5960845116,945023.96159742,88.1416846982746,NA,NA,NA,NA,NA,7.5821607036132,1.43367908080447
"Chile",2009,"Región de Los Lagos",14,"Pequeña",0.136926328502415,0.269314421340078,0.156063939204419,6317820.97788681,6349,94974,43692628.67,7548595.757,807700,48583.6,16.6249516297681,NA,NA,NA,NA,NA,NA,28.6,9.20864806296778,4.49259653687477,23.9881783723831,15.9883230924606,14.5209267735481,25.5647867918014,6.95499330759048,8.49019512534141,623077,718728.823288809,48545.6329561128,767274.456244921,81.2065671714409,NA,NA,NA,NA,NA,7.86059180388758,11.7585737278693
"Chile",2009,"Región del Maule",9,"Micro",0.71907106333803,0.166172240798234,0.0891106720256882,3025038.76225725,45423,62569,20173459.72,3595622.94,1004039,16387,61.270458290108,NA,NA,NA,NA,NA,NA,37.3,9.24080966088719,6.06456995010376,23.8511651754379,14.3722146749496,11.4536069333553,27.9073566198349,6.67143464088439,9.67965200543403,619203,699458.991471466,37348.6034262089,736807.594897675,84.0386387754362,NA,NA,NA,NA,NA,45.2402745311686,6.23173004235891
"Chile",2009,"Región de Valparaíso",6,"Micro",0.670423800408508,0.153597632778767,0.0403790112153073,4869064.04978896,62692,106827,30879999.46,6633013.551,1726803,16396.1,105.317910966632,NA,NA,NA,NA,NA,NA,24.1,10.8502326925718,2.3755207657814,11.5777753293514,9.91450622677803,15.6925559043884,36.0715180635452,11.6892583668231,12.6788660883903,717486,853508.518010972,29163.0494979517,882671.567508922,81.2857391093889,NA,NA,NA,NA,NA,36.3052415359482,6.18640342876402
"Chile",2009,"Región Metropolitana",7,"Grande",0.0185631548560644,0.533181707670177,0.890721474477531,557899975.212796,7170,3239105,9992286544.49,604253227.826,6827896,15403.2,443.277760465358,NA,NA,NA,NA,NA,NA,17.4,11.408800266514,2.42156907916069,10.079526156187,9.14321094751358,14.2085880041122,32.8374624252319,12.3196542263031,18.9899891614913,1132790,1298755.99869497,20115.7929206974,1318871.79161567,85.8908312942388,NA,NA,NA,NA,NA,1.05010386801439,47.4392843710566
"Chile",2009,"Región del Libertador General Bernardo O'Higgins",8,"Mediana",0.0137928186492123,0.19520794763733,0.0999265947544194,4814684.14022988,668,72860,32098706.66,5364752.466,871847,16387,53.2035760053701,NA,NA,NA,NA,NA,NA,25.1,9.64420218345218,4.5453418046236,19.7897851467132,13.8690799474716,14.1294434666633,30.4997473955154,7.59351700544357,9.57308486104011,693905,795246.765088315,30649.8430993964,825896.608187711,84.0183339544199,NA,NA,NA,NA,NA,0.76618948049371,8.35697089053469
"Chile",2009,"Región de Los Lagos",14,"Micro",0.694271911663216,0.175283779147089,0.0555923896779964,3185472.3716616,32192,61814,15563990.32,3977304.525,807700,48583.6,16.6249516297681,NA,NA,NA,NA,NA,NA,28.6,9.20864806296778,4.49259653687477,23.9881783723831,15.9883230924606,14.5209267735481,25.5647867918014,6.95499330759048,8.49019512534141,623077,718728.823288809,48545.6329561128,767274.456244921,81.2065671714409,NA,NA,NA,NA,NA,39.8563823201684,7.65308901819983
"Chile",2009,"Región de La Araucanía",12,"Micro",0.706400035829452,0.188403950780114,0.0977915358021124,2733214.32245111,31545,50282,14160266.42,3506098.572,943063,31842.3,29.6166734186915,NA,NA,NA,NA,NA,NA,47.7,9.29272463140418,5.95332607626915,22.9696407914161,12.8763407468795,13.8514429330825,27.835676074028,7.42515325546264,9.08842086791992,519330,585350.621442261,50590.0353565987,635940.656798862,81.663260519725,NA,NA,NA,NA,NA,33.4495150377016,5.33177528966782
"Chile",2009,"Región de Ñuble",11,"Grande",0.0031838261630915,0.199661412347919,0.438957287041735,2851625.64653424,80,24649,31174900.31,3124174.697,474282,13178.5,35.9890731115074,NA,NA,NA,NA,NA,NA,NA,NA,NA,NA,NA,NA,NA,NA,NA,NA,NA,NA,NA,NA,NA,NA,NA,NA,NA,0.168676019751962,5.19711901358264
"Chile",2009,"Región de Coquimbo",5,"Pequeña",0.120930769008967,0.348070921738524,0.221921419919099,4394354.36727502,4194,79860,28760199.04,5475906.124,695510,40579.9,17.1392733841138,NA,NA,NA,NA,NA,NA,30.4,9.79569630739091,5.4934699088335,18.3484062552452,11.4158570766448,14.6018147468566,31.40749335289,9.60675105452537,9.12620723247528,605610,698832.777294625,30037.3802929904,728870.157587617,83.0888448954249,NA,NA,NA,NA,NA,6.03010740320053,11.4822216790557
"Chile",2009,"Región de Aysén del General Carlos Ibáñez del Campo",15,"Mediana",0.0115580906634644,0.174878726767319,NA,NA,77,6417,3724920.15,391312.204,99314,108494.4,0.915383651137755,NA,NA,NA,NA,NA,NA,20.4,9.497108010454,4.8985306173563,19.872610270977,15.4239445924758,18.1117087602615,23.3015805482864,6.1510119587183,12.2406132519245,880172,943894.948850074,31856.7406773231,975751.689527396,90.2045034542586,NA,NA,NA,NA,NA,0.775318686187245,6.46132468735526
"Chile",2010,"Región de Tarapacá",2,"Grande",0.0211678393168561,0.319358593890902,0.721837114937475,4756358.86676853,352,38956,149060889,5411338.183,294172,42225.9,6.96662474926526,NA,NA,NA,62.3704190334183,5.52024272661566,NA,NA,NA,NA,NA,NA,NA,NA,NA,NA,NA,NA,NA,NA,NA,NA,NA,NA,NA,NA,1.19657887222441,13.2425927688563
"Chile",2010,"Región de Tarapacá",2,"Micro",0.677010042696494,0.135438015444902,0.026145276282262,581981.055120773,11258,16521,5399054.78,818291.567,294172,42225.9,6.96662474926526,NA,NA,NA,62.3704190334183,5.52024272661566,NA,NA,NA,NA,NA,NA,NA,NA,NA,NA,NA,NA,NA,NA,NA,NA,NA,NA,NA,NA,38.2701276804047,5.61610214432373
"Chile",2010,"Región de Tarapacá",2,"Pequeña",0.161224367069577,0.292477578659146,0.10182904461228,1641041.73208101,2681,35677,21027912.81,2123521.921,294172,42225.9,6.96662474926526,NA,NA,NA,62.3704190334183,5.52024272661566,NA,NA,NA,NA,NA,NA,NA,NA,NA,NA,NA,NA,NA,NA,NA,NA,NA,NA,NA,NA,9.11371578532287,12.1279387569177
"Chile",2010,"Región de Arica y Parinacota",1,"Pequeña",0.109029461464992,0.314255567912853,0.204723210521402,835360.392817853,1484,22040,9793139.13,1072916.461,215208,16873.3,12.7543515494894,NA,NA,NA,58.4374109054776,7.53123133750868,NA,NA,NA,NA,NA,NA,NA,NA,NA,NA,NA,NA,NA,NA,NA,NA,NA,NA,NA,NA,6.89565443663804,10.2412549719341
"Chile",2010,"Región de Arica y Parinacota",1,"Grande",0.00374696936301521,0.187041948270454,0.589368133641246,1681993.0183696,51,13118,28193012.98,1953524.478,215208,16873.3,12.7543515494894,NA,NA,NA,58.4374109054776,7.53123133750868,NA,NA,NA,NA,NA,NA,NA,NA,NA,NA,NA,NA,NA,NA,NA,NA,NA,NA,NA,NA,0.236980037916806,6.09549830861306
"Chile",2010,"Región de Arica y Parinacota",1,"Mediana",0.00947762838880317,0.1581258733282,0.116403872596517,1031093.7378385,129,11090,5568295.44,1232057.582,215208,16873.3,12.7543515494894,NA,NA,NA,58.4374109054776,7.53123133750868,NA,NA,NA,NA,NA,NA,NA,NA,NA,NA,NA,NA,NA,NA,NA,NA,NA,NA,NA,NA,0.599420095907215,5.153154157838
"Chile",2010,"Región de Los Lagos",14,"Pequeña",0.142142902347953,0.272361720550036,0.154566667454946,5555741.64762536,6738,92795,47127070.12,6731305.563,816913,48583.6,16.8145835220115,NA,NA,NA,54.5073944435931,7.34532297366562,NA,NA,NA,NA,NA,NA,NA,NA,NA,NA,NA,NA,NA,NA,NA,NA,NA,NA,NA,NA,8.24812434127012,11.3592267475239
"Chile",2010,"Región de Arica y Parinacota",1,"Micro",0.746822423040188,0.314170017395272,0.0895047832408356,1312575.3464174,10165,22034,4281550.65,1627237.67,215208,16873.3,12.7543515494894,NA,NA,NA,58.4374109054776,7.53123133750868,NA,NA,NA,NA,NA,NA,NA,NA,NA,NA,NA,NA,NA,NA,NA,NA,NA,NA,NA,NA,47.2333742240065,10.238466971488
"Chile",2010,"Región de Tarapacá",2,"Mediana",0.0363822238258464,0.186576708038891,0.150188564167982,1540729.98127403,605,22759,31014255.75,1861052.611,294172,42225.9,6.96662474926526,NA,NA,NA,62.3704190334183,5.52024272661566,NA,NA,NA,NA,NA,NA,NA,NA,NA,NA,NA,NA,NA,NA,NA,NA,NA,NA,NA,NA,2.05661993663571,7.73663027072597
"Chile",2010,"Región del Libertador General Bernardo O'Higgins",8,"Pequeña",0.140685876623377,0.320698834414494,0.15230572386472,4919188.46128016,6933,124088,47644092.65,5850694.741,881986,16387,53.8222981631781,NA,NA,NA,54.7831409441193,7.10752507715229,NA,NA,NA,NA,NA,NA,NA,NA,NA,NA,NA,NA,NA,NA,NA,NA,NA,NA,NA,NA,7.86066899021073,14.0691575603241
"Chile",2010,"Región de Tarapacá",2,"Sin Ventas/Sin Información",0.104215527091226,0.0661491039661589,0,1256566.11931578,1733,8069,0,1530400.684,294172,42225.9,6.96662474926526,NA,NA,NA,62.3704190334183,5.52024272661566,NA,NA,NA,NA,NA,NA,NA,NA,NA,NA,NA,NA,NA,NA,NA,NA,NA,NA,NA,NA,5.89111132262758,2.7429531022667
"Chile",2010,"Región de Arica y Parinacota",1,"Sin Ventas/Sin Información",0.130923517743002,0.0264065930932215,0,187615.708584013,1782,1852,0,234028.071,215208,16873.3,12.7543515494894,NA,NA,NA,58.4374109054776,7.53123133750868,NA,NA,NA,NA,NA,NA,NA,NA,NA,NA,NA,NA,NA,NA,NA,NA,NA,NA,NA,NA,8.28036132485781,0.860562804356715
"Chile",2010,"Región de Antofagasta",3,"Micro",0.654473386183466,0.110886596636192,0.0268697423640531,1272701.14725514,17337,24585,9809502.69,1658350.968,562331,126049.1,4.46120599036407,NA,NA,NA,58.8248865823042,7.56784697059362,NA,NA,NA,NA,NA,NA,NA,NA,NA,NA,NA,NA,NA,NA,NA,NA,NA,NA,NA,NA,30.8305962146849,4.37198020383013
"Chile",2010,"Región de Antofagasta",3,"Grande",0.00875802189505474,0.363032388718749,0.803327155072087,18178134.5444514,232,80489,293275602.79,19290060.335,562331,126049.1,4.46120599036407,NA,NA,NA,58.8248865823042,7.56784697059362,NA,NA,NA,NA,NA,NA,NA,NA,NA,NA,NA,NA,NA,NA,NA,NA,NA,NA,NA,NA,0.412568398327675,14.3134559538777
"Chile",2010,"Región de Los Ríos",13,"Micro",0.709256104486087,0.222903450738958,0.0776532271902169,2096106.74617742,13739,26213,6597244.77,2448244.05,382310,18429.5,20.7444586125505,NA,NA,NA,49.1412473642287,9.21194396214455,NA,NA,NA,NA,NA,NA,NA,NA,NA,NA,NA,NA,NA,NA,NA,NA,NA,NA,NA,NA,35.9368052104313,6.85647772749863
"Chile",2010,"Región del Maule",9,"Sin Ventas/Sin Información",0.153177383037278,0.0991611238606454,0,6550692.90193288,9796,38240,0,7270315.843,1014309,16387,61.8971745896137,NA,NA,NA,50.8051991449531,7.25021285253582,NA,NA,NA,NA,NA,NA,NA,NA,NA,NA,NA,NA,NA,NA,NA,NA,NA,NA,NA,NA,9.65780644754212,3.77005429311975
"Chile",2010,"Región de Antofagasta",3,"Pequeña",0.174103435258588,0.255433826613685,0.092123130792816,3472802.63200057,4612,56633,33631959.96,4603544.646,562331,126049.1,4.46120599036407,NA,NA,NA,58.8248865823042,7.56784697059362,NA,NA,NA,NA,NA,NA,NA,NA,NA,NA,NA,NA,NA,NA,NA,NA,NA,NA,NA,NA,8.2015752288243,10.0711146993497
"Chile",2010,"Región de Antofagasta",3,"Sin Ventas/Sin Información",0.139448848622122,0.0488108500629192,0,2143122.24273825,3694,10822,0,2511060.998,562331,126049.1,4.46120599036407,NA,NA,NA,58.8248865823042,7.56784697059362,NA,NA,NA,NA,NA,NA,NA,NA,NA,NA,NA,NA,NA,NA,NA,NA,NA,NA,NA,NA,6.56908475613118,1.92448931323366
"Chile",2010,"Región de Los Ríos",13,"Grande",0.00382014351349956,0.209476351638633,0.573022894442172,3593331.56734034,74,24634,48682745.46,4047481.985,382310,18429.5,20.7444586125505,NA,NA,NA,49.1412473642287,9.21194396214455,NA,NA,NA,NA,NA,NA,NA,NA,NA,NA,NA,NA,NA,NA,NA,NA,NA,NA,NA,NA,0.193560199837828,6.44346211189872
"Chile",2010,"Región de Los Lagos",14,"Grande",0.00677172330865135,0.314081096549801,0.679774336109209,10406003.6381306,321,107009,207261845.85,11472378.673,816913,48583.6,16.8145835220115,NA,NA,NA,54.5073944435931,7.34532297366562,NA,NA,NA,NA,NA,NA,NA,NA,NA,NA,NA,NA,NA,NA,NA,NA,NA,NA,NA,NA,0.392942700140651,13.0991917131934
"Chile",2010,"Región de Los Ríos",13,"Pequeña",0.134014764338444,0.334631541352744,0.208684434507201,2668892.57955708,2596,39352,17729363.53,3238225.917,382310,18429.5,20.7444586125505,NA,NA,NA,49.1412473642287,9.21194396214455,NA,NA,NA,NA,NA,NA,NA,NA,NA,NA,NA,NA,NA,NA,NA,NA,NA,NA,NA,NA,6.7903010645811,10.2932175459705
"Chile",2010,"Región de Los Ríos",13,"Mediana",0.0140416085901605,0.172928111022296,0.14063944386041,1307202.05034672,272,20336,11948413.08,1586472.29,382310,18429.5,20.7444586125505,NA,NA,NA,49.1412473642287,9.21194396214455,NA,NA,NA,NA,NA,NA,NA,NA,NA,NA,NA,NA,NA,NA,NA,NA,NA,NA,NA,NA,0.711464518322827,5.31924354581361
"Chile",2010,"Región del Maule",9,"Grande",0.00445646735051288,0.247226003863757,0.500360844059356,7845780.27128729,285,95339,112238262.23,8696333.048,1014309,16387,61.8971745896137,NA,NA,NA,50.8051991449531,7.25021285253582,NA,NA,NA,NA,NA,NA,NA,NA,NA,NA,NA,NA,NA,NA,NA,NA,NA,NA,NA,NA,0.280979464837638,9.3994039291774
"Chile",2010,"Región de La Araucanía",12,"Pequeña",0.131160220994475,0.294438895854141,0.266694623278079,4859588.32685756,5935,83136,40997420.24,6005901.322,949567,31842.3,29.8209300207585,NA,NA,NA,52.41684162467,8.69498557216595,NA,NA,NA,NA,NA,NA,NA,NA,NA,NA,NA,NA,NA,NA,NA,NA,NA,NA,NA,NA,6.25021720426257,8.75514839921775
"Chile",2010,"Región de Antofagasta",3,"Mediana",0.0232163080407701,0.221836337968455,0.077679971771044,5327749.09949455,615,49184,28359106.75,6201302.436,562331,126049.1,4.46120599036407,NA,NA,NA,58.8248865823042,7.56784697059362,NA,NA,NA,NA,NA,NA,NA,NA,NA,NA,NA,NA,NA,NA,NA,NA,NA,NA,NA,NA,1.09366191798069,8.74645004454672
"Chile",2010,"Región de Los Ríos",13,"Sin Ventas/Sin Información",0.138867379071808,0.0600605452473682,0,995850.181472964,2690,7063,0,1176720.899,382310,18429.5,20.7444586125505,NA,NA,NA,49.1412473642287,9.21194396214455,NA,NA,NA,NA,NA,NA,NA,NA,NA,NA,NA,NA,NA,NA,NA,NA,NA,NA,NA,NA,7.03617483194266,1.84745363710078
"Chile",2010,"Región de La Araucanía",12,"Sin Ventas/Sin Información",0.148994475138122,0.0760038816521105,0,3649450.45542134,6742,21460,0,4222408.029,949567,31842.3,29.8209300207585,NA,NA,NA,52.41684162467,8.69498557216595,NA,NA,NA,NA,NA,NA,NA,NA,NA,NA,NA,NA,NA,NA,NA,NA,NA,NA,NA,NA,7.10007824619011,2.25997744235004
"Chile",2010,"Región de Atacama",4,"Micro",0.674603728789889,0.16319190387616,0.0375921749297201,1799444.58645137,9661,18512,4798861.4,2093831.073,285860,75176.2,3.80253324855473,NA,NA,NA,56.9303129125666,7.33230557764174,NA,NA,NA,NA,NA,NA,NA,NA,NA,NA,NA,NA,NA,NA,NA,NA,NA,NA,NA,NA,33.7962639054082,6.47589729238089
"Chile",2010,"Región de Atacama",4,"Pequeña",0.151735214021367,0.299972672055855,0.119644530877091,2238965.94633334,2173,34028,15273325.42,2788852.326,285860,75176.2,3.80253324855473,NA,NA,NA,56.9303129125666,7.33230557764174,NA,NA,NA,NA,NA,NA,NA,NA,NA,NA,NA,NA,NA,NA,NA,NA,NA,NA,NA,NA,7.60162317218219,11.9037290981599
"Chile",2010,"Región Metropolitana",7,"Pequeña",0.185211762268365,0.172839177081204,0.0450126310017289,82546927.6732136,73302,1134693,555097415.77,115033167.388,6904143,15403.2,448.227835774385,NA,NA,NA,57.7627100037612,8.1115446959536,NA,NA,NA,NA,NA,NA,NA,NA,NA,NA,NA,NA,NA,NA,NA,NA,NA,NA,NA,NA,10.617103382708,16.4349579665427
"Chile",2010,"Región de Atacama",4,"Mediana",0.0190629146009357,0.199326498408808,0.0996095353773266,2021754.21262111,273,22611,12715740.85,2258171.732,285860,75176.2,3.80253324855473,NA,NA,NA,56.9303129125666,7.33230557764174,NA,NA,NA,NA,NA,NA,NA,NA,NA,NA,NA,NA,NA,NA,NA,NA,NA,NA,NA,NA,0.955012943398867,7.90981599384314
"Chile",2010,"Región Metropolitana",7,"Micro",0.579787959795237,0.0704340366262291,0.0109187570706824,40588987.1409128,229465,462401,134650512.5,50905976.099,6904143,15403.2,448.227835774385,NA,NA,NA,57.7627100037612,8.1115446959536,NA,NA,NA,NA,NA,NA,NA,NA,NA,NA,NA,NA,NA,NA,NA,NA,NA,NA,NA,NA,33.2358411463957,6.69744239075002
"Chile",2010,"Región Metropolitana",7,"Mediana",0.03346354232466,0.158863747905186,0.0521254904379743,87743457.7666028,13244,1042944,642813459.11,110227021.094,6904143,15403.2,448.227835774385,NA,NA,NA,57.7627100037612,8.1115446959536,NA,NA,NA,NA,NA,NA,NA,NA,NA,NA,NA,NA,NA,NA,NA,NA,NA,NA,NA,NA,1.91826849472846,15.1060602307919
"Chile",2010,"Región de Atacama",4,"Sin Ventas/Sin Información",0.148383492772851,0.0281037051402981,0,401798.686413864,2125,3188,0,498869.213,285860,75176.2,3.80253324855473,NA,NA,NA,56.9303129125666,7.33230557764174,NA,NA,NA,NA,NA,NA,NA,NA,NA,NA,NA,NA,NA,NA,NA,NA,NA,NA,NA,NA,7.43370880850766,1.11523123207164
"Chile",2010,"Región Metropolitana",7,"Grande",0.0198269719587441,0.542363148211842,0.891943121489614,619868710.63527,7847,3560626,10999475274.7,670106250.345,6904143,15403.2,448.227835774385,NA,NA,NA,57.7627100037612,8.1115446959536,NA,NA,NA,NA,NA,NA,NA,NA,NA,NA,NA,NA,NA,NA,NA,NA,NA,NA,NA,NA,1.13656394428679,51.5723095538433
"Chile",2010,"Región de Atacama",4,"Grande",0.00621464981495706,0.309405220518878,0.743153758815862,7165953.03072581,89,35098,94867931.8,7494762.064,285860,75176.2,3.80253324855473,NA,NA,NA,56.9303129125666,7.33230557764174,NA,NA,NA,NA,NA,NA,NA,NA,NA,NA,NA,NA,NA,NA,NA,NA,NA,NA,NA,NA,0.31134121597985,12.2780382005177
"Chile",2010,"Región Metropolitana",7,"Sin Ventas/Sin Información",0.181709763652994,0.0554998901755394,0,81684372.651314,71916,364358,0,94500501.4,6904143,15403.2,448.227835774385,NA,NA,NA,57.7627100037612,8.1115446959536,NA,NA,NA,NA,NA,NA,NA,NA,NA,NA,NA,NA,NA,NA,NA,NA,NA,NA,NA,NA,10.4163543541899,5.27738200092321
"Chile",2010,"Región de Coquimbo",5,"Micro",0.712203389830508,0.163220216545495,0.0683849377425503,1578562.93099675,25212,38637,12042199.64,2147765.468,706914,40579.9,17.4202992121715,NA,NA,NA,53.2815529482072,8.35406334480049,NA,NA,NA,NA,NA,NA,NA,NA,NA,NA,NA,NA,NA,NA,NA,NA,NA,NA,NA,NA,35.6648757840416,5.46558704453441
"Chile",2010,"Región del Biobío",10,"Pequeña",0.146720709524348,0.264262648008611,0.1637242690431,8454309.59956192,10389,164976,76080791.5,11415106.577,1564894,23890.2,65.5035956166127,NA,NA,NA,51.7609653676668,9.45311149815431,NA,NA,NA,NA,NA,NA,NA,NA,NA,NA,NA,NA,NA,NA,NA,NA,NA,NA,NA,NA,6.63878831409667,10.5423114920244
"Chile",2010,"Región del Maule",9,"Mediana",0.0124781085814361,0.175111180261128,0.167061056359477,4049949.57034403,798,67529,37474240.59,4601524.855,1014309,16387,61.8971745896137,NA,NA,NA,50.8051991449531,7.25021285253582,NA,NA,NA,NA,NA,NA,NA,NA,NA,NA,NA,NA,NA,NA,NA,NA,NA,NA,NA,NA,0.786742501545387,6.6576358880775
"Chile",2010,"Región del Biobío",10,"Grande",0.00653880917410462,0.301870290635092,0.647426025709188,24412878.3938462,463,188454,300851454.47,27259677.253,1564894,23890.2,65.5035956166127,NA,NA,NA,51.7609653676668,9.45311149815431,NA,NA,NA,NA,NA,NA,NA,NA,NA,NA,NA,NA,NA,NA,NA,NA,NA,NA,NA,NA,0.295866684900064,12.0426048026256
"Chile",2010,"Región de Coquimbo",5,"Pequeña",0.131101694915254,0.350486023395024,0.182563265726769,4666966.30603079,4641,82966,32148355.55,5782535.924,706914,40579.9,17.4202992121715,NA,NA,NA,53.2815529482072,8.35406334480049,NA,NA,NA,NA,NA,NA,NA,NA,NA,NA,NA,NA,NA,NA,NA,NA,NA,NA,NA,NA,6.5651550259296,11.7363639707235
"Chile",2010,"Región de Coquimbo",5,"Mediana",0.0152824858757062,0.190387678113528,0.144240822373678,3545824.00172863,541,45068,25399990.65,4061226.657,706914,40579.9,17.4202992121715,NA,NA,NA,53.2815529482072,8.35406334480049,NA,NA,NA,NA,NA,NA,NA,NA,NA,NA,NA,NA,NA,NA,NA,NA,NA,NA,NA,NA,0.765298183371669,6.37531580927807
"Chile",2010,"Región de La Araucanía",12,"Grande",0.00415469613259668,0.275714174405179,0.45409096536604,6949418.14333076,188,77849,69804774.86,8001399.61,949567,31842.3,29.8209300207585,NA,NA,NA,52.41684162467,8.69498557216595,NA,NA,NA,NA,NA,NA,NA,NA,NA,NA,NA,NA,NA,NA,NA,NA,NA,NA,NA,NA,0.197984976310255,8.19836830892396
"Chile",2010,"Región del Maule",9,"Pequeña",0.122670127595697,0.324532264965576,0.240434124720195,4942843.90573929,7845,125151,53932893.95,5867124.432,1014309,16387,61.8971745896137,NA,NA,NA,50.8051991449531,7.25021285253582,NA,NA,NA,NA,NA,NA,NA,NA,NA,NA,NA,NA,NA,NA,NA,NA,NA,NA,NA,NA,7.73432947947815,12.338547720665
"Chile",2010,"Región de Coquimbo",5,"Sin Ventas/Sin Información",0.136186440677966,0.0497725131697343,0,2212473.78251396,4821,11782,0,2533024.609,706914,40579.9,17.4202992121715,NA,NA,NA,53.2815529482072,8.35406334480049,NA,NA,NA,NA,NA,NA,NA,NA,NA,NA,NA,NA,NA,NA,NA,NA,NA,NA,NA,NA,6.8197828873102,1.66668081265897
"Chile",2010,"Región de Magallanes y la Antártica Chilena",16,"Sin Ventas/Sin Información",0.147416974169742,0.0492408990786575,0,891388.993792486,1598,4158,0,1002426.968,161020,132297.2,1.21710814741355,NA,NA,NA,54.7521462015881,5.822825680646,NA,NA,NA,NA,NA,NA,NA,NA,NA,NA,NA,NA,NA,NA,NA,NA,NA,NA,NA,NA,9.92423301453235,2.58228791454478
"Chile",2010,"Región de Magallanes y la Antártica Chilena",16,"Mediana",0.0160516605166052,0.157717723407783,0.140292546145845,685069.852600766,174,13318,8541751.72,880800.791,161020,132297.2,1.21710814741355,NA,NA,NA,54.7521462015881,5.822825680646,NA,NA,NA,NA,NA,NA,NA,NA,NA,NA,NA,NA,NA,NA,NA,NA,NA,NA,NA,NA,1.08061110421066,8.27102223326295
"Chile",2010,"Región de Coquimbo",5,"Grande",0.00522598870056497,0.246133568776218,0.604810974157003,8519032.03851607,185,58264,106503781.91,9195432.805,706914,40579.9,17.4202992121715,NA,NA,NA,53.2815529482072,8.35406334480049,NA,NA,NA,NA,NA,NA,NA,NA,NA,NA,NA,NA,NA,NA,NA,NA,NA,NA,NA,NA,0.261700857530053,8.24202095304379
"Chile",2010,"Región de Magallanes y la Antártica Chilena",16,"Micro",0.670756457564576,0.139290874209517,0.0643219732060364,341616.073380345,7271,11762,3916261.7,476378.268,161020,132297.2,1.21710814741355,NA,NA,NA,54.7521462015881,5.822825680646,NA,NA,NA,NA,NA,NA,NA,NA,NA,NA,NA,NA,NA,NA,NA,NA,NA,NA,NA,NA,45.1558812569867,7.30468264811825
"Chile",2010,"Región de Magallanes y la Antártica Chilena",16,"Pequeña",0.156734317343173,0.304931195376708,0.195663035000904,1032713.06632869,1699,25749,11912999.74,1425015.792,161020,132297.2,1.21710814741355,NA,NA,NA,54.7521462015881,5.822825680646,NA,NA,NA,NA,NA,NA,NA,NA,NA,NA,NA,NA,NA,NA,NA,NA,NA,NA,NA,NA,10.5514842876661,15.9911812197243
"Chile",2010,"Región de Valparaíso",6,"Grande",0.0067783347080346,0.295371320670274,0.764243830755977,30719775.4897714,641,213832,680593897.81,34345177.333,1746537,16396.1,106.521489866493,NA,NA,NA,53.2071419138946,9.93060975624239,NA,NA,NA,NA,NA,NA,NA,NA,NA,NA,NA,NA,NA,NA,NA,NA,NA,NA,NA,NA,0.367011978561004,12.2431989703052
"Chile",2010,"Región de Valparaíso",6,"Micro",0.665503457902417,0.143826240463683,0.035977151891064,4453911.42052426,62934,104122,32039290.41,5974866.514,1746537,16396.1,106.521489866493,NA,NA,NA,53.2071419138946,9.93060975624239,NA,NA,NA,NA,NA,NA,NA,NA,NA,NA,NA,NA,NA,NA,NA,NA,NA,NA,NA,NA,36.0335910433046,5.96162577718079
"Chile",2010,"Región de Magallanes y la Antártica Chilena",16,"Grande",0.00904059040590406,0.348819307927335,0.599722445647215,2461018.49245998,98,29455,36514272.3,2827739.866,161020,132297.2,1.21710814741355,NA,NA,NA,54.7521462015881,5.822825680646,NA,NA,NA,NA,NA,NA,NA,NA,NA,NA,NA,NA,NA,NA,NA,NA,NA,NA,NA,NA,0.608620047199106,18.2927586635201
"Chile",2010,"Región de Valparaíso",6,"Mediana",0.0178922657191803,0.175686483604372,0.0922467385027738,11256706.5768968,1692,127187,82149917.07,13243949.247,1746537,16396.1,106.521489866493,NA,NA,NA,53.2071419138946,9.93060975624239,NA,NA,NA,NA,NA,NA,NA,NA,NA,NA,NA,NA,NA,NA,NA,NA,NA,NA,NA,NA,0.968774208619686,7.28223908225248
"Chile",2010,"Región de Aysén del General Carlos Ibáñez del Campo",15,"Micro",0.740460238858142,0.240204983595889,NA,NA,5084,8859,2300332.01,632766.955,100254,108494.4,0.924047692784144,NA,NA,NA,63.1716801267934,5.16093126762198,NA,NA,NA,NA,NA,NA,NA,NA,NA,NA,NA,NA,NA,NA,NA,NA,NA,NA,NA,NA,50.7111935683364,8.8365551499192
"Chile",2010,"Región del Maule",9,"Micro",0.707217913435076,0.153969427048893,0.092143974860972,3016252.84151406,45228,59376,20669242.48,3633077.355,1014309,16387,61.8971745896137,NA,NA,NA,50.8051991449531,7.25021285253582,NA,NA,NA,NA,NA,NA,NA,NA,NA,NA,NA,NA,NA,NA,NA,NA,NA,NA,NA,NA,44.5899622304446,5.85383744007004
"Chile",2010,"Región de Aysén del General Carlos Ibáñez del Campo",15,"Mediana",0.0123798427031751,0.168840324286218,NA,NA,85,6227,NA,NA,100254,108494.4,0.924047692784144,NA,NA,NA,63.1716801267934,5.16093126762198,NA,NA,NA,NA,NA,NA,NA,NA,NA,NA,NA,NA,NA,NA,NA,NA,NA,NA,NA,NA,0.847846469966286,6.21122349232948
"Chile",2010,"Región de Valparaíso",6,"Pequeña",0.142704566123131,0.284801427736714,0.107532278850185,11453784.0483591,13495,206180,95762386.11,14869816.369,1746537,16396.1,106.521489866493,NA,NA,NA,53.2071419138946,9.93060975624239,NA,NA,NA,NA,NA,NA,NA,NA,NA,NA,NA,NA,NA,NA,NA,NA,NA,NA,NA,NA,7.72671864380772,11.8050748423881
"Chile",2010,"Región de Valparaíso",6,"Sin Ventas/Sin Información",0.167121375547237,0.100314527524957,0,17100506.4624842,15804,72622,0,18357607.13,1746537,16396.1,106.521489866493,NA,NA,NA,53.2071419138946,9.93060975624239,NA,NA,NA,NA,NA,NA,NA,NA,NA,NA,NA,NA,NA,NA,NA,NA,NA,NA,NA,NA,9.04876335285196,4.1580567717718
"Chile",2010,"Región de Aysén del General Carlos Ibáñez del Campo",15,"Sin Ventas/Sin Información",0.112438100786484,0.102247769854397,NA,NA,772,3771,0,909557.876,100254,108494.4,0.924047692784144,NA,NA,NA,63.1716801267934,5.16093126762198,NA,NA,NA,NA,NA,NA,NA,NA,NA,NA,NA,NA,NA,NA,NA,NA,NA,NA,NA,NA,7.70044088016438,3.76144592734454
"Chile",2010,"Región del Biobío",10,"Sin Ventas/Sin Información",0.156069935600497,0.111376480086114,0,12443078.9182475,11051,69531,0,13788370.518,1564894,23890.2,65.5035956166127,NA,NA,NA,51.7609653676668,9.45311149815431,NA,NA,NA,NA,NA,NA,NA,NA,NA,NA,NA,NA,NA,NA,NA,NA,NA,NA,NA,NA,7.06182016162117,4.44317634293441
"Chile",2010,"Región de Aysén del General Carlos Ibáñez del Campo",15,"Pequeña",0.130643751820565,0.294975732762127,NA,NA,897,10879,6012805.96,519786.376,100254,108494.4,0.924047692784144,NA,NA,NA,63.1716801267934,5.16093126762198,NA,NA,NA,NA,NA,NA,NA,NA,NA,NA,NA,NA,NA,NA,NA,NA,NA,NA,NA,NA,8.94727392423245,10.8514373491332
"Chile",2010,"Región de Aysén del General Carlos Ibáñez del Campo",15,"Grande",0.00407806583163414,0.193731189501369,NA,NA,28,7145,NA,NA,100254,108494.4,0.924047692784144,NA,NA,NA,63.1716801267934,5.16093126762198,NA,NA,NA,NA,NA,NA,NA,NA,NA,NA,NA,NA,NA,NA,NA,NA,NA,NA,NA,NA,0.279290601871247,7.12689767989307
"Chile",2010,"Región del Libertador General Bernardo O'Higgins",8,"Micro",0.696063311688312,0.15012276122296,0.0549998556204069,2790093.25629498,34302,58087,17204988.43,3445189.001,881986,16387,53.8222981631781,NA,NA,NA,54.7831409441193,7.10752507715229,NA,NA,NA,NA,NA,NA,NA,NA,NA,NA,NA,NA,NA,NA,NA,NA,NA,NA,NA,NA,38.8917737923278,6.58593220300549
"Chile",2010,"Región de Los Lagos",14,"Sin Ventas/Sin Información",0.141151403919583,0.0499933960464331,0,2349302.69698806,6691,17033,0,2692612.957,816913,48583.6,16.8145835220115,NA,NA,NA,54.5073944435931,7.34532297366562,NA,NA,NA,NA,NA,NA,NA,NA,NA,NA,NA,NA,NA,NA,NA,NA,NA,NA,NA,NA,8.19059067489439,2.08504455186782
"Chile",2010,"Región de Los Lagos",14,"Mediana",0.0159272619876379,0.170431898563273,0.112834212448677,4645526.05563204,755,58067,34402927.42,5258908.043,816913,48583.6,16.8145835220115,NA,NA,NA,54.5073944435931,7.34532297366562,NA,NA,NA,NA,NA,NA,NA,NA,NA,NA,NA,NA,NA,NA,NA,NA,NA,NA,NA,NA,0.924211023695302,7.10810086263776
"Chile",2010,"Región del Libertador General Bernardo O'Higgins",8,"Grande",0.00568181818181818,0.283139069082263,0.676042869298252,12019906.2840241,280,109555,211478914.14,12666669.557,881986,16387,53.8222981631781,NA,NA,NA,54.7831409441193,7.10752507715229,NA,NA,NA,NA,NA,NA,NA,NA,NA,NA,NA,NA,NA,NA,NA,NA,NA,NA,NA,NA,0.317465356592962,12.4213989791221
"Chile",2010,"Región de Los Lagos",14,"Micro",0.694006708436175,0.193131888290457,0.0528247839871687,4175417.08223146,32898,65801,16106171.79,5088722.711,816913,48583.6,16.8145835220115,NA,NA,NA,54.5073944435931,7.34532297366562,NA,NA,NA,NA,NA,NA,NA,NA,NA,NA,NA,NA,NA,NA,NA,NA,NA,NA,NA,NA,40.2711182218914,8.05483570465888
"Chile",2010,"Región del Libertador General Bernardo O'Higgins",8,"Mediana",0.015137987012987,0.196996872819373,0.116651551216621,5252298.87368643,746,76224,36490797.41,5857910.971,881986,16387,53.8222981631781,NA,NA,NA,54.7831409441193,7.10752507715229,NA,NA,NA,NA,NA,NA,NA,NA,NA,NA,NA,NA,NA,NA,NA,NA,NA,NA,NA,NA,0.845818414351248,8.6423140503364
"Chile",2010,"Región del Libertador General Bernardo O'Higgins",8,"Sin Ventas/Sin Información",0.142431006493506,0.0490424624609102,0,2545161.58491473,7019,18976,0,2942456.442,881986,16387,53.8222981631781,NA,NA,NA,54.7831409441193,7.10752507715229,NA,NA,NA,NA,NA,NA,NA,NA,NA,NA,NA,NA,NA,NA,NA,NA,NA,NA,NA,NA,7.95817620687857,2.1515080738243
"Chile",2010,"Región de La Araucanía",12,"Mediana",0.0135911602209945,0.166996040431515,0.184000931824077,3959044.55897054,615,47152,28285397.86,4466450.513,949567,31842.3,29.8209300207585,NA,NA,NA,52.41684162467,8.69498557216595,NA,NA,NA,NA,NA,NA,NA,NA,NA,NA,NA,NA,NA,NA,NA,NA,NA,NA,NA,NA,0.647663619312803,4.96563170371338
"Chile",2010,"Región del Biobío",10,"Mediana",0.0191927465823071,0.205238607822031,0.137353145694287,8813781.57780553,1359,128128,63826432.7,10196148.91,1564894,23890.2,65.5035956166127,NA,NA,NA,51.7609653676668,9.45311149815431,NA,NA,NA,NA,NA,NA,NA,NA,NA,NA,NA,NA,NA,NA,NA,NA,NA,NA,NA,NA,0.868429427168869,8.18764721444392
"Chile",2010,"Región de Ñuble",11,"Sin Ventas/Sin Información",0.147197177577421,0.129633300297324,0,2647568.9404297,3755,17658,0,2990811.9,477509,13178.5,36.2339416473802,NA,NA,NA,48.7144564153645,8.74650142982818,NA,NA,NA,NA,NA,NA,NA,NA,NA,NA,NA,NA,NA,NA,NA,NA,NA,NA,NA,NA,7.86372612872218,3.69794077179697
"Chile",2010,"Región de Ñuble",11,"Mediana",0.0121128969031752,0.210938589729472,0.191270543757727,2279058.94444396,309,28733,14553096.71,2537960.266,477509,13178.5,36.2339416473802,NA,NA,NA,48.7144564153645,8.74650142982818,NA,NA,NA,NA,NA,NA,NA,NA,NA,NA,NA,NA,NA,NA,NA,NA,NA,NA,NA,NA,0.647108222043982,6.0172687844627
"Chile",2010,"Región de La Araucanía",12,"Micro",0.702099447513812,0.186847007657055,0.0952134795318041,3103567.43541763,31770,52757,14636616.91,4050884.172,949567,31842.3,29.8209300207585,NA,NA,NA,52.41684162467,8.69498557216595,NA,NA,NA,NA,NA,NA,NA,NA,NA,NA,NA,NA,NA,NA,NA,NA,NA,NA,NA,NA,33.4573547732809,5.55590074212773
"Chile",2010,"Región de Ñuble",11,"Pequeña",0.118580948647589,0.274411775501964,0.273897282160814,1897103.96804474,3025,37379,20839871.93,2223625.778,477509,13178.5,36.2339416473802,NA,NA,NA,48.7144564153645,8.74650142982818,NA,NA,NA,NA,NA,NA,NA,NA,NA,NA,NA,NA,NA,NA,NA,NA,NA,NA,NA,NA,6.33495913166035,7.82791528536635
"Chile",2010,"Región del Biobío",10,"Micro",0.671477799118744,0.117251973448152,0.0514965595534249,2848072.28107141,47546,73199,23929861.06,3783009.121,1564894,23890.2,65.5035956166127,NA,NA,NA,51.7609653676668,9.45311149815431,NA,NA,NA,NA,NA,NA,NA,NA,NA,NA,NA,NA,NA,NA,NA,NA,NA,NA,NA,NA,30.3828885534739,4.6775692155507
"Chile",2010,"Región de Ñuble",11,"Grande",0.00329282634261074,0.196065044231546,0.424173263809764,2348075.85930014,84,26707,32273837.93,2532800.519,477509,13178.5,36.2339416473802,NA,NA,NA,48.7144564153645,8.74650142982818,NA,NA,NA,NA,NA,NA,NA,NA,NA,NA,NA,NA,NA,NA,NA,NA,NA,NA,NA,NA,0.175912914730403,5.5929835877439
"Chile",2010,"Región de Ñuble",11,"Micro",0.718816150529204,0.188951290239695,0.110658910271696,1415350.79388161,18337,25738,8419643.67,1788196.667,477509,13178.5,36.2339416473802,NA,NA,NA,48.7144564153645,8.74650142982818,NA,NA,NA,NA,NA,NA,NA,NA,NA,NA,NA,NA,NA,NA,NA,NA,NA,NA,NA,NA,38.4013704453738,5.39005547539418
"Chile",2011,"Región de Arica y Parinacota",1,"Mediana",0.00971636779309852,0.158162423709243,0.12546997882352,1138090.89931107,136,11506,6287021.63,1346826.463,218689,16873.3,12.9606538140139,NA,NA,NA,56.9527426745424,8.16427096617073,NA,20.5,11.0646355756475,1.5680743381381,10.9707251191139,8.56677368283271,17.213399708271,37.090915441513,11.0950119793415,13.4950995445251,759912,871969.218673238,25187.839833505,897157.058506744,84.7021962745849,NA,NA,NA,NA,NA,0.621887703542473,5.26135288011743
"Chile",2011,"Región del Biobío",10,"Micro",0.664584130803303,0.107760849436635,0.0375169812237758,2471192.31438347,48613,71692,25173265.51,3434569.133,1576632,23890.2,65.9949267900645,NA,NA,NA,52.4937662510177,8.36518511009128,NA,31.9,9.91918369971867,3.65698486566543,19.3102210760116,11.7368429899215,16.6042476892471,28.1843841075897,8.95363092422485,11.5536883473396,661036,776175.157840427,33265.7169020237,809440.87474245,81.6657159765189,NA,NA,NA,NA,NA,30.8334475007484,4.54716129064994
"Chile",2011,"Región del Biobío",10,"Grande",0.00717722972603489,0.317205480934573,0.73531856463107,26815451.2603431,525,211033,493386430.84,29935402.658,1576632,23890.2,65.9949267900645,NA,NA,NA,52.4937662510177,8.36518511009128,NA,31.9,9.91918369971867,3.65698486566543,19.3102210760116,11.7368429899215,16.6042476892471,28.1843841075897,8.95363092422485,11.5536883473396,661036,776175.157840427,33265.7169020237,809440.87474245,81.6657159765189,NA,NA,NA,NA,NA,0.332988294034372,13.3850511723725
"Chile",2011,"Región de La Araucanía",12,"Pequeña",0.136819930783947,0.312384150521799,0.258211760399936,5806177.55672424,6365,98421,44598971.96,7195521.537,956438,31842.3,30.0367121721735,NA,NA,NA,52.7787593526922,8.26648053258899,NA,39.6,9.34740753813039,5.9178777039051,22.7749556303024,12.875373661518,14.7804468870162,25.4556566476821,8.21799710392952,9.97769460082054,581020,671314.331692079,44341.0259352374,715655.357627315,81.1870755864685,NA,NA,NA,NA,NA,6.65490078813263,10.2903690568547
"Chile",2011,"Región de Ñuble",11,"Pequeña",0.125252988123878,0.27348817744298,0.269510072176669,2176212.56840681,3280,39210,22434775.23,2601357.71,480905,13178.5,36.4916341009978,NA,NA,NA,51.2335588847321,8.92339857678465,NA,NA,NA,NA,NA,NA,NA,NA,NA,NA,NA,NA,NA,NA,NA,NA,NA,NA,NA,NA,6.82047389817116,8.1533774861979
"Chile",2011,"Región de Valparaíso",6,"Sin Ventas/Sin Información",0.16766677339062,0.0992145611889756,0,17757487.7252138,16234,75942,0,19069930.451,1766558,16396.1,107.742572928928,NA,NA,NA,55.4707362015859,8.57096475881522,NA,23.8,11.0054009170919,2.54592336714267,11.4627562463283,10.3241667151451,15.5129611492156,31.1004728078842,13.1646513938903,15.8890679478645,697917,844552.222660273,22097.5315879025,866649.754248176,80.5305095366206,NA,NA,NA,NA,NA,9.18962185221204,4.29886819453423
"Chile",2011,"Región de Magallanes y la Antártica Chilena",16,"Micro",0.667120304844856,0.134513056698265,0.0588654169519248,350262.864572541,7353,12033,4004476.34,477899.011,162448,132297.2,1.22790202664909,NA,NA,NA,58.8019473210837,5.11567803197306,NA,6.9,10.8396210723083,1.37741481885313,12.3056448996067,13.1159350275993,14.9099811911582,31.1007440090179,11.4684239029884,15.7218560576438,983889,1140592.69413894,22592.1172842105,1163184.81142315,84.5858080322366,NA,NA,NA,NA,NA,45.2637151580814,7.40729341081454
"Chile",2011,"Región del Maule",9,"Grande",0.00468668367190141,0.237723480044125,0.528632346300696,8339802.35600369,305,97837,136712198.6,9317065.264,1024845,16387,62.5401232684445,NA,NA,NA,53.560963123544,7.0173492891865,NA,31.7,9.22451948562675,5.08580654859542,23.2371389865875,15.4832780361175,13.9061197638511,26.7099171876907,7.05197304487228,8.52576717734336,593363,673263.798401158,35046.1503822539,708309.948783411,83.7716306620688,NA,NA,NA,NA,NA,0.297605979440793,9.54651679034391
"Chile",2011,"Región de Los Ríos",13,"Grande",0.00419098937284838,0.209694954275117,0.620445843957975,3852874.69954035,84,26232,63352945.89,4308884.783,384765,18429.5,20.8776689546651,NA,NA,NA,52.5093136817708,7.89451203120674,NA,30.9,9.93347236704901,3.88681702315807,19.8412895202636,12.9810363054275,14.493204653263,27.3519366979599,10.1549990475177,11.2907156348228,660908,761527.459206667,34928.938660843,796456.397867513,82.9811217334211,NA,NA,NA,NA,NA,0.218315075435656,6.81766792717633
"Chile",2011,"Región de Coquimbo",5,"Sin Ventas/Sin Información",0.134596293845136,0.0534624297890726,0,2556977.98751038,4881,13611,0,2976406.46,718763,40579.9,17.7122910603525,NA,NA,NA,55.2627612806342,7.68000708579868,NA,25.6,10.2211483754195,3.52676585316658,15.1109471917152,12.5958919525146,15.6027689576148,31.9480448961257,10.0619360804557,11.153645068407,667822,769455.43913969,29632.6498636302,799088.089003318,83.5729845947653,NA,NA,NA,NA,NA,6.79083369622532,1.89367009709737
"Chile",2011,"Región de Ñuble",11,"Micro",0.712223622408065,0.164413754620911,0.1059924927708,1121190.04772309,18651,23572,8823112.74,1379937.429,480905,13178.5,36.4916341009978,NA,NA,NA,51.2335588847321,8.92339857678465,NA,NA,NA,NA,NA,NA,NA,NA,NA,NA,NA,NA,NA,NA,NA,NA,NA,NA,NA,NA,38.7831276447531,4.90159179047837
"Chile",2011,"Región de Arica y Parinacota",1,"Sin Ventas/Sin Información",0.128027434450239,0.0302963655358223,0,231302.463663507,1792,2204,0,300190.727,218689,16873.3,12.9606538140139,NA,NA,NA,56.9527426745424,8.16427096617073,NA,20.5,11.0646355756475,1.5680743381381,10.9707251191139,8.56677368283271,17.213399708271,37.090915441513,11.0950119793415,13.4950995445251,759912,871969.218673238,25187.839833505,897157.058506744,84.7021962745849,NA,NA,NA,NA,NA,8.19428503491259,1.00782389603501
"Chile",2011,"Región de Antofagasta",3,"Grande",0.00935600131056828,0.369576786025978,0.854874618397968,20621830.0498776,257,86811,476727609.43,21769400.377,570307,126049.1,4.52448291975111,NA,NA,NA,59.1326304923242,6.26963557359993,NA,6.8,11.3909051115952,1.65846236050128,7.63694792985916,9.66441929340362,17.6980093121528,36.3607227802276,11.760850995779,15.2205869555473,1293764,1422434.83067852,19420.430374467,1441855.26105298,89.7291092601166,NA,NA,NA,NA,NA,0.450634482831177,15.2218015910729
"Chile",2011,"Región de Antofagasta",3,"Sin Ventas/Sin Información",0.134660890458335,0.0417807256921236,0,1990320.696975,3699,9814,0,2361042.499,570307,126049.1,4.52448291975111,NA,NA,NA,59.1326304923242,6.26963557359993,NA,6.8,11.3909051115952,1.65846236050128,7.63694792985916,9.66441929340362,17.6980093121528,36.3607227802276,11.760850995779,15.2205869555473,1293764,1422434.83067852,19420.430374467,1441855.26105298,89.7291092601166,NA,NA,NA,NA,NA,6.48598035794756,1.72082755428217
"Chile",2011,"Región de Arica y Parinacota",1,"Grande",0.00328641851825391,0.179716280859955,0.569289900132585,1774757.22504883,46,13074,28525850.96,2046400.586,218689,16873.3,12.9606538140139,NA,NA,NA,56.9527426745424,8.16427096617073,NA,20.5,11.0646355756475,1.5680743381381,10.9707251191139,8.56677368283271,17.213399708271,37.090915441513,11.0950119793415,13.4950995445251,759912,871969.218673238,25187.839833505,897157.058506744,84.7021962745849,NA,NA,NA,NA,NA,0.210344370315837,5.97835282067228
"Chile",2011,"Región de Valparaíso",6,"Mediana",0.0184047178872788,0.172488215804931,0.0725592367535157,10657170.9617313,1782,132028,86039894.46,12756075.674,1766558,16396.1,107.742572928928,NA,NA,NA,55.4707362015859,8.57096475881522,NA,23.8,11.0054009170919,2.54592336714267,11.4627562463283,10.3241667151451,15.5129611492156,31.1004728078842,13.1646513938903,15.8890679478645,697917,844552.222660273,22097.5315879025,866649.754248176,80.5305095366206,NA,NA,NA,NA,NA,1.00874129238893,7.47374272455249
"Chile",2011,"Región de Tarapacá",2,"Sin Ventas/Sin Información",0.105806003013095,0.0667240276551031,0,1366527.57529762,1826,8763,0,1692563.626,301143,42225.9,7.13171300078861,NA,NA,NA,63.8852315437743,5.40129171527198,NA,15.8,11.0755211560274,1.81153547018766,9.21066403388977,10.7767537236213,16.4315462112426,39.1384124755859,10.6094688177108,12.0216183364391,913274,1033035.3673586,21780.923161563,1054816.29052016,86.5813355867268,NA,NA,NA,NA,NA,6.0635644859751,2.90991323059145
"Chile",2011,"Región de Los Lagos",14,"Micro",0.678701692553584,0.180759759396068,0.0384083161707725,4478844.39654816,33122,67164,16792832.67,5536063.842,826000,48583.6,17.0016219465005,NA,NA,NA,55.4085438275722,4.8702180707538,NA,26.7,9.47225025562584,3.28348278999328,22.0855742692947,16.4767697453498,14.6844789385795,26.4090180397033,7.70152881741523,9.35914814472198,641144,724925.498627347,41100.4532906924,766025.951918041,83.6974662110025,NA,NA,NA,NA,NA,40.0992736077482,8.13123486682809
"Chile",2011,"Región del Maule",9,"Mediana",0.0133224745689788,0.188870098503735,0.154958160042327,4609416.8537289,867,77731,40074488.25,5186872.43,1024845,16387,62.5401232684445,NA,NA,NA,53.560963123544,7.0173492891865,NA,31.7,9.22451948562675,5.08580654859542,23.2371389865875,15.4832780361175,13.9061197638511,26.7099171876907,7.05197304487228,8.52576717734336,593363,673263.798401158,35046.1503822539,708309.948783411,83.7716306620688,NA,NA,NA,NA,NA,0.845981587459567,7.58465914357781
"Chile",2011,"Región del Maule",9,"Pequeña",0.133363041273549,0.334497203310347,0.23297811589021,5500706.15410059,8679,137665,60251610.92,6513696.595,1024845,16387,62.5401232684445,NA,NA,NA,53.560963123544,7.0173492891865,NA,31.7,9.22451948562675,5.08580654859542,23.2371389865875,15.4832780361175,13.9061197638511,26.7099171876907,7.05197304487228,8.52576717734336,593363,673263.798401158,35046.1503822539,708309.948783411,83.7716306620688,NA,NA,NA,NA,NA,8.46859769038245,13.4327630031858
"Chile",2011,"Región de Magallanes y la Antártica Chilena",16,"Pequeña",0.166031573217202,0.27422419960651,0.186574915108177,991474.321951617,1830,24531,12692254.16,1368818.974,162448,132297.2,1.22790202664909,NA,NA,NA,58.8019473210837,5.11567803197306,NA,6.9,10.8396210723083,1.37741481885313,12.3056448996067,13.1159350275993,14.9099811911582,31.1007440090179,11.4684239029884,15.7218560576438,983889,1140592.69413894,22592.1172842105,1163184.81142315,84.5858080322366,NA,NA,NA,NA,NA,11.2651433073968,15.1008322663252
"Chile",2011,"Región de Valparaíso",6,"Grande",0.00737428090433058,0.312009427356055,0.812985887925813,34975460.7603326,714,238822,964029159.13,38791929.11,1766558,16396.1,107.742572928928,NA,NA,NA,55.4707362015859,8.57096475881522,NA,23.8,11.0054009170919,2.54592336714267,11.4627562463283,10.3241667151451,15.5129611492156,31.1004728078842,13.1646513938903,15.8890679478645,697917,844552.222660273,22097.5315879025,866649.754248176,80.5305095366206,NA,NA,NA,NA,NA,0.404175804021153,13.5190579646975
"Chile",2011,"Región de La Araucanía",12,"Grande",0.00475054276563272,0.285561028870325,0.470192121531165,7819239.98188906,221,89970,81212742.64,8980486.939,956438,31842.3,30.0367121721735,NA,NA,NA,52.7787593526922,8.26648053258899,NA,39.6,9.34740753813039,5.9178777039051,22.7749556303024,12.875373661518,14.7804468870162,25.4556566476821,8.21799710392952,9.97769460082054,581020,671314.331692079,44341.0259352374,715655.357627315,81.1870755864685,NA,NA,NA,NA,NA,0.231065683295729,9.40677806611615
"Chile",2011,"Región de Coquimbo",5,"Mediana",0.0169865431281712,0.219077732825327,0.139742375081084,5585791.38620451,616,55775,29972495.49,6429617.108,718763,40579.9,17.7122910603525,NA,NA,NA,55.2627612806342,7.68000708579868,NA,25.6,10.2211483754195,3.52676585316658,15.1109471917152,12.5958919525146,15.6027689576148,31.9480448961257,10.0619360804557,11.153645068407,667822,769455.43913969,29632.6498636302,799088.089003318,83.5729845947653,NA,NA,NA,NA,NA,0.857027977233108,7.75985964775594
"Chile",2011,"Región de Magallanes y la Antártica Chilena",16,"Grande",0.0100707675557975,0.38087998569129,0.632573676110027,2969055.39252372,111,34072,43032504.49,3394135.734,162448,132297.2,1.22790202664909,NA,NA,NA,58.8019473210837,5.11567803197306,NA,6.9,10.8396210723083,1.37741481885313,12.3056448996067,13.1159350275993,14.9099811911582,31.1007440090179,11.4684239029884,15.7218560576438,983889,1140592.69413894,22592.1172842105,1163184.81142315,84.5858080322366,NA,NA,NA,NA,NA,0.683295577661775,20.974096326209
"Chile",2011,"Región del Biobío",10,"Pequeña",0.154809427462132,0.273906939550991,0.122834037686021,10795393.5346063,11324,182227,82419580.24,14078254.139,1576632,23890.2,65.9949267900645,NA,NA,NA,52.4937662510177,8.36518511009128,NA,31.9,9.91918369971867,3.65698486566543,19.3102210760116,11.7368429899215,16.6042476892471,28.1843841075897,8.95363092422485,11.5536883473396,661036,776175.157840427,33265.7169020237,809440.87474245,81.6657159765189,NA,NA,NA,NA,NA,7.1823989364671,11.5579919727622
"Chile",2011,"Región de Antofagasta",3,"Pequeña",0.184389675634351,0.255158731848118,0.0657119823112933,3804427.40168694,5065,59935,36644807.98,5019240.822,570307,126049.1,4.52448291975111,NA,NA,NA,59.1326304923242,6.26963557359993,NA,6.8,11.3909051115952,1.65846236050128,7.63694792985916,9.66441929340362,17.6980093121528,36.3607227802276,11.760850995779,15.2205869555473,1293764,1422434.83067852,19420.430374467,1441855.26105298,89.7291092601166,NA,NA,NA,NA,NA,8.8811815390658,10.5092520344306
"Chile",2011,"Región de Tarapacá",2,"Mediana",0.0377216363425658,0.195763408765571,0.152817033106283,1734847.38993368,651,25710,33482315.86,2081968.941,301143,42225.9,7.13171300078861,NA,NA,NA,63.8852315437743,5.40129171527198,NA,15.8,11.0755211560274,1.81153547018766,9.21066403388977,10.7767537236213,16.4315462112426,39.1384124755859,10.6094688177108,12.0216183364391,913274,1033035.3673586,21780.923161563,1054816.29052016,86.5813355867268,NA,NA,NA,NA,NA,2.16176368037776,8.53747223080065
"Chile",2011,"Región de Magallanes y la Antártica Chilena",16,"Sin Ventas/Sin Información",0.139811286517873,0.0480012520121624,0,957295.808989901,1541,4294,0,1058909.86,162448,132297.2,1.22790202664909,NA,NA,NA,58.8019473210837,5.11567803197306,NA,6.9,10.8396210723083,1.37741481885313,12.3056448996067,13.1159350275993,14.9099811911582,31.1007440090179,11.4684239029884,15.7218560576438,983889,1140592.69413894,22592.1172842105,1163184.81142315,84.5858080322366,NA,NA,NA,NA,NA,9.48611247907023,2.64330739682852
"Chile",2011,"Región de Aysén del General Carlos Ibáñez del Campo",15,"Micro",0.734379417585524,0.22852520349866,NA,NA,5195,9040,2544630.1,622524.981,101247,108494.4,0.93320023890634,NA,NA,NA,67.2260869047958,4.24047921724488,NA,12.8,10.0275229357798,4.49000000953674,17.8101018071174,14.4193530082702,15.0231093168258,24.7373312711715,7.36443251371383,16.1556720733642,981247,1093237.47005587,30970.2550512222,1124207.7251071,87.2833800066309,NA,NA,NA,NA,NA,51.3101622764131,8.92865961460586
"Chile",2011,"Región del Maule",9,"Micro",0.696425827468576,0.135691688656277,0.0834313777667672,2758660.8370409,45322,55845,21576596.98,3378849.944,1024845,16387,62.5401232684445,NA,NA,NA,53.560963123544,7.0173492891865,NA,31.7,9.22451948562675,5.08580654859542,23.2371389865875,15.4832780361175,13.9061197638511,26.7099171876907,7.05197304487228,8.52576717734336,593363,673263.798401158,35046.1503822539,708309.948783411,83.7716306620688,NA,NA,NA,NA,NA,44.2232727875923,5.44911669569545
"Chile",2011,"Región de Arica y Parinacota",1,"Micro",0.74301636064871,0.295114642326937,0.0872786949213068,1263760.3613296,10400,21469,4373341.32,1543677.732,218689,16873.3,12.9606538140139,NA,NA,NA,56.9527426745424,8.16427096617073,NA,20.5,11.0646355756475,1.5680743381381,10.9707251191139,8.56677368283271,17.213399708271,37.090915441513,11.0950119793415,13.4950995445251,759912,871969.218673238,25187.839833505,897157.058506744,84.7021962745849,NA,NA,NA,NA,NA,47.5561185061892,9.8171375789363
"Chile",2011,"Región de Los Ríos",13,"Micro",0.710971411465349,0.207440685553495,0.0688595732328255,2005083.6764416,14250,25950,7031164.54,2340969.779,384765,18429.5,20.8776689546651,NA,NA,NA,52.5093136817708,7.89451203120674,NA,30.9,9.93347236704901,3.88681702315807,19.8412895202636,12.9810363054275,14.493204653263,27.3519366979599,10.1549990475177,11.2907156348228,660908,761527.459206667,34928.938660843,796456.397867513,82.9811217334211,NA,NA,NA,NA,NA,37.035593154263,6.74437643756579
"Chile",2011,"Región de Los Ríos",13,"Sin Ventas/Sin Información",0.133463054432969,0.0652219095734476,0,1113336.73605972,2675,8159,0,1364967.698,384765,18429.5,20.8776689546651,NA,NA,NA,52.5093136817708,7.89451203120674,NA,30.9,9.93347236704901,3.88681702315807,19.8412895202636,12.9810363054275,14.493204653263,27.3519366979599,10.1549990475177,11.2907156348228,660908,761527.459206667,34928.938660843,796456.397867513,82.9811217334211,NA,NA,NA,NA,NA,6.95229555702832,2.12051511961847
"Chile",2011,"Región de Ñuble",11,"Sin Ventas/Sin Información",0.145415664260893,0.150540559391783,0,2922740.6838149,3808,21583,0,3458191.71,480905,13178.5,36.4916341009978,NA,NA,NA,51.2335588847321,8.92339857678465,NA,NA,NA,NA,NA,NA,NA,NA,NA,NA,NA,NA,NA,NA,NA,NA,NA,NA,NA,NA,7.91840384275481,4.48799658976305
"Chile",2011,"Región de La Araucanía",12,"Micro",0.697233507448249,0.164119036132341,0.0889940856102583,2613153.74889683,32436,51708,15371277.91,3483507.817,956438,31842.3,30.0367121721735,NA,NA,NA,52.7787593526922,8.26648053258899,NA,39.6,9.34740753813039,5.9178777039051,22.7749556303024,12.875373661518,14.7804468870162,25.4556566476821,8.21799710392952,9.97769460082054,581020,671314.331692079,44341.0259352374,715655.357627315,81.1870755864685,NA,NA,NA,NA,NA,33.9133325944808,5.40630966147309
"Chile",2011,"Región de La Araucanía",12,"Mediana",0.0145955589948625,0.165331488205571,0.18260203245864,4320223.71864355,679,52090,31539473.31,4921197.053,956438,31842.3,30.0367121721735,NA,NA,NA,52.7787593526922,8.26648053258899,NA,39.6,9.34740753813039,5.9178777039051,22.7749556303024,12.875373661518,14.7804468870162,25.4556566476821,8.21799710392952,9.97769460082054,581020,671314.331692079,44341.0259352374,715655.357627315,81.1870755864685,NA,NA,NA,NA,NA,0.709925787139365,5.44624952166267
"Chile",2011,"Región de Tarapacá",2,"Pequeña",0.169660447328775,0.294063899125879,0.107066071891808,1911418.30888637,2928,38620,23458249.15,2438362.363,301143,42225.9,7.13171300078861,NA,NA,NA,63.8852315437743,5.40129171527198,NA,15.8,11.0755211560274,1.81153547018766,9.21066403388977,10.7767537236213,16.4315462112426,39.1384124755859,10.6094688177108,12.0216183364391,913274,1033035.3673586,21780.923161563,1054816.29052016,86.5813355867268,NA,NA,NA,NA,NA,9.72295553939491,12.8244720946527
"Chile",2011,"Región de Arica y Parinacota",1,"Pequeña",0.115953418589698,0.336710287568043,0.217961426122588,955886.433362138,1623,24495,10921562.38,1223093.63,218689,16873.3,12.9606538140139,NA,NA,NA,56.9527426745424,8.16427096617073,NA,20.5,11.0646355756475,1.5680743381381,10.9707251191139,8.56677368283271,17.213399708271,37.090915441513,11.0950119793415,13.4950995445251,759912,871969.218673238,25187.839833505,897157.058506744,84.7021962745849,NA,NA,NA,NA,NA,7.42149810918702,11.2008377193183
"Chile",2011,"Región de Valparaíso",6,"Pequeña",0.150480774196214,0.270428986506966,0.0865112788266282,11290436.8849963,14570,206995,102584062.8,14429502.1,1766558,16396.1,107.742572928928,NA,NA,NA,55.4707362015859,8.57096475881522,NA,23.8,11.0054009170919,2.54592336714267,11.4627562463283,10.3241667151451,15.5129611492156,31.1004728078842,13.1646513938903,15.8890679478645,697917,844552.222660273,22097.5315879025,866649.754248176,80.5305095366206,NA,NA,NA,NA,NA,8.24767712127199,11.7174188450082
"Chile",2011,"Región de Los Ríos",13,"Pequeña",0.136955545577009,0.338931700454051,0.184869564618865,2861020.51325389,2745,42399,18876799.06,3498080.057,384765,18429.5,20.8776689546651,NA,NA,NA,52.5093136817708,7.89451203120674,NA,30.9,9.93347236704901,3.88681702315807,19.8412895202636,12.9810363054275,14.493204653263,27.3519366979599,10.1549990475177,11.2907156348228,660908,761527.459206667,34928.938660843,796456.397867513,82.9811217334211,NA,NA,NA,NA,NA,7.13422478655803,11.0194534326147
"Chile",2011,"Región de Atacama",4,"Sin Ventas/Sin Información",0.143863451639122,0.034760854816825,0,487920.11284425,2124,4099,0,639195.376,289014,75176.2,3.84448801615405,NA,NA,NA,57.4632442801509,6.00989315925324,NA,15.7,10.3987854934475,3.52149009704589,12.2478015720844,12.3650081455707,18.0994272232055,33.899587392807,8.95975902676582,10.9069250524044,890932,1000735.29752763,24871.9670850651,1025607.2646127,86.8687481142625,NA,NA,NA,NA,NA,7.34912495588449,1.41827039520577
"Chile",2011,"Región de Aysén del General Carlos Ibáñez del Campo",15,"Pequeña",0.135849590048063,0.296299105111482,NA,NA,961,11721,6491057.3,540891.802,101247,108494.4,0.93320023890634,NA,NA,NA,67.2260869047958,4.24047921724488,NA,12.8,10.0275229357798,4.49000000953674,17.8101018071174,14.4193530082702,15.0231093168258,24.7373312711715,7.36443251371383,16.1556720733642,981247,1093237.47005587,30970.2550512222,1124207.7251071,87.2833800066309,NA,NA,NA,NA,NA,9.49163925844717,11.5766393078313
"Chile",2011,"Región de Aysén del General Carlos Ibáñez del Campo",15,"Sin Ventas/Sin Información",0.112100650268589,0.0960614793467819,NA,NA,793,3800,0,933452.175,101247,108494.4,0.93320023890634,NA,NA,NA,67.2260869047958,4.24047921724488,NA,12.8,10.0275229357798,4.49000000953674,17.8101018071174,14.4193530082702,15.0231093168258,24.7373312711715,7.36443251371383,16.1556720733642,981247,1093237.47005587,30970.2550512222,1124207.7251071,87.2833800066309,NA,NA,NA,NA,NA,7.83233083449386,3.75319762560866
"Chile",2011,"Región Metropolitana",7,"Micro",0.573941102726328,0.0625877562876118,0.0102402249599464,38394594.7504121,235317,446463,140813937.96,49080865.087,6984240,15403.2,453.427859146151,NA,NA,NA,59.929363551983,7.27723578120834,NA,15.4,11.4753261673344,1.88824776560068,10.0373692810535,9.37205106019973,15.6033486127853,31.8428248167037,12.8176152706146,18.4385418891906,1117260,1271036.64092778,17730.8172954081,1288767.45822319,86.6921322007327,NA,NA,NA,NA,NA,33.6925707020377,6.39243496787052
"Chile",2011,"Región de Aysén del General Carlos Ibáñez del Campo",15,"Mediana",0.0138535482046932,0.193589160220436,NA,NA,98,7658,4587361.39,466645.138,101247,108494.4,0.93320023890634,NA,NA,NA,67.2260869047958,4.24047921724488,NA,12.8,10.0275229357798,4.49000000953674,17.8101018071174,14.4193530082702,15.0231093168258,24.7373312711715,7.36443251371383,16.1556720733642,981247,1093237.47005587,30970.2550512222,1124207.7251071,87.2833800066309,NA,NA,NA,NA,NA,0.96792991397276,7.56368089918714
"Chile",2011,"Región de Atacama",4,"Mediana",0.02052289352479,0.193207259158752,0.0891891235288241,2041999.1263882,303,22783,14368744.53,2270995.826,289014,75176.2,3.84448801615405,NA,NA,NA,57.4632442801509,6.00989315925324,NA,15.7,10.3987854934475,3.52149009704589,12.2478015720844,12.3650081455707,18.0994272232055,33.899587392807,8.95975902676582,10.9069250524044,890932,1000735.29752763,24871.9670850651,1025607.2646127,86.8687481142625,NA,NA,NA,NA,NA,1.0483921194129,7.88300912758551
"Chile",2011,"Región Metropolitana",7,"Grande",0.020614533587641,0.565505442572061,0.896002887350821,690559443.62228,8452,4033972,12320988599.85,744240071.22,6984240,15403.2,453.427859146151,NA,NA,NA,59.929363551983,7.27723578120834,NA,15.4,11.4753261673344,1.88824776560068,10.0373692810535,9.37205106019973,15.6033486127853,31.8428248167037,12.8176152706146,18.4385418891906,1117260,1271036.64092778,17730.8172954081,1288767.45822319,86.6921322007327,NA,NA,NA,NA,NA,1.21015314479457,57.7582099126032
"Chile",2011,"Región de Tarapacá",2,"Micro",0.665256692548383,0.125597721804282,0.0259737301205931,517321.953097842,11481,16495,5690861.93,789231.218,301143,42225.9,7.13171300078861,NA,NA,NA,63.8852315437743,5.40129171527198,NA,15.8,11.0755211560274,1.81153547018766,9.21066403388977,10.7767537236213,16.4315462112426,39.1384124755859,10.6094688177108,12.0216183364391,913274,1033035.3673586,21780.923161563,1054816.29052016,86.5813355867268,NA,NA,NA,NA,NA,38.1247447226069,5.47746419475133
"Chile",2011,"Región de La Araucanía",12,"Sin Ventas/Sin Información",0.146600460007309,0.0726042962699642,0,3876703.22648215,6820,22875,0,4531201.63,956438,31842.3,30.0367121721735,NA,NA,NA,52.7787593526922,8.26648053258899,NA,39.6,9.34740753813039,5.9178777039051,22.7749556303024,12.875373661518,14.7804468870162,25.4556566476821,8.21799710392952,9.97769460082054,581020,671314.331692079,44341.0259352374,715655.357627315,81.1870755864685,NA,NA,NA,NA,NA,7.13062425374149,2.39168665402253
"Chile",2011,"Región Metropolitana",7,"Pequeña",0.191881990819557,0.162333010719164,0.0432197957480962,85505634.6244118,78672,1157985,594317962.83,118898951.515,6984240,15403.2,453.427859146151,NA,NA,NA,59.929363551983,7.27723578120834,NA,15.4,11.4753261673344,1.88824776560068,10.0373692810535,9.37205106019973,15.6033486127853,31.8428248167037,12.8176152706146,18.4385418891906,1117260,1271036.64092778,17730.8172954081,1288767.45822319,86.6921322007327,NA,NA,NA,NA,NA,11.2642177244768,16.5799714786433
"Chile",2011,"Región del Biobío",10,"Mediana",0.0204653579045223,0.198318622912182,0.104330416459133,9720923.13387642,1497,131939,70003960.57,11295645.202,1576632,23890.2,65.9949267900645,NA,NA,NA,52.4937662510177,8.36518511009128,NA,31.9,9.91918369971867,3.65698486566543,19.3102210760116,11.7368429899215,16.6042476892471,28.1843841075897,8.95363092422485,11.5536883473396,661036,776175.157840427,33265.7169020237,809440.87474245,81.6657159765189,NA,NA,NA,NA,NA,0.949492335560866,8.36840810030495
"Chile",2011,"Región de Ñuble",11,"Mediana",0.0137472791843281,0.232621887424147,0.203960284730491,2693139.13279407,360,33351,16978226.85,2992174.725,480905,13178.5,36.4916341009978,NA,NA,NA,51.2335588847321,8.92339857678465,NA,NA,NA,NA,NA,NA,NA,NA,NA,NA,NA,NA,NA,NA,NA,NA,NA,NA,NA,NA,0.748588598579761,6.93504954200934
"Chile",2011,"Región de Valparaíso",6,"Micro",0.656073453621557,0.145858809143072,0.0279435964940438,5348055.54601119,63523,111645,33135189.96,7288135.354,1766558,16396.1,107.742572928928,NA,NA,NA,55.4707362015859,8.57096475881522,NA,23.8,11.0054009170919,2.54592336714267,11.4627562463283,10.3241667151451,15.5129611492156,31.1004728078842,13.1646513938903,15.8890679478645,697917,844552.222660273,22097.5315879025,866649.754248176,80.5305095366206,NA,NA,NA,NA,NA,35.9586268891256,6.31991703640639
"Chile",2011,"Región de Antofagasta",3,"Micro",0.645163639011249,0.0995261672335915,0.0185964841828596,801321.464577373,17722,23378,10370476.86,1231595.688,570307,126049.1,4.52448291975111,NA,NA,NA,59.1326304923242,6.26963557359993,NA,6.8,11.3909051115952,1.65846236050128,7.63694792985916,9.66441929340362,17.6980093121528,36.3607227802276,11.760850995779,15.2205869555473,1293764,1422434.83067852,19420.430374467,1441855.26105298,89.7291092601166,NA,NA,NA,NA,NA,31.0744914581094,4.09919569635302
"Chile",2011,"Región de Aysén del General Carlos Ibáñez del Campo",15,"Grande",0.00381679389312977,0.18552505182264,NA,NA,27,7339,NA,NA,101247,108494.4,0.93320023890634,NA,NA,NA,67.2260869047958,4.24047921724488,NA,12.8,10.0275229357798,4.49000000953674,17.8101018071174,14.4193530082702,15.0231093168258,24.7373312711715,7.36443251371383,16.1556720733642,981247,1093237.47005587,30970.2550512222,1124207.7251071,87.2833800066309,NA,NA,NA,NA,NA,0.266674568135352,7.24860983535315
"Chile",2011,"Región de Ñuble",11,"Grande",0.00336044602283576,0.178935621120179,0.420537150322041,2504440.52494213,88,25654,35006693.32,2687347.509,480905,13178.5,36.4916341009978,NA,NA,NA,51.2335588847321,8.92339857678465,NA,NA,NA,NA,NA,NA,NA,NA,NA,NA,NA,NA,NA,NA,NA,NA,NA,NA,NA,NA,0.182988324097275,5.33452552999033
"Chile",2011,"Región de Atacama",4,"Pequeña",0.164589542129504,0.30205223880597,0.107007138474659,2587583.42168068,2430,35618,17239302,3214983.157,289014,75176.2,3.84448801615405,NA,NA,NA,57.4632442801509,6.00989315925324,NA,15.7,10.3987854934475,3.52149009704589,12.2478015720844,12.3650081455707,18.0994272232055,33.899587392807,8.95975902676582,10.9069250524044,890932,1000735.29752763,24871.9670850651,1025607.2646127,86.8687481142625,NA,NA,NA,NA,NA,8.40789719529158,12.3239704650986
"Chile",2011,"Región de Tarapacá",2,"Grande",0.0215552207671804,0.317850942649164,0.714143164881317,5240010.37511458,372,41744,156469253,5885887.731,301143,42225.9,7.13171300078861,NA,NA,NA,63.8852315437743,5.40129171527198,NA,15.8,11.0755211560274,1.81153547018766,9.21066403388977,10.7767537236213,16.4315462112426,39.1384124755859,10.6094688177108,12.0216183364391,913274,1033035.3673586,21780.923161563,1054816.29052016,86.5813355867268,NA,NA,NA,NA,NA,1.23529353164443,13.8618530067111
"Chile",2011,"Región Metropolitana",7,"Sin Ventas/Sin Información",0.178882054233882,0.0525029326861611,0,85679434.1678353,73342,374524,0,99116921.126,6984240,15403.2,453.427859146151,NA,NA,NA,59.929363551983,7.27723578120834,NA,15.4,11.4753261673344,1.88824776560068,10.0373692810535,9.37205106019973,15.6033486127853,31.8428248167037,12.8176152706146,18.4385418891906,1117260,1271036.64092778,17730.8172954081,1288767.45822319,86.6921322007327,NA,NA,NA,NA,NA,10.5010709826696,5.36241595363275
"Chile",2011,"Región de Coquimbo",5,"Micro",0.69813037723362,0.148371892061746,0.0592135367984902,1477308.36986043,25317,37774,12700352.8,2041411.737,718763,40579.9,17.7122910603525,NA,NA,NA,55.2627612806342,7.68000708579868,NA,25.6,10.2211483754195,3.52676585316658,15.1109471917152,12.5958919525146,15.6027689576148,31.9480448961257,10.0619360804557,11.153645068407,667822,769455.43913969,29632.6498636302,799088.089003318,83.5729845947653,NA,NA,NA,NA,NA,35.2230150967704,5.25541798896159
"Chile",2011,"Región de Los Lagos",14,"Grande",0.00737674685463711,0.323499253158936,0.750611633422177,11991269.523655,360,120201,328181415.3,13121403.88,826000,48583.6,17.0016219465005,NA,NA,NA,55.4085438275722,4.8702180707538,NA,26.7,9.47225025562584,3.28348278999328,22.0855742692947,16.4767697453498,14.6844789385795,26.4090180397033,7.70152881741523,9.35914814472198,641144,724925.498627347,41100.4532906924,766025.951918041,83.6974662110025,NA,NA,NA,NA,NA,0.435835351089588,14.5521791767554
"Chile",2011,"Región de Atacama",4,"Grande",0.00717962611758331,0.31925881953867,0.772074251922311,8579074.84464304,106,37647,124384423.18,8932160.975,289014,75176.2,3.84448801615405,NA,NA,NA,57.4632442801509,6.00989315925324,NA,15.7,10.3987854934475,3.52149009704589,12.2478015720844,12.3650081455707,18.0994272232055,33.899587392807,8.95975902676582,10.9069250524044,890932,1000735.29752763,24871.9670850651,1025607.2646127,86.8687481142625,NA,NA,NA,NA,NA,0.366764239794612,13.0260125807054
"Chile",2011,"Región de Coquimbo",5,"Pequeña",0.144551069931613,0.324509996464904,0.16913075305196,4424722.89652243,5242,82617,36275830.65,5385312.845,718763,40579.9,17.7122910603525,NA,NA,NA,55.2627612806342,7.68000708579868,NA,25.6,10.2211483754195,3.52676585316658,15.1109471917152,12.5958919525146,15.6027689576148,31.9480448961257,10.0619360804557,11.153645068407,667822,769455.43913969,29632.6498636302,799088.089003318,83.5729845947653,NA,NA,NA,NA,NA,7.29308548158433,11.4943312329655
"Chile",2011,"Región del Libertador General Bernardo O'Higgins",8,"Micro",0.686430474686667,0.138504672897196,0.0479793238271181,2745197.08367024,34778,57057,18025653.58,3441936.857,892165,16387,54.4434612802832,NA,NA,NA,55.4012308344982,5.99430432346882,NA,18.7,9.90347943597373,3.60926464200019,19.7918802499771,11.6374023258686,15.849095582962,28.9141565561294,9.08147767186164,11.1167229712009,710965,832474.317523179,22910.1639196561,855384.481442834,83.1164538973865,NA,NA,NA,NA,NA,38.9815785196685,6.3953416688617
"Chile",2011,"Región de Magallanes y la Antártica Chilena",16,"Mediana",0.0169660678642715,0.162381505991772,0.121985991829871,774480.230040651,187,14526,8298421.1,963623.532,162448,132297.2,1.22790202664909,NA,NA,NA,58.8019473210837,5.11567803197306,NA,6.9,10.8396210723083,1.37741481885313,12.3056448996067,13.1159350275993,14.9099811911582,31.1007440090179,11.4684239029884,15.7218560576438,983889,1140592.69413894,22592.1172842105,1163184.81142315,84.5858080322366,NA,NA,NA,NA,NA,1.15113759479957,8.94193834334679
"Chile",2011,"Región del Libertador General Bernardo O'Higgins",8,"Sin Ventas/Sin Información",0.143827099575644,0.0498021604563661,0,2813793.28678965,7287,20516,0,3278606.402,892165,16387,54.4434612802832,NA,NA,NA,55.4012308344982,5.99430432346882,NA,18.7,9.90347943597373,3.60926464200019,19.7918802499771,11.6374023258686,15.849095582962,28.9141565561294,9.08147767186164,11.1167229712009,710965,832474.317523179,22910.1639196561,855384.481442834,83.1164538973865,NA,NA,NA,NA,NA,8.16777165658819,2.29957463025337
"Chile",2011,"Región del Libertador General Bernardo O'Higgins",8,"Pequeña",0.148327247606829,0.318458550794999,0.140330609459062,5330682.18418849,7515,131189,52721688.24,6280842.261,892165,16387,54.4434612802832,NA,NA,NA,55.4012308344982,5.99430432346882,NA,18.7,9.90347943597373,3.60926464200019,19.7918802499771,11.6374023258686,15.849095582962,28.9141565561294,9.08147767186164,11.1167229712009,710965,832474.317523179,22910.1639196561,855384.481442834,83.1164538973865,NA,NA,NA,NA,NA,8.42332976523401,14.7045669803231
"Chile",2011,"Región de Los Lagos",14,"Sin Ventas/Sin Información",0.144584238350887,0.0499401181489107,0,2375513.7618046,7056,18556,0,2853267.419,826000,48583.6,17.0016219465005,NA,NA,NA,55.4085438275722,4.8702180707538,NA,26.7,9.47225025562584,3.28348278999328,22.0855742692947,16.4767697453498,14.6844789385795,26.4090180397033,7.70152881741523,9.35914814472198,641144,724925.498627347,41100.4532906924,766025.951918041,83.6974662110025,NA,NA,NA,NA,NA,8.54237288135593,2.24648910411622
"Chile",2011,"Región de Atacama",4,"Micro",0.663844486589,0.150720827679783,0.031729486074206,1733775.68231421,9801,17773,5111754.23,2047028.51,289014,75176.2,3.84448801615405,NA,NA,NA,57.4632442801509,6.00989315925324,NA,15.7,10.3987854934475,3.52149009704589,12.2478015720844,12.3650081455707,18.0994272232055,33.899587392807,8.95975902676582,10.9069250524044,890932,1000735.29752763,24871.9670850651,1025607.2646127,86.8687481142625,NA,NA,NA,NA,NA,33.9118520210094,6.14952908855626
"Chile",2011,"Región del Maule",9,"Sin Ventas/Sin Información",0.152201973016995,0.103217529485516,0,7115181.84353643,9905,42480,0,8174939.807,1024845,16387,62.5401232684445,NA,NA,NA,53.560963123544,7.0173492891865,NA,31.7,9.22451948562675,5.08580654859542,23.2371389865875,15.4832780361175,13.9061197638511,26.7099171876907,7.05197304487228,8.52576717734336,593363,673263.798401158,35046.1503822539,708309.948783411,83.7716306620688,NA,NA,NA,NA,NA,9.66487615200347,4.14501705135899
"Chile",2011,"Región de Los Lagos",14,"Pequeña",0.151592147862793,0.259897999004212,0.118232004087128,5799053.37211685,7398,96569,51693238.83,7048995.593,826000,48583.6,17.0016219465005,NA,NA,NA,55.4085438275722,4.8702180707538,NA,26.7,9.47225025562584,3.28348278999328,22.0855742692947,16.4767697453498,14.6844789385795,26.4090180397033,7.70152881741523,9.35914814472198,641144,724925.498627347,41100.4532906924,766025.951918041,83.6974662110025,NA,NA,NA,NA,NA,8.95641646489104,11.6911622276029
"Chile",2011,"Región de Los Lagos",14,"Mediana",0.0177451743780993,0.185902870291874,0.092748046319923,5398867.21577253,866,69075,40551176.87,6048552.124,826000,48583.6,17.0016219465005,NA,NA,NA,55.4085438275722,4.8702180707538,NA,26.7,9.47225025562584,3.28348278999328,22.0855742692947,16.4767697453498,14.6844789385795,26.4090180397033,7.70152881741523,9.35914814472198,641144,724925.498627347,41100.4532906924,766025.951918041,83.6974662110025,NA,NA,NA,NA,NA,1.04842615012107,8.36259079903148
"Chile",2011,"Región Metropolitana",7,"Mediana",0.034680318632592,0.157070857735002,0.0505370919411361,99960631.8812028,14219,1120448,694938534.76,124033631.977,6984240,15403.2,453.427859146151,NA,NA,NA,59.929363551983,7.27723578120834,NA,15.4,11.4753261673344,1.88824776560068,10.0373692810535,9.37205106019973,15.6033486127853,31.8428248167037,12.8176152706146,18.4385418891906,1117260,1271036.64092778,17730.8172954081,1288767.45822319,86.6921322007327,NA,NA,NA,NA,NA,2.03586932865995,16.0425185846993
"Chile",2011,"Región de Coquimbo",5,"Grande",0.0057357158614604,0.25457794885895,0.631913335068465,9486372.97972411,208,64813,135535263.19,10209040.571,718763,40579.9,17.7122910603525,NA,NA,NA,55.2627612806342,7.68000708579868,NA,25.6,10.2211483754195,3.52676585316658,15.1109471917152,12.5958919525146,15.6027689576148,31.9480448961257,10.0619360804557,11.153645068407,667822,769455.43913969,29632.6498636302,799088.089003318,83.5729845947653,NA,NA,NA,NA,NA,0.289386070234556,9.01729777409243
"Chile",2011,"Región de Los Ríos",13,"Mediana",0.0144189991518236,0.178710750143889,0.125825018190335,1446398.31240157,289,22356,12847834.58,1689340.351,384765,18429.5,20.8776689546651,NA,NA,NA,52.5093136817708,7.89451203120674,NA,30.9,9.93347236704901,3.88681702315807,19.8412895202636,12.9810363054275,14.493204653263,27.3519366979599,10.1549990475177,11.2907156348228,660908,761527.459206667,34928.938660843,796456.397867513,82.9811217334211,NA,NA,NA,NA,NA,0.751107819058386,5.81029979338038
"Chile",2011,"Región del Libertador General Bernardo O'Higgins",8,"Mediana",0.0151781308595677,0.200376259254764,0.0983871186385002,5645083.65315036,769,82545,36963674.68,6324299.345,892165,16387,54.4434612802832,NA,NA,NA,55.4012308344982,5.99430432346882,NA,18.7,9.90347943597373,3.60926464200019,19.7918802499771,11.6374023258686,15.849095582962,28.9141565561294,9.08147767186164,11.1167229712009,710965,832474.317523179,22910.1639196561,855384.481442834,83.1164538973865,NA,NA,NA,NA,NA,0.861948182230865,9.25221231498658
"Chile",2011,"Región de Antofagasta",3,"Mediana",0.0264297935854964,0.233957589200189,0.0608169151078787,5862141.47979958,726,54955,33915034.94,6783820.175,570307,126049.1,4.52448291975111,NA,NA,NA,59.1326304923242,6.26963557359993,NA,6.8,11.3909051115952,1.65846236050128,7.63694792985916,9.66441929340362,17.6980093121528,36.3607227802276,11.760850995779,15.2205869555473,1293764,1422434.83067852,19420.430374467,1441855.26105298,89.7291092601166,NA,NA,NA,NA,NA,1.27299857795889,9.63603813384721
"Chile",2011,"Región del Libertador General Bernardo O'Higgins",8,"Grande",0.00623704727129182,0.292858356596674,0.71330294807532,13694713.8313807,316,120643,267985265.61,14381695.259,892165,16387,54.4434612802832,NA,NA,NA,55.4012308344982,5.99430432346882,NA,18.7,9.90347943597373,3.60926464200019,19.7918802499771,11.6374023258686,15.849095582962,28.9141565561294,9.08147767186164,11.1167229712009,710965,832474.317523179,22910.1639196561,855384.481442834,83.1164538973865,NA,NA,NA,NA,NA,0.354194571631929,13.5224986409465
"Chile",2011,"Región del Biobío",10,"Sin Ventas/Sin Información",0.152963854104008,0.102808107165619,0,11592787.972866,11189,68397,0,13238744.21,1576632,23890.2,65.9949267900645,NA,NA,NA,52.4937662510177,8.36518511009128,NA,31.9,9.91918369971867,3.65698486566543,19.3102210760116,11.7368429899215,16.6042476892471,28.1843841075897,8.95363092422485,11.5536883473396,661036,776175.157840427,33265.7169020237,809440.87474245,81.6657159765189,NA,NA,NA,NA,NA,7.09677337514398,4.3381714946798
"Chile",2012,"Región de Aysén del General Carlos Ibáñez del Campo",15,"Sin Ventas/Sin Información",0.113502398903358,0.100548039893354,0,862519.559420108,828,4073,0,1026472.47,102053,108494.4,0.94062919376484,NA,NA,NA,66.4576629713705,4.29151894513241,NA,NA,NA,NA,NA,NA,NA,NA,NA,NA,NA,NA,NA,NA,NA,NA,5.62286569677691,7.8,NA,NA,8.113431256308,3.99106346702204
"Chile",2012,"Región del Libertador General Bernardo O'Higgins",8,"Micro",0.675554275842211,0.141859285524669,0.0469784837632447,3113734.00616686,35193,59851,18696888.53,3965380.455,902274,16387,55.0603527186184,NA,NA,NA,57.5105626061707,5.84642216759095,NA,NA,NA,NA,NA,NA,NA,NA,NA,NA,NA,NA,NA,NA,NA,NA,5.86893707028615,7.8,NA,NA,39.0047812527015,6.63335084464364
"Chile",2012,"Región de Valparaíso",6,"Pequeña",0.156661445965745,0.269485478871347,0.111502643840412,12363889.6405266,15504,216648,110064273.22,15879672.639,1787099,16396.1,108.995370850385,NA,NA,NA,55.7311962510402,7.50013931489413,NA,NA,NA,NA,NA,NA,NA,NA,NA,NA,NA,NA,NA,NA,NA,NA,6.50252120962375,7.6,NA,NA,8.67551266046257,12.1228874281727
"Chile",2012,"Región del Maule",9,"Grande",0.00465605286872935,0.223877913166923,0.5160236486686,8965672.8978406,310,94622,141805746.66,10017271.6,1035111,16387,63.1665954720205,NA,NA,NA,53.9069662978763,6.5296143350653,NA,NA,NA,NA,NA,NA,NA,NA,NA,NA,NA,NA,NA,NA,NA,NA,6.18646733471005,6.5,NA,NA,0.299484789553971,9.14124185715349
"Chile",2012,"Región del Biobío",10,"Grande",0.00750476493011436,0.313934186114637,0.697683527932983,28239677.945873,567,208975,420786731.83,31570720.741,1587457,23890.2,66.4480414563294,NA,NA,NA,51.8611857209838,8.42315094955191,NA,NA,NA,NA,NA,NA,NA,NA,NA,NA,NA,NA,NA,NA,NA,NA,5.86308126336377,7.4,NA,NA,0.357175028992911,13.1641360994345
"Chile",2012,"Región de Antofagasta",3,"Sin Ventas/Sin Información",0.13309755585125,0.0414873344942011,0,2080533.73053744,3801,10102,0,2474684.961,578137,126049.1,4.58660157034045,NA,NA,NA,57.4750677148933,5.29555387766985,NA,NA,NA,NA,NA,NA,NA,NA,NA,NA,NA,NA,NA,NA,NA,NA,4.79485827963205,8.6,NA,NA,6.57456623603056,1.74733670393004
"Chile",2012,"Región de Arica y Parinacota",1,"Mediana",0.010196905766526,0.177322486418607,0.115273276419817,1237952.81747746,145,12991,6645900.03,1470169.897,222202,16873.3,13.1688525658881,NA,NA,NA,56.5406327927438,6.4206222145157,NA,NA,NA,NA,NA,NA,NA,NA,NA,NA,NA,NA,NA,NA,NA,NA,6.47732660058874,9.9,NA,NA,0.652559382903844,5.84648202986472
"Chile",2012,"Región de Arica y Parinacota",1,"Sin Ventas/Sin Información",0.140084388185654,0.028855341104529,0,217428.922681133,1992,2114,0,284582.295,222202,16873.3,13.1688525658881,NA,NA,NA,56.5406327927438,6.4206222145157,NA,NA,NA,NA,NA,NA,NA,NA,NA,NA,NA,NA,NA,NA,NA,NA,6.47732660058874,9.9,NA,NA,8.96481579823764,0.951386576178432
"Chile",2012,"Región de Los Ríos",13,"Grande",0.00455139689149276,0.206377124968736,0.62455024501041,3738997.498579,94,25579,68917877.6,4255431.942,387211,18429.5,21.0103909492932,NA,NA,NA,55.340161300411,6.61974214120542,NA,NA,NA,NA,NA,NA,NA,NA,NA,NA,NA,NA,NA,NA,NA,NA,6.89772608194488,7.7,NA,NA,0.242761698402163,6.60595902492439
"Chile",2012,"Región de Aysén del General Carlos Ibáñez del Campo",15,"Mediana",0.0135709389993146,0.189542806359238,0.172826378931388,416711.844732876,99,7678,4977936.27,504066.813,102053,108494.4,0.94062919376484,NA,NA,NA,66.4576629713705,4.29151894513241,NA,NA,NA,NA,NA,NA,NA,NA,NA,NA,NA,NA,NA,NA,NA,NA,5.62286569677691,7.8,NA,NA,0.970084171949869,7.52354168912232
"Chile",2012,"Región de Coquimbo",5,"Sin Ventas/Sin Información",0.135427952329361,0.056560092449923,0,2732426.81166573,5000,14683,0,3188465.391,730943,40579.9,18.0124396560859,NA,NA,NA,56.5791431271464,6.30696510866516,NA,NA,NA,NA,NA,NA,NA,NA,NA,NA,NA,NA,NA,NA,NA,NA,5.39265889470786,8.8,NA,NA,6.84047866933537,2.00877496603702
"Chile",2012,"Región de Magallanes y la Antártica Chilena",16,"Pequeña",0.171395431834404,0.281062553556127,0.1739737943377,1046192.72125859,1921,26240,13453197.9,1473574.169,163877,132297.2,1.23870346462359,NA,NA,NA,59.8263974134091,4.20858687890964,NA,NA,NA,NA,NA,NA,NA,NA,NA,NA,NA,NA,NA,NA,NA,NA,6.30065261232823,7.2,NA,NA,11.722206288863,16.0120090067551
"Chile",2012,"Región de Aysén del General Carlos Ibáñez del Campo",15,"Micro",0.732145305003427,0.215784536387874,0.0890805680718182,425714.389354151,5341,8741,2565796.92,603562.093,102053,108494.4,0.94062919376484,NA,NA,NA,66.4576629713705,4.29151894513241,NA,NA,NA,NA,NA,NA,NA,NA,NA,NA,NA,NA,NA,NA,NA,NA,5.62286569677691,7.8,NA,NA,52.3355511351945,8.56515732021597
"Chile",2012,"Región de Arica y Parinacota",1,"Pequeña",0.120393811533052,0.335358030083809,0.20087062039602,1025421.65536851,1712,24569,11580880.7,1319311.69,222202,16873.3,13.1688525658881,NA,NA,NA,56.5406327927438,6.4206222145157,NA,NA,NA,NA,NA,NA,NA,NA,NA,NA,NA,NA,NA,NA,NA,NA,6.47732660058874,9.9,NA,NA,7.70470112780263,11.0570561921135
"Chile",2012,"Región de Tarapacá",2,"Grande",0.0210467079347214,0.310615737903434,0.70861787507905,6279553.94661847,374,42067,167342534.34,6931514.679,308251,42225.9,7.30004570654503,NA,NA,NA,62.0581281902792,4.65077627577948,NA,NA,NA,NA,NA,NA,NA,NA,NA,NA,NA,NA,NA,NA,NA,NA,4.02832291036449,7.2,NA,NA,1.21329695605205,13.646995467979
"Chile",2012,"Región de Aysén del General Carlos Ibáñez del Campo",15,"Pequeña",0.137217272104181,0.300459168559297,0.239035356626105,424149.116322071,1001,12171,6884960.38,573628.02,102053,108494.4,0.94062919376484,NA,NA,NA,66.4576629713705,4.29151894513241,NA,NA,NA,NA,NA,NA,NA,NA,NA,NA,NA,NA,NA,NA,NA,NA,5.62286569677691,7.8,NA,NA,9.80862884971534,11.9261560169716
"Chile",2012,"Región del Maule",9,"Sin Ventas/Sin Información",0.15446079903875,0.0947024724949722,0,6917951.07813569,10284,40026,0,7909467.836,1035111,16387,63.1665954720205,NA,NA,NA,53.9069662978763,6.5296143350653,NA,NA,NA,NA,NA,NA,NA,NA,NA,NA,NA,NA,NA,NA,NA,NA,6.18646733471005,6.5,NA,NA,9.9351663734614,3.86683167312491
"Chile",2012,"Región del Maule",9,"Mediana",0.0152598377891259,0.211226783390512,0.170004748110899,5415219.79947031,1016,89275,46718111.28,6136604.321,1035111,16387,63.1665954720205,NA,NA,NA,53.9069662978763,6.5296143350653,NA,NA,NA,NA,NA,NA,NA,NA,NA,NA,NA,NA,NA,NA,NA,NA,6.18646733471005,6.5,NA,NA,0.981537245763981,8.6246788991712
"Chile",2012,"Región de Valparaíso",6,"Sin Ventas/Sin Información",0.167857323296115,0.101144126617674,0,19013038.1165137,16612,81313,0,20647268.749,1787099,16396.1,108.995370850385,NA,NA,NA,55.7311962510402,7.50013931489413,NA,NA,NA,NA,NA,NA,NA,NA,NA,NA,NA,NA,NA,NA,NA,NA,6.50252120962375,7.6,NA,NA,9.29551188826137,4.54999974819526
"Chile",2012,"Región de Valparaíso",6,"Grande",0.00732582226039509,0.312788892592906,0.760558938798503,37262282.5422794,725,251461,750747820.47,40951534.55,1787099,16396.1,108.995370850385,NA,NA,NA,55.7311962510402,7.50013931489413,NA,NA,NA,NA,NA,NA,NA,NA,NA,NA,NA,NA,NA,NA,NA,NA,6.50252120962375,7.6,NA,NA,0.405685415301559,14.0709048575373
"Chile",2012,"Región de Arica y Parinacota",1,"Grande",0.00316455696202532,0.169023504681827,0.603205728693873,1821228.42467997,45,12383,34776880.6,2165834.526,222202,16873.3,13.1688525658881,NA,NA,NA,56.5406327927438,6.4206222145157,NA,NA,NA,NA,NA,NA,NA,NA,NA,NA,NA,NA,NA,NA,NA,NA,6.47732660058874,9.9,NA,NA,0.202518429177055,5.57285712999883
"Chile",2012,"Región de Aysén del General Carlos Ibáñez del Campo",15,"Grande",0.00356408498971899,0.193665448800237,0.499057696370689,758757.483531315,26,7845,14374411.03,824208.927,102053,108494.4,0.94062919376484,NA,NA,NA,66.4576629713705,4.29151894513241,NA,NA,NA,NA,NA,NA,NA,NA,NA,NA,NA,NA,NA,NA,NA,NA,5.62286569677691,7.8,NA,NA,0.254769580512087,7.68718215045124
"Chile",2012,"Región de Los Ríos",13,"Sin Ventas/Sin Información",0.134701980341839,0.0642069338324875,0,1242067.67003625,2782,7958,0,1517418.451,387211,18429.5,21.0103909492932,NA,NA,NA,55.340161300411,6.61974214120542,NA,NA,NA,NA,NA,NA,NA,NA,NA,NA,NA,NA,NA,NA,NA,NA,6.89772608194488,7.7,NA,NA,7.18471324420019,2.05521020838767
"Chile",2012,"Región de Magallanes y la Antártica Chilena",16,"Grande",0.00963597430406852,0.368487574978578,0.638213435241001,3328109.32569995,108,34402,49352327.34,3791131.098,163877,132297.2,1.23870346462359,NA,NA,NA,59.8263974134091,4.20858687890964,NA,NA,NA,NA,NA,NA,NA,NA,NA,NA,NA,NA,NA,NA,NA,NA,6.30065261232823,7.2,NA,NA,0.659030858509736,20.9925736985666
"Chile",2012,"Región de Atacama",4,"Mediana",0.0212347620920173,0.188567964743852,0.100686101058264,2249373.77466181,324,23020,15263763.38,2450838.778,291941,75176.2,3.88342321106946,NA,NA,NA,57.9706615130651,4.9076043238634,NA,NA,NA,NA,NA,NA,NA,NA,NA,NA,NA,NA,NA,NA,NA,NA,5.08420383195072,8.5,NA,NA,1.10981328419098,7.88515487718409
"Chile",2012,"Región de Atacama",4,"Sin Ventas/Sin Información",0.146546074190589,0.0540719867625616,0,1480105.67822971,2236,6601,0,1635613.854,291941,75176.2,3.88342321106946,NA,NA,NA,57.9706615130651,4.9076043238634,NA,NA,NA,NA,NA,NA,NA,NA,NA,NA,NA,NA,NA,NA,NA,NA,5.08420383195072,8.5,NA,NA,7.65908180077481,2.261073299057
"Chile",2012,"Región de Coquimbo",5,"Micro",0.689680390032503,0.137604006163328,0.0630941307943498,1507907.39901581,25463,35722,13253596.89,2099214.266,730943,40579.9,18.0124396560859,NA,NA,NA,56.5791431271464,6.30696510866516,NA,NA,NA,NA,NA,NA,NA,NA,NA,NA,NA,NA,NA,NA,NA,NA,5.39265889470786,8.8,NA,NA,34.8358216714573,4.88711158051996
"Chile",2012,"Región de Tarapacá",2,"Sin Ventas/Sin Información",0.105627462014631,0.0724280260797011,0,1484086.1175227,1877,9809,0,1857021.345,308251,42225.9,7.30004570654503,NA,NA,NA,62.0581281902792,4.65077627577948,NA,NA,NA,NA,NA,NA,NA,NA,NA,NA,NA,NA,NA,NA,NA,NA,4.02832291036449,7.2,NA,NA,6.08919354681737,3.18214701655469
"Chile",2012,"Región de Arica y Parinacota",1,"Micro",0.726160337552743,0.289440637711228,0.080650374490289,1385144.81190403,10326,21205,4649770.9,1696622.506,222202,16873.3,13.1688525658881,NA,NA,NA,56.5406327927438,6.4206222145157,NA,NA,NA,NA,NA,NA,NA,NA,NA,NA,NA,NA,NA,NA,NA,NA,6.47732660058874,9.9,NA,NA,46.4712288818282,9.54311842377656
"Chile",2012,"Región Metropolitana",7,"Grande",0.0208483088791479,0.576645563829473,0.89029397427974,777728656.153342,8875,4355047,12365920399.3,834461669.135,7065046,15403.2,458.673911914407,NA,NA,NA,59.8534792943201,6.53018862782991,NA,NA,NA,NA,NA,NA,NA,NA,NA,NA,NA,NA,NA,NA,NA,NA,5.32077938016045,7.1,NA,NA,1.25618431925284,61.6421605747507
"Chile",2012,"Región de Tarapacá",2,"Pequeña",0.17343837929094,0.271762004267856,0.104835524335293,1980881.45923564,3082,36805,24757267.56,2539576.947,308251,42225.9,7.30004570654503,NA,NA,NA,62.0581281902792,4.65077627577948,NA,NA,NA,NA,NA,NA,NA,NA,NA,NA,NA,NA,NA,NA,NA,NA,4.02832291036449,7.2,NA,NA,9.99834550415084,11.9399450447849
"Chile",2012,"Región de Coquimbo",5,"Mediana",0.018011917659805,0.214969183359014,0.151200066151967,5363744.41009322,665,55806,31761190.8,6330604.48,730943,40579.9,18.0124396560859,NA,NA,NA,56.5791431271464,6.30696510866516,NA,NA,NA,NA,NA,NA,NA,NA,NA,NA,NA,NA,NA,NA,NA,NA,5.39265889470786,8.8,NA,NA,0.909783663021604,7.63479505241859
"Chile",2012,"Región de Ñuble",11,"Pequeña",0.129373232097663,0.289798602318277,0.119655910869991,2222713.20496349,3476,41427,23996475.4,2550290.664,484129,13178.5,36.7362749933604,NA,NA,NA,53.9901382698745,8.16795790907128,NA,NA,NA,NA,NA,NA,NA,NA,NA,NA,NA,NA,NA,NA,NA,NA,NA,NA,NA,NA,7.17990452957786,8.55701682815944
"Chile",2012,"Región de Los Ríos",13,"Micro",0.703336077083232,0.209071912088621,0.0653085905581476,2038176.47032472,14526,25913,7206673.1,2441175.397,387211,18429.5,21.0103909492932,NA,NA,NA,55.340161300411,6.61974214120542,NA,NA,NA,NA,NA,NA,NA,NA,NA,NA,NA,NA,NA,NA,NA,NA,6.89772608194488,7.7,NA,NA,37.514430116913,6.69221690499495
"Chile",2012,"Región de La Araucanía",12,"Grande",0.00490908707835577,0.291336317329182,0.469310298635717,8816210.34339381,233,96201,86783699.58,10007903.365,963294,31842.3,30.2520232520892,NA,NA,NA,55.3547205957704,7.5166134638064,NA,NA,NA,NA,NA,NA,NA,NA,NA,NA,NA,NA,NA,NA,NA,NA,6.08477114184248,7.6,NA,NA,0.241878388114117,9.98667073603697
"Chile",2012,"Región del Maule",9,"Pequeña",0.138510063082007,0.33350526440317,0.232393068966262,6509260.27646867,9222,140956,63862717.82,7688714.074,1035111,16387,63.1665954720205,NA,NA,NA,53.9069662978763,6.5296143350653,NA,NA,NA,NA,NA,NA,NA,NA,NA,NA,NA,NA,NA,NA,NA,NA,6.18646733471005,6.5,NA,NA,8.90918944924747,13.6174767730224
"Chile",2012,"Región de Ñuble",11,"Grande",0.00387077564388864,0.168750131163825,0.741772391309835,2454663.97410535,104,24123,148759244.83,2647482.104,484129,13178.5,36.7362749933604,NA,NA,NA,53.9901382698745,8.16795790907128,NA,NA,NA,NA,NA,NA,NA,NA,NA,NA,NA,NA,NA,NA,NA,NA,NA,NA,NA,NA,0.214818777639844,4.98276285865957
"Chile",2012,"Región de Valparaíso",6,"Micro",0.648673773556308,0.135536338894334,0.0345251608697468,5188877.88521446,64196,108962,34079790.47,6991419.298,1787099,16396.1,108.995370850385,NA,NA,NA,55.7311962510402,7.50013931489413,NA,NA,NA,NA,NA,NA,NA,NA,NA,NA,NA,NA,NA,NA,NA,NA,6.50252120962375,7.6,NA,NA,35.9219047182053,6.09714403063289
"Chile",2012,"Región de Atacama",4,"Pequeña",0.173941538864858,0.2488490964793,0.122824996896255,1788045.54774071,2654,30379,18619965.12,2236648.74,291941,75176.2,3.88342321106946,NA,NA,NA,57.9706615130651,4.9076043238634,NA,NA,NA,NA,NA,NA,NA,NA,NA,NA,NA,NA,NA,NA,NA,NA,5.08420383195072,8.5,NA,NA,9.09087795136688,10.4058696791475
"Chile",2012,"Región del Maule",9,"Micro",0.687113247221388,0.136687566544422,0.0815785342542397,2814266.37613166,45748,57771,22418168.22,3488476.436,1035111,16387,63.1665954720205,NA,NA,NA,53.9069662978763,6.5296143350653,NA,NA,NA,NA,NA,NA,NA,NA,NA,NA,NA,NA,NA,NA,NA,NA,6.18646733471005,6.5,NA,NA,44.1962262984356,5.58114057332982
"Chile",2012,"Región de Antofagasta",3,"Pequeña",0.196267245605435,0.249002036994448,0.111131060485967,4360716.32115316,5605,60631,41057507.17,5730828.43,578137,126049.1,4.58660157034045,NA,NA,NA,57.4750677148933,5.29555387766985,NA,NA,NA,NA,NA,NA,NA,NA,NA,NA,NA,NA,NA,NA,NA,NA,4.79485827963205,8.6,NA,NA,9.6949338997504,10.4873066418513
"Chile",2012,"Región de La Araucanía",12,"Micro",0.686914017234477,0.151244980406171,0.0859103584800498,2514815.47951993,32603,49942,15886330.99,3328103.116,963294,31842.3,30.2520232520892,NA,NA,NA,55.3547205957704,7.5166134638064,NA,NA,NA,NA,NA,NA,NA,NA,NA,NA,NA,NA,NA,NA,NA,NA,6.08477114184248,7.6,NA,NA,33.8453265565861,5.18450234300224
"Chile",2012,"Región de Los Ríos",13,"Mediana",0.0148646685711519,0.175298322616041,0.126332166609001,1580832.56689013,307,21727,13940503.37,1812947.455,387211,18429.5,21.0103909492932,NA,NA,NA,55.340161300411,6.61974214120542,NA,NA,NA,NA,NA,NA,NA,NA,NA,NA,NA,NA,NA,NA,NA,NA,6.89772608194488,7.7,NA,NA,0.792849376696427,5.61115257572745
"Chile",2012,"Región de Coquimbo",5,"Pequeña",0.150541711809317,0.323932973805855,0.184951835849599,6021905.14253402,5558,84093,38851110.96,7064663.182,730943,40579.9,18.0124396560859,NA,NA,NA,56.5791431271464,6.30696510866516,NA,NA,NA,NA,NA,NA,NA,NA,NA,NA,NA,NA,NA,NA,NA,NA,5.39265889470786,8.8,NA,NA,7.60387608883319,11.5047274548084
"Chile",2012,"Región de Ñuble",11,"Sin Ventas/Sin Información",0.143107041834152,0.143881469874293,0,3115289.55481137,3845,20568,0,3577486.19,484129,13178.5,36.7362749933604,NA,NA,NA,53.9901382698745,8.16795790907128,NA,NA,NA,NA,NA,NA,NA,NA,NA,NA,NA,NA,NA,NA,NA,NA,NA,NA,NA,NA,7.94209807716538,4.24845444086184
"Chile",2012,"Región del Biobío",10,"Sin Ventas/Sin Información",0.152173337568827,0.110931174089069,0,12958119.318916,11497,73843,0,14698007.93,1587457,23890.2,66.4480414563294,NA,NA,NA,51.8611857209838,8.42315094955191,NA,NA,NA,NA,NA,NA,NA,NA,NA,NA,NA,NA,NA,NA,NA,NA,5.86308126336377,7.4,NA,NA,7.24240089652822,4.65165355660027
"Chile",2012,"Región Metropolitana",7,"Micro",0.566315240524884,0.0628689151143196,0.010638441035801,42324923.1275829,241077,474810,147764804.46,54315262.203,7065046,15403.2,458.673911914407,NA,NA,NA,59.8534792943201,6.53018862782991,NA,NA,NA,NA,NA,NA,NA,NA,NA,NA,NA,NA,NA,NA,NA,NA,5.32077938016045,7.1,NA,NA,34.1224954515512,6.72055072252891
"Chile",2012,"Región del Libertador General Bernardo O'Higgins",8,"Grande",0.00641136385449659,0.29674760135007,0.706331233242066,15287137.9286447,334,125199,281111591.42,16046066.085,902274,16387,55.0603527186184,NA,NA,NA,57.5105626061707,5.84642216759095,NA,NA,NA,NA,NA,NA,NA,NA,NA,NA,NA,NA,NA,NA,NA,NA,5.86893707028615,7.8,NA,NA,0.370175800255798,13.8759401246185
"Chile",2012,"Región de Los Lagos",14,"Grande",0.00739574196635037,0.323163679933319,0.690168204783825,13453571.150537,371,124069,264644738.98,14640724.088,834466,48583.6,17.1758782799134,NA,NA,NA,58.3414681086575,3.88447671037409,NA,NA,NA,NA,NA,NA,NA,NA,NA,NA,NA,NA,NA,NA,NA,NA,5.8928481827273,8.4,NA,NA,0.444595705517061,14.8680713174653
"Chile",2012,"Región de Los Lagos",14,"Micro",0.67115859979268,0.172379662429673,0.0453748765089546,4529075.72403691,33668,66180,17398979.36,5584474.016,834466,48583.6,17.1758782799134,NA,NA,NA,58.3414681086575,3.88447671037409,NA,NA,NA,NA,NA,NA,NA,NA,NA,NA,NA,NA,NA,NA,NA,NA,5.8928481827273,8.4,NA,NA,40.3467606828798,7.93082042887308
"Chile",2012,"Región de La Araucanía",12,"Sin Ventas/Sin Información",0.149695552324969,0.0656287287329727,0,3888212.14475226,7105,21671,0,4517691.426,963294,31842.3,30.2520232520892,NA,NA,NA,55.3547205957704,7.5166134638064,NA,NA,NA,NA,NA,NA,NA,NA,NA,NA,NA,NA,NA,NA,NA,NA,6.08477114184248,7.6,NA,NA,7.37573368047553,2.24967663039529
"Chile",2012,"Región del Libertador General Bernardo O'Higgins",8,"Pequeña",0.155408388520971,0.320850240813076,0.144326418766887,5727379.0421819,8096,135368,57440231.09,6763385.481,902274,16387,55.0603527186184,NA,NA,NA,57.5105626061707,5.84642216759095,NA,NA,NA,NA,NA,NA,NA,NA,NA,NA,NA,NA,NA,NA,NA,NA,5.86893707028615,7.8,NA,NA,8.97288406847587,15.0029813559961
"Chile",2012,"Región de Atacama",4,"Grande",0.00779918731157426,0.33636691295729,0.741185001074582,9634625.11786321,119,41063,112361809.21,10047751.174,291941,75176.2,3.88342321106946,NA,NA,NA,57.9706615130651,4.9076043238634,NA,NA,NA,NA,NA,NA,NA,NA,NA,NA,NA,NA,NA,NA,NA,NA,5.08420383195072,8.5,NA,NA,0.407616607465207,14.0655132372637
"Chile",2012,"Región de Coquimbo",5,"Grande",0.00633802816901408,0.26693374422188,0.600753967204085,11677171.8246501,234,69296,126194795.16,12412585.358,730943,40579.9,18.0124396560859,NA,NA,NA,56.5791431271464,6.30696510866516,NA,NA,NA,NA,NA,NA,NA,NA,NA,NA,NA,NA,NA,NA,NA,NA,5.39265889470786,8.8,NA,NA,0.320134401724895,9.48035619740527
"Chile",2012,"Región del Biobío",10,"Mediana",0.0203038966539602,0.192308443436263,0.117389450020788,10329479.7112682,1534,128013,70799898.59,11640558.089,1587457,23890.2,66.4480414563294,NA,NA,NA,51.8611857209838,8.42315094955191,NA,NA,NA,NA,NA,NA,NA,NA,NA,NA,NA,NA,NA,NA,NA,NA,5.86308126336377,7.4,NA,NA,0.966325387081351,8.06402945087646
"Chile",2012,"Región Metropolitana",7,"Sin Ventas/Sin Información",0.180150530662871,0.053459697014756,0,95129743.9791214,76689,403748,0,110296219.808,7065046,15403.2,458.673911914407,NA,NA,NA,59.8534792943201,6.53018862782991,NA,NA,NA,NA,NA,NA,NA,NA,NA,NA,NA,NA,NA,NA,NA,NA,5.32077938016045,7.1,NA,NA,10.8547063954007,5.71472570737685
"Chile",2012,"Región de Antofagasta",3,"Micro",0.632397226696547,0.10846174064461,0.0296399367824286,1664183.81393268,18060,26410,10950511.15,2115995.866,578137,126049.1,4.58660157034045,NA,NA,NA,57.4750677148933,5.29555387766985,NA,NA,NA,NA,NA,NA,NA,NA,NA,NA,NA,NA,NA,NA,NA,NA,4.79485827963205,8.6,NA,NA,31.2382705137364,4.56812139683155
"Chile",2012,"Región de Antofagasta",3,"Grande",0.010329855031865,0.377837828958176,0.75725688058502,22366270.5110108,295,92002,279769487.2,23565193.859,578137,126049.1,4.58660157034045,NA,NA,NA,57.4750677148933,5.29555387766985,NA,NA,NA,NA,NA,NA,NA,NA,NA,NA,NA,NA,NA,NA,NA,NA,4.79485827963205,8.6,NA,NA,0.510259678934232,15.9135291462058
"Chile",2012,"Región de La Araucanía",12,"Mediana",0.0157596443545499,0.178418926367177,0.187099653487259,4741815.91481703,748,58915,34598005.13,5373359.401,963294,31842.3,30.2520232520892,NA,NA,NA,55.3547205957704,7.5166134638064,NA,NA,NA,NA,NA,NA,NA,NA,NA,NA,NA,NA,NA,NA,NA,NA,6.08477114184248,7.6,NA,NA,0.776502293173216,6.11599366340909
"Chile",2012,"Región de Atacama",4,"Micro",0.650478437540962,0.172144039056996,0.0353039009708982,1929008.56754577,9925,21015,5351983.89,2525095.772,291941,75176.2,3.88342321106946,NA,NA,NA,57.9706615130651,4.9076043238634,NA,NA,NA,NA,NA,NA,NA,NA,NA,NA,NA,NA,NA,NA,NA,NA,5.08420383195072,8.5,NA,NA,33.9965952024553,7.19837227384985
"Chile",2012,"Región de Valparaíso",6,"Mediana",0.0194816349214369,0.181045163023738,0.093413256491339,12183929.6793248,1928,145548,92208236.78,14492200.353,1787099,16396.1,108.995370850385,NA,NA,NA,55.7311962510402,7.50013931489413,NA,NA,NA,NA,NA,NA,NA,NA,NA,NA,NA,NA,NA,NA,NA,NA,6.50252120962375,7.6,NA,NA,1.07884342165711,8.14437252776707
"Chile",2012,"Región del Libertador General Bernardo O'Higgins",8,"Sin Ventas/Sin Información",0.146520779345427,0.046828188403049,0,2787362.08109387,7633,19757,0,3268711.258,902274,16387,55.0603527186184,NA,NA,NA,57.5105626061707,5.84642216759095,NA,NA,NA,NA,NA,NA,NA,NA,NA,NA,NA,NA,NA,NA,NA,NA,5.86893707028615,7.8,NA,NA,8.45973617770212,2.18968960648317
"Chile",2012,"Región de Los Lagos",14,"Pequeña",0.159437046487521,0.272793811210669,0.148361611023126,7377720.31552589,7998,104731,56889204.04,8752670.559,834466,48583.6,17.1758782799134,NA,NA,NA,58.3414681086575,3.88447671037409,NA,NA,NA,NA,NA,NA,NA,NA,NA,NA,NA,NA,NA,NA,NA,NA,5.8928481827273,8.4,NA,NA,9.58457264885567,12.5506611413766
"Chile",2012,"Región de Los Lagos",14,"Sin Ventas/Sin Información",0.14307072801212,0.0500026047093144,0,2581053.63945195,7177,19197,0,3049784.332,834466,48583.6,17.1758782799134,NA,NA,NA,58.3414681086575,3.88447671037409,NA,NA,NA,NA,NA,NA,NA,NA,NA,NA,NA,NA,NA,NA,NA,NA,5.8928481827273,8.4,NA,NA,8.60070991508342,2.30051314253666
"Chile",2012,"Región de Los Lagos",14,"Mediana",0.0189378837413284,0.181660241717024,0.116095307684095,4990127.58161366,950,69743,44516702.14,5615518.361,834466,48583.6,17.1758782799134,NA,NA,NA,58.3414681086575,3.88447671037409,NA,NA,NA,NA,NA,NA,NA,NA,NA,NA,NA,NA,NA,NA,NA,NA,5.8928481827273,8.4,NA,NA,1.13845261520541,8.3578000781338
"Chile",2012,"Región de Ñuble",11,"Micro",0.708686913800804,0.160054843967513,0.0456261565103255,1158622.54395986,19041,22880,9150128.35,1527160.024,484129,13178.5,36.7362749933604,NA,NA,NA,53.9901382698745,8.16795790907128,NA,NA,NA,NA,NA,NA,NA,NA,NA,NA,NA,NA,NA,NA,NA,NA,NA,NA,NA,NA,39.330426394618,4.72601310807657
"Chile",2012,"Región de Ñuble",11,"Mediana",0.0149620366234926,0.237514952676092,0.0929455413098488,3063584.51022811,402,33953,18639826.31,3367439.543,484129,13178.5,36.7362749933604,NA,NA,NA,53.9901382698745,8.16795790907128,NA,NA,NA,NA,NA,NA,NA,NA,NA,NA,NA,NA,NA,NA,NA,NA,NA,NA,NA,NA,0.830357198184781,7.01321342039002
"Chile",2012,"Región de Magallanes y la Antártica Chilena",16,"Mediana",0.0187366167023555,0.173339760068552,0.133452474899299,894226.896363796,210,16183,10319729.83,1097762.424,163877,132297.2,1.23870346462359,NA,NA,NA,59.8263974134091,4.20858687890964,NA,NA,NA,NA,NA,NA,NA,NA,NA,NA,NA,NA,NA,NA,NA,NA,6.30065261232823,7.2,NA,NA,1.28144889154671,9.87508924376209
"Chile",2012,"Región del Biobío",10,"Micro",0.663304743752647,0.11014549360414,0.0438104120115251,2942580.04799329,50114,73320,26422925.8,3929090.413,1587457,23890.2,66.4480414563294,NA,NA,NA,51.8611857209838,8.42315094955191,NA,NA,NA,NA,NA,NA,NA,NA,NA,NA,NA,NA,NA,NA,NA,NA,5.86308126336377,7.4,NA,NA,31.5687291057333,4.61870778232103
"Chile",2012,"Región de Antofagasta",3,"Mediana",0.027908116814903,0.223211058908565,0.101972122146584,6417132.16875174,797,54351,37673726.12,7440040.832,578137,126049.1,4.58660157034045,NA,NA,NA,57.4750677148933,5.29555387766985,NA,NA,NA,NA,NA,NA,NA,NA,NA,NA,NA,NA,NA,NA,NA,NA,4.79485827963205,8.6,NA,NA,1.37856598003587,9.40105891856083
"Chile",2012,"Región del Libertador General Bernardo O'Higgins",8,"Mediana",0.0161051924368941,0.193714683909136,0.102363864227802,6061498.26485482,839,81729,40739623.88,6717866.765,902274,16387,55.0603527186184,NA,NA,NA,57.5105626061707,5.84642216759095,NA,NA,NA,NA,NA,NA,NA,NA,NA,NA,NA,NA,NA,NA,NA,NA,5.86893707028615,7.8,NA,NA,0.929872743756331,9.05811316739704
"Chile",2012,"Región de La Araucanía",12,"Pequeña",0.142721699007648,0.313371047164497,0.257679689396974,6853625.76310652,6774,103477,47649490.79,8641669.089,963294,31842.3,30.2520232520892,NA,NA,NA,55.3547205957704,7.5166134638064,NA,NA,NA,NA,NA,NA,NA,NA,NA,NA,NA,NA,NA,NA,NA,NA,6.08477114184248,7.6,NA,NA,7.03212103469969,10.7419956939418
"Chile",2012,"Región de Los Ríos",13,"Pequeña",0.142545877112284,0.345045706494114,0.183808997822442,3014353.52103154,2944,42766,20282957.4,3715661.308,387211,18429.5,21.0103909492932,NA,NA,NA,55.340161300411,6.61974214120542,NA,NA,NA,NA,NA,NA,NA,NA,NA,NA,NA,NA,NA,NA,NA,NA,6.89772608194488,7.7,NA,NA,7.60308978825498,11.0446242487946
"Chile",2012,"Región Metropolitana",7,"Pequeña",0.196963076764061,0.159111676172058,0.0456347123082674,92442707.0713067,83846,1201672,633852678.05,126609350.71,7065046,15403.2,458.673911914407,NA,NA,NA,59.8534792943201,6.53018862782991,NA,NA,NA,NA,NA,NA,NA,NA,NA,NA,NA,NA,NA,NA,NA,NA,5.32077938016045,7.1,NA,NA,11.8677217388252,17.0086932201149
"Chile",2012,"Región de Magallanes y la Antártica Chilena",16,"Micro",0.664346895074946,0.130280634104542,0.0543602955220003,365816.449270372,7446,12163,4203620.53,512429.748,163877,132297.2,1.23870346462359,NA,NA,NA,59.8263974134091,4.20858687890964,NA,NA,NA,NA,NA,NA,NA,NA,NA,NA,NA,NA,NA,NA,NA,NA,6.30065261232823,7.2,NA,NA,45.436516411699,7.42202993708696
"Chile",2012,"Región de Tarapacá",2,"Micro",0.657625211029826,0.125635932688971,0.0256628064588754,565705.224792592,11686,17015,6060359.5,869524.567,308251,42225.9,7.30004570654503,NA,NA,NA,62.0581281902792,4.65077627577948,NA,NA,NA,NA,NA,NA,NA,NA,NA,NA,NA,NA,NA,NA,NA,NA,4.02832291036449,7.2,NA,NA,37.9106637123643,5.51985232813519
"Chile",2012,"Región de Magallanes y la Antártica Chilena",16,"Sin Ventas/Sin Información",0.135885082084226,0.0468294772922022,0,1020076.41315958,1523,4372,0,1149751.316,163877,132297.2,1.23870346462359,NA,NA,NA,59.8263974134091,4.20858687890964,NA,NA,NA,NA,NA,NA,NA,NA,NA,NA,NA,NA,NA,NA,NA,NA,6.30065261232823,7.2,NA,NA,9.29355553250304,2.66785454944867
"Chile",2012,"Región Metropolitana",7,"Mediana",0.0357228431690369,0.147914147869394,0.0534328723761919,101932187.175864,15207,1117104,742166818.6,125535746.916,7065046,15403.2,458.673911914407,NA,NA,NA,59.8534792943201,6.53018862782991,NA,NA,NA,NA,NA,NA,NA,NA,NA,NA,NA,NA,NA,NA,NA,NA,5.32077938016045,7.1,NA,NA,2.15242759919751,15.8117017214042
"Chile",2012,"Región de Tarapacá",2,"Mediana",0.0422622397298818,0.219558299060038,0.160883794126782,2046751.05715179,751,29735,37993258.13,2414266.597,308251,42225.9,7.30004570654503,NA,NA,NA,62.0581281902792,4.65077627577948,NA,NA,NA,NA,NA,NA,NA,NA,NA,NA,NA,NA,NA,NA,NA,NA,4.02832291036449,7.2,NA,NA,2.43632624062858,9.64635962251542
"Chile",2012,"Región del Biobío",10,"Pequeña",0.156713257094451,0.272680702755891,0.141116610034704,10987597.818812,11840,181514,85110217.98,14086232.711,1587457,23890.2,66.4480414563294,NA,NA,NA,51.8611857209838,8.42315094955191,NA,NA,NA,NA,NA,NA,NA,NA,NA,NA,NA,NA,NA,NA,NA,NA,5.86308126336377,7.4,NA,NA,7.45846974122764,11.4342624713614
"Chile",2013,"Región de Aysén del General Carlos Ibáñez del Campo",15,"Sin Ventas/Sin Información",0.119344262295082,0.103086300309598,NA,NA,910,4262,0,1191680.853,102772,108494.4,0.947256263917769,1102787237434.77,0.0064921818662997,10730424.9935271,66.9628556460436,4.66949245122981,NA,6.5,9.99430568486958,4.31926771998405,16.8665453791618,16.079144179821,13.2135406136512,27.225250005722,7.5792446732521,14.4343495368957,1018493,1145733.11905492,44646.7018849005,1190379.82093982,85.5602973862733,NA,4.6355062856713,7.76002704251848,NA,NA,8.85455182345386,4.14704394192971
"Chile",2013,"Región de Atacama",4,"Pequeña",0.17639941412469,0.257772472203827,0.132673014131468,1998041.63121212,2770,29583,19565843.13,2500506.926,294709,75176.2,3.92024337489791,3623905261830.25,0.0213341714769655,12296554.4378701,58.70334308286,5.78516349121015,NA,7.1,10.6882045968707,2.85034496337175,12.3478539288043,10.3670492768287,15.9532889723777,35.8225971460342,9.7330592572689,12.8184795379638,1099251,1213872.46322456,30219.3930466081,1244091.85627117,88.3576751287088,NA,4.78234413801042,8.42235004108463,NA,NA,9.39910216518668,10.0380375217588
"Chile",2013,"Región de Arica y Parinacota",1,"Pequeña",0.122693405751689,0.404598226897878,0.193334003784744,2260053.26955865,1762,30075,12144350.79,2741848.739,225025,16873.3,13.3361583092815,1282495082532.41,0.0075501339114182,5699344.88404582,56.7319421103273,5.92048702549268,NA,13.9,11.2064689893135,2.05196160823106,9.88396555185318,8.13478305935859,12.9823416471481,40.4794931411743,12.0380915701389,14.1587823629379,803677,932782.008535791,26857.7282901141,959639.736825903,83.7477384759894,NA,5.41478743388419,9.82322920379071,NA,NA,7.83024108432396,13.3651816464837
"Chile",2013,"Región del Biobío",10,"Pequeña",0.156358321692793,0.268060830757423,0.145238409882803,11954142.1243961,12089,177430,86548438.77,14826590.911,1597164,23890.2,66.8543586910114,9770039083516.8,0.0575168703607698,6117117.01711083,50.8268953795729,8.05639059705737,NA,22,10.380074290519,3.20729576051235,16.2747785449028,12.853218615055,12.6056894659996,28.4550160169601,11.9145713746547,14.1465589404106,690272,814523.127498662,43036.0982261159,857559.225724779,80.492686176094,NA,5.96741569641653,7.36990595288975,NA,NA,7.56904112539476,11.1090658191645
"Chile",2013,"Región de Tarapacá",2,"Mediana",0.0418389553862894,0.232577740318502,0.144849424045887,2348981.13643287,769,31458,38517497.43,2748336.819,314818,42225.9,7.455566370403,3973900771696.98,0.0233946183386181,12622851.2083076,60.1663506488078,6.09709591957288,NA,8.1,11.4296981565264,1.51504287496209,7.75669664144516,9.46487337350845,14.8286893963813,39.8678988218307,10.7231520116329,15.3547644615173,1218295,1339309.80019185,24825.9664419368,1364135.76663378,89.3089369317829,NA,4.51311077380525,7.12917152091697,NA,NA,2.442681168167,9.99244007648864
"Chile",2013,"Región de Arica y Parinacota",1,"Micro",0.725436947287793,0.194274413786609,0.0767016059760272,261994.112124734,10418,14441,4818041.27,399385.556,225025,16873.3,13.3361583092815,1282495082532.41,0.0075501339114182,5699344.88404582,56.7319421103273,5.92048702549268,NA,13.9,11.2064689893135,2.05196160823106,9.88396555185318,8.13478305935859,12.9823416471481,40.4794931411743,12.0380915701389,14.1587823629379,803677,932782.008535791,26857.7282901141,959639.736825903,83.7477384759894,NA,5.41478743388419,9.82322920379071,NA,NA,46.2970781024331,6.41750916564826
"Chile",2013,"Región de Aysén del General Carlos Ibáñez del Campo",15,"Pequeña",0.13272131147541,0.322271671826625,NA,NA,1012,13324,6876859.35,756831.74,102772,108494.4,0.947256263917769,1102787237434.77,0.0064921818662997,10730424.9935271,66.9628556460436,4.66949245122981,NA,6.5,9.99430568486958,4.31926771998405,16.8665453791618,16.079144179821,13.2135406136512,27.225250005722,7.5792446732521,14.4343495368957,1018493,1145733.11905492,44646.7018849005,1190379.82093982,85.5602973862733,NA,4.6355062856713,7.76002704251848,NA,NA,9.84704004981902,12.9646207138131
"Chile",2013,"Región de Magallanes y la Antártica Chilena",16,"Grande",0.0098535054063481,0.360884661835749,0.66916580773014,3608847.47864061,113,33467,58131245.69,4089208.846,165142,132297.2,1.24826526940857,1596990881907.11,0.00940159161460786,9670410.20398875,59.1522271964699,4.04075725047774,NA,5.3,11.2841029029061,1.50485048070549,10.3158824145793,11.9802772998809,12.8196910023689,32.8405350446701,11.8239395320415,18.216948211193,1105185,1256351.55068908,19334.6202574987,1275686.17094658,86.6345198166298,NA,5.89579187854668,7.10588624469418,NA,NA,0.684259606883773,20.2655896137869
"Chile",2013,"Región de Arica y Parinacota",1,"Grande",0.00313348652600794,0.185368544253562,0.612312867494636,1993688.39645947,45,13779,38462671.39,2353446.824,225025,16873.3,13.3361583092815,1282495082532.41,0.0075501339114182,5699344.88404582,56.7319421103273,5.92048702549268,NA,13.9,11.2064689893135,2.05196160823106,9.88396555185318,8.13478305935859,12.9823416471481,40.4794931411743,12.0380915701389,14.1587823629379,803677,932782.008535791,26857.7282901141,959639.736825903,83.7477384759894,NA,5.41478743388419,9.82322920379071,NA,NA,0.199977780246639,6.12331963115209
"Chile",2013,"Región de Arica y Parinacota",1,"Sin Ventas/Sin Información",0.137594875008704,0.0336727967389988,0,262781.382062973,1976,2503,0,369383.344,225025,16873.3,13.3361583092815,1282495082532.41,0.0075501339114182,5699344.88404582,56.7319421103273,5.92048702549268,NA,13.9,11.2064689893135,2.05196160823106,9.88396555185318,8.13478305935859,12.9823416471481,40.4794931411743,12.0380915701389,14.1587823629379,803677,932782.008535791,26857.7282901141,959639.736825903,83.7477384759894,NA,5.41478743388419,9.82322920379071,NA,NA,8.78124652816354,1.11232085323853
"Chile",2013,"Región de Atacama",4,"Sin Ventas/Sin Información",0.142074762784181,0.0597835558188979,0,950956.847298695,2231,6861,0,1205882.188,294709,75176.2,3.92024337489791,3623905261830.25,0.0213341714769655,12296554.4378701,58.70334308286,5.78516349121015,NA,7.1,10.6882045968707,2.85034496337175,12.3478539288043,10.3670492768287,15.9532889723777,35.8225971460342,9.7330592572689,12.8184795379638,1099251,1213872.46322456,30219.3930466081,1244091.85627117,88.3576751287088,NA,4.78234413801042,8.42235004108463,NA,NA,7.57017939730378,2.32805920416411
"Chile",2013,"Región de Tarapacá",2,"Sin Ventas/Sin Información",0.103318824809576,0.0707906371527008,0,1586951.9423348,1899,9575,0,1984880.043,314818,42225.9,7.455566370403,3973900771696.98,0.0233946183386181,12622851.2083076,60.1663506488078,6.09709591957288,NA,8.1,11.4296981565264,1.51504287496209,7.75669664144516,9.46487337350845,14.8286893963813,39.8678988218307,10.7231520116329,15.3547644615173,1218295,1339309.80019185,24825.9664419368,1364135.76663378,89.3089369317829,NA,4.51311077380525,7.12917152091697,NA,NA,6.03205661683894,3.04143981602068
"Chile",2013,"Región Metropolitana",7,"Pequeña",0.201821729457675,0.158398057949262,0.0447144725498914,99751504.2040824,88540,1217431,667469326.86,134838646.386,7131650,15403.2,462.997948478238,70299909192840,0.413860244452881,9857453.63174581,60.3600169993964,5.90200236514017,NA,8.8,11.7327238746112,1.88531670719385,8.78512784838676,9.45060923695564,13.3602932095527,30.8649063110351,12.6389443874359,22.4614083766937,1320196,1489825.39143942,22156.5830547727,1511981.97449419,87.3156241145434,NA,5.25907359945053,7.00908771401315,NA,NA,12.4150792593579,17.0708181136203
"Chile",2013,"Región de Valparaíso",6,"Sin Ventas/Sin Información",0.167121580727467,0.107174807881146,0,20450194.0829125,16899,85896,0,22362615.814,1805775,16396.1,110.13442221016,13629012944055.1,0.0802349063240697,7547459.09321765,55.6034919785461,6.99152084382217,NA,15.3,11.2800143741337,2.01762914657592,10.1321928203105,10.2754563093185,13.3587375283241,32.4844300746917,12.9692867398262,18.4240564703941,868521,1038292.90135822,28679.4628752148,1066972.36423344,81.4005288878031,NA,6.56887997301408,7.57864431178288,NA,NA,9.35830875939694,4.75673879636167
"Chile",2013,"Región de Tarapacá",2,"Pequeña",0.176224156692057,0.268856555619631,0.0958388132093495,2078531.6191398,3239,36365,25484887.26,2633754.135,314818,42225.9,7.455566370403,3973900771696.98,0.0233946183386181,12622851.2083076,60.1663506488078,6.09709591957288,NA,8.1,11.4296981565264,1.51504287496209,7.75669664144516,9.46487337350845,14.8286893963813,39.8678988218307,10.7231520116329,15.3547644615173,1218295,1339309.80019185,24825.9664419368,1364135.76663378,89.3089369317829,NA,4.51311077380525,7.12917152091697,NA,NA,10.2884841400428,11.5511184239783
"Chile",2013,"Región de Aysén del General Carlos Ibáñez del Campo",15,"Grande",0.00301639344262295,0.173302051083591,NA,NA,23,7165,NA,NA,102772,108494.4,0.947256263917769,1102787237434.77,0.0064921818662997,10730424.9935271,66.9628556460436,4.66949245122981,NA,6.5,9.99430568486958,4.31926771998405,16.8665453791618,16.079144179821,13.2135406136512,27.225250005722,7.5792446732521,14.4343495368957,1018493,1145733.11905492,44646.7018849005,1190379.82093982,85.5602973862733,NA,4.6355062856713,7.76002704251848,NA,NA,0.223796364768614,6.97174327637878
"Chile",2013,"Región de Valparaíso",6,"Grande",0.0078818805751696,0.326754897642668,0.801891794852643,41165517.9459064,797,261880,1008911385.22,45212585.638,1805775,16396.1,110.13442221016,13629012944055.1,0.0802349063240697,7547459.09321765,55.6034919785461,6.99152084382217,NA,15.3,11.2800143741337,2.01762914657592,10.1321928203105,10.2754563093185,13.3587375283241,32.4844300746917,12.9692867398262,18.4240564703941,868521,1038292.90135822,28679.4628752148,1066972.36423344,81.4005288878031,NA,6.56887997301408,7.57864431178288,NA,NA,0.441361742188257,14.5023604823414
"Chile",2013,"Región de Tarapacá",2,"Micro",0.657290533188248,0.130343491697349,0.0236500680496848,692836.982960134,12081,17630,6288885.45,1027080.547,314818,42225.9,7.455566370403,3973900771696.98,0.0233946183386181,12622851.2083076,60.1663506488078,6.09709591957288,NA,8.1,11.4296981565264,1.51504287496209,7.75669664144516,9.46487337350845,14.8286893963813,39.8678988218307,10.7231520116329,15.3547644615173,1218295,1339309.80019185,24825.9664419368,1364135.76663378,89.3089369317829,NA,4.51311077380525,7.12917152091697,NA,NA,38.3745529162881,5.60006098761824
"Chile",2013,"Región de Tarapacá",2,"Grande",0.0213275299238302,0.297431575211817,0.735661694695078,5505421.06520605,392,40230,195622782.91,6163510.902,314818,42225.9,7.455566370403,3973900771696.98,0.0233946183386181,12622851.2083076,60.1663506488078,6.09709591957288,NA,8.1,11.4296981565264,1.51504287496209,7.75669664144516,9.46487337350845,14.8286893963813,39.8678988218307,10.7231520116329,15.3547644615173,1218295,1339309.80019185,24825.9664419368,1364135.76663378,89.3089369317829,NA,4.51311077380525,7.12917152091697,NA,NA,1.24516387245964,12.7788118849621
"Chile",2013,"Región del Libertador General Bernardo O'Higgins",8,"Grande",0.00676837932839728,0.31211792182737,0.717254197182985,17187507.5274971,362,131367,309030378.69,18074412.688,912070,16387,55.6581436504546,6883877965756,0.0405258477628552,7547532.49833456,58.7556326504359,5.1467006479537,NA,15.5,10.3241975078928,2.92503777891397,16.240519285202,13.1838381290435,13.0722388625144,31.8029224872589,8.90585929155349,13.5479524731636,793684,920119.508702063,32103.495294063,952223.003996127,83.3506151846584,NA,5.71999082496628,7.74808844839066,NA,NA,0.396899360794676,14.4031708092581
"Chile",2013,"Región de Valparaíso",6,"Micro",0.643080361557784,0.134646025925284,0.0282126198922434,5461196.22441615,65027,107913,35496102.59,7320628.279,1805775,16396.1,110.13442221016,13629012944055.1,0.0802349063240697,7547459.09321765,55.6034919785461,6.99152084382217,NA,15.3,11.2800143741337,2.01762914657592,10.1321928203105,10.2754563093185,13.3587375283241,32.4844300746917,12.9692867398262,18.4240564703941,868521,1038292.90135822,28679.4628752148,1066972.36423344,81.4005288878031,NA,6.56887997301408,7.57864431178288,NA,NA,36.0105771760048,5.97599368692113
"Chile",2013,"Región de Aysén del General Carlos Ibáñez del Campo",15,"Micro",0.730098360655738,0.198505224458204,NA,NA,5567,8207,2778248.34,552384.555,102772,108494.4,0.947256263917769,1102787237434.77,0.0064921818662997,10730424.9935271,66.9628556460436,4.66949245122981,NA,6.5,9.99430568486958,4.31926771998405,16.8665453791618,16.079144179821,13.2135406136512,27.225250005722,7.5792446732521,14.4343495368957,1018493,1145733.11905492,44646.7018849005,1190379.82093982,85.5602973862733,NA,4.6355062856713,7.76002704251848,NA,NA,54.1684505507337,7.98563811154789
"Chile",2013,"Región de Ñuble",11,"Mediana",0.0150748279503332,0.20689939810834,0.226202219942724,2976554.56253496,414,30078,19290368.45,3263693.568,487019,13178.5,36.9555715749137,2339615554755.25,0.0137734724914181,4803951.29297882,53.9381401293354,7.15316704955906,NA,NA,NA,NA,NA,NA,NA,NA,NA,NA,NA,NA,NA,NA,NA,NA,NA,NA,NA,NA,0.850069504475185,6.17593974773058
"Chile",2013,"Región de Magallanes y la Antártica Chilena",16,"Sin Ventas/Sin Información",0.135856295779561,0.0506060213940649,0,1129883.2246652,1558,4693,0,1273758.651,165142,132297.2,1.24826526940857,1596990881907.11,0.00940159161460786,9670410.20398875,59.1522271964699,4.04075725047774,NA,5.3,11.2841029029061,1.50485048070549,10.3158824145793,11.9802772998809,12.8196910023689,32.8405350446701,11.8239395320415,18.216948211193,1105185,1256351.55068908,19334.6202574987,1275686.17094658,86.6345198166298,NA,5.89579187854668,7.10588624469418,NA,NA,9.43430502234441,2.84179675673057
"Chile",2013,"Región de Ñuble",11,"Micro",0.699668645086116,0.159993121238177,0.111056511672956,1435928.90384993,19215,23259,9470822.3,1845287.415,487019,13178.5,36.9555715749137,2339615554755.25,0.0137734724914181,4803951.29297882,53.9381401293354,7.15316704955906,NA,NA,NA,NA,NA,NA,NA,NA,NA,NA,NA,NA,NA,NA,NA,NA,NA,NA,NA,NA,39.4543128707504,4.77578903492472
"Chile",2013,"Región de Ñuble",11,"Pequeña",0.133197392855842,0.281024935511608,0.296130275802341,2364999.31075558,3658,40854,25253784.56,2728874.841,487019,13178.5,36.9555715749137,2339615554755.25,0.0137734724914181,4803951.29297882,53.9381401293354,7.15316704955906,NA,NA,NA,NA,NA,NA,NA,NA,NA,NA,NA,NA,NA,NA,NA,NA,NA,NA,NA,NA,7.51100059751262,8.38858442894425
"Chile",2013,"Región de Ñuble",11,"Sin Ventas/Sin Información",0.147980919782981,0.14732932072227,0,3395080.53844625,4064,21418,0,3857300.379,487019,13178.5,36.9555715749137,2339615554755.25,0.0137734724914181,4803951.29297882,53.9381401293354,7.15316704955906,NA,NA,NA,NA,NA,NA,NA,NA,NA,NA,NA,NA,NA,NA,NA,NA,NA,NA,NA,NA,8.34464363813322,4.39777503547089
"Chile",2013,"Región del Libertador General Bernardo O'Higgins",8,"Pequeña",0.160590083015481,0.321802185374291,0.140526057059417,6414398.30648071,8589,135443,60545927.51,7458348.84,912070,16387,55.6581436504546,6883877965756,0.0405258477628552,7547532.49833456,58.7556326504359,5.1467006479537,NA,15.5,10.3241975078928,2.92503777891397,16.240519285202,13.1838381290435,13.0722388625144,31.8029224872589,8.90585929155349,13.5479524731636,793684,920119.508702063,32103.495294063,952223.003996127,83.3506151846584,NA,5.71999082496628,7.74808844839066,NA,NA,9.41704035874439,14.850066332628
"Chile",2013,"Región de Los Lagos",14,"Mediana",0.019811595610372,0.186144603209042,0.0933485516384509,5539817.83498723,1020,72067,47903345.6,6194996.7,841878,48583.6,17.3284400497287,5009700619899.9,0.0294924409859506,5950625.41116397,60.4978326273598,3.14438267189033,NA,17,9.87240253259559,3.23825255036354,21.140044927597,13.4686216711997,13.7372553348541,26.5846908092498,8.11139643192291,13.4192585945129,786817,896262.56257656,47289.3444119918,943551.906988555,83.3888731216903,NA,6.19967142707117,8.31536761560893,NA,NA,1.21157697433595,8.56026645190871
"Chile",2013,"Región de Ñuble",11,"Grande",0.00407821432472782,0.204753224419604,0.366610992581979,2788106.1636588,112,29766,31264331.21,3003571.843,487019,13178.5,36.9555715749137,2339615554755.25,0.0137734724914181,4803951.29297882,53.9381401293354,7.15316704955906,NA,NA,NA,NA,NA,NA,NA,NA,NA,NA,NA,NA,NA,NA,NA,NA,NA,NA,NA,NA,0.229970493964301,6.11187653869767
"Chile",2013,"Región del Libertador General Bernardo O'Higgins",8,"Micro",0.669546032458305,0.146715642366515,0.0448830902008164,4087999.32107905,35810,61751,19337967.51,5076692.176,912070,16387,55.6581436504546,6883877965756,0.0405258477628552,7547532.49833456,58.7556326504359,5.1467006479537,NA,15.5,10.3241975078928,2.92503777891397,16.240519285202,13.1838381290435,13.0722388625144,31.8029224872589,8.90585929155349,13.5479524731636,793684,920119.508702063,32103.495294063,952223.003996127,83.3506151846584,NA,5.71999082496628,7.74808844839066,NA,NA,39.2623373206004,6.77042332277128
"Chile",2013,"Región Metropolitana",7,"Grande",0.0212671869871257,0.581671154540733,0.892855412807811,835506703.685587,9330,4470664,13327980123.33,892796568.803,7131650,15403.2,462.997948478238,70299909192840,0.413860244452881,9857453.63174581,60.3600169993964,5.90200236514017,NA,8.8,11.7327238746112,1.88531670719385,8.78512784838676,9.45060923695564,13.3602932095527,30.8649063110351,12.6389443874359,22.4614083766937,1320196,1489825.39143942,22156.5830547727,1511981.97449419,87.3156241145434,NA,5.25907359945053,7.00908771401315,NA,NA,1.30825264840535,62.6876529274432
"Chile",2013,"Región de Atacama",4,"Mediana",0.021015092657454,0.184439371231397,0.103320556194669,2530054.80589076,330,21167,15237113.65,2719652.746,294709,75176.2,3.92024337489791,3623905261830.25,0.0213341714769655,12296554.4378701,58.70334308286,5.78516349121015,NA,7.1,10.6882045968707,2.85034496337175,12.3478539288043,10.3670492768287,15.9532889723777,35.8225971460342,9.7330592572689,12.8184795379638,1099251,1213872.46322456,30219.3930466081,1244091.85627117,88.3576751287088,NA,4.78234413801042,8.42235004108463,NA,NA,1.11974863339769,7.18233918882694
"Chile",2013,"Región de Atacama",4,"Micro",0.652677832261351,0.184596214840891,0.0379631422907212,2654260.42948048,10249,21185,5598583.04,3161870.051,294709,75176.2,3.92024337489791,3623905261830.25,0.0213341714769655,12296554.4378701,58.70334308286,5.78516349121015,NA,7.1,10.6882045968707,2.85034496337175,12.3478539288043,10.3670492768287,15.9532889723777,35.8225971460342,9.7330592572689,12.8184795379638,1099251,1213872.46322456,30219.3930466081,1244091.85627117,88.3576751287088,NA,4.78234413801042,8.42235004108463,NA,NA,34.7766780111907,7.18844690864548
"Chile",2013,"Región de Coquimbo",5,"Pequeña",0.152111412971804,0.319734902552574,0.185268877028214,5230657.24164162,5767,82208,40636007.31,6291273.938,743026,40579.9,18.3101979058598,5577723873369.7,0.0328364316857263,7506768.09878753,54.9489584816036,6.96133070741674,NA,15.7,10.6706970846847,2.95245498418808,12.9580274224281,12.1406711637973,13.7680754065513,32.1711808443069,11.0717512667179,14.2533004283905,886182,990790.056992192,36172.7039758385,1026962.76096803,86.2915429275734,NA,5.46135831381733,8.736738878488,NA,NA,7.76150498098317,11.0639466182879
"Chile",2013,"Región del Maule",9,"Pequeña",0.143378862026149,0.334578626674695,0.223233783545975,7216768.46568272,9815,143920,67831282.08,8422187.838,1045513,16387,63.8013669372063,6017991359287.8,0.0354283156787327,5756017.7245886,55.092892817062,5.96668496895282,NA,21.5,9.5495354724921,4.31710965931415,22.026041150093,15.0111630558967,12.2724458575248,27.3585796356201,8.00258517265319,10.5840563774108,686191,801563.143683973,39746.7521357405,841309.895819717,81.5621641144881,NA,6.20793016151511,6.47851664308585,NA,NA,9.38773597267561,13.7654911990573
"Chile",2013,"Región del Libertador General Bernardo O'Higgins",8,"Mediana",0.0163600329070376,0.177115581542877,0.097336655556781,5315522.99167598,875,74546,41937689.1,5894095.043,912070,16387,55.6581436504546,6883877965756,0.0405258477628552,7547532.49833456,58.7556326504359,5.1467006479537,NA,15.5,10.3241975078928,2.92503777891397,16.240519285202,13.1838381290435,13.0722388625144,31.8029224872589,8.90585929155349,13.5479524731636,793684,920119.508702063,32103.495294063,952223.003996127,83.3506151846584,NA,5.71999082496628,7.74808844839066,NA,NA,0.959356189766136,8.17327617397787
"Chile",2013,"Región de Coquimbo",5,"Micro",0.685727850605333,0.138421627844566,0.0630026519693044,1505173.26943379,25998,35590,13818706.45,2104138.365,743026,40579.9,18.3101979058598,5577723873369.7,0.0328364316857263,7506768.09878753,54.9489584816036,6.96133070741674,NA,15.7,10.6706970846847,2.95245498418808,12.9580274224281,12.1406711637973,13.7680754065513,32.1711808443069,11.0717512667179,14.2533004283905,886182,990790.056992192,36172.7039758385,1026962.76096803,86.2915429275734,NA,5.46135831381733,8.736738878488,NA,NA,34.9893543429167,4.78987276353721
"Chile",2013,"Región de Los Lagos",14,"Sin Ventas/Sin Información",0.142701757793532,0.0532524357106696,0,2866207.8679652,7347,20617,0,3397539.76,841878,48583.6,17.3284400497287,5009700619899.9,0.0294924409859506,5950625.41116397,60.4978326273598,3.14438267189033,NA,17,9.87240253259559,3.23825255036354,21.140044927597,13.4686216711997,13.7372553348541,26.5846908092498,8.11139643192291,13.4192585945129,786817,896262.56257656,47289.3444119918,943551.906988555,83.3888731216903,NA,6.19967142707117,8.31536761560893,NA,NA,8.72691767690806,2.44892965489061
"Chile",2013,"Región de Coquimbo",5,"Sin Ventas/Sin Información",0.138079286788173,0.0720811471998693,0,3249216.86555439,5235,18533,0,3884593.212,743026,40579.9,18.3101979058598,5577723873369.7,0.0328364316857263,7506768.09878753,54.9489584816036,6.96133070741674,NA,15.7,10.6706970846847,2.95245498418808,12.9580274224281,12.1406711637973,13.7680754065513,32.1711808443069,11.0717512667179,14.2533004283905,886182,990790.056992192,36172.7039758385,1026962.76096803,86.2915429275734,NA,5.46135831381733,8.736738878488,NA,NA,7.04551388511304,2.49425995860172
"Chile",2013,"Región de Los Lagos",14,"Pequeña",0.162785277265223,0.281728812158406,0.115645372002521,9389549.38255277,8381,109073,59345325.93,10928514.084,841878,48583.6,17.3284400497287,5009700619899.9,0.0294924409859506,5950625.41116397,60.4978326273598,3.14438267189033,NA,17,9.87240253259559,3.23825255036354,21.140044927597,13.4686216711997,13.7372553348541,26.5846908092498,8.11139643192291,13.4192585945129,786817,896262.56257656,47289.3444119918,943551.906988555,83.3888731216903,NA,6.19967142707117,8.31536761560893,NA,NA,9.95512413912705,12.9559152276221
"Chile",2013,"Región Metropolitana",7,"Micro",0.558490462817754,0.060213669297633,0.0102370336501987,38430473.4777008,245012,462796,152811954.83,50135146.35,7131650,15403.2,462.997948478238,70299909192840,0.413860244452881,9857453.63174581,60.3600169993964,5.90200236514017,NA,8.8,11.7327238746112,1.88531670719385,8.78512784838676,9.45060923695564,13.3602932095527,30.8649063110351,12.6389443874359,22.4614083766937,1320196,1489825.39143942,22156.5830547727,1511981.97449419,87.3156241145434,NA,5.25907359945053,7.00908771401315,NA,NA,34.3555839111566,6.48932575210505
"Chile",2013,"Región de Magallanes y la Antártica Chilena",16,"Pequeña",0.175793512382281,0.287525879917184,0.161026684339944,1143691.42556568,2016,26664,13988583.46,1571606.21,165142,132297.2,1.24826526940857,1596990881907.11,0.00940159161460786,9670410.20398875,59.1522271964699,4.04075725047774,NA,5.3,11.2841029029061,1.50485048070549,10.3158824145793,11.9802772998809,12.8196910023689,32.8405350446701,11.8239395320415,18.216948211193,1105185,1256351.55068908,19334.6202574987,1275686.17094658,86.6345198166298,NA,5.89579187854668,7.10588624469418,NA,NA,12.2076758183866,16.1461045645566
"Chile",2013,"Región Metropolitana",7,"Sin Ventas/Sin Información",0.182004267114045,0.0557074933098236,0,112027389.845524,79846,428162,0,128875396.198,7131650,15403.2,462.997948478238,70299909192840,0.413860244452881,9857453.63174581,60.3600169993964,5.90200236514017,NA,8.8,11.7327238746112,1.88531670719385,8.78512784838676,9.45060923695564,13.3602932095527,30.8649063110351,12.6389443874359,22.4614083766937,1320196,1489825.39143942,22156.5830547727,1511981.97449419,87.3156241145434,NA,5.25907359945053,7.00908771401315,NA,NA,11.1960065342522,6.00368778613645
"Chile",2013,"Región del Maule",9,"Micro",0.681221240230809,0.130858090028432,0.0761179188964932,2883454.22508947,46633,56289,23129008.28,3571696.965,1045513,16387,63.8013669372063,6017991359287.8,0.0354283156787327,5756017.7245886,55.092892817062,5.96668496895282,NA,21.5,9.5495354724921,4.31710965931415,22.026041150093,15.0111630558967,12.2724458575248,27.3585796356201,8.00258517265319,10.5840563774108,686191,801563.143683973,39746.7521357405,841309.895819717,81.5621641144881,NA,6.20793016151511,6.47851664308585,NA,NA,44.6029843722651,5.38386418915881
"Chile",2013,"Región de La Araucanía",12,"Grande",0.00494040634842216,0.306781144108855,0.477828056805092,9719475.62151445,240,104478,94124119.49,10919368.533,969263,31842.3,30.439478304017,4398990979957.8,0.025897152687884,4538490.5644369,57.0677884946906,6.99203326182255,NA,27,9.98503633067256,3.71004939079284,19.6615368127822,12.5761151313781,12.4879248440265,29.4632136821746,9.54537466168403,11.9088649749755,690123,784932.579912414,51032.0474441292,835964.627356544,82.554127155008,NA,6.37988891993208,7.52457002457002,NA,NA,0.247610813576914,10.779117742037
"Chile",2013,"Región de Atacama",4,"Grande",0.00783289817232376,0.313408385904988,0.726043287383142,9195274.65713719,123,35968,107072633.87,9581288.506,294709,75176.2,3.92024337489791,3623905261830.25,0.0213341714769655,12296554.4378701,58.70334308286,5.78516349121015,NA,7.1,10.6882045968707,2.85034496337175,12.3478539288043,10.3670492768287,15.9532889723777,35.8225971460342,9.7330592572689,12.8184795379638,1099251,1213872.46322456,30219.3930466081,1244091.85627117,88.3576751287088,NA,4.78234413801042,8.42235004108463,NA,NA,0.417360854266412,12.2045814684994
"Chile",2013,"Región de Coquimbo",5,"Grande",0.00656766808218817,0.262223224807769,0.606021539578624,12810801.2265656,249,67421,132921924.65,13576511.636,743026,40579.9,18.3101979058598,5577723873369.7,0.0328364316857263,7506768.09878753,54.9489584816036,6.96133070741674,NA,15.7,10.6706970846847,2.95245498418808,12.9580274224281,12.1406711637973,13.7680754065513,32.1711808443069,11.0717512667179,14.2533004283905,886182,990790.056992192,36172.7039758385,1026962.76096803,86.2915429275734,NA,5.46135831381733,8.736738878488,NA,NA,0.335116133217411,9.07384129222934
"Chile",2013,"Región Metropolitana",7,"Mediana",0.0364163536233998,0.144009624902549,0.0521930809920985,113497692.165657,15976,1106843,779105257.2,138595531.341,7131650,15403.2,462.997948478238,70299909192840,0.413860244452881,9857453.63174581,60.3600169993964,5.90200236514017,NA,8.8,11.7327238746112,1.88531670719385,8.78512784838676,9.45060923695564,13.3602932095527,30.8649063110351,12.6389443874359,22.4614083766937,1320196,1489825.39143942,22156.5830547727,1511981.97449419,87.3156241145434,NA,5.25907359945053,7.00908771401315,NA,NA,2.24015480288573,15.5201531202457
"Chile",2013,"Región de Antofagasta",3,"Micro",0.629536205562843,0.0978559580104479,0.0294355045681828,973742.122611279,18718,23715,11448118.93,1444013.995,586685,126049.1,4.65441641392124,15350246976444.8,0.0903679256349677,26164376.0730968,57.789466410516,5.93549278097616,NA,3.9,11.6641612695937,1.40862315893173,6.64120092988014,8.7244838476181,14.2048373818397,38.6402606964111,12.8418311476707,17.2777816653251,1473565,1631750.14050486,17222.8334012174,1648972.97390608,89.3626017402763,NA,4.77298125077604,8.52443845439741,NA,NA,31.9046847967819,4.04220322660371
"Chile",2013,"Región de Valparaíso",6,"Pequeña",0.16172194861449,0.268613288049141,0.0924014692368892,13945025.9001831,16353,215282,116256201.8,17381048.859,1805775,16396.1,110.13442221016,13629012944055.1,0.0802349063240697,7547459.09321765,55.6034919785461,6.99152084382217,NA,15.3,11.2800143741337,2.01762914657592,10.1321928203105,10.2754563093185,13.3587375283241,32.4844300746917,12.9692867398262,18.4240564703941,868521,1038292.90135822,28679.4628752148,1066972.36423344,81.4005288878031,NA,6.56887997301408,7.57864431178288,NA,NA,9.05594550816132,11.9218618044884
"Chile",2013,"Región de Los Ríos",13,"Micro",0.697773164748066,0.202667032603343,0.0709201915649942,2137987.10893155,14790,25107,7449969.97,2565328.537,389393,18429.5,21.1287880843213,2107480297768.67,0.0124068767830358,5412219.26888431,57.1090449988342,5.82092096194278,NA,21.9,9.99896459746155,3.43925729393959,20.2290788292884,12.3541824519634,11.7724485695362,30.3132712841033,9.35480669140815,11.9923889636993,680595,806911.682834018,42983.9925142426,849895.675348258,80.0797929317525,NA,6.28280918067653,7.61124121779859,NA,NA,37.9821927975079,6.44772761708608
"Chile",2013,"Región de Los Lagos",14,"Grande",0.00726425172380305,0.322681296428313,0.75586350310572,14601904.7910248,374,124928,387883796.59,15709419.574,841878,48583.6,17.3284400497287,5009700619899.9,0.0294924409859506,5950625.41116397,60.4978326273598,3.14438267189033,NA,17,9.87240253259559,3.23825255036354,21.140044927597,13.4686216711997,13.7372553348541,26.5846908092498,8.11139643192291,13.4192585945129,786817,896262.56257656,47289.3444119918,943551.906988555,83.3888731216903,NA,6.19967142707117,8.31536761560893,NA,NA,0.444244890589848,14.8392047303766
"Chile",2013,"Región del Biobío",10,"Micro",0.659863417662579,0.110832117141208,0.045524338146966,2897741.48592313,51018,73360,27128225.9,3946475.122,1597164,23890.2,66.8543586910114,9770039083516.8,0.0575168703607698,6117117.01711083,50.8268953795729,8.05639059705737,NA,22,10.380074290519,3.20729576051235,16.2747785449028,12.853218615055,12.6056894659996,28.4550160169601,11.9145713746547,14.1465589404106,690272,814523.127498662,43036.0982261159,857559.225724779,80.492686176094,NA,5.96741569641653,7.36990595288975,NA,NA,31.9428687348325,4.59314134303052
"Chile",2013,"Región del Maule",9,"Grande",0.00474764443795194,0.233909794886936,0.539684761904018,9909513.48725455,325,100617,163987317.41,10984502.971,1045513,16387,63.8013669372063,6017991359287.8,0.0354283156787327,5756017.7245886,55.092892817062,5.96668496895282,NA,21.5,9.5495354724921,4.31710965931415,22.026041150093,15.0111630558967,12.2724458575248,27.3585796356201,8.00258517265319,10.5840563774108,686191,801563.143683973,39746.7521357405,841309.895819717,81.5621641144881,NA,6.20793016151511,6.47851664308585,NA,NA,0.310852184525683,9.62369669243711
"Chile",2013,"Región de Antofagasta",3,"Mediana",0.0277469478357381,0.208210574963069,0.0974775250420798,6485440.58461361,825,50459,37911165.99,7576269.317,586685,126049.1,4.65441641392124,15350246976444.8,0.0903679256349677,26164376.0730968,57.789466410516,5.93549278097616,NA,3.9,11.6641612695937,1.40862315893173,6.64120092988014,8.7244838476181,14.2048373818397,38.6402606964111,12.8418311476707,17.2777816653251,1473565,1631750.14050486,17222.8334012174,1648972.97390608,89.3626017402763,NA,4.77298125077604,8.52443845439741,NA,NA,1.40620605606075,8.60069713730537
"Chile",2013,"Región de Los Ríos",13,"Mediana",0.0148612945838838,0.182147671593358,0.142046754484488,1801900.40290071,315,22565,14921618.68,2051537.025,389393,18429.5,21.1287880843213,2107480297768.67,0.0124068767830358,5412219.26888431,57.1090449988342,5.82092096194278,NA,21.9,9.99896459746155,3.43925729393959,20.2290788292884,12.3541824519634,11.7724485695362,30.3132712841033,9.35480669140815,11.9923889636993,680595,806911.682834018,42983.9925142426,849895.675348258,80.0797929317525,NA,6.28280918067653,7.61124121779859,NA,NA,0.808951367898242,5.7949167036901
"Chile",2013,"Región de La Araucanía",12,"Mediana",0.0162827559233414,0.173842061063771,0.184669212722783,5308027.83054981,791,59204,36376740.12,5987675.952,969263,31842.3,30.439478304017,4398990979957.8,0.025897152687884,4538490.5644369,57.0677884946906,6.99203326182255,NA,27,9.98503633067256,3.71004939079284,19.6615368127822,12.5761151313781,12.4879248440265,29.4632136821746,9.54537466168403,11.9088649749755,690123,784932.579912414,51032.0474441292,835964.627356544,82.554127155008,NA,6.37988891993208,7.52457002457002,NA,NA,0.816083973080578,6.10814608625316
"Chile",2013,"Región del Biobío",10,"Mediana",0.0201640022763723,0.196048659771386,0.124006147794127,11250568.4014905,1559,129765,73896006.56,12669955.126,1597164,23890.2,66.8543586910114,9770039083516.8,0.0575168703607698,6117117.01711083,50.8268953795729,8.05639059705737,NA,22,10.380074290519,3.20729576051235,16.2747785449028,12.853218615055,12.6056894659996,28.4550160169601,11.9145713746547,14.1465589404106,690272,814523.127498662,43036.0982261159,857559.225724779,80.492686176094,NA,5.96741569641653,7.36990595288975,NA,NA,0.976105146371944,8.12471355477584
"Chile",2013,"Región de Antofagasta",3,"Pequeña",0.201594188275653,0.263845906266247,0.112127041904665,5667635.70536462,5994,63942,43608687.19,7146292.545,586685,126049.1,4.65441641392124,15350246976444.8,0.0903679256349677,26164376.0730968,57.789466410516,5.93549278097616,NA,3.9,11.6641612695937,1.40862315893173,6.64120092988014,8.7244838476181,14.2048373818397,38.6402606964111,12.8418311476707,17.2777816653251,1473565,1631750.14050486,17222.8334012174,1648972.97390608,89.3626017402763,NA,4.77298125077604,8.52443845439741,NA,NA,10.2167261818523,10.8988639559559
"Chile",2013,"Región de Los Lagos",14,"Micro",0.66743711760707,0.156192852493568,0.0351425732533082,3721196.13312678,34363,60471,18033989.84,4750926.695,841878,48583.6,17.3284400497287,5009700619899.9,0.0294924409859506,5950625.41116397,60.4978326273598,3.14438267189033,NA,17,9.87240253259559,3.23825255036354,21.140044927597,13.4686216711997,13.7372553348541,26.5846908092498,8.11139643192291,13.4192585945129,786817,896262.56257656,47289.3444119918,943551.906988555,83.3888731216903,NA,6.19967142707117,8.31536761560893,NA,NA,40.8170780089277,7.18286972696757
"Chile",2013,"Región del Biobío",10,"Grande",0.00726887060892959,0.305842858912649,0.685231104176104,29431859.8983804,562,202438,408333321.13,33520314.551,1597164,23890.2,66.8543586910114,9770039083516.8,0.0575168703607698,6117117.01711083,50.8268953795729,8.05639059705737,NA,22,10.380074290519,3.20729576051235,16.2747785449028,12.853218615055,12.6056894659996,28.4550160169601,11.9145713746547,14.1465589404106,690272,814523.127498662,43036.0982261159,857559.225724779,80.492686176094,NA,5.96741569641653,7.36990595288975,NA,NA,0.351873696126384,12.6748411559489
"Chile",2013,"Región de Coquimbo",5,"Mediana",0.0175137815525018,0.207539097595221,0.145706931423858,5613864.90946524,664,53361,31958675.55,6636257.936,743026,40579.9,18.3101979058598,5577723873369.7,0.0328364316857263,7506768.09878753,54.9489584816036,6.96133070741674,NA,15.7,10.6706970846847,2.95245498418808,12.9580274224281,12.1406711637973,13.7680754065513,32.1711808443069,11.0717512667179,14.2533004283905,886182,990790.056992192,36172.7039758385,1026962.76096803,86.2915429275734,NA,5.46135831381733,8.736738878488,NA,NA,0.893643021913096,7.18157911028685
"Chile",2013,"Región de Los Ríos",13,"Sin Ventas/Sin Información",0.138658237403284,0.0746349378042185,0,1460102.36347034,2939,9246,0,1777235.992,389393,18429.5,21.1287880843213,2107480297768.67,0.0124068767830358,5412219.26888431,57.1090449988342,5.82092096194278,NA,21.9,9.99896459746155,3.43925729393959,20.2290788292884,12.3541824519634,11.7724485695362,30.3132712841033,9.35480669140815,11.9923889636993,680595,806911.682834018,42983.9925142426,849895.675348258,80.0797929317525,NA,6.28280918067653,7.61124121779859,NA,NA,7.54764466746963,2.37446487224989
"Chile",2013,"Región de Los Ríos",13,"Pequeña",0.144649933949802,0.33799633525181,0.202429681371822,3223969.57793787,3066,41872,21264678.14,3887736.877,389393,18429.5,21.1287880843213,2107480297768.67,0.0124068767830358,5412219.26888431,57.1090449988342,5.82092096194278,NA,21.9,9.99896459746155,3.43925729393959,20.2290788292884,12.3541824519634,11.7724485695362,30.3132712841033,9.35480669140815,11.9923889636993,680595,806911.682834018,42983.9925142426,849895.675348258,80.0797929317525,NA,6.28280918067653,7.61124121779859,NA,NA,7.87379331420955,10.7531465640112
"Chile",2013,"Región de Aysén del General Carlos Ibáñez del Campo",15,"Mediana",0.0148196721311475,0.202834752321981,NA,NA,113,8386,NA,NA,102772,108494.4,0.947256263917769,1102787237434.77,0.0064921818662997,10730424.9935271,66.9628556460436,4.66949245122981,NA,6.5,9.99430568486958,4.31926771998405,16.8665453791618,16.079144179821,13.2135406136512,27.225250005722,7.5792446732521,14.4343495368957,1018493,1145733.11905492,44646.7018849005,1190379.82093982,85.5602973862733,NA,4.6355062856713,7.76002704251848,NA,NA,1.09952127038493,8.15981006499825
"Chile",2013,"Región de Magallanes y la Antártica Chilena",16,"Micro",0.658353679804674,0.134942201518288,0.0499912797292652,405932.973713962,7550,12514,4342803.13,610662.431,165142,132297.2,1.24826526940857,1596990881907.11,0.00940159161460786,9670410.20398875,59.1522271964699,4.04075725047774,NA,5.3,11.2841029029061,1.50485048070549,10.3158824145793,11.9802772998809,12.8196910023689,32.8405350446701,11.8239395320415,18.216948211193,1105185,1256351.55068908,19334.6202574987,1275686.17094658,86.6345198166298,NA,5.89579187854668,7.10588624469418,NA,NA,45.7182303714379,7.57772099163144
"Chile",2013,"Región de La Araucanía",12,"Sin Ventas/Sin Información",0.148068095267502,0.0713614554765358,0,4526470.97120195,7193,24303,0,5333085.56,969263,31842.3,30.439478304017,4398990979957.8,0.025897152687884,4538490.5644369,57.0677884946906,6.99203326182255,NA,27,9.98503633067256,3.71004939079284,19.6615368127822,12.5761151313781,12.4879248440265,29.4632136821746,9.54537466168403,11.9088649749755,690123,784932.579912414,51032.0474441292,835964.627356544,82.554127155008,NA,6.37988891993208,7.52457002457002,NA,NA,7.42110242524475,2.50736900098322
"Chile",2013,"Región de Antofagasta",3,"Sin Ventas/Sin Información",0.13083106312851,0.0475147103727728,0,2495710.45009539,3890,11515,0,2943119.164,586685,126049.1,4.65441641392124,15350246976444.8,0.0903679256349677,26164376.0730968,57.789466410516,5.93549278097616,NA,3.9,11.6641612695937,1.40862315893173,6.64120092988014,8.7244838476181,14.2048373818397,38.6402606964111,12.8418311476707,17.2777816653251,1473565,1631750.14050486,17222.8334012174,1648972.97390608,89.3626017402763,NA,4.77298125077604,8.52443845439741,NA,NA,6.63047461585007,1.96272275582297
"Chile",2013,"Región del Biobío",10,"Sin Ventas/Sin Información",0.156345387759325,0.119215533417334,0,14116811.9485265,12088,78909,0,16188328.308,1597164,23890.2,66.8543586910114,9770039083516.8,0.0575168703607698,6117117.01711083,50.8268953795729,8.05639059705737,NA,22,10.380074290519,3.20729576051235,16.2747785449028,12.853218615055,12.6056894659996,28.4550160169601,11.9145713746547,14.1465589404106,690272,814523.127498662,43036.0982261159,857559.225724779,80.492686176094,NA,5.96741569641653,7.36990595288975,NA,NA,7.56841501561518,4.94056965972186
"Chile",2013,"Región del Maule",9,"Sin Ventas/Sin Información",0.155094587685341,0.0977280177053281,0,7678998.80977683,10617,42038,0,8735812.45,1045513,16387,63.8013669372063,6017991359287.8,0.0354283156787327,5756017.7245886,55.092892817062,5.96668496895282,NA,21.5,9.5495354724921,4.31710965931415,22.026041150093,15.0111630558967,12.2724458575248,27.3585796356201,8.00258517265319,10.5840563774108,686191,801563.143683973,39746.7521357405,841309.895819717,81.5621641144881,NA,6.20793016151511,6.47851664308585,NA,NA,10.154823517259,4.0208012717202
"Chile",2013,"Región de Antofagasta",3,"Grande",0.0102915951972556,0.382572850387463,0.760959928485072,23977817.7487675,306,92715,295954150.95,25208419.323,586685,126049.1,4.65441641392124,15350246976444.8,0.0903679256349677,26164376.0730968,57.789466410516,5.93549278097616,NA,3.9,11.6641612695937,1.40862315893173,6.64120092988014,8.7244838476181,14.2048373818397,38.6402606964111,12.8418311476707,17.2777816653251,1473565,1631750.14050486,17222.8334012174,1648972.97390608,89.3626017402763,NA,4.77298125077604,8.52443845439741,NA,NA,0.52157460988435,15.8031993318391
"Chile",2013,"Región de Los Ríos",13,"Grande",0.00405736931496509,0.20255402274727,0.584603372578696,3904388.74357485,86,25093,61410967.37,4488940.11,389393,18429.5,21.1287880843213,2107480297768.67,0.0124068767830358,5412219.26888431,57.1090449988342,5.82092096194278,NA,21.9,9.99896459746155,3.43925729393959,20.2290788292884,12.3541824519634,11.7724485695362,30.3132712841033,9.35480669140815,11.9923889636993,680595,806911.682834018,42983.9925142426,849895.675348258,80.0797929317525,NA,6.28280918067653,7.61124121779859,NA,NA,0.220856563934123,6.4441322776732
"Chile",2013,"Región del Libertador General Bernardo O'Higgins",8,"Sin Ventas/Sin Información",0.146735472290779,0.042248668888947,0,2459071.01467928,7848,17782,0,2919503.693,912070,16387,55.6581436504546,6883877965756,0.0405258477628552,7547532.49833456,58.7556326504359,5.1467006479537,NA,15.5,10.3241975078928,2.92503777891397,16.240519285202,13.1838381290435,13.0722388625144,31.8029224872589,8.90585929155349,13.5479524731636,793684,920119.508702063,32103.495294063,952223.003996127,83.3506151846584,NA,5.71999082496628,7.74808844839066,NA,NA,8.60460271689673,1.94963105901959
"Chile",2013,"Región de La Araucanía",12,"Micro",0.68449329957389,0.13992753155079,0.0835324332569748,2413285.88868505,33252,47654,16454489.47,3201930.215,969263,31842.3,30.439478304017,4398990979957.8,0.025897152687884,4538490.5644369,57.0677884946906,6.99203326182255,NA,27,9.98503633067256,3.71004939079284,19.6615368127822,12.5761151313781,12.4879248440265,29.4632136821746,9.54537466168403,11.9088649749755,690123,784932.579912414,51032.0474441292,835964.627356544,82.554127155008,NA,6.37988891993208,7.52457002457002,NA,NA,34.3064782210814,4.91651904591427
"Chile",2013,"Región de Valparaíso",6,"Mediana",0.0201942285250895,0.162810980501761,0.0774941160182244,12338538.7871321,2042,130486,97500306.7,14487933.638,1805775,16396.1,110.13442221016,13629012944055.1,0.0802349063240697,7547459.09321765,55.6034919785461,6.99152084382217,NA,15.3,11.2800143741337,2.01762914657592,10.1321928203105,10.2754563093185,13.3587375283241,32.4844300746917,12.9692867398262,18.4240564703941,868521,1038292.90135822,28679.4628752148,1066972.36423344,81.4005288878031,NA,6.56887997301408,7.57864431178288,NA,NA,1.13081640846728,7.22603868145256
"Chile",2013,"Región de La Araucanía",12,"Pequeña",0.146215442886844,0.308087807800048,0.253970297215151,7472950.9532126,7103,104923,50027892.38,9322883.878,969263,31842.3,30.439478304017,4398990979957.8,0.025897152687884,4538490.5644369,57.0677884946906,6.99203326182255,NA,27,9.98503633067256,3.71004939079284,19.6615368127822,12.5761151313781,12.4879248440265,29.4632136821746,9.54537466168403,11.9088649749755,690123,784932.579912414,51032.0474441292,835964.627356544,82.554127155008,NA,6.37988891993208,7.52457002457002,NA,NA,7.32824837015341,10.825028913721
"Chile",2013,"Región de Arica y Parinacota",1,"Mediana",0.011141285425806,0.182086018322952,0.117651522744593,1485449.71044932,160,13535,7390326.25,1716265.572,225025,16873.3,13.3361583092815,1282495082532.41,0.0075501339114182,5699344.88404582,56.7319421103273,5.92048702549268,NA,13.9,11.2064689893135,2.05196160823106,9.88396555185318,8.13478305935859,12.9823416471481,40.4794931411743,12.0380915701389,14.1587823629379,803677,932782.008535791,26857.7282901141,959639.736825903,83.7477384759894,NA,5.41478743388419,9.82322920379071,NA,NA,0.711032107543606,6.01488723475169
"Chile",2013,"Región del Maule",9,"Mediana",0.0155576656197502,0.20292547070461,0.160963535653513,5582285.79871543,1065,87289,48909993.9,6332390.592,1045513,16387,63.8013669372063,6017991359287.8,0.0354283156787327,5756017.7245886,55.092892817062,5.96668496895282,NA,21.5,9.5495354724921,4.31710965931415,22.026041150093,15.0111630558967,12.2724458575248,27.3585796356201,8.00258517265319,10.5840563774108,686191,801563.143683973,39746.7521357405,841309.895819717,81.5621641144881,NA,6.20793016151511,6.47851664308585,NA,NA,1.01863869698416,8.34891579540379
"Chile",2013,"Región de Magallanes y la Antártica Chilena",16,"Mediana",0.0201430066271364,0.166041235334714,0.119816228200651,843553.247320556,231,15398,10408581.13,1088052.759,165142,132297.2,1.24826526940857,1596990881907.11,0.00940159161460786,9670410.20398875,59.1522271964699,4.04075725047774,NA,5.3,11.2841029029061,1.50485048070549,10.3158824145793,11.9802772998809,12.8196910023689,32.8405350446701,11.8239395320415,18.216948211193,1105185,1256351.55068908,19334.6202574987,1275686.17094658,86.6345198166298,NA,5.89579187854668,7.10588624469418,NA,NA,1.39879618752346,9.32409683787286
"Chile",2014,"Región de Ñuble",11,"Sin Ventas/Sin Información",0.145120136083351,0.151068225931002,0,3563243.5371336,4095,21715,0,4094550.483,490153,13178.5,37.1933831619684,2369973498555.38,0.0137064825403312,4835170.85186744,53.5947060917359,7.68238792715419,NA,NA,NA,NA,NA,NA,NA,NA,NA,NA,NA,NA,NA,NA,NA,NA,NA,NA,NA,NA,8.35453419646518,4.43024933031115
"Chile",2014,"Región de Ñuble",11,"Micro",0.702849245162662,0.152723958731903,0.112625392913073,1242475.71019284,19833,21953,9739831.07,1683943.679,490153,13178.5,37.1933831619684,2369973498555.38,0.0137064825403312,4835170.85186744,53.5947060917359,7.68238792715419,NA,NA,NA,NA,NA,NA,NA,NA,NA,NA,NA,NA,NA,NA,NA,NA,NA,NA,NA,NA,40.4628758775321,4.4788055974359
"Chile",2014,"Región de Ñuble",11,"Mediana",0.015061308384719,0.230745149329011,0.233876130514363,3177709.59123376,425,33168,20225580.96,3513939.026,490153,13178.5,37.1933831619684,2369973498555.38,0.0137064825403312,4835170.85186744,53.5947060917359,7.68238792715419,NA,NA,NA,NA,NA,NA,NA,NA,NA,NA,NA,NA,NA,NA,NA,NA,NA,NA,NA,NA,0.867076198656338,6.76686667224316
"Chile",2014,"Región de Ñuble",11,"Grande",0.00418172797505139,0.192809388978942,0.358556203373173,2668396.48505573,118,27715,31007899.37,2865831.446,490153,13178.5,37.1933831619684,2369973498555.38,0.0137064825403312,4835170.85186744,53.5947060917359,7.68238792715419,NA,NA,NA,NA,NA,NA,NA,NA,NA,NA,NA,NA,NA,NA,NA,NA,NA,NA,NA,NA,0.240741156332819,5.6543569048848
"Chile",2014,"Región de Ñuble",11,"Pequeña",0.132787582394216,0.272653277029142,0.294942273199391,2585183.99106372,3747,39192,25506573.98,2964209.432,490153,13178.5,37.1933831619684,2369973498555.38,0.0137064825403312,4835170.85186744,53.5947060917359,7.68238792715419,NA,NA,NA,NA,NA,NA,NA,NA,NA,NA,NA,NA,NA,NA,NA,NA,NA,NA,NA,NA,7.64455180321247,7.99587067711511
"Chile",2014,"Región de Arica y Parinacota",1,"Pequeña",0.128750085423358,0.417121723921548,0.205183508879831,2509087.22582899,1884,31242,12852844.06,3033038.671,227956,16873.3,13.5098646974806,1307001180508.2,0.00755889838926372,5733567.79601414,54.8758040798134,6.72439098707742,NA,NA,NA,NA,NA,NA,NA,NA,NA,NA,NA,NA,NA,NA,NA,NA,5.12589277738311,9.10125142207053,NA,NA,8.26475284704066,13.7052764568601
"Chile",2014,"Región de Arica y Parinacota",1,"Sin Ventas/Sin Información",0.142349484042917,0.0344997930546469,0,272316.807737185,2083,2584,0,376872.226,227956,16873.3,13.5098646974806,1307001180508.2,0.00755889838926372,5733567.79601414,54.8758040798134,6.72439098707742,NA,NA,NA,NA,NA,NA,NA,NA,NA,NA,NA,NA,NA,NA,NA,NA,5.12589277738311,9.10125142207053,NA,NA,9.13772833353805,1.13355208899963
"Chile",2014,"Región de Arica y Parinacota",1,"Grande",0.0033485956399918,0.194715550274369,0.611600716127007,2292483.01545752,49,14584,38311113.18,2698463.756,227956,16873.3,13.5098646974806,1307001180508.2,0.00755889838926372,5733567.79601414,54.8758040798134,6.72439098707742,NA,NA,NA,NA,NA,NA,NA,NA,NA,NA,NA,NA,NA,NA,NA,NA,5.12589277738311,9.10125142207053,NA,NA,0.214953763006896,6.39772587692362
"Chile",2014,"Región de Arica y Parinacota",1,"Mediana",0.00984077086038406,0.160963430753415,0.105726609206189,1435248.35511828,144,12056,6622791.61,1666062.219,227956,16873.3,13.5098646974806,1307001180508.2,0.00755889838926372,5733567.79601414,54.8758040798134,6.72439098707742,NA,NA,NA,NA,NA,NA,NA,NA,NA,NA,NA,NA,NA,NA,NA,NA,5.12589277738311,9.10125142207053,NA,NA,0.631700854550878,5.28873993226763
"Chile",2014,"Región de Arica y Parinacota",1,"Micro",0.715711064033349,0.192699501996021,0.0774891657869723,291612.286375213,10473,14433,4853977.64,434239.774,227956,16873.3,13.5098646974806,1307001180508.2,0.00755889838926372,5733567.79601414,54.8758040798134,6.72439098707742,NA,NA,NA,NA,NA,NA,NA,NA,NA,NA,NA,NA,NA,NA,NA,NA,5.12589277738311,9.10125142207053,NA,NA,45.9430767341066,6.33148502342557
"Chile",2014,"Región de Los Ríos",13,"Mediana",0.0146112049678097,0.175935820473332,0.142605261636017,1871508.3032685,320,22391,15304865.9,2109126.673,391641,18429.5,21.2507664342494,2188772484339.87,0.0126585262913904,5588721.51878856,57.0428877517796,4.92805894533915,NA,NA,NA,NA,NA,NA,NA,NA,NA,NA,NA,NA,NA,NA,NA,NA,6.50980704672915,8.86232481450948,NA,NA,0.817074821073381,5.7172257245794
"Chile",2014,"Región de Los Ríos",13,"Micro",0.70211405871878,0.214885124304617,0.0735890145954699,2645819.47771359,15377,27348,7897815.18,3139367.037,391641,18429.5,21.2507664342494,2188772484339.87,0.0126585262913904,5588721.51878856,57.0428877517796,4.92805894533915,NA,NA,NA,NA,NA,NA,NA,NA,NA,NA,NA,NA,NA,NA,NA,NA,6.50980704672915,8.86232481450948,NA,NA,39.2629985113918,6.98292568959838
"Chile",2014,"Región de Los Ríos",13,"Grande",0.00442902150586731,0.206713392211711,0.578360477745081,4078996.82490963,97,26308,62071549.48,4653408.59,391641,18429.5,21.2507664342494,2188772484339.87,0.0126585262913904,5588721.51878856,57.0428877517796,4.92805894533915,NA,NA,NA,NA,NA,NA,NA,NA,NA,NA,NA,NA,NA,NA,NA,NA,6.50980704672915,8.86232481450948,NA,NA,0.247675805137869,6.71737637274953
"Chile",2014,"Región de Los Ríos",13,"Sin Ventas/Sin Información",0.135381946029862,0.0603765282710501,0,1196761.51059814,2965,7684,0,1470635.257,391641,18429.5,21.2507664342494,2188772484339.87,0.0126585262913904,5588721.51878856,57.0428877517796,4.92805894533915,NA,NA,NA,NA,NA,NA,NA,NA,NA,NA,NA,NA,NA,NA,NA,NA,6.50980704672915,8.86232481450948,NA,NA,7.57070888900805,1.96200091410246
"Chile",2014,"Región de Los Ríos",13,"Pequeña",0.143463768777681,0.34208913473929,0.205445246023432,3480312.74560944,3142,43537,22049059.79,4190116.606,391641,18429.5,21.2507664342494,2188772484339.87,0.0126585262913904,5588721.51878856,57.0428877517796,4.92805894533915,NA,NA,NA,NA,NA,NA,NA,NA,NA,NA,NA,NA,NA,NA,NA,NA,6.50980704672915,8.86232481450948,NA,NA,8.02265339941426,11.1165582765849
"Chile",2014,"Región Metropolitana",7,"Micro",0.55915552619392,0.0609110884092142,0.00986514512081141,40927987.3094664,254763,470434,158014340.37,52660111.259,7202595,15403.2,467.603809598006,71508318652292,0.413560540526517,9928132.6594501,60.0469832895364,6.27032386168516,NA,NA,NA,NA,NA,NA,NA,NA,NA,NA,NA,NA,NA,NA,NA,NA,5.37297707530703,6.70884420796411,NA,NA,35.3710017014701,6.53145151157326
"Chile",2014,"Región Metropolitana",7,"Pequeña",0.201819055750284,0.159424545757054,0.0434934064928156,108275438.550353,91953,1231282,696652897.98,143407567.583,7202595,15403.2,467.603809598006,71508318652292,0.413560540526517,9928132.6594501,60.0469832895364,6.27032386168516,NA,NA,NA,NA,NA,NA,NA,NA,NA,NA,NA,NA,NA,NA,NA,NA,5.37297707530703,6.70884420796411,NA,NA,12.7666486870357,17.0949775740549
"Chile",2014,"Región Metropolitana",7,"Grande",0.0217198065936381,0.581547760086699,0.896143315843447,859780458.943406,9896,4491462,14353919095.55,917157375.248,7202595,15403.2,467.603809598006,71508318652292,0.413560540526517,9928132.6594501,60.0469832895364,6.27032386168516,NA,NA,NA,NA,NA,NA,NA,NA,NA,NA,NA,NA,NA,NA,NA,NA,5.37297707530703,6.70884420796411,NA,NA,1.37394925023551,62.358941464847
"Chile",2014,"Región Metropolitana",7,"Sin Ventas/Sin Información",0.180898158776703,0.0557235323288391,0,114119433.154503,82421,430369,0,131445894.024,7202595,15403.2,467.603809598006,71508318652292,0.413560540526517,9928132.6594501,60.0469832895364,6.27032386168516,NA,NA,NA,NA,NA,NA,NA,NA,NA,NA,NA,NA,NA,NA,NA,NA,5.37297707530703,6.70884420796411,NA,NA,11.4432367778558,5.97519366283957
"Chile",2014,"Región Metropolitana",7,"Mediana",0.0364074526854557,0.142393073418194,0.0504981325429263,117314751.056134,16588,1099743,808850656.12,141057967.1,7202595,15403.2,467.603809598006,71508318652292,0.413560540526517,9928132.6594501,60.0469832895364,6.27032386168516,NA,NA,NA,NA,NA,NA,NA,NA,NA,NA,NA,NA,NA,NA,NA,NA,5.37297707530703,6.70884420796411,NA,NA,2.30305882810293,15.2687052374873
"Chile",2014,"Región de Magallanes y la Antártica Chilena",16,"Sin Ventas/Sin Información",0.1326046432808,0.0483384683098592,0,1146352.47041646,1565,4393,0,1301185.22,166475,132297.2,1.25834106844287,1691758563293.85,0.00978410063419584,10162237.9534095,61.3871662018085,3.00917863778198,NA,NA,NA,NA,NA,NA,NA,NA,NA,NA,NA,NA,NA,NA,NA,NA,6.68710457532305,6.36007827788649,NA,NA,9.40081093257246,2.63883465985884
"Chile",2014,"Región de Magallanes y la Antártica Chilena",16,"Mediana",0.0216065073716319,0.165944102112676,0.119256072921307,903447.297900257,255,15081,11559181.03,1169261.339,166475,132297.2,1.25834106844287,1691758563293.85,0.00978410063419584,10162237.9534095,61.3871662018085,3.00917863778198,NA,NA,NA,NA,NA,NA,NA,NA,NA,NA,NA,NA,NA,NA,NA,NA,6.68710457532305,6.36007827788649,NA,NA,1.53176152575462,9.05901787055113
"Chile",2014,"Región de Magallanes y la Antártica Chilena",16,"Micro",0.651330283002881,0.132130281690141,0.0449284754338663,485344.031079118,7687,12008,4354800.29,690517.974,166475,132297.2,1.25834106844287,1691758563293.85,0.00978410063419584,10162237.9534095,61.3871662018085,3.00917863778198,NA,NA,NA,NA,NA,NA,NA,NA,NA,NA,NA,NA,NA,NA,NA,NA,6.68710457532305,6.36007827788649,NA,NA,46.1751013665716,7.21309505931822
"Chile",2014,"Región de Magallanes y la Antártica Chilena",16,"Pequeña",0.183951872563972,0.295972711267606,0.154971413327784,1219347.71054808,2171,26898,15020976.1,1615381.254,166475,132297.2,1.25834106844287,1691758563293.85,0.00978410063419584,10162237.9534095,61.3871662018085,3.00917863778198,NA,NA,NA,NA,NA,NA,NA,NA,NA,NA,NA,NA,NA,NA,NA,NA,6.68710457532305,6.36007827788649,NA,NA,13.0409971467187,16.1573809881364
"Chile",2014,"Región de Magallanes y la Antártica Chilena",16,"Grande",0.0105066937807151,0.357614436619718,0.680844038317043,3592040.37267702,124,32500,65992442.14,4113680.531,166475,132297.2,1.25834106844287,1691758563293.85,0.00978410063419584,10162237.9534095,61.3871662018085,3.00917863778198,NA,NA,NA,NA,NA,NA,NA,NA,NA,NA,NA,NA,NA,NA,NA,NA,6.68710457532305,6.36007827788649,NA,NA,0.744856585072834,19.5224508184412
"Chile",2014,"Región de Aysén del General Carlos Ibáñez del Campo",15,"Micro",0.742846338081432,0.200024257125531,0.0799415985775629,452630.350164441,5893,8246,2816274.47,603301.665,103446,108494.4,0.953468566119542,1142839448647.07,0.00660948696634416,11047691.0527915,67.9269036741964,3.94860878182398,NA,NA,NA,NA,NA,NA,NA,NA,NA,NA,NA,NA,NA,NA,NA,NA,4.49997204986304,5.52486187845303,NA,NA,56.9669199389053,7.97130870212478
"Chile",2014,"Región de Aysén del General Carlos Ibáñez del Campo",15,"Mediana",0.0134879616790621,0.194299575500303,0.147708497656184,461638.129635184,107,8010,5203644.64,561513.588,103446,108494.4,0.953468566119542,1142839448647.07,0.00660948696634416,11047691.0527915,67.9269036741964,3.94860878182398,NA,NA,NA,NA,NA,NA,NA,NA,NA,NA,NA,NA,NA,NA,NA,NA,4.49997204986304,5.52486187845303,NA,NA,1.03435608916729,7.74317034974769
"Chile",2014,"Región de Aysén del General Carlos Ibáñez del Campo",15,"Sin Ventas/Sin Información",0.106895247699483,0.115973317161916,0,1063619.29165384,848,4781,0,1317629.208,103446,108494.4,0.953468566119542,1142839448647.07,0.00660948696634416,11047691.0527915,67.9269036741964,3.94860878182398,NA,NA,NA,NA,NA,NA,NA,NA,NA,NA,NA,NA,NA,NA,NA,NA,4.49997204986304,5.52486187845303,NA,NA,8.19751367863426,4.62173501150359
"Chile",2014,"Región de Aysén del General Carlos Ibáñez del Campo",15,"Pequeña",0.133745115340981,0.311970891449363,0.204359592817843,543478.138002946,1061,12861,7199414.5,758361.594,103446,108494.4,0.953468566119542,1142839448647.07,0.00660948696634416,11047691.0527915,67.9269036741964,3.94860878182398,NA,NA,NA,NA,NA,NA,NA,NA,NA,NA,NA,NA,NA,NA,NA,NA,4.49997204986304,5.52486187845303,NA,NA,10.2565589776308,12.4325735166174
"Chile",2014,"Región de Aysén del General Carlos Ibáñez del Campo",15,"Grande",0.00302533719904198,0.177731958762887,0.56799031094841,756330.428070417,24,7327,20009815.17,813374.426,103446,108494.4,0.953468566119542,1142839448647.07,0.00660948696634416,11047691.0527915,67.9269036741964,3.94860878182398,NA,NA,NA,NA,NA,NA,NA,NA,NA,NA,NA,NA,NA,NA,NA,NA,4.49997204986304,5.52486187845303,NA,NA,0.23200510411229,7.08292249096147
"Chile",2014,"Región de Los Lagos",14,"Mediana",0.0202753535961481,0.176704854209935,0.0860120387358278,5998954.14181154,1078,71214,50548764.14,6658449.289,849087,48583.6,17.4768234548284,5355865879264.6,0.0309750645765631,6307793.99433109,60.1521314125438,4.02813763823752,NA,NA,NA,NA,NA,NA,NA,NA,NA,NA,NA,NA,NA,NA,NA,NA,6.05237242935903,8.00213390237396,NA,NA,1.2695989928005,8.38712640754128
"Chile",2014,"Región de Los Lagos",14,"Micro",0.667469154378574,0.149216770758118,0.0322216230542343,3984029.46712335,35488,60136,18936456.43,4969088.741,849087,48583.6,17.4768234548284,5355865879264.6,0.0309750645765631,6307793.99433109,60.1521314125438,4.02813763823752,NA,NA,NA,NA,NA,NA,NA,NA,NA,NA,NA,NA,NA,NA,NA,NA,6.05237242935903,8.00213390237396,NA,NA,41.7954814995401,7.08243089341846
"Chile",2014,"Región de Los Lagos",14,"Grande",0.00756093891062293,0.344697787405307,0.777112560888889,16230769.5100482,402,138917,456704434.96,17390585.07,849087,48583.6,17.4768234548284,5355865879264.6,0.0309750645765631,6307793.99433109,60.1521314125438,4.02813763823752,NA,NA,NA,NA,NA,NA,NA,NA,NA,NA,NA,NA,NA,NA,NA,NA,6.05237242935903,8.00213390237396,NA,NA,0.473449717166792,16.3607498407113
"Chile",2014,"Región de Los Lagos",14,"Pequeña",0.162127595546193,0.272667495428164,0.104653777321049,9901242.14640839,8620,109888,61504403.15,11522353.895,849087,48583.6,17.4768234548284,5355865879264.6,0.0309750645765631,6307793.99433109,60.1521314125438,4.02813763823752,NA,NA,NA,NA,NA,NA,NA,NA,NA,NA,NA,NA,NA,NA,NA,NA,6.05237242935903,8.00213390237396,NA,NA,10.1520809999446,12.9419011243842
"Chile",2014,"Región de Los Lagos",14,"Sin Ventas/Sin Información",0.142566957568462,0.056713092198476,0,3389583.89837903,7580,22856,0,3985295.623,849087,48583.6,17.4768234548284,5355865879264.6,0.0309750645765631,6307793.99433109,60.1521314125438,4.02813763823752,NA,NA,NA,NA,NA,NA,NA,NA,NA,NA,NA,NA,NA,NA,NA,NA,6.05237242935903,8.00213390237396,NA,NA,8.92723596050817,2.69183252128463
"Chile",2014,"Región de La Araucanía",12,"Pequeña",0.145879532514234,0.305591060780447,0.205664298368067,7863130.84505877,7302,105674,51033248.27,9739243.685,975378,31842.3,30.6315184518706,4469095734087.2,0.0258465264222041,4581911.56053058,58.1545876294688,6.35967441312282,NA,NA,NA,NA,NA,NA,NA,NA,NA,NA,NA,NA,NA,NA,NA,NA,6.25115022994431,6.82699767261442,NA,NA,7.48632837730603,10.8341586543884
"Chile",2014,"Región de La Araucanía",12,"Micro",0.683847767455799,0.13961168529968,0.0684447798965941,2623439.02537244,34230,48278,16983790.93,3482240.373,975378,31842.3,30.6315184518706,4469095734087.2,0.0258465264222041,4581911.56053058,58.1545876294688,6.35967441312282,NA,NA,NA,NA,NA,NA,NA,NA,NA,NA,NA,NA,NA,NA,NA,NA,6.25115022994431,6.82699767261442,NA,NA,35.0940866002719,4.94967079429719
"Chile",2014,"Región de La Araucanía",12,"Grande",0.00519428628508641,0.293161982868809,0.571831055816799,10167908.8935525,260,101376,141893349.85,11437511.19,975378,31842.3,30.6315184518706,4469095734087.2,0.0258465264222041,4581911.56053058,58.1545876294688,6.35967441312282,NA,NA,NA,NA,NA,NA,NA,NA,NA,NA,NA,NA,NA,NA,NA,NA,6.25115022994431,6.82699767261442,NA,NA,0.266563322117169,10.3935089780577
"Chile",2014,"Región de La Araucanía",12,"Mediana",0.0167815403056638,0.18584912753541,0.15405986591854,5605024.51920016,840,64267,38228197.35,6347262.878,975378,31842.3,30.6315184518706,4469095734087.2,0.0258465264222041,4581911.56053058,58.1545876294688,6.35967441312282,NA,NA,NA,NA,NA,NA,NA,NA,NA,NA,NA,NA,NA,NA,NA,NA,6.25115022994431,6.82699767261442,NA,NA,0.861204579147777,6.58893270096311
"Chile",2014,"Región de La Araucanía",12,"Sin Ventas/Sin Información",0.148296873439217,0.0757861435156535,0,4861425.85685417,7423,26207,0,5737927.768,975378,31842.3,30.6315184518706,4469095734087.2,0.0258465264222041,4581911.56053058,58.1545876294688,6.35967441312282,NA,NA,NA,NA,NA,NA,NA,NA,NA,NA,NA,NA,NA,NA,NA,NA,6.25115022994431,6.82699767261442,NA,NA,7.61038284644517,2.6868557625864
"Chile",2014,"Región del Biobío",10,"Mediana",0.0208512359096194,0.194229639487345,0.0976919411588446,11612363.1098232,1650,129604,77990272.59,13126008.538,1607016,23890.2,67.2667453600221,10141863772658.4,0.058654359979592,6310991.16166759,50.5683385935111,8.48942733950076,NA,NA,NA,NA,NA,NA,NA,NA,NA,NA,NA,NA,NA,NA,NA,NA,6.07095283300023,7.81961737017916,NA,NA,1.02674771128601,8.06488547718255
"Chile",2014,"Región del Biobío",10,"Sin Ventas/Sin Información",0.153262902492039,0.116430780850987,0,14197684.1255951,12128,77691,0,16456285.793,1607016,23890.2,67.2667453600221,10141863772658.4,0.058654359979592,6310991.16166759,50.5683385935111,8.48942733950076,NA,NA,NA,NA,NA,NA,NA,NA,NA,NA,NA,NA,NA,NA,NA,NA,6.07095283300023,7.81961737017916,NA,NA,7.54690681362227,4.8344882689407
"Chile",2014,"Región del Biobío",10,"Grande",0.00731688823737552,0.309418048412042,0.755137149747898,30692491.5549188,579,206466,602847598.82,34762018.014,1607016,23890.2,67.2667453600221,10141863772658.4,0.058654359979592,6310991.16166759,50.5683385935111,8.48942733950076,NA,NA,NA,NA,NA,NA,NA,NA,NA,NA,NA,NA,NA,NA,NA,NA,6.07095283300023,7.81961737017916,NA,NA,0.360295105960364,12.8477874520229
"Chile",2014,"Región del Biobío",10,"Micro",0.660756710306829,0.111951348175856,0.0344663076630107,3789974.49980384,52287,74702,27515439.84,4877347.036,1607016,23890.2,67.2667453600221,10141863772658.4,0.058654359979592,6310991.16166759,50.5683385935111,8.48942733950076,NA,NA,NA,NA,NA,NA,NA,NA,NA,NA,NA,NA,NA,NA,NA,NA,6.07095283300023,7.81961737017916,NA,NA,32.5367015636434,4.64849136536288
"Chile",2014,"Región del Biobío",10,"Pequeña",0.157812263054137,0.267970183073769,0.112704601430247,12603118.309511,12488,178809,89975308.95,15703832.594,1607016,23890.2,67.2667453600221,10141863772658.4,0.058654359979592,6310991.16166759,50.5683385935111,8.48942733950076,NA,NA,NA,NA,NA,NA,NA,NA,NA,NA,NA,NA,NA,NA,NA,NA,6.07095283300023,7.81961737017916,NA,NA,7.77092449608467,11.1267716065055
"Chile",2014,"Región del Maule",9,"Micro",0.685641267257749,0.128050683968567,0.0634484503924887,2862871.48055927,48023,57017,23783607.67,3572722.368,1056331,16387,64.461524379081,6014109977549,0.0347819473311216,5693395.32546995,56.0923502424086,6.27812068559625,NA,NA,NA,NA,NA,NA,NA,NA,NA,NA,NA,NA,NA,NA,NA,NA,5.98111420220105,6.03899883585564,NA,NA,45.4620758076777,5.39764524566637
"Chile",2014,"Región del Maule",9,"Pequeña",0.140232149740866,0.328998874837458,0.182705771844383,7503550.22865781,9822,146493,68487131.99,8621644.387,1056331,16387,64.461524379081,6014109977549,0.0347819473311216,5693395.32546995,56.0923502424086,6.27812068559625,NA,NA,NA,NA,NA,NA,NA,NA,NA,NA,NA,NA,NA,NA,NA,NA,5.98111420220105,6.03899883585564,NA,NA,9.29822186416947,13.8680962690672
"Chile",2014,"Región del Maule",9,"Grande",0.00525406547593552,0.250293642719345,0.62399962841644,10959863.61959,368,111448,233905828.38,12156070.362,1056331,16387,64.461524379081,6014109977549,0.0347819473311216,5693395.32546995,56.0923502424086,6.27812068559625,NA,NA,NA,NA,NA,NA,NA,NA,NA,NA,NA,NA,NA,NA,NA,NA,5.98111420220105,6.03899883585564,NA,NA,0.348375651192666,10.5504808625327
"Chile",2014,"Región del Maule",9,"Mediana",0.0151054382433146,0.190601636314228,0.129846149346688,5761559.90847485,1058,84869,48672739.12,6387146.083,1056331,16387,64.461524379081,6014109977549,0.0347819473311216,5693395.32546995,56.0923502424086,6.27812068559625,NA,NA,NA,NA,NA,NA,NA,NA,NA,NA,NA,NA,NA,NA,NA,NA,5.98111420220105,6.03899883585564,NA,NA,1.00157999717891,8.03431878833434
"Chile",2014,"Región del Maule",9,"Sin Ventas/Sin Información",0.153767079282135,0.102055162160402,0,8534493.55654379,10770,45442,0,9688404.247,1056331,16387,64.461524379081,6014109977549,0.0347819473311216,5693395.32546995,56.0923502424086,6.27812068559625,NA,NA,NA,NA,NA,NA,NA,NA,NA,NA,NA,NA,NA,NA,NA,NA,5.98111420220105,6.03899883585564,NA,NA,10.1956678351767,4.30187128845031
"Chile",2014,"Región del Libertador General Bernardo O'Higgins",8,"Mediana",0.0177856986978977,0.191940300566234,0.101869016018573,6942858.22171974,978,83490,46787248.67,7719282.214,921886,16387,56.2571550619393,7041796645090.4,0.0407254607814507,7638467.92888752,58.1806079101994,5.23022536451443,NA,NA,NA,NA,NA,NA,NA,NA,NA,NA,NA,NA,NA,NA,NA,NA,5.86551164810883,6.09504983115064,NA,NA,1.06086869743114,9.05643430966519
"Chile",2014,"Región del Libertador General Bernardo O'Higgins",8,"Grande",0.00696515603404379,0.317730281231968,0.72143189950102,16993004.5872098,383,138206,331345241.17,17789753.301,921886,16387,56.2571550619393,7041796645090.4,0.0407254607814507,7638467.92888752,58.1806079101994,5.23022536451443,NA,NA,NA,NA,NA,NA,NA,NA,NA,NA,NA,NA,NA,NA,NA,NA,5.86551164810883,6.09504983115064,NA,NA,0.415452669852889,14.9916584046184
"Chile",2014,"Región del Libertador General Bernardo O'Higgins",8,"Sin Ventas/Sin Información",0.144431512329963,0.0449630901721692,0,2943846.58191972,7942,19558,0,3438231.273,921886,16387,56.2571550619393,7041796645090.4,0.0407254607814507,7638467.92888752,58.1806079101994,5.23022536451443,NA,NA,NA,NA,NA,NA,NA,NA,NA,NA,NA,NA,NA,NA,NA,NA,5.86551164810883,6.09504983115064,NA,NA,8.61494805214528,2.12152044829838
"Chile",2014,"Región del Libertador General Bernardo O'Higgins",8,"Micro",0.672583109041973,0.148427855137834,0.0432855431785679,4224074.28140484,36984,64563,19880544.17,5277770.658,921886,16387,56.2571550619393,7041796645090.4,0.0407254607814507,7638467.92888752,58.1806079101994,5.23022536451443,NA,NA,NA,NA,NA,NA,NA,NA,NA,NA,NA,NA,NA,NA,NA,NA,5.86551164810883,6.09504983115064,NA,NA,40.1177585948805,7.00336050227468
"Chile",2014,"Región del Libertador General Bernardo O'Higgins",8,"Pequeña",0.158234523896123,0.296938472891795,0.133413541301839,6299553.59694382,8701,129162,61275280.52,7251176.233,921886,16387,56.2571550619393,7041796645090.4,0.0407254607814507,7638467.92888752,58.1806079101994,5.23022536451443,NA,NA,NA,NA,NA,NA,NA,NA,NA,NA,NA,NA,NA,NA,NA,NA,5.86551164810883,6.09504983115064,NA,NA,9.43826026211484,14.0106260426994
"Chile",2014,"Región de Valparaíso",6,"Mediana",0.0215848126137754,0.167906853282455,0.0790635039158699,13229042.7120834,2241,134734,106801079.11,15382986.298,1824842,16396.1,111.297320704314,13299766766094.4,0.0769177465828489,7288174.40967185,56.1322326428088,7.25472443171331,NA,NA,NA,NA,NA,NA,NA,NA,NA,NA,NA,NA,NA,NA,NA,NA,6.69468561632472,6.70506318232614,NA,NA,1.22805152446075,7.38332414532327
"Chile",2014,"Región de Valparaíso",6,"Sin Ventas/Sin Información",0.163875056586691,0.108103729532559,0,21212935.2128326,17014,86746,0,23112830.72,1824842,16396.1,111.297320704314,13299766766094.4,0.0769177465828489,7288174.40967185,56.1322326428088,7.25472443171331,NA,NA,NA,NA,NA,NA,NA,NA,NA,NA,NA,NA,NA,NA,NA,NA,6.69468561632472,6.70506318232614,NA,NA,9.32354691529459,4.75361702547399
"Chile",2014,"Región de Valparaíso",6,"Micro",0.645126802346301,0.137008323436349,0.0269472185901478,6047729.45652755,66979,109940,36401017.94,8026067.022,1824842,16396.1,111.297320704314,13299766766094.4,0.0769177465828489,7288174.40967185,56.1322326428088,7.25472443171331,NA,NA,NA,NA,NA,NA,NA,NA,NA,NA,NA,NA,NA,NA,NA,NA,6.69468561632472,6.70506318232614,NA,NA,36.7039995791416,6.02463117354818
"Chile",2014,"Región de Valparaíso",6,"Pequeña",0.161158895427795,0.263585869474461,0.0888488683788881,13776924.7059584,16732,211510,120019409.09,17045469.787,1824842,16396.1,111.297320704314,13299766766094.4,0.0769177465828489,7288174.40967185,56.1322326428088,7.25472443171331,NA,NA,NA,NA,NA,NA,NA,NA,NA,NA,NA,NA,NA,NA,NA,NA,6.69468561632472,6.70506318232614,NA,NA,9.16901298852175,11.590592500611
"Chile",2014,"Región de Valparaíso",6,"Grande",0.00825443302543752,0.323395224274176,0.805140409115094,45150644.7037873,857,259503,1087605029.75,49302834.668,1824842,16396.1,111.297320704314,13299766766094.4,0.0769177465828489,7288174.40967185,56.1322326428088,7.25472443171331,NA,NA,NA,NA,NA,NA,NA,NA,NA,NA,NA,NA,NA,NA,NA,NA,6.69468561632472,6.70506318232614,NA,NA,0.469629699447952,14.2205736167844
"Chile",2014,"Región de Coquimbo",5,"Mediana",0.0167097723008266,0.212490107995102,0.153784649005181,5869311.87447981,659,53971,31971296.97,6916151.984,755432,40579.9,18.6159157612513,5362921043700,0.0310158673484979,7099144.653258,57.2371332267318,7.22527307362493,NA,NA,NA,NA,NA,NA,NA,NA,NA,NA,NA,NA,NA,NA,NA,NA,5.44368753523315,7.98876305855499,NA,NA,0.87234853699605,7.1443889059505
"Chile",2014,"Región de Coquimbo",5,"Pequeña",0.149145494193418,0.330737461268618,0.200079283482656,5678996.83781174,5882,84005,41595791.46,6768765.658,755432,40579.9,18.6159157612513,5362921043700,0.0310158673484979,7099144.653258,57.2371332267318,7.22527307362493,NA,NA,NA,NA,NA,NA,NA,NA,NA,NA,NA,NA,NA,NA,NA,NA,5.44368753523315,7.98876305855499,NA,NA,7.78627328469008,11.1201272914041
"Chile",2014,"Región de Coquimbo",5,"Micro",0.69316395354734,0.155409794758123,0.0685764920410318,1861635.04063108,27337,39473,14256815.66,2591045.872,755432,40579.9,18.6159157612513,5362921043700,0.0310158673484979,7099144.653258,57.2371332267318,7.22527307362493,NA,NA,NA,NA,NA,NA,NA,NA,NA,NA,NA,NA,NA,NA,NA,NA,5.44368753523315,7.98876305855499,NA,NA,36.1872412076798,5.22522212455919
"Chile",2014,"Región de Coquimbo",5,"Grande",0.00613621380394543,0.230010275873745,0.577559575471131,11278464.0546835,242,58421,120072639.4,11977332.982,755432,40579.9,18.6159157612513,5362921043700,0.0310158673484979,7099144.653258,57.2371332267318,7.22527307362493,NA,NA,NA,NA,NA,NA,NA,NA,NA,NA,NA,NA,NA,NA,NA,NA,5.44368753523315,7.98876305855499,NA,NA,0.320346503722373,7.73345582395239
"Chile",2014,"Región de Coquimbo",5,"Sin Ventas/Sin Información",0.13484456615447,0.0713523601044123,0,3335759.01490145,5318,18123,0,3977192.53,755432,40579.9,18.6159157612513,5362921043700,0.0310158673484979,7099144.653258,57.2371332267318,7.22527307362493,NA,NA,NA,NA,NA,NA,NA,NA,NA,NA,NA,NA,NA,NA,NA,NA,5.44368753523315,7.98876305855499,NA,NA,7.03968060659331,2.39902466403329
"Chile",2014,"Región de Atacama",4,"Pequeña",0.16319657072872,0.296797369267613,0.141994031642526,3160393.73294567,2665,33214,18892580.89,3600331.843,297546,75176.2,3.9579813824056,3748813434352.58,0.0216808525142722,12599105.4638697,58.8553830731654,7.1534393514532,NA,NA,NA,NA,NA,NA,NA,NA,NA,NA,NA,NA,NA,NA,NA,NA,4.81432098284817,8.04123711340206,NA,NA,8.95659830748859,11.1626437592843
"Chile",2014,"Región de Atacama",4,"Grande",0.00649112063686467,0.297887550487901,0.707384455750157,8928231.89010534,106,33336,94118871.73,9275366.109,297546,75176.2,3.9579813824056,3748813434352.58,0.0216808525142722,12599105.4638697,58.8553830731654,7.1534393514532,NA,NA,NA,NA,NA,NA,NA,NA,NA,NA,NA,NA,NA,NA,NA,NA,4.81432098284817,8.04123711340206,NA,NA,0.356247437371028,11.2036458228308
"Chile",2014,"Región de Atacama",4,"Sin Ventas/Sin Información",0.14213104715248,0.0597544411480859,0,1006213.79110451,2321,6687,0,1257467.01,297546,75176.2,3.9579813824056,3748813434352.58,0.0216808525142722,12599105.4638697,58.8553830731654,7.1534393514532,NA,NA,NA,NA,NA,NA,NA,NA,NA,NA,NA,NA,NA,NA,NA,NA,4.81432098284817,8.04123711340206,NA,NA,7.80047454847318,2.24738359783025
"Chile",2014,"Región de Atacama",4,"Micro",0.670116350275566,0.171819709046717,0.0435502832939751,1850600.81456355,10943,19228,5794449.53,2359904.739,297546,75176.2,3.9579813824056,3748813434352.58,0.0216808525142722,12599105.4638697,58.8553830731654,7.1534393514532,NA,NA,NA,NA,NA,NA,NA,NA,NA,NA,NA,NA,NA,NA,NA,NA,4.81432098284817,8.04123711340206,NA,NA,36.7775066712374,6.46219408091522
"Chile",2014,"Región de Atacama",4,"Mediana",0.0180649112063686,0.173740930049684,0.107071229313342,2511314.02679626,295,19443,14246034.41,2679965.098,297546,75176.2,3.9579813824056,3748813434352.58,0.0216808525142722,12599105.4638697,58.8553830731654,7.1534393514532,NA,NA,NA,NA,NA,NA,NA,NA,NA,NA,NA,NA,NA,NA,NA,NA,4.81432098284817,8.04123711340206,NA,NA,0.991443339853334,6.53445181585368
"Chile",2014,"Región de Antofagasta",3,"Sin Ventas/Sin Información",0.129812229490058,0.0515820271343588,0,2820373.10948372,3989,12729,0,3314411.304,596155,126049.1,4.72954586744372,16081807900101,0.0930073772276592,26975883.6210398,57.916904604329,6.62636767318786,NA,NA,NA,NA,NA,NA,NA,NA,NA,NA,NA,NA,NA,NA,NA,NA,5.00221741058617,6.87007476257829,NA,NA,6.69121285571705,2.135182964162
"Chile",2014,"Región de Antofagasta",3,"Grande",0.010315988154512,0.373685020991036,0.762998066695979,25564385.815466,317,92215,304215706.59,26811578.054,596155,126049.1,4.72954586744372,16081807900101,0.0930073772276592,26975883.6210398,57.916904604329,6.62636767318786,NA,NA,NA,NA,NA,NA,NA,NA,NA,NA,NA,NA,NA,NA,NA,NA,5.00221741058617,6.87007476257829,NA,NA,0.531740906307923,15.4682926420142
"Chile",2014,"Región de Antofagasta",3,"Pequeña",0.201633635979043,0.266926555687031,0.112645206428253,6216692.78271154,6196,65870,44912880.6,7616829.59,596155,126049.1,4.72954586744372,16081807900101,0.0930073772276592,26975883.6210398,57.916904604329,6.62636767318786,NA,NA,NA,NA,NA,NA,NA,NA,NA,NA,NA,NA,NA,NA,NA,NA,5.00221741058617,6.87007476257829,NA,NA,10.3932702065738,11.0491399048905
"Chile",2014,"Región de Antofagasta",3,"Micro",0.631715968628982,0.0988078063961876,0.0291842396521344,1073471.94266602,19412,24383,11636076.78,1576100.919,596155,126049.1,4.72954586744372,16081807900101,0.0930073772276592,26975883.6210398,57.916904604329,6.62636767318786,NA,NA,NA,NA,NA,NA,NA,NA,NA,NA,NA,NA,NA,NA,NA,NA,5.00221741058617,6.87007476257829,NA,NA,32.5620014929003,4.09004369668962
"Chile",2014,"Región de Antofagasta",3,"Mediana",0.0265221777474047,0.208998589791386,0.0951724872236336,6667630.03714445,815,51575,37946315.61,7805421.428,596155,126049.1,4.72954586744372,16081807900101,0.0930073772276592,26975883.6210398,57.916904604329,6.62636767318786,NA,NA,NA,NA,NA,NA,NA,NA,NA,NA,NA,NA,NA,NA,NA,NA,5.00221741058617,6.87007476257829,NA,NA,1.36709412820491,8.65127357818017
"Chile",2014,"Región de Tarapacá",2,"Grande",0.0208708549634495,0.291906705367535,0.758204006595877,5738090.01955694,394,39624,224993039.09,6386214.333,321678,42225.9,7.61802590353314,4030284210738.15,0.0233087079668728,12528939.5318864,60.4723960825906,5.95094707406095,NA,NA,NA,NA,NA,NA,NA,NA,NA,NA,NA,NA,NA,NA,NA,NA,4.33417887840575,5.85197934595525,NA,NA,1.22482731178383,12.3179079700819
"Chile",2014,"Región de Tarapacá",2,"Mediana",0.0402585019599534,0.227298846340853,0.129150667558178,2364490.35705844,760,30854,38324779.27,2761349.338,321678,42225.9,7.61802590353314,4030284210738.15,0.0233087079668728,12528939.5318864,60.4723960825906,5.95094707406095,NA,NA,NA,NA,NA,NA,NA,NA,NA,NA,NA,NA,NA,NA,NA,NA,4.33417887840575,5.85197934595525,NA,NA,2.36261105826323,9.59157915679655
"Chile",2014,"Región de Tarapacá",2,"Sin Ventas/Sin Información",0.0992689903591482,0.0684239218517482,0,1564182.14604862,1874,9288,0,2067498.663,321678,42225.9,7.61802590353314,4030284210738.15,0.0233087079668728,12528939.5318864,60.4723960825906,5.95094707406095,NA,NA,NA,NA,NA,NA,NA,NA,NA,NA,NA,NA,NA,NA,NA,NA,4.33417887840575,5.85197934595525,NA,NA,5.82570147787539,2.88735940909854
"Chile",2014,"Región de Tarapacá",2,"Pequeña",0.180315711410107,0.280362746975881,0.0906670313037583,2353892.04136241,3404,38057,26904963.23,2907676.274,321678,42225.9,7.61802590353314,4030284210738.15,0.0233087079668728,12528939.5318864,60.4723960825906,5.95094707406095,NA,NA,NA,NA,NA,NA,NA,NA,NA,NA,NA,NA,NA,NA,NA,NA,4.33417887840575,5.85197934595525,NA,NA,10.5820105820106,11.8307748742531
"Chile",2014,"Región de Tarapacá",2,"Micro",0.659285941307342,0.132007779463983,0.0219782945421868,751262.923347846,12446,17919,6521942.96,1106840.776,321678,42225.9,7.61802590353314,4030284210738.15,0.0233087079668728,12528939.5318864,60.4723960825906,5.95094707406095,NA,NA,NA,NA,NA,NA,NA,NA,NA,NA,NA,NA,NA,NA,NA,NA,4.33417887840575,5.85197934595525,NA,NA,38.6908647778213,5.57047730960774
"Chile",2015,"Región de Los Ríos",13,"Micro",0.69517690625976,0.197548971429867,0.077191480999467,2580566.57854716,15581,26130,8044638.71,3008462.425,393791,18429.5,21.3674272226593,2271262934404.69,0.0128588849770736,5767686.24576156,56.9685748372497,4.57863564444447,NA,15.8,10.452941276163,3.44369523227214,17.1373516321182,11.2261489033699,11.9964845478534,29.3028444051742,11.1680105328559,15.4482915997505,851736,999164.654969899,45496.9922396129,1044661.64720951,81.5322519852332,78.15,6.4,7.11040884850879,NA,NA,39.5666736923901,6.63549954163503
"Chile",2015,"Región Metropolitana",7,"Sin Ventas/Sin Información",0.182136251672676,0.0572444286211672,0,122919712.574859,85478,437344,0,142644339.481,7279754,15403.2,472.613093383193,73320465928945,0.415108010421904,10071832.9120661,60.4599420698171,6.17269956154457,NA,6.8,11.8839509625305,1.74594987183809,8.34770426154136,8.94185006618499,12.5008210539817,31.3958466053009,13.7755021452903,23.1021776795387,1354481,1544083.8045691,26951.0329321655,1571034.83750127,86.215837807773,79.47,5.3,7.01225696154849,NA,NA,11.741880288812,6.00767553409085
"Chile",2015,"Región de Tarapacá",2,"Sin Ventas/Sin Información",0.100051519835137,0.0696368483153433,0,1693598.52452814,1942,9561,0,2288173.177,328417,42225.9,7.7776198967932,4027257850327,0.0228005506037745,12262635.1569103,61.3521434222614,6.93508076339041,NA,6.8,11.8563009992117,1.12176556140184,7.3382519185543,8.03010687232017,14.0484347939491,38.6881560087204,10.4875303804874,20.0816452503204,1379993,1538004.76871276,21115.3314027485,1559120.10011551,88.5110392421838,78.99,4.2,7.52393980848153,NA,NA,5.91321399318549,2.91123784700548
"Chile",2015,"Región de Arica y Parinacota",1,"Micro",0.715202269197001,0.189059864817163,0.0781285665064358,300267.145176081,10590,14461,5017482.68,463237.42,230986,16873.3,13.6894383434183,1339014734947.58,0.00758090848861169,5796951.91460773,56.5467542942433,5.6829766753859,NA,9,11.642346449833,2.34590861946344,7.58452489972114,6.66701421141624,13.710531592369,36.2665891647338,14.3951892852783,18.7603175640106,885735,1015644.58493406,33179.5454444223,1048824.13037848,84.4502959094727,79.1,5.2,4.78065241844769,NA,NA,45.8469344462435,6.26055258760271
"Chile",2015,"Región de Valparaíso",6,"Micro",0.640999047717823,0.13174311658272,0.0332927783025858,5964242.02325201,67985,108103,37400357.74,7884093.762,1844609,16396.1,112.50291227792,13302883948412.4,0.0753150381511551,7211763.54902985,56.2926553632721,7.09031414757049,NA,11.6,11.5289684549164,1.86098366975784,9.57837775349617,9.18606296181678,13.0049407482147,32.8610271215438,12.6942455768585,20.6262037158012,872372,1060263.74016107,32250.8495343882,1092514.58969546,79.849929278025,78.98,6.7,6.06285572878,NA,NA,36.8560491681435,5.86048317014609
"Chile",2015,"Región de Tarapacá",2,"Mediana",0.0397733127253993,0.222006147212632,0.174452074617458,2510850.40887889,772,30481,38846995.24,2870032.122,328417,42225.9,7.7776198967932,4027257850327,0.0228005506037745,12262635.1569103,61.3521434222614,6.93508076339041,NA,6.8,11.8563009992117,1.12176556140184,7.3382519185543,8.03010687232017,14.0484347939491,38.6881560087204,10.4875303804874,20.0816452503204,1379993,1538004.76871276,21115.3314027485,1559120.10011551,88.5110392421838,78.99,4.2,7.52393980848153,NA,NA,2.35067003230649,9.28118824543187
"Chile",2015,"Región de La Araucanía",12,"Sin Ventas/Sin Información",0.149991249051981,0.078409159178489,0,5342918.41371224,7713,27408,0,6352883.686,982034,31842.3,30.8405485784632,4673277885059,0.0264580299707247,4758774.0190859,55.1706420216585,7.22013338089709,NA,22.4,10.2290632923843,3.93919423222541,17.7387714385986,12.0709858834743,12.1305219829082,29.6981781721115,10.2806784212589,13.8637453317642,697664,810639.292688144,54297.7804856277,864937.073173777,80.6606545938925,78.51,6.6,8.62004904510663,NA,NA,7.85410688428303,2.79094206514235
"Chile",2015,"Región de Coquimbo",5,"Mediana",0.016666255762925,0.177622079857549,0.160416151199903,5023321.73933725,676,45886,31675162.34,5598303.286,768087,40579.9,18.9277696593634,5369852359291.4,0.0304017261876788,6991203.28724663,57.6144839022058,7.81785490370219,NA,13.3,10.8839564983869,2.48612482100725,12.1048830449581,11.1704587936401,13.9875873923301,34.4128221273422,9.94186848402023,15.833456814289,836675,980829.177580999,36342.8267570945,1017172.00433809,82.2549735816701,79.94,5.4,7.31623343088311,NA,NA,0.880108633527191,5.97406283402792
"Chile",2015,"Región del Libertador General Bernardo O'Higgins",8,"Pequeña",0.1598780337346,0.305283743987993,0.139282193549251,7162791.79104652,9071,134247,64068502.62,8141082.452,931982,16387,56.8732531885031,7444469814838.3,0.0421472915417399,7987782.82717724,57.2681559607029,5.88769659136084,NA,13.1,10.3940544419761,3.24549973011016,15.7599076628685,12.6144230365753,13.0671963095664,30.8752745389938,9.83765348792076,14.4572913646698,825462,964367.18020577,34170.278889179,998537.459094953,82.6671191809713,78.94,5.9,8.04311107536395,NA,NA,9.73302059481835,14.4044627471346
"Chile",2015,"Región de Aysén del General Carlos Ibáñez del Campo",15,"Micro",0.737914750838822,0.191220567271297,NA,NA,5938,7780,2953304.85,569691.685,104097,108494.4,0.959468875812945,1086116693155.72,0.00614911176394888,10433698.3117258,68.96496245658,3.5224036177494,NA,6.6,10.6097649575524,3.03079150617122,14.5641893148422,14.8597449064254,11.8437312543392,27.6035785675048,9.4631627202034,18.4883654117584,1104122,1214323.31678579,50281.7500458632,1264605.06683165,87.30962518983,78.23,4.6,9.73393900064893,NA,NA,57.0429503251775,7.47379847642103
"Chile",2015,"Región del Biobío",10,"Sin Ventas/Sin Información",0.152529327788468,0.115179311812491,0,14899368.3743218,12287,78478,0,17229627.149,1617128,23890.2,67.6900151526567,10389010765349,0.0588179785059615,6424358.9656162,52.0755843482779,7.92681124801935,NA,17.2,10.8111184712241,2.59778369218111,14.4992738962173,11.320436745882,12.9574164748191,29.9219191074371,12.5176265835762,16.0537302494049,738503,874688.636952571,42109.7166177185,916798.353570292,80.5523633064036,78.8,6.1,6.83420719580546,NA,NA,7.598038003176,4.85292444382881
"Chile",2015,"Región de Tarapacá",2,"Grande",0.0203503348789284,0.293267199813544,0.672400629159502,5211126.52722041,395,40265,149730200.1,5846197.781,328417,42225.9,7.7776198967932,4027257850327,0.0228005506037745,12262635.1569103,61.3521434222614,6.93508076339041,NA,6.8,11.8563009992117,1.12176556140184,7.3382519185543,8.03010687232017,14.0484347939491,38.6881560087204,10.4875303804874,20.0816452503204,1379993,1538004.76871276,21115.3314027485,1559120.10011551,88.5110392421838,78.99,4.2,7.52393980848153,NA,NA,1.2027392004677,12.2603275713498
"Chile",2015,"Región de Arica y Parinacota",1,"Pequeña",0.128452758830283,0.422217573768777,0.203684282359197,2678924.0308627,1902,32295,13080777.04,3230167.604,230986,16873.3,13.6894383434183,1339014734947.58,0.00758090848861169,5796951.91460773,56.5467542942433,5.6829766753859,NA,9,11.642346449833,2.34590861946344,7.58452489972114,6.66701421141624,13.710531592369,36.2665891647338,14.3951892852783,18.7603175640106,885735,1015644.58493406,33179.5454444223,1048824.13037848,84.4502959094727,79.1,5.2,4.78065241844769,NA,NA,8.23426528014685,13.9813668360853
"Chile",2015,"Región de Valparaíso",6,"Grande",0.00816511252958203,0.323484356396067,0.759152171662964,47169117.3311944,866,265438,852814461.48,51208504.079,1844609,16396.1,112.50291227792,13302883948412.4,0.0753150381511551,7211763.54902985,56.2926553632721,7.09031414757049,NA,11.6,11.5289684549164,1.86098366975784,9.57837775349617,9.18606296181678,13.0049407482147,32.8610271215438,12.6942455768585,20.6262037158012,872372,1060263.74016107,32250.8495343882,1092514.58969546,79.849929278025,78.98,6.7,6.06285572878,NA,NA,0.469476187094392,14.3899330427207
"Chile",2015,"Región de Valparaíso",6,"Pequeña",0.16430167545092,0.269157976452638,0.111308744364103,15446875.5118447,17426,220860,125041737.91,18618037.231,1844609,16396.1,112.50291227792,13302883948412.4,0.0753150381511551,7211763.54902985,56.2926553632721,7.09031414757049,NA,11.6,11.5289684549164,1.86098366975784,9.57837775349617,9.18606296181678,13.0049407482147,32.8610271215438,12.6942455768585,20.6262037158012,872372,1060263.74016107,32250.8495343882,1092514.58969546,79.849929278025,78.98,6.7,6.06285572878,NA,NA,9.44698849458069,11.9732691318323
"Chile",2015,"Región de Aysén del General Carlos Ibáñez del Campo",15,"Pequeña",0.139803653535479,0.347392223369218,NA,NA,1125,14134,7968949.69,838222.562,104097,108494.4,0.959468875812945,1086116693155.72,0.00614911176394888,10433698.3117258,68.96496245658,3.5224036177494,NA,6.6,10.6097649575524,3.03079150617122,14.5641893148422,14.8597449064254,11.8437312543392,27.6035785675048,9.4631627202034,18.4883654117584,1104122,1214323.31678579,50281.7500458632,1264605.06683165,87.30962518983,78.23,4.6,9.73393900064893,NA,NA,10.8072278740021,13.5777207796574
"Chile",2015,"Región de Arica y Parinacota",1,"Mediana",0.0110758425069224,0.17280916210174,0.122998887675516,1579201.2244901,164,13218,7899092.69,1821327.836,230986,16873.3,13.6894383434183,1339014734947.58,0.00758090848861169,5796951.91460773,56.5467542942433,5.6829766753859,NA,9,11.642346449833,2.34590861946344,7.58452489972114,6.66701421141624,13.710531592369,36.2665891647338,14.3951892852783,18.7603175640106,885735,1015644.58493406,33179.5454444223,1048824.13037848,84.4502959094727,79.1,5.2,4.78065241844769,NA,NA,0.709999740243997,5.72242473569827
"Chile",2015,"Región de Aysén del General Carlos Ibáñez del Campo",15,"Mediana",0.0120541816826146,0.166543774271248,NA,NA,97,6776,NA,NA,104097,108494.4,0.959468875812945,1086116693155.72,0.00614911176394888,10433698.3117258,68.96496245658,3.5224036177494,NA,6.6,10.6097649575524,3.03079150617122,14.5641893148422,14.8597449064254,11.8437312543392,27.6035785675048,9.4631627202034,18.4883654117584,1104122,1214323.31678579,50281.7500458632,1264605.06683165,87.30962518983,78.23,4.6,9.73393900064893,NA,NA,0.931823203358406,6.5093134288212
"Chile",2015,"Región de Tarapacá",2,"Micro",0.659041731066461,0.125020029425046,0.0294531984622275,682290.639981852,12792,17165,6558639.46,1027979.225,328417,42225.9,7.7776198967932,4027257850327,0.0228005506037745,12262635.1569103,61.3521434222614,6.93508076339041,NA,6.8,11.8563009992117,1.12176556140184,7.3382519185543,8.03010687232017,14.0484347939491,38.6881560087204,10.4875303804874,20.0816452503204,1379993,1538004.76871276,21115.3314027485,1559120.10011551,88.5110392421838,78.99,4.2,7.52393980848153,NA,NA,38.9504806389438,5.22658693064001
"Chile",2015,"Región de Antofagasta",3,"Mediana",0.0276411411887912,0.213929046109805,0.0879917351262687,7288254.92326899,871,52311,41096380.66,8291056.103,604877,126049.1,4.79874112548205,16094025136934.9,0.0911172435912709,26607103.8193466,58.0726181035656,6.77170208278233,NA,5.3,11.7174301908258,1.20444288477301,7.32493698596954,8.42517167329788,13.0919888615608,38.4714841842651,12.5508785247802,18.745481967926,1327532,1505902.15101395,15595.1546224663,1521497.30563642,87.2516581892395,77.96,4.9,7.62388818297331,NA,NA,1.43996217412796,8.64820451099976
"Chile",2015,"Región de La Araucanía",12,"Pequeña",0.150710771444684,0.305866668955317,0.242130477803307,8171066.3144592,7750,106916,54215434.36,9995962.916,982034,31842.3,30.8405485784632,4673277885059,0.0264580299707247,4758774.0190859,55.1706420216585,7.22013338089709,NA,22.4,10.2290632923843,3.93919423222541,17.7387714385986,12.0709858834743,12.1305219829082,29.6981781721115,10.2806784212589,13.8637453317642,697664,810639.292688144,54297.7804856277,864937.073173777,80.6606545938925,78.51,6.6,8.62004904510663,NA,NA,7.8917837875267,10.8871994248672
"Chile",2015,"Región de Los Ríos",13,"Pequeña",0.148262169276759,0.333020843571153,0.221776724075196,3777881.55735527,3323,44049,23112830.54,4504050.011,393791,18429.5,21.3674272226593,2271262934404.69,0.0128588849770736,5767686.24576156,56.9685748372497,4.57863564444447,NA,15.8,10.452941276163,3.44369523227214,17.1373516321182,11.2261489033699,11.9964845478534,29.3028444051742,11.1680105328559,15.4482915997505,851736,999164.654969899,45496.9922396129,1044661.64720951,81.5322519852332,78.15,6.4,7.11040884850879,NA,NA,8.43848640522511,11.1858828667999
"Chile",2015,"Región de Atacama",4,"Mediana",0.0179802217560683,0.176010381208508,0.117592121109105,2478342.36289537,300,18718,14610179.25,2694044.98,300065,75176.2,3.99148932773937,3656726270532.97,0.0207027648772648,12186447.1715561,56.5816500505443,6.12272657745595,NA,6.5,11.0249493426104,2.30910051614046,10.225686430931,10.3223033249378,15.1573151350021,35.679879784584,11.3966472446918,14.8351043462753,1059527,1212279.15527064,38268.3270285485,1250547.48229918,84.7250397949268,79.25,5,7.325282122352,NA,NA,0.999783380267609,6.23798177061637
"Chile",2015,"Región de Tarapacá",2,"Pequeña",0.180783101494075,0.290069775233434,0.123694097760813,2450193.92917849,3509,39826,27544206.84,3009425.636,328417,42225.9,7.7776198967932,4027257850327,0.0228005506037745,12262635.1569103,61.3521434222614,6.93508076339041,NA,6.8,11.8563009992117,1.12176556140184,7.3382519185543,8.03010687232017,14.0484347939491,38.6881560087204,10.4875303804874,20.0816452503204,1379993,1538004.76871276,21115.3314027485,1559120.10011551,88.5110392421838,78.99,4.2,7.52393980848153,NA,NA,10.6845869732687,12.1266560500827
"Chile",2015,"Región de Ñuble",11,"Micro",0.695875394595345,0.148743711923123,0.103722555694747,1356095.09387479,20060,22413,9955479.04,1827335.619,493464,13178.5,37.4446257161285,2486890670589.58,0.0140796737353752,5039659.77374151,53.639312471404,7.37757471870693,NA,NA,NA,NA,NA,NA,NA,NA,NA,NA,NA,NA,NA,NA,NA,NA,NA,NA,NA,NA,40.6513950359094,4.54197266669909
"Chile",2015,"Región de Ñuble",11,"Mediana",0.0145349845630832,0.223802444883928,0.211233729203104,3333389.547177,419,33723,20274596.49,3711641.359,493464,13178.5,37.4446257161285,2486890670589.58,0.0140796737353752,5039659.77374151,53.639312471404,7.37757471870693,NA,NA,NA,NA,NA,NA,NA,NA,NA,NA,NA,NA,NA,NA,NA,NA,NA,NA,NA,NA,0.849099427719145,6.8339331744565
"Chile",2015,"Región de Magallanes y la Antártica Chilena",16,"Grande",0.0107202680067002,0.349689150344274,0.684869788126051,3717175.18466509,128,31386,68608155.55,4235937.033,167961,132297.2,1.26957335453812,1725811837495.87,0.00977078240227966,10275074.7941241,62.0646843818962,3.65659323087008,NA,4.1,11.4521540545771,1.35838752612471,10.0093334913253,9.4554878771305,11.5088820457458,36.3733142614364,11.1849054694175,19.7517722845077,1208352,1408762.02235776,20875.6828682143,1429637.70522597,84.5215452902376,78.08,6.3,8.04162724692526,NA,NA,0.762081673721876,18.6864807901834
"Chile",2015,"Región del Libertador General Bernardo O'Higgins",8,"Grande",0.00680332058445106,0.32748069904149,0.711732414005365,18443312.9308033,386,144008,327390234.67,19233315.566,931982,16387,56.8732531885031,7444469814838.3,0.0421472915417399,7987782.82717724,57.2681559607029,5.88769659136084,NA,13.1,10.3940544419761,3.24549973011016,15.7599076628685,12.6144230365753,13.0671963095664,30.8752745389938,9.83765348792076,14.4572913646698,825462,964367.18020577,34170.278889179,998537.459094953,82.6671191809713,78.94,5.9,8.04311107536395,NA,NA,0.414171089141207,15.4518005712557
"Chile",2015,"Región de Aysén del General Carlos Ibáñez del Campo",15,"Grande",0.00347955759910526,0.170230546133805,NA,NA,28,6926,NA,NA,104097,108494.4,0.959468875812945,1086116693155.72,0.00614911176394888,10433698.3117258,68.96496245658,3.5224036177494,NA,6.6,10.6097649575524,3.03079150617122,14.5641893148422,14.8597449064254,11.8437312543392,27.6035785675048,9.4631627202034,18.4883654117584,1104122,1214323.31678579,50281.7500458632,1264605.06683165,87.30962518983,78.23,4.6,9.73393900064893,NA,NA,0.268979893752942,6.65340980047456
"Chile",2015,"Región del Maule",9,"Micro",0.681270659420696,0.122384527771942,0.0652148625986333,2875013.2918379,48640,55338,24643882,3504961.386,1067995,16387,65.1733081100873,6497895688554.5,0.0367882079993724,6084200.47711319,57.3114287396126,6.08301390010883,NA,17.9,10.0088688165161,3.47170569002628,18.4413775801658,15.312273800373,11.5729764103889,30.382415652275,9.19922143220901,11.4670127630233,722041,836850.970538293,42538.1340030326,879389.104541325,82.1071249830627,78.43,6.2,8.39519877888017,NA,NA,45.5432843786722,5.18148493204556
"Chile",2015,"Región del Libertador General Bernardo O'Higgins",8,"Mediana",0.0175370569469658,0.177266370282778,0.104049761969974,7221464.92212148,995,77952,47861914.56,8025586.394,931982,16387,56.8732531885031,7444469814838.3,0.0421472915417399,7987782.82717724,57.2681559607029,5.88769659136084,NA,13.1,10.3940544419761,3.24549973011016,15.7599076628685,12.6144230365753,13.0671963095664,30.8752745389938,9.83765348792076,14.4572913646698,825462,964367.18020577,34170.278889179,998537.459094953,82.6671191809713,78.94,5.9,8.04311107536395,NA,NA,1.06761718573964,8.36411003645993
"Chile",2015,"Región de Magallanes y la Antártica Chilena",16,"Sin Ventas/Sin Información",0.131155778894472,0.0537023419569044,0,1222395.55063283,1566,4820,0,1402131.646,167961,132297.2,1.26957335453812,1725811837495.87,0.00977078240227966,10275074.7941241,62.0646843818962,3.65659323087008,NA,4.1,11.4521540545771,1.35838752612471,10.0093334913253,9.4554878771305,11.5088820457458,36.3733142614364,11.1849054694175,19.7517722845077,1208352,1408762.02235776,20875.6828682143,1429637.70522597,84.5215452902376,78.08,6.3,8.04162724692526,NA,NA,9.32359297694108,2.86971380260894
"Chile",2015,"Región de Antofagasta",3,"Grande",0.00904446066452985,0.347988958184235,0.787930482040209,24567457.57397,285,85092,368001505.79,25791906.326,604877,126049.1,4.79874112548205,16094025136934.9,0.0911172435912709,26607103.8193466,58.0726181035656,6.77170208278233,NA,5.3,11.7174301908258,1.20444288477301,7.32493698596954,8.42517167329788,13.0919888615608,38.4714841842651,12.5508785247802,18.745481967926,1327532,1505902.15101395,15595.1546224663,1521497.30563642,87.2516581892395,77.96,4.9,7.62388818297331,NA,NA,0.471170171786991,14.0676534237539
"Chile",2015,"Región de Antofagasta",3,"Micro",0.637174320078703,0.104459666700746,0.0259238470015047,1236018.18848062,20078,25543,12107685.83,1777312.614,604877,126049.1,4.79874112548205,16094025136934.9,0.0911172435912709,26607103.8193466,58.0726181035656,6.77170208278233,NA,5.3,11.7174301908258,1.20444288477301,7.32493698596954,8.42517167329788,13.0919888615608,38.4714841842651,12.5508785247802,18.745481967926,1327532,1505902.15101395,15595.1546224663,1521497.30563642,87.2516581892395,77.96,4.9,7.62388818297331,NA,NA,33.1935252952253,4.2228419992825
"Chile",2015,"Región de Valparaíso",6,"Mediana",0.0215913483749917,0.166549876364771,0.0962463056703466,13765465.198092,2290,136664,108120933.33,15784543.787,1844609,16396.1,112.50291227792,13302883948412.4,0.0753150381511551,7211763.54902985,56.2926553632721,7.09031414757049,NA,11.6,11.5289684549164,1.86098366975784,9.57837775349617,9.18606296181678,13.0049407482147,32.8610271215438,12.6942455768585,20.6262037158012,872372,1060263.74016107,32250.8495343882,1092514.58969546,79.849929278025,78.98,6.7,6.06285572878,NA,NA,1.24145550628887,7.40883298303326
"Chile",2015,"Región de Coquimbo",5,"Grande",0.00608959345183797,0.236472022761143,0.551880054430664,11405656.1040789,247,61089,108972133.95,12071562.52,768087,40579.9,18.9277696593634,5369852359291.4,0.0304017261876788,6991203.28724663,57.6144839022058,7.81785490370219,NA,13.3,10.8839564983869,2.48612482100725,12.1048830449581,11.1704587936401,13.9875873923301,34.4128221273422,9.94186848402023,15.833456814289,836675,980829.177580999,36342.8267570945,1017172.00433809,82.2549735816701,79.94,5.4,7.31623343088311,NA,NA,0.321578154558012,7.95339590437021
"Chile",2015,"Región de Coquimbo",5,"Micro",0.694731392224058,0.157005438674589,0.0745542039280226,1991953.328452,28179,40560,14721189.2,2769727.808,768087,40579.9,18.9277696593634,5369852359291.4,0.0304017261876788,6991203.28724663,57.6144839022058,7.81785490370219,NA,13.3,10.8839564983869,2.48612482100725,12.1048830449581,11.1704587936401,13.9875873923301,34.4128221273422,9.94186848402023,15.833456814289,836675,980829.177580999,36342.8267570945,1017172.00433809,82.2549735816701,79.94,5.4,7.31623343088311,NA,NA,36.6872502724301,5.28065180116315
"Chile",2015,"Región del Maule",9,"Grande",0.00501428651465068,0.242867094976391,0.611074989901621,11210765.5600887,358,109816,230917605.96,12360825.976,1067995,16387,65.1733081100873,6497895688554.5,0.0367882079993724,6084200.47711319,57.3114287396126,6.08301390010883,NA,17.9,10.0088688165161,3.47170569002628,18.4413775801658,15.312273800373,11.5729764103889,30.382415652275,9.19922143220901,11.4670127630233,722041,836850.970538293,42538.1340030326,879389.104541325,82.1071249830627,78.43,6.2,8.39519877888017,NA,NA,0.335207561833155,10.2824451425334
"Chile",2015,"Región de Los Lagos",14,"Micro",0.663006941907198,0.146095409046547,0.0372464173705459,3933295.9383226,36293,59578,19747692.76,4841147.256,856176,48583.6,17.622736890638,5428098180819.4,0.0307314882368359,6339932.6549908,58.8789632820138,3.42692684627078,NA,15.4,9.96460683881729,3.04175280034542,19.5926010608673,15.0435552000999,11.8595227599143,29.0851801633834,8.85608792304992,12.320127338171,758857,855709.877987525,45094.1364514274,900804.014438953,84.2421616623069,77.89,6.1,8.4827284652383,NA,NA,42.3896488572443,6.95861598549831
"Chile",2015,"Región Metropolitana",7,"Grande",0.0212142132671934,0.576518009303738,0.89776949252952,877898971.386653,9956,4404563,14895402616.04,932910744.285,7279754,15403.2,472.613093383193,73320465928945,0.415108010421904,10071832.9120661,60.4599420698171,6.17269956154457,NA,6.8,11.8839509625305,1.74594987183809,8.34770426154136,8.94185006618499,12.5008210539817,31.3958466053009,13.7755021452903,23.1021776795387,1354481,1544083.8045691,26951.0329321655,1571034.83750127,86.215837807773,79.47,5.3,7.01225696154849,NA,NA,1.36762863140705,60.5042835238663
"Chile",2015,"Región de Coquimbo",5,"Pequeña",0.148591011069747,0.357431242379081,0.21314959044141,7131411.85953996,6027,92337,42087706.44,8641722.971,768087,40579.9,18.9277696593634,5369852359291.4,0.0304017261876788,6991203.28724663,57.6144839022058,7.81785490370219,NA,13.3,10.8839564983869,2.48612482100725,12.1048830449581,11.1704587936401,13.9875873923301,34.4128221273422,9.94186848402023,15.833456814289,836675,980829.177580999,36342.8267570945,1017172.00433809,82.2549735816701,79.94,5.4,7.31623343088311,NA,NA,7.84676735838518,12.0216850434912
"Chile",2015,"Región de Magallanes y la Antártica Chilena",16,"Micro",0.652428810720268,0.133397954408717,0.0458228152691962,505295.597553663,7790,11973,4590389.14,675152.069,167961,132297.2,1.26957335453812,1725811837495.87,0.00977078240227966,10275074.7941241,62.0646843818962,3.65659323087008,NA,4.1,11.4521540545771,1.35838752612471,10.0093334913253,9.4554878771305,11.5088820457458,36.3733142614364,11.1849054694175,19.7517722845077,1208352,1408762.02235776,20875.6828682143,1429637.70522597,84.5215452902376,78.08,6.3,8.04162724692526,NA,NA,46.3798143616673,7.12844053083752
"Chile",2015,"Región de Los Lagos",14,"Mediana",0.0203872853489222,0.181651880079058,0.0970066871972776,6306281.59314597,1116,74078,51432013.86,6970914.446,856176,48583.6,17.622736890638,5428098180819.4,0.0307314882368359,6339932.6549908,58.8789632820138,3.42692684627078,NA,15.4,9.96460683881729,3.04175280034542,19.5926010608673,15.0435552000999,11.8595227599143,29.0851801633834,8.85608792304992,12.320127338171,758857,855709.877987525,45094.1364514274,900804.014438953,84.2421616623069,77.89,6.1,8.4827284652383,NA,NA,1.30347031451477,8.65219300704528
"Chile",2015,"Región de Los Ríos",13,"Sin Ventas/Sin Información",0.136974077544282,0.0689644744501818,0,1525301.03903085,3070,9122,0,1894301.398,393791,18429.5,21.3674272226593,2271262934404.69,0.0128588849770736,5767686.24576156,56.9685748372497,4.57863564444447,NA,15.8,10.452941276163,3.44369523227214,17.1373516321182,11.2261489033699,11.9964845478534,29.3028444051742,11.1680105328559,15.4482915997505,851736,999164.654969899,45496.9922396129,1044661.64720951,81.5322519852332,78.15,6.4,7.11040884850879,NA,NA,7.79601362143878,2.31645720699559
"Chile",2015,"Región de Atacama",4,"Pequeña",0.155948456697633,0.371203430312377,0.148592060283335,4589668.76456861,2602,39476,18461752.5,5307179.345,300065,75176.2,3.99148932773937,3656726270532.97,0.0207027648772648,12186447.1715561,56.5816500505443,6.12272657745595,NA,6.5,11.0249493426104,2.30910051614046,10.225686430931,10.3223033249378,15.1573151350021,35.679879784584,11.3966472446918,14.8351043462753,1059527,1212279.15527064,38268.3270285485,1250547.48229918,84.7250397949268,79.25,5,7.325282122352,NA,NA,8.67145451818773,13.1558162398147
"Chile",2015,"Región de Magallanes y la Antártica Chilena",16,"Mediana",0.0198492462311558,0.161898076965929,0.111258549220773,896861.724457104,237,14531,11145540.34,1139073.217,167961,132297.2,1.26957335453812,1725811837495.87,0.00977078240227966,10275074.7941241,62.0646843818962,3.65659323087008,NA,4.1,11.4521540545771,1.35838752612471,10.0093334913253,9.4554878771305,11.5088820457458,36.3733142614364,11.1849054694175,19.7517722845077,1208352,1408762.02235776,20875.6828682143,1429637.70522597,84.5215452902376,78.08,6.3,8.04162724692526,NA,NA,1.41104184900066,8.65141312566608
"Chile",2015,"Región de Antofagasta",3,"Pequeña",0.199612833613659,0.281410898681116,0.0981539358320176,6674682.55666312,6290,68812,45842618.11,7931809.279,604877,126049.1,4.79874112548205,16094025136934.9,0.0911172435912709,26607103.8193466,58.0726181035656,6.77170208278233,NA,5.3,11.7174301908258,1.20444288477301,7.32493698596954,8.42517167329788,13.0919888615608,38.4714841842651,12.5508785247802,18.745481967926,1327532,1505902.15101395,15595.1546224663,1521497.30563642,87.2516581892395,77.96,4.9,7.62388818297331,NA,NA,10.3988083527725,11.3761971442128
"Chile",2015,"Región del Maule",9,"Pequeña",0.141310437559527,0.319235234925304,0.186974506994247,7898285.19807587,10089,144347,70655330.76,8877978.844,1067995,16387,65.1733081100873,6497895688554.5,0.0367882079993724,6084200.47711319,57.3114287396126,6.08301390010883,NA,17.9,10.0088688165161,3.47170569002628,18.4413775801658,15.312273800373,11.5729764103889,30.382415652275,9.19922143220901,11.4670127630233,722041,836850.970538293,42538.1340030326,879389.104541325,82.1071249830627,78.43,6.2,8.39519877888017,NA,NA,9.44667343948239,13.5156999798688
"Chile",2015,"Región del Libertador General Bernardo O'Higgins",8,"Sin Ventas/Sin Información",0.145954139274195,0.050574764920579,0,3601009.06949475,8281,22240,0,4332945.785,931982,16387,56.8732531885031,7444469814838.3,0.0421472915417399,7987782.82717724,57.2681559607029,5.88769659136084,NA,13.1,10.3940544419761,3.24549973011016,15.7599076628685,12.6144230365753,13.0671963095664,30.8752745389938,9.83765348792076,14.4572913646698,825462,964367.18020577,34170.278889179,998537.459094953,82.6671191809713,78.94,5.9,8.04311107536395,NA,NA,8.88536473880397,2.38631218199493
"Chile",2015,"Región de Atacama",4,"Grande",0.006053341324543,0.273240178285972,0.687361044343893,7567119.56939512,101,29058,85400858.26,7846284.307,300065,75176.2,3.99148932773937,3656726270532.97,0.0207027648772648,12186447.1715561,56.5816500505443,6.12272657745595,NA,6.5,11.0249493426104,2.30910051614046,10.225686430931,10.3223033249378,15.1573151350021,35.679879784584,11.3966472446918,14.8351043462753,1059527,1212279.15527064,38268.3270285485,1250547.48229918,84.7250397949268,79.25,5,7.325282122352,NA,NA,0.336593738023428,9.68390182127206
"Chile",2015,"Región de La Araucanía",12,"Micro",0.676195476732202,0.140457329545617,0.079570898325045,2907519.01959351,34772,49097,17816719.54,3873541.047,982034,31842.3,30.8405485784632,4673277885059,0.0264580299707247,4758774.0190859,55.1706420216585,7.22013338089709,NA,22.4,10.2290632923843,3.93919423222541,17.7387714385986,12.0709858834743,12.1305219829082,29.6981781721115,10.2806784212589,13.8637453317642,697664,810639.292688144,54297.7804856277,864937.073173777,80.6606545938925,78.51,6.6,8.62004904510663,NA,NA,35.4081426915972,4.99952140149934
"Chile",2015,"Región de Ñuble",11,"Pequeña",0.135116383945607,0.266667551532366,0.278511777994537,2721612.44935045,3895,40182,26732065.65,3102695.024,493464,13178.5,37.4446257161285,2486890670589.58,0.0140796737353752,5039659.77374151,53.639312471404,7.37757471870693,NA,NA,NA,NA,NA,NA,NA,NA,NA,NA,NA,NA,NA,NA,NA,NA,NA,NA,NA,NA,7.89317964431043,8.14284324692379
"Chile",2015,"Región del Biobío",10,"Micro",0.657885916454596,0.105635094774383,0.0432404694981733,3408950.93855789,52996,71975,28174328.47,4520697.883,1617128,23890.2,67.6900151526567,10389010765349,0.0588179785059615,6424358.9656162,52.0755843482779,7.92681124801935,NA,17.2,10.8111184712241,2.59778369218111,14.4992738962173,11.320436745882,12.9574164748191,29.9219191074371,12.5176265835762,16.0537302494049,738503,874688.636952571,42109.7166177185,916798.353570292,80.5523633064036,78.8,6.1,6.83420719580546,NA,NA,32.7716791744376,4.4507917740587
"Chile",2015,"Región de Los Ríos",13,"Mediana",0.0149466827287735,0.181853921116496,0.14750663919058,2008867.16939213,335,24054,15372649.99,2249924.661,393791,18429.5,21.3674272226593,2271262934404.69,0.0128588849770736,5767686.24576156,56.9685748372497,4.57863564444447,NA,15.8,10.452941276163,3.44369523227214,17.1373516321182,11.2261489033699,11.9964845478534,29.3028444051742,11.1680105328559,15.4482915997505,851736,999164.654969899,45496.9922396129,1044661.64720951,81.5322519852332,78.15,6.4,7.11040884850879,NA,NA,0.850705069440388,6.10831634039376
"Chile",2015,"Región Metropolitana",7,"Pequeña",0.202351121225293,0.15838475171271,0.043391900949114,107604275.399372,94965,1210050,719939628.48,138021493.986,7279754,15403.2,472.613093383193,73320465928945,0.415108010421904,10071832.9120661,60.4599420698171,6.17269956154457,NA,6.8,11.8839509625305,1.74594987183809,8.34770426154136,8.94185006618499,12.5008210539817,31.3958466053009,13.7755021452903,23.1021776795387,1354481,1544083.8045691,26951.0329321655,1571034.83750127,86.215837807773,79.47,5.3,7.01225696154849,NA,NA,13.0450836662887,16.6221276158508
"Chile",2015,"Región de Los Lagos",14,"Sin Ventas/Sin Información",0.144300328827183,0.0603797921540355,0,3672183.57262963,7899,24623,0,4312556.866,856176,48583.6,17.622736890638,5428098180819.4,0.0307314882368359,6339932.6549908,58.8789632820138,3.42692684627078,NA,15.4,9.96460683881729,3.04175280034542,19.5926010608673,15.0435552000999,11.8595227599143,29.0851801633834,8.85608792304992,12.320127338171,758857,855709.877987525,45094.1364514274,900804.014438953,84.2421616623069,77.89,6.1,8.4827284652383,NA,NA,9.22590682289623,2.87592737941732
"Chile",2015,"Región Metropolitana",7,"Mediana",0.0358080407749282,0.146397615688081,0.0490208249421136,129849290.883776,16805,1118469,813332297.61,153724922.609,7279754,15403.2,472.613093383193,73320465928945,0.415108010421904,10071832.9120661,60.4599420698171,6.17269956154457,NA,6.8,11.8839509625305,1.74594987183809,8.34770426154136,8.94185006618499,12.5008210539817,31.3958466053009,13.7755021452903,23.1021776795387,1354481,1544083.8045691,26951.0329321655,1571034.83750127,86.215837807773,79.47,5.3,7.01225696154849,NA,NA,2.30845712643587,15.3641043364927
"Chile",2015,"Región del Libertador General Bernardo O'Higgins",8,"Micro",0.669827449459788,0.139394421767161,0.0449356304754108,3746997.27914705,38004,61298,20669968.54,4641001.196,931982,16387,56.8732531885031,7444469814838.3,0.0421472915417399,7987782.82717724,57.2681559607029,5.88769659136084,NA,13.1,10.3940544419761,3.24549973011016,15.7599076628685,12.6144230365753,13.0671963095664,30.8752745389938,9.83765348792076,14.4572913646698,825462,964367.18020577,34170.278889179,998537.459094953,82.6671191809713,78.94,5.9,8.04311107536395,NA,NA,40.7776115847731,6.57716565341391
"Chile",2015,"Región de Atacama",4,"Sin Ventas/Sin Información",0.141804015582859,0.0594192541327365,0,1071353.08864259,2366,6319,0,1318738.611,300065,75176.2,3.99148932773937,3656726270532.97,0.0207027648772648,12186447.1715561,56.5816500505443,6.12272657745595,NA,6.5,11.0249493426104,2.30910051614046,10.225686430931,10.3223033249378,15.1573151350021,35.679879784584,11.3966472446918,14.8351043462753,1059527,1212279.15527064,38268.3270285485,1250547.48229918,84.7250397949268,79.25,5,7.325282122352,NA,NA,7.88495825904387,2.10587705997034
"Chile",2015,"Región del Biobío",10,"Mediana",0.0209297995158587,0.207759537979467,0.121298728942204,14281619.81372,1686,141558,79034993.65,16115958.3,1617128,23890.2,67.6900151526567,10389010765349,0.0588179785059615,6424358.9656162,52.0755843482779,7.92681124801935,NA,17.2,10.8111184712241,2.59778369218111,14.4992738962173,11.320436745882,12.9574164748191,29.9219191074371,12.5176265835762,16.0537302494049,738503,874688.636952571,42109.7166177185,916798.353570292,80.5523633064036,78.8,6.1,6.83420719580546,NA,NA,1.04258908385731,8.75366699482045
"Chile",2015,"Región del Maule",9,"Sin Ventas/Sin Información",0.156857527032327,0.109590525582475,0,9748082.22171731,11199,49553,0,10924830.017,1067995,16387,65.1733081100873,6497895688554.5,0.0367882079993724,6084200.47711319,57.3114287396126,6.08301390010883,NA,17.9,10.0088688165161,3.47170569002628,18.4413775801658,15.312273800373,11.5729764103889,30.382415652275,9.19922143220901,11.4670127630233,722041,836850.970538293,42538.1340030326,879389.104541325,82.1071249830627,78.43,6.2,8.39519877888017,NA,NA,10.4860041479595,4.63981572947439
"Chile",2015,"Región del Biobío",10,"Pequeña",0.161330767798399,0.258326423083415,0.143843902072486,11632724.5676828,12996,176012,93724822.89,14526120.482,1617128,23890.2,67.6900151526567,10389010765349,0.0588179785059615,6424358.9656162,52.0755843482779,7.92681124801935,NA,17.2,10.8111184712241,2.59778369218111,14.4992738962173,11.320436745882,12.9574164748191,29.9219191074371,12.5176265835762,16.0537302494049,738503,874688.636952571,42109.7166177185,916798.353570292,80.5523633064036,78.8,6.1,6.83420719580546,NA,NA,8.03646959300686,10.884234272117
"Chile",2015,"Región de Ñuble",11,"Sin Ventas/Sin Información",0.149963575814341,0.149075536560439,0,3888482.84856872,4323,22463,0,4436329.073,493464,13178.5,37.4446257161285,2486890670589.58,0.0140796737353752,5039659.77374151,53.639312471404,7.37757471870693,NA,NA,NA,NA,NA,NA,NA,NA,NA,NA,NA,NA,NA,NA,NA,NA,NA,NA,NA,NA,8.76051748455814,4.55210511810385
"Chile",2015,"Región del Maule",9,"Mediana",0.0155470894727996,0.205922616743888,0.136735640505499,6144785.40612072,1110,93111,51670690.63,6786740.792,1067995,16387,65.1733081100873,6497895688554.5,0.0367882079993724,6084200.47711319,57.3114287396126,6.08301390010883,NA,17.9,10.0088688165161,3.47170569002628,18.4413775801658,15.312273800373,11.5729764103889,30.382415652275,9.19922143220901,11.4670127630233,722041,836850.970538293,42538.1340030326,879389.104541325,82.1071249830627,78.43,6.2,8.39519877888017,NA,NA,1.0393307084771,8.71829924297398
"Chile",2015,"Región de Antofagasta",3,"Sin Ventas/Sin Información",0.126527244454318,0.0522114303240977,0,2822401.07332673,3987,12767,0,3356439.894,604877,126049.1,4.79874112548205,16094025136934.9,0.0911172435912709,26607103.8193466,58.0726181035656,6.77170208278233,NA,5.3,11.7174301908258,1.20444288477301,7.32493698596954,8.42517167329788,13.0919888615608,38.4714841842651,12.5508785247802,18.745481967926,1327532,1505902.15101395,15595.1546224663,1521497.30563642,87.2516581892395,77.96,4.9,7.62388818297331,NA,NA,6.59142271899907,2.11067704673843
"Chile",2015,"Región de La Araucanía",12,"Mediana",0.017813040857204,0.181326902225998,0.189070676085257,6102342.19963817,916,63383,42334814.36,6913000.389,982034,31842.3,30.8405485784632,4673277885059,0.0264580299707247,4758774.0190859,55.1706420216585,7.22013338089709,NA,22.4,10.2290632923843,3.93919423222541,17.7387714385986,12.0709858834743,12.1305219829082,29.6981781721115,10.2806784212589,13.8637453317642,697664,810639.292688144,54297.7804856277,864937.073173777,80.6606545938925,78.51,6.6,8.62004904510663,NA,NA,0.932757928951543,6.45425718457813
"Chile",2015,"Región de Magallanes y la Antártica Chilena",16,"Pequeña",0.185845896147404,0.301312476324175,0.158048847383979,1296266.13438252,2219,27044,15832848.95,1702582.567,167961,132297.2,1.26957335453812,1725811837495.87,0.00977078240227966,10275074.7941241,62.0646843818962,3.65659323087008,NA,4.1,11.4521540545771,1.35838752612471,10.0093334913253,9.4554878771305,11.5088820457458,36.3733142614364,11.1849054694175,19.7517722845077,1208352,1408762.02235776,20875.6828682143,1429637.70522597,84.5215452902376,78.08,6.3,8.04162724692526,NA,NA,13.2114002655378,16.101356862605
"Chile",2015,"Región del Biobío",10,"Grande",0.00732418844267891,0.313099632350243,0.691616899487137,32019443.9015141,590,213332,450638994.62,36137323.66,1617128,23890.2,67.6900151526567,10389010765349,0.0588179785059615,6424358.9656162,52.0755843482779,7.92681124801935,NA,17.2,10.8111184712241,2.59778369218111,14.4992738962173,11.320436745882,12.9574164748191,29.9219191074371,12.5176265835762,16.0537302494049,738503,874688.636952571,42109.7166177185,916798.353570292,80.5523633064036,78.8,6.1,6.83420719580546,NA,NA,0.364844341326104,13.1920293260645
"Chile",2015,"Región de Los Lagos",14,"Pequeña",0.164742418706613,0.279554783939265,0.120033764491679,10902185.0734776,9018,114003,63640749.08,12616044.946,856176,48583.6,17.622736890638,5428098180819.4,0.0307314882368359,6339932.6549908,58.8789632820138,3.42692684627078,NA,15.4,9.96460683881729,3.04175280034542,19.5926010608673,15.0435552000999,11.8595227599143,29.0851801633834,8.85608792304992,12.320127338171,758857,855709.877987525,45094.1364514274,900804.014438953,84.2421616623069,77.89,6.1,8.4827284652383,NA,NA,10.5328810898694,13.3153697370634
"Chile",2015,"Región de Los Lagos",14,"Grande",0.00756302521008403,0.332318134781095,0.745713130940498,17102702.5752752,414,135520,395369939.89,18243245.088,856176,48583.6,17.622736890638,5428098180819.4,0.0307314882368359,6339932.6549908,58.8789632820138,3.42692684627078,NA,15.4,9.96460683881729,3.04175280034542,19.5926010608673,15.0435552000999,11.8595227599143,29.0851801633834,8.85608792304992,12.320127338171,758857,855709.877987525,45094.1364514274,900804.014438953,84.2421616623069,77.89,6.1,8.4827284652383,NA,NA,0.48354543925548,15.8285212386238
"Chile",2015,"Región de La Araucanía",12,"Grande",0.00528946191392956,0.293939940094578,0.489227947786391,10820649.9136949,272,102747,109543027.92,12144170.486,982034,31842.3,30.8405485784632,4673277885059,0.0264580299707247,4758774.0190859,55.1706420216585,7.22013338089709,NA,22.4,10.2290632923843,3.93919423222541,17.7387714385986,12.0709858834743,12.1305219829082,29.6981781721115,10.2806784212589,13.8637453317642,697664,810639.292688144,54297.7804856277,864937.073173777,80.6606545938925,78.51,6.6,8.62004904510663,NA,NA,0.276976153575131,10.4626723718323
"Chile",2015,"Región de Los Ríos",13,"Grande",0.0046401641904252,0.218611789432302,0.553525155734757,4525911.57382869,104,28916,57686545.68,5092516.885,393791,18429.5,21.3674272226593,2271262934404.69,0.0128588849770736,5767686.24576156,56.9685748372497,4.57863564444447,NA,15.8,10.452941276163,3.44369523227214,17.1373516321182,11.2261489033699,11.9964845478534,29.3028444051742,11.1680105328559,15.4482915997505,851736,999164.654969899,45496.9922396129,1044661.64720951,81.5322519852332,78.15,6.4,7.11040884850879,NA,NA,0.26409948424418,7.34298142923531
"Chile",2015,"Región Metropolitana",7,"Micro",0.558490373059909,0.0614551946743037,0.00981778157925221,45226803.3675236,262104,469514,162892380.1,55934727.128,7279754,15403.2,472.613093383193,73320465928945,0.415108010421904,10071832.9120661,60.4599420698171,6.17269956154457,NA,6.8,11.8839509625305,1.74594987183809,8.34770426154136,8.94185006618499,12.5008210539817,31.3958466053009,13.7755021452903,23.1021776795387,1354481,1544083.8045691,26951.0329321655,1571034.83750127,86.215837807773,79.47,5.3,7.01225696154849,NA,NA,36.0045133393244,6.44958607117768
"Chile",2015,"Región de Atacama",4,"Micro",0.678213964638897,0.120126756060407,0.046454774263667,763894.622205204,11316,12775,5771752.16,967082.264,300065,75176.2,3.99148932773937,3656726270532.97,0.0207027648772648,12186447.1715561,56.5816500505443,6.12272657745595,NA,6.5,11.0249493426104,2.30910051614046,10.225686430931,10.3223033249378,15.1573151350021,35.679879784584,11.3966472446918,14.8351043462753,1059527,1212279.15527064,38268.3270285485,1250547.48229918,84.7250397949268,79.25,5,7.325282122352,NA,NA,37.7118291036942,4.25741089430623
"Chile",2015,"Región de Ñuble",11,"Grande",0.00450966108162487,0.211710755100145,0.406531937107612,3054899.38147292,130,31901,39019672.74,3242139.092,493464,13178.5,37.4446257161285,2486890670589.58,0.0140796737353752,5039659.77374151,53.639312471404,7.37757471870693,NA,NA,NA,NA,NA,NA,NA,NA,NA,NA,NA,NA,NA,NA,NA,NA,NA,NA,NA,NA,0.26344373652384,6.46470664526693
"Chile",2015,"Región de Coquimbo",5,"Sin Ventas/Sin Información",0.133921747491433,0.0714692163276366,0,3377139.84928992,5432,18463,0,4083209.875,768087,40579.9,18.9277696593634,5369852359291.4,0.0304017261876788,6991203.28724663,57.6144839022058,7.81785490370219,NA,13.3,10.8839564983869,2.48612482100725,12.1048830449581,11.1704587936401,13.9875873923301,34.4128221273422,9.94186848402023,15.833456814289,836675,980829.177580999,36342.8267570945,1017172.00433809,82.2549735816701,79.94,5.4,7.31623343088311,NA,NA,7.07211552857944,2.40376415692493
"Chile",2015,"Región de Arica y Parinacota",1,"Sin Ventas/Sin Información",0.142365097588978,0.0330505039940384,0,263431.90975088,2108,2528,0,380295.447,230986,16873.3,13.6894383434183,1339014734947.58,0.00758090848861169,5796951.91460773,56.5467542942433,5.6829766753859,NA,9,11.642346449833,2.34590861946344,7.58452489972114,6.66701421141624,13.710531592369,36.2665891647338,14.3951892852783,18.7603175640106,885735,1015644.58493406,33179.5454444223,1048824.13037848,84.4502959094727,79.1,5.2,4.78065241844769,NA,NA,9.12609422216065,1.09443862398587
"Chile",2015,"Región de Valparaíso",6,"Sin Ventas/Sin Información",0.164942815926684,0.109064674203805,0,22624092.4020222,17494,89494,0,24634924.067,1844609,16396.1,112.50291227792,13302883948412.4,0.0753150381511551,7211763.54902985,56.2926553632721,7.09031414757049,NA,11.6,11.5289684549164,1.86098366975784,9.57837775349617,9.18606296181678,13.0049407482147,32.8610271215438,12.6942455768585,20.6262037158012,872372,1060263.74016107,32250.8495343882,1092514.58969546,79.849929278025,78.98,6.7,6.06285572878,NA,NA,9.48385267555346,4.85165148820156
"Chile",2015,"Región de Aysén del General Carlos Ibáñez del Campo",15,"Sin Ventas/Sin Información",0.106747856343979,0.124612888954431,NA,NA,859,5070,0,1502683.733,104097,108494.4,0.959468875812945,1086116693155.72,0.00614911176394888,10433698.3117258,68.96496245658,3.5224036177494,NA,6.6,10.6097649575524,3.03079150617122,14.5641893148422,14.8597449064254,11.8437312543392,27.6035785675048,9.4631627202034,18.4883654117584,1104122,1214323.31678579,50281.7500458632,1264605.06683165,87.30962518983,78.23,4.6,9.73393900064893,NA,NA,8.25191888334918,4.87045736188363
"Chile",2015,"Región de Arica y Parinacota",1,"Grande",0.00290403187681502,0.182862895318281,0.595188263458852,2205902.87979491,43,13987,38223494.13,2603595.163,230986,16873.3,13.6894383434183,1339014734947.58,0.00758090848861169,5796951.91460773,56.5467542942433,5.6829766753859,NA,9,11.642346449833,2.34590861946344,7.58452489972114,6.66701421141624,13.710531592369,36.2665891647338,14.3951892852783,18.7603175640106,885735,1015644.58493406,33179.5454444223,1048824.13037848,84.4502959094727,79.1,5.2,4.78065241844769,NA,NA,0.186158468478609,6.05534534560536
"Chile",2016,"Región de Valparaíso",6,"Pequeña",0.166265907073099,0.280053752402994,0.126191624096342,17062248.7384796,17978,240080,129459737.59,20738745.121,1864129,16396.1,113.69343929349,13707635862373.3,0.0762695298444284,7353373.00281971,56.1199173772203,7.36900464156742,NA,NA,NA,NA,NA,NA,NA,NA,NA,NA,NA,NA,NA,NA,NA,78.98,6.7,6.6,NA,NA,9.64418235004123,12.8789370263539
"Chile",2016,"Región del Maule",9,"Micro",0.676003327378598,0.141546395674048,0.067691233091317,4330271.09907348,49572,70702,25336651.39,5510254.092,1079855,16387,65.8970525416489,6631525872740.2,0.0368979279536747,6141126.23707831,56.6183474104844,5.19209857595157,NA,NA,NA,NA,NA,NA,NA,NA,NA,NA,NA,NA,NA,NA,NA,78.43,6.3,7,NA,NA,45.9061633274838,6.54736052525571
"Chile",2016,"Región de Antofagasta",3,"Micro",0.646794951119911,0.11384119038138,0.0349982544787442,1201766.85201519,20907,28017,12316107.71,1807658.24,613640,126049.1,4.86826165359372,15358844342495.3,0.0854568832085287,25029079.4969287,58.7882078835956,8.14382469849467,NA,NA,NA,NA,NA,NA,NA,NA,NA,NA,NA,NA,NA,NA,NA,77.96,4.8,7.3,NA,NA,34.0704647676162,4.56570627729613
"Chile",2016,"Región de Atacama",4,"Grande",0.0053666184273999,0.24162444995008,0.651953311876761,7053014.97750922,89,26137,67946631.64,7383238.986,302402,75176.2,4.02257629409308,3805463288699.03,0.021173665450656,12584120.7687086,56.7252842155672,8.14814856349301,NA,NA,NA,NA,NA,NA,NA,NA,NA,NA,NA,NA,NA,NA,NA,79.25,4.8,6.9,NA,NA,0.294310222815987,8.64313066712522
"Chile",2016,"Región de Valparaíso",6,"Grande",0.00870264871263688,0.31257582261707,0.725611839282377,48981203.6533994,941,267960,744403750.87,53146556.65,1864129,16396.1,113.69343929349,13707635862373.3,0.0762695298444284,7353373.00281971,56.1199173772203,7.36900464156742,NA,NA,NA,NA,NA,NA,NA,NA,NA,NA,NA,NA,NA,NA,NA,78.98,6.7,6.6,NA,NA,0.504793391444476,14.3745416760321
"Chile",2016,"Región de Aysén del General Carlos Ibáñez del Campo",15,"Micro",0.732612055641422,0.241150691088886,NA,NA,6162,10730,3138312.71,848281.502,104704,108494.4,0.965063634620773,1088222487640.9,0.00605488928447036,10393322.9641742,69.7086503395175,3.08876393265509,NA,NA,NA,NA,NA,NA,NA,NA,NA,NA,NA,NA,NA,NA,NA,78.23,4.4,5.6,NA,NA,58.851619804401,10.2479370415648
"Chile",2016,"Región de Aysén del General Carlos Ibáñez del Campo",15,"Mediana",0.013553679705148,0.176626587256995,NA,NA,114,7859,NA,NA,104704,108494.4,0.965063634620773,1088222487640.9,0.00605488928447036,10393322.9641742,69.7086503395175,3.08876393265509,NA,NA,NA,NA,NA,NA,NA,NA,NA,NA,NA,NA,NA,NA,NA,78.23,4.4,5.6,NA,NA,1.08878361858191,7.50592145476773
"Chile",2016,"Región de Valparaíso",6,"Micro",0.641082790766499,0.137935338472163,0.0374484079657773,5937880.27864295,69319,118247,38418247.67,8138193.527,1864129,16396.1,113.69343929349,13707635862373.3,0.0762695298444284,7353373.00281971,56.1199173772203,7.36900464156742,NA,NA,NA,NA,NA,NA,NA,NA,NA,NA,NA,NA,NA,NA,NA,78.98,6.7,6.6,NA,NA,37.1857312449943,6.34328418258608
"Chile",2016,"Región del Biobío",10,"Sin Ventas/Sin Información",0.154051853022329,0.115929695709527,0,16099082.9743978,12674,82963,0,18765340.873,1627020,23890.2,68.1040761483788,10561615418551.7,0.0587650161164361,6491386.34961568,51.9590191812293,7.41964277172585,NA,NA,NA,NA,NA,NA,NA,NA,NA,NA,NA,NA,NA,NA,NA,78.8,6,7.5,NA,NA,7.78970141731509,5.09907683986675
"Chile",2016,"Región de La Araucanía",12,"Sin Ventas/Sin Información",0.154133776485251,0.0820485519591141,0,6038257.20983144,8162,30824,0,7186784.35,988403,31842.3,31.0405655370372,4943526764365.1,0.0275058708793418,5001529.50199979,55.3001808639777,7.27498188480879,NA,NA,NA,NA,NA,NA,NA,NA,NA,NA,NA,NA,NA,NA,NA,78.51,6.6,8.2,NA,NA,8.25776530423319,3.11856601001818
"Chile",2016,"Región de Antofagasta",3,"Pequeña",0.190817968073258,0.287790626803085,0.126893221321939,6865242.69524768,6168,70827,44654529.34,8273351.583,613640,126049.1,4.86826165359372,15358844342495.3,0.0854568832085287,25029079.4969287,58.7882078835956,8.14382469849467,NA,NA,NA,NA,NA,NA,NA,NA,NA,NA,NA,NA,NA,NA,NA,77.96,4.8,7.3,NA,NA,10.0514959911349,11.5421093800926
"Chile",2016,"Región de La Araucanía",12,"Mediana",0.0180345205272501,0.187899275979557,0.188209125452249,6734852.94026239,955,70590,44341559.46,7644995.382,988403,31842.3,31.0405655370372,4943526764365.1,0.0275058708793418,5001529.50199979,55.3001808639777,7.27498188480879,NA,NA,NA,NA,NA,NA,NA,NA,NA,NA,NA,NA,NA,NA,NA,78.51,6.6,8.2,NA,NA,0.96620508031643,7.14182372979443
"Chile",2016,"Región de Los Ríos",13,"Mediana",0.0154461993647479,0.188287538162642,0.150990944600128,2124844.1529171,355,27136,16367939.86,2449485.281,396155,18429.5,21.4956998290784,2343665910726.02,0.0130401988291903,5916032.64057255,58.4290388847567,4.68975420440468,NA,NA,NA,NA,NA,NA,NA,NA,NA,NA,NA,NA,NA,NA,NA,78.15,6.6,8.5,NA,NA,0.896113894813899,6.84984412666759
"Chile",2016,"Región de Magallanes y la Antártica Chilena",16,"Sin Ventas/Sin Información",0.132813768468907,0.0559873165879135,0,1453114.47072295,1636,5403,0,1669601.143,169530,132297.2,1.28143301596708,1819761681090.66,0.0101251863734335,10734157.2647358,62.8678995045291,4.39392375745148,NA,NA,NA,NA,NA,NA,NA,NA,NA,NA,NA,NA,NA,NA,NA,78.08,6.5,7.8,NA,NA,9.65020940246564,3.18704654043532
"Chile",2016,"Región de Los Ríos",13,"Micro",0.686811991471957,0.203788509575354,0.0752816625991182,2883115.21968774,15785,29370,8160792.22,3366672.151,396155,18429.5,21.4956998290784,2343665910726.02,0.0130401988291903,5916032.64057255,58.4290388847567,4.68975420440468,NA,NA,NA,NA,NA,NA,NA,NA,NA,NA,NA,NA,NA,NA,NA,78.15,6.6,8.5,NA,NA,39.8455150130631,7.41376481427724
"Chile",2016,"Región de Antofagasta",3,"Grande",0.00835292661799282,0.322665843173267,0.73044934373476,23290634.5443824,270,79410,257049756.57,24472250.606,613640,126049.1,4.86826165359372,15358844342495.3,0.0854568832085287,25029079.4969287,58.7882078835956,8.14382469849467,NA,NA,NA,NA,NA,NA,NA,NA,NA,NA,NA,NA,NA,NA,NA,77.96,4.8,7.3,NA,NA,0.439997392608044,12.9408122025944
"Chile",2016,"Región del Maule",9,"Pequeña",0.143322742087248,0.308602454068793,0.197205689262499,8429697.84076547,10510,154146,73813573.38,9783429.545,1079855,16387,65.8970525416489,6631525872740.2,0.0368979279536747,6141126.23707831,56.6183474104844,5.19209857595157,NA,NA,NA,NA,NA,NA,NA,NA,NA,NA,NA,NA,NA,NA,NA,78.43,6.3,7,NA,NA,9.73278819841553,14.274694287659
"Chile",2016,"Región de Magallanes y la Antártica Chilena",16,"Pequeña",0.193619094008768,0.300806184199619,0.157645474687521,1390767.10178889,2385,29029,16527928.99,1867021.826,169530,132297.2,1.28143301596708,1819761681090.66,0.0101251863734335,10734157.2647358,62.8678995045291,4.39392375745148,NA,NA,NA,NA,NA,NA,NA,NA,NA,NA,NA,NA,NA,NA,NA,78.08,6.5,7.8,NA,NA,14.0683064944258,17.1232230283726
"Chile",2016,"Región de Los Ríos",13,"Grande",0.00474263586128878,0.219338051623647,0.55327343176947,4938006.22416124,109,31611,59976750.8,5575095.198,396155,18429.5,21.4956998290784,2343665910726.02,0.0130401988291903,5916032.64057255,58.4290388847567,4.68975420440468,NA,NA,NA,NA,NA,NA,NA,NA,NA,NA,NA,NA,NA,NA,NA,78.15,6.6,8.5,NA,NA,0.275144829675253,7.97945248703159
"Chile",2016,"Región de Antofagasta",3,"Sin Ventas/Sin Información",0.128666006682341,0.0537045013124426,0,3160336.81867102,4159,13217,0,3796758.734,613640,126049.1,4.86826165359372,15358844342495.3,0.0854568832085287,25029079.4969287,58.7882078835956,8.14382469849467,NA,NA,NA,NA,NA,NA,NA,NA,NA,NA,NA,NA,NA,NA,NA,77.96,4.8,7.3,NA,NA,6.7775894661365,2.15386871781501
"Chile",2016,"Región de Coquimbo",5,"Sin Ventas/Sin Información",0.135074076716368,0.0736635966070014,0,3787024.32169273,5680,20651,0,4715633.281,780310,40579.9,19.2289778929963,5435124053934.1,0.0302411269457173,6965339.48550461,57.6163441055936,7.85944957229388,NA,NA,NA,NA,NA,NA,NA,NA,NA,NA,NA,NA,NA,NA,NA,79.94,5.5,6.6,NA,NA,7.2791582832464,2.6465122835796
"Chile",2016,"Región de Los Ríos",13,"Sin Ventas/Sin Información",0.14066919027107,0.0666180960310852,0,1552937.34529188,3233,9601,0,1974964.46,396155,18429.5,21.4956998290784,2343665910726.02,0.0130401988291903,5916032.64057255,58.4290388847567,4.68975420440468,NA,NA,NA,NA,NA,NA,NA,NA,NA,NA,NA,NA,NA,NA,NA,78.15,6.6,8.5,NA,NA,8.16094710403756,2.42354633918542
"Chile",2016,"Región del Biobío",10,"Grande",0.00717142127845778,0.305894649764125,0.696625762137835,33367620.8343062,590,218908,473590517.81,37715295.057,1627020,23890.2,68.1040761483788,10561615418551.7,0.0587650161164361,6491386.34961568,51.9590191812293,7.41964277172585,NA,NA,NA,NA,NA,NA,NA,NA,NA,NA,NA,NA,NA,NA,NA,78.8,6,7.5,NA,NA,0.362626150877064,13.4545365146095
"Chile",2016,"Región de La Araucanía",12,"Micro",0.670978585187144,0.136400660136286,0.0778050185380061,2457291.74084048,35531,51243,18330651.33,3306569.077,988403,31842.3,31.0405655370372,4943526764365.1,0.0275058708793418,5001529.50199979,55.3001808639777,7.27498188480879,NA,NA,NA,NA,NA,NA,NA,NA,NA,NA,NA,NA,NA,NA,NA,78.51,6.6,8.2,NA,NA,35.9478876531131,5.18442376237223
"Chile",2016,"Región del Maule",9,"Mediana",0.0163505202438259,0.195072242676132,0.146299810056529,6605303.57633598,1199,97438,54759636.02,7374091.155,1079855,16387,65.8970525416489,6631525872740.2,0.0368979279536747,6141126.23707831,56.6183474104844,5.19209857595157,NA,NA,NA,NA,NA,NA,NA,NA,NA,NA,NA,NA,NA,NA,NA,78.43,6.3,7,NA,NA,1.11033425784017,9.02324849169564
"Chile",2016,"Región de Antofagasta",3,"Mediana",0.0253681475064967,0.221997838329825,0.107659180464557,7099934.26768666,820,54635,37885948.38,8202610.363,613640,126049.1,4.86826165359372,15358844342495.3,0.0854568832085287,25029079.4969287,58.7882078835956,8.14382469849467,NA,NA,NA,NA,NA,NA,NA,NA,NA,NA,NA,NA,NA,NA,NA,77.96,4.8,7.3,NA,NA,1.33628837755036,8.9034287204224
"Chile",2016,"Región de La Araucanía",12,"Grande",0.00524983948332515,0.28982910988075,0.49501169322906,11735981.9285255,278,108883,116623412.26,13128243.915,988403,31842.3,31.0405655370372,4943526764365.1,0.0275058708793418,5001529.50199979,55.3001808639777,7.27498188480879,NA,NA,NA,NA,NA,NA,NA,NA,NA,NA,NA,NA,NA,NA,NA,78.51,6.6,8.2,NA,NA,0.281261793013578,11.0160531685962
"Chile",2016,"Región del Maule",9,"Grande",0.00537289822858,0.263945529202378,0.588803267589655,12783097.8679859,394,131840,220387522.09,14006020.907,1079855,16387,65.8970525416489,6631525872740.2,0.0368979279536747,6141126.23707831,56.6183474104844,5.19209857595157,NA,NA,NA,NA,NA,NA,NA,NA,NA,NA,NA,NA,NA,NA,NA,78.43,6.3,7,NA,NA,0.364863801158489,12.2090465849582
"Chile",2016,"Región de Atacama",4,"Mediana",0.0180897250361794,0.182487150094294,0.129187021885167,2317570.44624564,300,19740,13463882.81,2589568.819,302402,75176.2,4.02257629409308,3805463288699.03,0.021173665450656,12584120.7687086,56.7252842155672,8.14814856349301,NA,NA,NA,NA,NA,NA,NA,NA,NA,NA,NA,NA,NA,NA,NA,79.25,4.8,6.9,NA,NA,0.992056930840405,6.52773460492986
"Chile",2016,"Región de Magallanes y la Antártica Chilena",16,"Micro",0.641581425556097,0.13800464229462,0.044696687431512,457274.56785125,7903,13318,4686107.72,675039.849,169530,132297.2,1.28143301596708,1819761681090.66,0.0101251863734335,10734157.2647358,62.8678995045291,4.39392375745148,NA,NA,NA,NA,NA,NA,NA,NA,NA,NA,NA,NA,NA,NA,NA,78.08,6.5,7.8,NA,NA,46.6171179142335,7.85583672506341
"Chile",2016,"Región del Maule",9,"Sin Ventas/Sin Información",0.158950512061747,0.0908333783786489,0,9351588.1820057,11656,45371,0,10387198.079,1079855,16387,65.8970525416489,6631525872740.2,0.0368979279536747,6141126.23707831,56.6183474104844,5.19209857595157,NA,NA,NA,NA,NA,NA,NA,NA,NA,NA,NA,NA,NA,NA,NA,78.43,6.3,7,NA,NA,10.7940417926481,4.20158261988878
"Chile",2016,"Región Metropolitana",7,"Pequeña",0.202604193793685,0.162148834583707,0.0425787659029055,119820005.186507,97249,1285694,737408384.04,154022464.847,7369532,15403.2,478.441622519996,74877243335574,0.416618314243892,10160379.7005799,60.0800059617502,6.8598711639881,NA,NA,NA,NA,NA,NA,NA,NA,NA,NA,NA,NA,NA,NA,NA,79.47,5.3,6.6,NA,NA,13.1960889782418,17.446073916227
"Chile",2016,"Región Metropolitana",7,"Mediana",0.0370087188408213,0.144665635359785,0.0498574226873581,129829151.025166,17764,1147068,863465173.7,153350872.196,7369532,15403.2,478.441622519996,74877243335574,0.416618314243892,10160379.7005799,60.0800059617502,6.8598711639881,NA,NA,NA,NA,NA,NA,NA,NA,NA,NA,NA,NA,NA,NA,NA,79.47,5.3,6.6,NA,NA,2.41046514215557,15.5650046705815
"Chile",2016,"Región de Los Lagos",14,"Mediana",0.0199596560144389,0.189912786893048,0.1016395650934,6661791.28396742,1128,79808,53267903.95,7399580.911,863290,48583.6,17.769164903383,5606774696336.1,0.0311961941742997,6494659.61187562,58.4473495796189,2.78913851064347,NA,NA,NA,NA,NA,NA,NA,NA,NA,NA,NA,NA,NA,NA,NA,77.89,6,6.6,NA,NA,1.30662929027326,9.24463390054327
"Chile",2016,"Región del Libertador General Bernardo O'Higgins",8,"Micro",0.665998766954377,0.150207737480749,0.0469486714161788,4042962.72474043,38889,71005,21142714.27,5283473.875,942520,16387,57.5163239152987,7602785727658.2,0.0423020350685057,8066444.98542015,57.5356324034293,6.39093879776724,NA,NA,NA,NA,NA,NA,NA,NA,NA,NA,NA,NA,NA,NA,NA,78.94,6,6.3,NA,NA,41.260662903705,7.53352714000764
"Chile",2016,"Región de Coquimbo",5,"Mediana",0.0171696273572567,0.200048512174416,0.148080651489425,6395287.17504903,722,56082,33657141.57,7510235.273,780310,40579.9,19.2289778929963,5435124053934.1,0.0302411269457173,6965339.48550461,57.6163441055936,7.85944957229388,NA,NA,NA,NA,NA,NA,NA,NA,NA,NA,NA,NA,NA,NA,NA,79.94,5.5,6.6,NA,NA,0.92527328882111,7.1871435711448
"Chile",2016,"Región de Los Lagos",14,"Pequeña",0.163074636373288,0.292888502861494,0.123966504595282,12210078.2481014,9216,123082,64969147.14,14186798.144,863290,48583.6,17.769164903383,5606774696336.1,0.0311961941742997,6494659.61187562,58.4473495796189,2.78913851064347,NA,NA,NA,NA,NA,NA,NA,NA,NA,NA,NA,NA,NA,NA,NA,77.89,6,6.6,NA,NA,10.6754393077645,14.257317934877
"Chile",2016,"Región de Los Lagos",14,"Sin Ventas/Sin Información",0.146990126340376,0.0593644032505622,0,3866086.83608018,8307,24947,0,4560141.746,863290,48583.6,17.769164903383,5606774696336.1,0.0311961941742997,6494659.61187562,58.4473495796189,2.78913851064347,NA,NA,NA,NA,NA,NA,NA,NA,NA,NA,NA,NA,NA,NA,NA,77.89,6,6.6,NA,NA,9.62249070416662,2.88975894542969
"Chile",2016,"Región de Atacama",4,"Sin Ventas/Sin Información",0.143873613121081,0.0650075805199127,0,1093494.13531363,2386,7032,0,1384546.51,302402,75176.2,4.02257629409308,3805463288699.03,0.021173665450656,12584120.7687086,56.7252842155672,8.14814856349301,NA,NA,NA,NA,NA,NA,NA,NA,NA,NA,NA,NA,NA,NA,NA,79.25,4.8,6.9,NA,NA,7.89015945661735,2.32538144588991
"Chile",2016,"Región de Coquimbo",5,"Pequeña",0.147558916553709,0.336114460195047,0.190936659410152,6449126.37851521,6205,94227,43397851.86,7684658.939,780310,40579.9,19.2289778929963,5435124053934.1,0.0302411269457173,6965339.48550461,57.6163441055936,7.85944957229388,NA,NA,NA,NA,NA,NA,NA,NA,NA,NA,NA,NA,NA,NA,NA,79.94,5.5,6.6,NA,NA,7.95196780766618,12.0755853442862
"Chile",2016,"Región de Los Lagos",14,"Grande",0.00734331316134055,0.310088402917415,0.73569415781577,17259057.3711119,415,130310,385567231.61,18447608.103,863290,48583.6,17.769164903383,5606774696336.1,0.0311961941742997,6494659.61187562,58.4473495796189,2.78913851064347,NA,NA,NA,NA,NA,NA,NA,NA,NA,NA,NA,NA,NA,NA,NA,77.89,6,6.6,NA,NA,0.48071910945337,15.0945800368358
"Chile",2016,"Región del Libertador General Bernardo O'Higgins",8,"Mediana",0.0181531716673517,0.176468970535971,0.112241813460251,7676068.19657076,1060,83419,50546618.67,8812016.528,942520,16387,57.5163239152987,7602785727658.2,0.0423020350685057,8066444.98542015,57.5356324034293,6.39093879776724,NA,NA,NA,NA,NA,NA,NA,NA,NA,NA,NA,NA,NA,NA,NA,78.94,6,6.3,NA,NA,1.1246445698765,8.85063446929508
"Chile",2016,"Región de Atacama",4,"Pequeña",0.148275446213218,0.320637503235588,0.163124977249108,3513557.3792427,2459,34684,17000899.51,4142324.363,302402,75176.2,4.02257629409308,3805463288699.03,0.021173665450656,12584120.7687086,56.7252842155672,8.14814856349301,NA,NA,NA,NA,NA,NA,NA,NA,NA,NA,NA,NA,NA,NA,NA,79.25,4.8,6.9,NA,NA,8.13155997645518,11.4695008630895
"Chile",2016,"Región Metropolitana",7,"Sin Ventas/Sin Información",0.180520630423234,0.0564795642581287,0,129018939.339096,86649,447832,0,149528545.955,7369532,15403.2,478.441622519996,74877243335574,0.416618314243892,10160379.7005799,60.0800059617502,6.8598711639881,NA,NA,NA,NA,NA,NA,NA,NA,NA,NA,NA,NA,NA,NA,NA,79.47,5.3,6.6,NA,NA,11.757734412443,6.07680379161119
"Chile",2016,"Región de Coquimbo",5,"Grande",0.0057786972961404,0.226805116607572,0.594648650672706,11136845.4081341,243,63583,135157251.26,11837286.58,780310,40579.9,19.2289778929963,5435124053934.1,0.0302411269457173,6965339.48550461,57.6163441055936,7.85944957229388,NA,NA,NA,NA,NA,NA,NA,NA,NA,NA,NA,NA,NA,NA,NA,79.94,5.5,6.6,NA,NA,0.311414694160013,8.14842818879676
"Chile",2016,"Región del Libertador General Bernardo O'Higgins",8,"Sin Ventas/Sin Información",0.148616248801206,0.0551646668584677,0,4101440.81825806,8678,26077,0,4884967.467,942520,16387,57.5163239152987,7602785727658.2,0.0423020350685057,8066444.98542015,57.5356324034293,6.39093879776724,NA,NA,NA,NA,NA,NA,NA,NA,NA,NA,NA,NA,NA,NA,NA,78.94,6,6.3,NA,NA,9.20723167678139,2.76673174044052
"Chile",2016,"Región de Magallanes y la Antártica Chilena",16,"Mediana",0.0214320506575743,0.163796319323551,0.118358691376442,1013134.74085488,264,15807,12409008.57,1290730.991,169530,132297.2,1.28143301596708,1819761681090.66,0.0101251863734335,10734157.2647358,62.8678995045291,4.39392375745148,NA,NA,NA,NA,NA,NA,NA,NA,NA,NA,NA,NA,NA,NA,NA,78.08,6.5,7.8,NA,NA,1.55724650504336,9.32401344894709
"Chile",2016,"Región de Atacama",4,"Micro",0.684394597202122,0.190243316200126,0.0557346889889639,1807305.78093506,11350,20579,5808674.2,2341378.857,302402,75176.2,4.02257629409308,3805463288699.03,0.021173665450656,12584120.7687086,56.7252842155672,8.14814856349301,NA,NA,NA,NA,NA,NA,NA,NA,NA,NA,NA,NA,NA,NA,NA,79.25,4.8,6.9,NA,NA,37.5328205501286,6.80517985992156
"Chile",2016,"Región de Coquimbo",5,"Micro",0.694418682076526,0.163368314415963,0.0663340384277166,2142966.03581436,29201,45799,15077014.45,3041017.428,780310,40579.9,19.2289778929963,5435124053934.1,0.0302411269457173,6965339.48550461,57.6163441055936,7.85944957229388,NA,NA,NA,NA,NA,NA,NA,NA,NA,NA,NA,NA,NA,NA,NA,79.94,5.5,6.6,NA,NA,37.4223065192039,5.86933398264792
"Chile",2016,"Región Metropolitana",7,"Micro",0.558422483567537,0.0645909534728919,0.00960144292004062,46650156.4405457,268040,512148,166284399.23,59083910.335,7369532,15403.2,478.441622519996,74877243335574,0.416618314243892,10160379.7005799,60.0800059617502,6.8598711639881,NA,NA,NA,NA,NA,NA,NA,NA,NA,NA,NA,NA,NA,NA,NA,79.47,5.3,6.6,NA,NA,36.3713733789337,6.94953220910093
"Chile",2016,"Región de Ñuble",11,"Grande",0.0043794133623031,0.228575179310921,0.377416755109619,3458826.06970772,129,38306,36080357.43,3704818.307,496870,13178.5,37.703076981447,2625904097337.95,0.0146105771214912,5284891.61619327,56.1287083783372,6.94215048424446,NA,NA,NA,NA,NA,NA,NA,NA,NA,NA,NA,NA,NA,NA,NA,NA,NA,NA,NA,NA,0.259625254090607,7.70946122728279
"Chile",2016,"Región del Biobío",10,"Mediana",0.0213076296629432,0.200287298499788,0.120387632431141,14160272.7620018,1753,143332,81843716.21,15850454.431,1627020,23890.2,68.1040761483788,10561615418551.7,0.0587650161164361,6491386.34961568,51.9590191812293,7.41964277172585,NA,NA,NA,NA,NA,NA,NA,NA,NA,NA,NA,NA,NA,NA,NA,78.8,6,7.5,NA,NA,1.07742990252117,8.80947990805276
"Chile",2016,"Región de Ñuble",11,"Micro",0.688654263986964,0.143102645805736,0.106617629775623,1314092.30153288,20285,23982,10192452.08,1736402.325,496870,13178.5,37.703076981447,2625904097337.95,0.0146105771214912,5284891.61619327,56.1287083783372,6.94215048424446,NA,NA,NA,NA,NA,NA,NA,NA,NA,NA,NA,NA,NA,NA,NA,NA,NA,NA,NA,NA,40.8255680560307,4.82661460744259
"Chile",2016,"Región de Ñuble",11,"Sin Ventas/Sin Información",0.152328897338403,0.143645650591338,0,4251804.65057173,4487,24073,0,4872212.541,496870,13178.5,37.703076981447,2625904097337.95,0.0146105771214912,5284891.61619327,56.1287083783372,6.94215048424446,NA,NA,NA,NA,NA,NA,NA,NA,NA,NA,NA,NA,NA,NA,NA,NA,NA,NA,NA,NA,9.03053112484151,4.84492925714976
"Chile",2016,"Región del Biobío",10,"Pequeña",0.161429908473217,0.266298879871219,0.140465072042749,13275727.0903603,13281,190572,95493060.72,16689587.597,1627020,23890.2,68.1040761483788,10561615418551.7,0.0587650161164361,6491386.34961568,51.9590191812293,7.41964277172585,NA,NA,NA,NA,NA,NA,NA,NA,NA,NA,NA,NA,NA,NA,NA,78.8,6,7.5,NA,NA,8.16277611830217,11.7129475974481
"Chile",2016,"Región de Los Lagos",14,"Micro",0.662632268110557,0.14774590407748,0.0386997724955485,3739843.92745638,37448,62088,20282020.71,4698907.872,863290,48583.6,17.769164903383,5606774696336.1,0.0311961941742997,6494659.61187562,58.4473495796189,2.78913851064347,NA,NA,NA,NA,NA,NA,NA,NA,NA,NA,NA,NA,NA,NA,NA,77.89,6,6.6,NA,NA,43.3782390621923,7.19202122114237
"Chile",2016,"Región del Libertador General Bernardo O'Higgins",8,"Pequeña",0.159953418276476,0.308193995498316,0.144253086917368,7706275.12254824,9340,145687,64962473,9226683.073,942520,16387,57.5163239152987,7602785727658.2,0.0423020350685057,8066444.98542015,57.5356324034293,6.39093879776724,NA,NA,NA,NA,NA,NA,NA,NA,NA,NA,NA,NA,NA,NA,NA,78.94,6,6.3,NA,NA,9.90960404023257,15.4571786275092
"Chile",2016,"Región de Ñuble",11,"Pequeña",0.139224606192287,0.267104650746482,0.291271831009132,3043658.06619678,4101,44763,27845058.89,3693228.434,496870,13178.5,37.703076981447,2625904097337.95,0.0146105771214912,5284891.61619327,56.1287083783372,6.94215048424446,NA,NA,NA,NA,NA,NA,NA,NA,NA,NA,NA,NA,NA,NA,NA,NA,NA,NA,NA,NA,8.25366796143861,9.00899631694407
"Chile",2016,"Región de Arica y Parinacota",1,"Sin Ventas/Sin Información",0.141723430990014,0.0271904827088441,0,227875.772897329,2143,2185,0,318010.864,233922,16873.3,13.8634410577658,1354814235675.58,0.00753821051412323,5791735.00429878,56.567695091452,5.86770990365188,NA,NA,NA,NA,NA,NA,NA,NA,NA,NA,NA,NA,NA,NA,NA,79.1,5.2,7.6,NA,NA,9.16117338258052,0.93407204110772
"Chile",2016,"Región de Ñuble",11,"Mediana",0.0154128191200435,0.217571873545523,0.224693784105627,3505300.94416017,454,36462,21480318.33,3938867.981,496870,13178.5,37.703076981447,2625904097337.95,0.0146105771214912,5284891.61619327,56.1287083783372,6.94215048424446,NA,NA,NA,NA,NA,NA,NA,NA,NA,NA,NA,NA,NA,NA,NA,NA,NA,NA,NA,NA,0.913719886489424,7.33833799585405
"Chile",2016,"Región del Libertador General Bernardo O'Higgins",8,"Grande",0.00727839430058912,0.309964629626496,0.696556428206203,19070543.2719949,425,146524,313684990.23,19985968.633,942520,16387,57.5163239152987,7602785727658.2,0.0423020350685057,8066444.98542015,57.5356324034293,6.39093879776724,NA,NA,NA,NA,NA,NA,NA,NA,NA,NA,NA,NA,NA,NA,NA,78.94,6,6.3,NA,NA,0.45091881339388,15.5459831091117
"Chile",2016,"Región de Aysén del General Carlos Ibáñez del Campo",15,"Grande",0.00356675781714422,0.149072929542645,NA,NA,30,6633,NA,NA,104704,108494.4,0.965063634620773,1088222487640.9,0.00605488928447036,10393322.9641742,69.7086503395175,3.08876393265509,NA,NA,NA,NA,NA,NA,NA,NA,NA,NA,NA,NA,NA,NA,NA,78.23,4.4,5.6,NA,NA,0.286522004889976,6.33500152811736
"Chile",2016,"Región del Biobío",10,"Micro",0.656039187563054,0.111589476155342,0.0425215333882749,3550761.11404056,53973,79857,28907623.16,4869024.741,1627020,23890.2,68.1040761483788,10561615418551.7,0.0587650161164361,6491386.34961568,51.9590191812293,7.41964277172585,NA,NA,NA,NA,NA,NA,NA,NA,NA,NA,NA,NA,NA,NA,NA,78.8,6,7.5,NA,NA,33.1729173581148,4.90817568315079
"Chile",2016,"Región de Aysén del General Carlos Ibáñez del Campo",15,"Sin Ventas/Sin Información",0.109023897277375,0.1317001910327,NA,NA,917,5860,0,1682542.325,104704,108494.4,0.965063634620773,1088222487640.9,0.00605488928447036,10393322.9641742,69.7086503395175,3.08876393265509,NA,NA,NA,NA,NA,NA,NA,NA,NA,NA,NA,NA,NA,NA,NA,78.23,4.4,5.6,NA,NA,8.75802261613692,5.59672982885086
"Chile",2016,"Región de Arica y Parinacota",1,"Micro",0.715032074598241,0.196592789855523,0.0783387648343056,381566.814153993,10812,15798,5123333.63,610644.522,233922,16873.3,13.8634410577658,1354814235675.58,0.00753821051412323,5791735.00429878,56.567695091452,5.86770990365188,NA,NA,NA,NA,NA,NA,NA,NA,NA,NA,NA,NA,NA,NA,NA,79.1,5.2,7.6,NA,NA,46.2205350501449,6.75353322902506
"Chile",2016,"Región de Arica y Parinacota",1,"Pequeña",0.128761325309173,0.414365534663199,0.198898811108751,2883854.60820525,1947,33298,13007927.43,3468572.536,233922,16873.3,13.8634410577658,1354814235675.58,0.00753821051412323,5791735.00429878,56.567695091452,5.86770990365188,NA,NA,NA,NA,NA,NA,NA,NA,NA,NA,NA,NA,NA,NA,NA,79.1,5.2,7.6,NA,NA,8.32328724959602,14.2346594163867
"Chile",2016,"Región de Arica y Parinacota",1,"Grande",0.00290986045896435,0.191689792058139,0.596903411874317,2351329.63167604,44,15404,39037318.63,2749087.793,233922,16873.3,13.8634410577658,1354814235675.58,0.00753821051412323,5791735.00429878,56.567695091452,5.86770990365188,NA,NA,NA,NA,NA,NA,NA,NA,NA,NA,NA,NA,NA,NA,NA,79.1,5.2,7.6,NA,NA,0.18809688699652,6.58510101657818
"Chile",2016,"Región de Tarapacá",2,"Pequeña",0.169698822809968,0.295214468629962,0.120435796655593,2525515.6801958,3330,40579,26086612.32,3160312.479,334865,42225.9,7.93032238507646,3919976944204.23,0.0218108214674804,11706141.114193,62.1867931245322,7.37951488673024,NA,NA,NA,NA,NA,NA,NA,NA,NA,NA,NA,NA,NA,NA,NA,78.99,4.2,5.7,NA,NA,9.94430591432368,12.1180177086288
"Chile",2016,"Región de Aysén del General Carlos Ibáñez del Campo",15,"Pequeña",0.141243609558911,0.301449601078773,NA,NA,1188,13413,8281044.79,722470.526,104704,108494.4,0.965063634620773,1088222487640.9,0.00605488928447036,10393322.9641742,69.7086503395175,3.08876393265509,NA,NA,NA,NA,NA,NA,NA,NA,NA,NA,NA,NA,NA,NA,NA,78.23,4.4,5.6,NA,NA,11.346271393643,12.8103988386308
"Chile",2016,"Región de Tarapacá",2,"Micro",0.662742699892983,0.145195553486206,0.030346674455617,889452.474867555,13005,19958,6573144.81,1288052.362,334865,42225.9,7.93032238507646,3919976944204.23,0.0218108214674804,11706141.114193,62.1867931245322,7.37951488673024,NA,NA,NA,NA,NA,NA,NA,NA,NA,NA,NA,NA,NA,NA,NA,78.99,4.2,5.7,NA,NA,38.8365460708047,5.96001373687904
"Chile",2016,"Región Metropolitana",7,"Grande",0.0214439733747227,0.572115012325488,0.897962368489696,882919387.600533,10293,4536356,15551530558.37,938983636.966,7369532,15403.2,478.441622519996,74877243335574,0.416618314243892,10160379.7005799,60.0800059617502,6.8598711639881,NA,NA,NA,NA,NA,NA,NA,NA,NA,NA,NA,NA,NA,NA,NA,79.47,5.3,6.6,NA,NA,1.39669656092137,61.5555506102694
"Chile",2016,"Región de Tarapacá",2,"Grande",0.020231361157825,0.268784192759865,0.670420236896883,4985336.39625549,397,36946,145214241.09,5574825.156,334865,42225.9,7.93032238507646,3919976944204.23,0.0218108214674804,11706141.114193,62.1867931245322,7.37951488673024,NA,NA,NA,NA,NA,NA,NA,NA,NA,NA,NA,NA,NA,NA,NA,78.99,4.2,5.7,NA,NA,1.18555238678273,11.0331028922103
"Chile",2016,"Región de Arica y Parinacota",1,"Mediana",0.0115733086436082,0.170161400714295,0.125859012182626,1656722.71937803,175,13674,8231144.71,1960696.849,233922,16873.3,13.8634410577658,1354814235675.58,0.00753821051412323,5791735.00429878,56.567695091452,5.86770990365188,NA,NA,NA,NA,NA,NA,NA,NA,NA,NA,NA,NA,NA,NA,NA,79.1,5.2,7.6,NA,NA,0.74811261873616,5.84553825634186
"Chile",2016,"Región de Valparaíso",6,"Sin Ventas/Sin Información",0.161798978987866,0.108390180854439,0,23700683.7582878,17495,92919,0,25981417.524,1864129,16396.1,113.69343929349,13707635862373.3,0.0762695298444284,7353373.00281971,56.1199173772203,7.36900464156742,NA,NA,NA,NA,NA,NA,NA,NA,NA,NA,NA,NA,NA,NA,NA,78.98,6.7,6.6,NA,NA,9.38508010979927,4.98457992982245
"Chile",2016,"Región de Los Ríos",13,"Pequeña",0.152329983030936,0.321967804607272,0.220453961031283,3953601.32711104,3501,46402,23897970.74,4752852.365,396155,18429.5,21.4956998290784,2343665910726.02,0.0130401988291903,5916032.64057255,58.4290388847567,4.68975420440468,NA,NA,NA,NA,NA,NA,NA,NA,NA,NA,NA,NA,NA,NA,NA,78.15,6.6,8.5,NA,NA,8.83744998800974,11.71309209779
"Chile",2016,"Región de Tarapacá",2,"Mediana",0.0386281404474341,0.211347631241997,0.178797291991906,2446004.72657584,758,29051,38727818.22,2824700.245,334865,42225.9,7.93032238507646,3919976944204.23,0.0218108214674804,11706141.114193,62.1867931245322,7.37951488673024,NA,NA,NA,NA,NA,NA,NA,NA,NA,NA,NA,NA,NA,NA,NA,78.99,4.2,5.7,NA,NA,2.26359876368089,8.6754363698804
"Chile",2016,"Región de La Araucanía",12,"Pequeña",0.15160327831703,0.303822402044293,0.238974162780685,9242630.74663945,8028,114140,56301664.56,11538682.142,988403,31842.3,31.0405655370372,4943526764365.1,0.0275058708793418,5001529.50199979,55.3001808639777,7.27498188480879,NA,NA,NA,NA,NA,NA,NA,NA,NA,NA,NA,NA,NA,NA,NA,78.51,6.6,8.2,NA,NA,8.12219307306837,11.547921242651
"Chile",2016,"Región de Tarapacá",2,"Sin Ventas/Sin Información",0.10869897569179,0.0794581538819695,0,1947734.79282258,2133,10922,0,2561371.234,334865,42225.9,7.93032238507646,3919976944204.23,0.0218108214674804,11706141.114193,62.1867931245322,7.37951488673024,NA,NA,NA,NA,NA,NA,NA,NA,NA,NA,NA,NA,NA,NA,NA,78.99,4.2,5.7,NA,NA,6.36973108566139,3.26161288877607
"Chile",2016,"Región de Valparaíso",6,"Mediana",0.0221496744598994,0.161044905653334,0.110748128655504,14523563.7995197,2395,138058,113616286.16,16708510.972,1864129,16396.1,113.69343929349,13707635862373.3,0.0762695298444284,7353373.00281971,56.1199173772203,7.36900464156742,NA,NA,NA,NA,NA,NA,NA,NA,NA,NA,NA,NA,NA,NA,NA,78.98,6.7,6.6,NA,NA,1.28478232997824,7.40603252242736
"Chile",2016,"Región de Magallanes y la Antártica Chilena",16,"Grande",0.010553661308654,0.341405537594297,0.679299146504525,3930011.69252301,130,32947,71219348.85,4463411.555,169530,132297.2,1.28143301596708,1819761681090.66,0.0101251863734335,10734157.2647358,62.8678995045291,4.39392375745148,NA,NA,NA,NA,NA,NA,NA,NA,NA,NA,NA,NA,NA,NA,NA,78.08,6.5,7.8,NA,NA,0.766825930513773,19.434318409721
"Chile",2017,"Región de Atacama",4,"Pequeña",0.149945317446613,0.29984724439181,0.165958855026109,2439578.65640784,2605,34940,17814004.39,3147731.402,304580,75176.2,4.05154822935982,3769645421415.89,0.0206934205858606,12376536.2841155,59.0272465975202,7.35721747644979,29.5110202339534,7.5,11.2598753815539,2.3880012333393,10.0272051990032,9.49154943227768,13.3113741874694,35.2941423654556,10.7762336730957,17.4490347504615,1036330,1157480.00225395,32309.9561679821,1189789.95842194,87.1019612457086,80.1,4.82545145090851,9.7,NA,NA,8.55276117932891,11.4715345721978
"Chile",2017,"Región del Maule",9,"Mediana",0.0150092344510054,0.179869441282628,0.146988842851202,6644346.24237329,1154,92443,53523741.22,7324144.122,1092575,16387,66.673277598096,6643890646563.4,0.0364715531850107,6080946.97989923,56.0191759976095,5.66567459845948,33.088707016847,12.5,10.231482248581,3.66891101002693,16.797424852848,14.5753517746925,11.0938914120197,29.701355099678,9.77874770760536,13.8245910406112,759503,872960.05068612,49912.5742070241,922872.624893144,82.2976928724831,80.3,6.30051260811719,6.2,NA,NA,1.0562203967691,8.46102098254124
"Chile",2017,"Región de Los Lagos",14,"Pequeña",0.160606415555295,0.307524126502249,0.120167125734387,14048950.3098803,9598,132498,66684206.05,16181212.745,870227,48583.6,17.9119497114253,6033201831748.4,0.0331191847048737,6932905.81853746,58.2691313424029,3.89330611535157,30.1187750995863,11.6,10.3937334557011,2.56613045930862,18.1321233510971,13.6100172996521,11.7107488214969,27.6503950357437,9.80724543333053,16.2069961428642,884482,993478.349614957,51509.2999567058,1044987.64957166,84.6404085396834,79.5,6.35613819504886,8,NA,NA,11.0293061465572,15.2256824943377
"Chile",2017,"Región de Antofagasta",3,"Sin Ventas/Sin Información",0.156953700713426,0.0608160123171671,0,3526532.21883803,5346,15089,0,4290628.136,623851,126049.1,4.94926976868538,14900585126047.8,0.0817965724937893,23884846.1027518,57.5695384583106,8.65893654768102,22.5785531066136,5.1,12.0536302901227,1.30868051201105,5.36793060600757,7.19646587967872,11.3738164305686,39.4527792930603,12.8146424889564,18.8037171959877,1378262,1523126.99204499,23708.4571781593,1546835.44922315,89.1020480464115,78.2,4.8428114517513,8.1,NA,NA,8.56935390021015,2.41868651328602
"Chile",2017,"Región de Magallanes y la Antártica Chilena",16,"Mediana",0.0200852099817407,0.186837039365129,0.137197699708406,2290913.89275713,264,19023,12535537.5,2597307.736,171293,132297.2,1.29475907275437,1862478897791.22,0.0102240542161675,10873059.0146195,63.8046644623604,3.25703436727536,19.310194012045,2,11.6823230912125,1.32628586143255,9.46068912744522,9.31181982159614,12.3343080282211,33.1578999757766,10.3290900588035,23.6468344926834,1349276,1507754.57350147,31005.5903894615,1538760.16389093,87.6858902776957,79.4,6.53264821659304,5.9,NA,NA,1.54121884723836,11.1055326253846
"Chile",2017,"Región del Libertador General Bernardo O'Higgins",8,"Pequeña",0.1525475702458,0.322263514349587,0.147132312489165,8725294.70178392,9452,156263,64688286.4,10569409.136,954279,16387,58.2339049246354,7500973374352.4,0.0411764979159538,7860356.74509488,57.2052463371044,6.89799733398448,28.0629385975638,9.9,10.5813382351543,3.03636100143194,14.9085283279418,11.9751706719398,12.2058115899562,32.4734836816787,9.8750427365303,15.2257949113845,781928,921455.576183969,38572.7527920905,960028.328976061,81.4484294965928,80.5,5.82022979208727,7.7,NA,NA,9.90486010904568,16.3749804826471
"Chile",2017,"Región de Coquimbo",5,"Pequeña",0.140974173691958,0.357432242899397,0.216681220613514,7686870.35916972,6321,100664,43630668.99,9081591.04,793049,40579.9,19.5429017814238,5551983807281.2,0.0304775444813068,7000808.02987104,55.3948809219155,7.93474835165277,34.6067081074085,11.8,10.7994303076983,2.37522106617689,12.3822197318077,11.5828156471252,13.4103372693061,36.3709211349487,9.48516279458999,14.0341058373451,754593,870100.608954429,42689.1421279826,912789.751082413,82.6689210570328,81.3,5.53528064766686,7.7,NA,NA,7.97050371414629,12.6932888131755
"Chile",2017,"Región del Maule",9,"Grande",0.00470826938584398,0.243967739738688,0.581410373783588,12626675.2414585,362,125386,211711704,13869961.607,1092575,16387,66.673277598096,6643890646563.4,0.0364715531850107,6080946.97989923,56.0191759976095,5.66567459845948,33.088707016847,12.5,10.231482248581,3.66891101002693,16.797424852848,14.5753517746925,11.0938914120197,29.701355099678,9.77874770760536,13.8245910406112,759503,872960.05068612,49912.5742070241,922872.624893144,82.2976928724831,80.3,6.30051260811719,6.2,NA,NA,0.331327368830515,11.4761915657964
"Chile",2017,"Región de Antofagasta",3,"Mediana",0.0225184228296292,0.197792099440165,0.0986306788728981,6699772.40215086,767,49074,34529532.73,7768427.192,623851,126049.1,4.94926976868538,14900585126047.8,0.0817965724937893,23884846.1027518,57.5695384583106,8.65893654768102,22.5785531066136,5.1,12.0536302901227,1.30868051201105,5.36793060600757,7.19646587967872,11.3738164305686,39.4527792930603,12.8146424889564,18.8037171959877,1378262,1523126.99204499,23708.4571781593,1546835.44922315,89.1020480464115,78.2,4.8428114517513,8.1,NA,NA,1.22946023970467,7.8663014085094
"Chile",2017,"Región del Biobío",10,"Sin Ventas/Sin Información",0.172005290701018,0.123819499981418,0,16555785.3099996,14955,89954,0,19211671.271,1636209,23890.2,68.4887108521486,10801253085573.4,0.0592933414066679,6601389.60583483,51.6106386306615,7.66328223159165,28.0509685154612,12.2,11.1994172283354,2.91579011827707,12.2717067599296,10.2549068629741,11.6740338504314,29.1137754917144,14.1911134123802,19.3366900086402,809856,964983.079306785,41587.4441467591,1006570.52345354,80.456912934097,80.2,5.94711045307631,7.2,NA,NA,9.14003039953942,5.4977084223348
"Chile",2017,"Región del Libertador General Bernardo O'Higgins",8,"Grande",0.00650409128322655,0.313022281250258,0.695513628519613,20186533.1945934,403,151782,305789965.75,21247810.043,954279,16387,58.2339049246354,7500973374352.4,0.0411764979159538,7860356.74509488,57.2052463371044,6.89799733398448,28.0629385975638,9.9,10.5813382351543,3.03636100143194,14.9085283279418,11.9751706719398,12.2058115899562,32.4734836816787,9.8750427365303,15.2257949113845,781928,921455.576183969,38572.7527920905,960028.328976061,81.4484294965928,80.5,5.82022979208727,7.7,NA,NA,0.422308360552836,15.9054113105287
"Chile",2017,"Región de Ñuble",11,"Sin Ventas/Sin Información",0.168356738428073,0.155166114718742,0,4920462.65347729,5263,26332,0,5571352.51,500517,13178.5,37.9798156087567,2593703344006.41,0.0142381015114992,5182048.44991561,54.1158310675756,7.81195365283525,34.8955319609416,16.2,10.1397310849421,3.78098711371421,18.1432694196701,13.6424019932746,10.9323374927043,29.4746249914169,9.66255068778991,13.8466820120811,640572,773338.572546829,57772.3713107948,831110.943857624,77.0741268818072,80,6.78381809195887,NA,NA,NA,10.5151273583115,5.26096016718713
"Chile",2017,"Región de Magallanes y la Antártica Chilena",16,"Sin Ventas/Sin Información",0.150867315885575,0.035210575940913,0,494002.650212702,1983,3585,0,656086.909,171293,132297.2,1.29475907275437,1862478897791.22,0.0102240542161675,10873059.0146195,63.8046644623604,3.25703436727536,19.310194012045,2,11.6823230912125,1.32628586143255,9.46068912744522,9.31181982159614,12.3343080282211,33.1578999757766,10.3290900588035,23.6468344926834,1349276,1507754.57350147,31005.5903894615,1538760.16389093,87.6858902776957,79.4,6.53264821659304,5.9,NA,NA,11.5766552048245,2.09290513914754
"Chile",2017,"Región de Magallanes y la Antártica Chilena",16,"Grande",0.00928180158247109,0.280368507896598,0.621773574180036,3187933.54140551,122,28546,56810471.11,3724980.807,171293,132297.2,1.29475907275437,1862478897791.22,0.0102240542161675,10873059.0146195,63.8046644623604,3.25703436727536,19.310194012045,2,11.6823230912125,1.32628586143255,9.46068912744522,9.31181982159614,12.3343080282211,33.1578999757766,10.3290900588035,23.6468344926834,1349276,1507754.57350147,31005.5903894615,1538760.16389093,87.6858902776957,79.4,6.53264821659304,5.9,NA,NA,0.712229921829847,16.6650125807826
"Chile",2017,"Región de Atacama",4,"Sin Ventas/Sin Información",0.168594946180855,0.0694780563994302,0,1211685.25315085,2929,8096,0,1574222.327,304580,75176.2,4.05154822935982,3769645421415.89,0.0206934205858606,12376536.2841155,59.0272465975202,7.35721747644979,29.5110202339534,7.5,11.2598753815539,2.3880012333393,10.0272051990032,9.49154943227768,13.3113741874694,35.2941423654556,10.7762336730957,17.4490347504615,1036330,1157480.00225395,32309.9561679821,1189789.95842194,87.1019612457086,80.1,4.82545145090851,9.7,NA,NA,9.61652111103815,2.65808654540679
"Chile",2017,"Región Metropolitana",7,"Grande",0.0189477749121767,0.557883372273583,0.911944345128452,897111330.979519,9617,4462513,16954865388.81,952361068.184,7508690,15403.2,487.475979017347,75707568956960,0.415595736686285,10082660.0854423,61.1841510114736,7.06667017857871,26.4931885086466,5.4,12.116981471111,1.54524222016334,7.98641815781593,8.21818187832832,11.7436289787292,30.9410095214843,12.7486899495124,26.292684674263,1446248,1644803.5330998,28147.7707707789,1672951.30387058,86.4489003159336,80.8,5.39702925506856,6.6,NA,NA,1.28078266648377,59.4313122528697
"Chile",2017,"Región de Los Lagos",14,"Micro",0.645019326985827,0.139810701536948,0.0374099885586552,2897127.4743895,38547,60238,20759882.29,3826884.553,870227,48583.6,17.9119497114253,6033201831748.4,0.0331191847048737,6932905.81853746,58.2691313424029,3.89330611535157,30.1187750995863,11.6,10.3937334557011,2.56613045930862,18.1321233510971,13.6100172996521,11.7107488214969,27.6503950357437,9.80724543333053,16.2069961428642,884482,993478.349614957,51509.2999567058,1044987.64957166,84.6404085396834,79.5,6.35613819504886,8,NA,NA,44.2953390322295,6.92210193432288
"Chile",2017,"Región de Los Ríos",13,"Micro",0.67832859438744,0.161278385197645,0.0733849751102499,869967.592766891,16461,23970,8463825.21,1217014.507,398493,18429.5,21.6225616538702,2382377807863.71,0.0130780326691913,5978468.39935384,60.4146925979676,4.6646114383441,35.4831076528511,11.8,10.7659269388811,2.56164669990539,14.6812468767166,11.8339091539382,12.0832704007625,30.9408992528915,11.209350824356,16.1968991160392,833950,961566.983854834,48243.8330142101,1009810.81686904,82.5848073059231,79.5,6.55698529860008,8.3,NA,NA,41.3081283736477,6.01516212329953
"Chile",2017,"Región de Aysén del General Carlos Ibáñez del Campo",15,"Grande",0.00358384013900956,0.139831234472715,NA,NA,33,6529,NA,NA,105382,108494.4,0.971312805084871,1199669828730.46,0.00658557226338871,11384010.8247183,70.4741021415313,3.10704162012715,29.0074601490675,4.5,10.8383235067931,3.26603613793849,14.6831080317497,12.7983644604682,11.7761306464672,25.6452858448028,9.15282368659973,22.3715811967849,1281311,1416540.76051793,49193.1294205509,1465733.88993848,87.4177250025623,80.3,4.76026403597853,7.8,NA,NA,0.313146457649314,6.1955552181587
"Chile",2017,"Región de Los Ríos",13,"Pequeña",0.142498042609305,0.357725820016821,0.202846598139241,6416463.2414059,3458,53167,23395227,7401059.27,398493,18429.5,21.6225616538702,2382377807863.71,0.0130780326691913,5978468.39935384,60.4146925979676,4.6646114383441,35.4831076528511,11.8,10.7659269388811,2.56164669990539,14.6812468767166,11.8339091539382,12.0832704007625,30.9408992528915,11.209350824356,16.1968991160392,833950,961566.983854834,48243.8330142101,1009810.81686904,82.5848073059231,79.5,6.55698529860008,8.3,NA,NA,8.67769320916553,13.3420160454512
"Chile",2017,"Región Metropolitana",7,"Mediana",0.0314765157530347,0.135917495759161,0.0416502086674853,129656220.768824,15976,1087205,774360502.53,152083165.703,7508690,15403.2,487.475979017347,75707568956960,0.415595736686285,10082660.0854423,61.1841510114736,7.06667017857871,26.4931885086466,5.4,12.116981471111,1.54524222016334,7.98641815781593,8.21818187832832,11.7436289787292,30.9410095214843,12.7486899495124,26.292684674263,1446248,1644803.5330998,28147.7707707789,1672951.30387058,86.4489003159336,80.8,5.39702925506856,6.6,NA,NA,2.1276680752568,14.4792899959913
"Chile",2017,"Región del Maule",9,"Pequeña",0.13681294383893,0.321316483281285,0.200729276306245,9143887.07876189,10519,165139,73092498.94,10656759.065,1092575,16387,66.673277598096,6643890646563.4,0.0364715531850107,6080946.97989923,56.0191759976095,5.66567459845948,33.088707016847,12.5,10.231482248581,3.66891101002693,16.797424852848,14.5753517746925,11.0938914120197,29.701355099678,9.77874770760536,13.8245910406112,759503,872960.05068612,49912.5742070241,922872.624893144,82.2976928724831,80.3,6.30051260811719,6.2,NA,NA,9.62771434455301,15.1146603208018
"Chile",2017,"Región de Los Lagos",14,"Mediana",0.0183564532052676,0.191524275044447,0.0935896536786576,7554308.84307571,1097,82519,51935599.79,8413822.227,870227,48583.6,17.9119497114253,6033201831748.4,0.0331191847048737,6932905.81853746,58.2691313424029,3.89330611535157,30.1187750995863,11.6,10.3937334557011,2.56613045930862,18.1321233510971,13.6100172996521,11.7107488214969,27.6503950357437,9.80724543333053,16.2069961428642,884482,993478.349614957,51509.2999567058,1044987.64957166,84.6404085396834,79.5,6.35613819504886,8,NA,NA,1.26059062750294,9.48246836744895
"Chile",2017,"Región de Ñuble",11,"Pequeña",0.129074565752855,0.284640133881746,0.29859730313274,3428905.29008429,4035,48304,27089787.91,4053496.954,500517,13178.5,37.9798156087567,2593703344006.41,0.0142381015114992,5182048.44991561,54.1158310675756,7.81195365283525,34.8955319609416,16.2,10.1397310849421,3.78098711371421,18.1432694196701,13.6424019932746,10.9323374927043,29.4746249914169,9.66255068778991,13.8466820120811,640572,773338.572546829,57772.3713107948,831110.943857624,77.0741268818072,80,6.78381809195887,NA,NA,NA,8.06166423917669,9.65082105103323
"Chile",2017,"Región de La Araucanía",12,"Mediana",0.0159070377127876,0.174318787293377,0.177411742395512,6872109.53128737,898,67134,42091336.88,7624633.432,994888,31842.3,31.2442254485386,5042397291562.1,0.0276801757858984,5068306.47425851,54.9163310618909,8.26530073128025,39.2652432395109,16.8,10.5086758888816,3.08823492377996,17.3666775226593,11.3733306527137,12.1809229254722,29.4300585985183,10.7040390372276,15.3650164604187,755493,859601.965052296,56526.5939135324,916128.558965827,82.4658725634397,79.7,6.6398862247062,6.9,NA,NA,0.902614163604345,6.74789524046928
"Chile",2017,"Región de Atacama",4,"Grande",0.00529557359120474,0.262937026929612,0.653625358938176,7645075.15734566,92,30639,70160070.77,7973438.937,304580,75176.2,4.05154822935982,3769645421415.89,0.0206934205858606,12376536.2841155,59.0272465975202,7.35721747644979,29.5110202339534,7.5,11.2598753815539,2.3880012333393,10.0272051990032,9.49154943227768,13.3113741874694,35.2941423654556,10.7762336730957,17.4490347504615,1036330,1157480.00225395,32309.9561679821,1189789.95842194,87.1019612457086,80.1,4.82545145090851,9.7,NA,NA,0.302055289250772,10.0594260949504
"Chile",2017,"Región del Biobío",10,"Grande",0.00668238541606763,0.288440494264914,0.700182433196014,33088217.0636615,581,209550,476416763.97,37186357.948,1636209,23890.2,68.4887108521486,10801253085573.4,0.0592933414066679,6601389.60583483,51.6106386306615,7.66328223159165,28.0509685154612,12.2,11.1994172283354,2.91579011827707,12.2717067599296,10.2549068629741,11.6740338504314,29.1137754917144,14.1911134123802,19.3366900086402,809856,964983.079306785,41587.4441467591,1006570.52345354,80.456912934097,80.2,5.94711045307631,7.2,NA,NA,0.35508911147659,12.8070435989534
"Chile",2017,"Región Metropolitana",7,"Micro",0.53462594054217,0.0687371569996126,0.00890113585092306,44555690.5661858,271351,549829,165489879.91,58452865.137,7508690,15403.2,487.475979017347,75707568956960,0.415595736686285,10082660.0854423,61.1841510114736,7.06667017857871,26.4931885086466,5.4,12.116981471111,1.54524222016334,7.98641815781593,8.21818187832832,11.7436289787292,30.9410095214843,12.7486899495124,26.292684674263,1446248,1644803.5330998,28147.7707707789,1672951.30387058,86.4489003159336,80.8,5.39702925506856,6.6,NA,NA,36.1382611347652,7.32256891681505
"Chile",2017,"Región de Los Ríos",13,"Mediana",0.0143816705814481,0.169130361648444,0.139273251074227,1969811.7501862,349,25137,16063021.78,2266449.143,398493,18429.5,21.6225616538702,2382377807863.71,0.0130780326691913,5978468.39935384,60.4146925979676,4.6646114383441,35.4831076528511,11.8,10.7659269388811,2.56164669990539,14.6812468767166,11.8339091539382,12.0832704007625,30.9408992528915,11.209350824356,16.1968991160392,833950,961566.983854834,48243.8330142101,1009810.81686904,82.5848073059231,79.5,6.55698529860008,8.3,NA,NA,0.87579957489843,6.3080154482011
"Chile",2017,"Región de Antofagasta",3,"Pequeña",0.183200728105458,0.317090472332725,0.126742456810339,8260666.17176626,6240,78673,44371161.8,9841454.215,623851,126049.1,4.94926976868538,14900585126047.8,0.0817965724937893,23884846.1027518,57.5695384583106,8.65893654768102,22.5785531066136,5.1,12.0536302901227,1.30868051201105,5.36793060600757,7.19646587967872,11.3738164305686,39.4527792930603,12.8146424889564,18.8037171959877,1378262,1523126.99204499,23708.4571781593,1546835.44922315,89.1020480464115,78.2,4.8428114517513,8.1,NA,NA,10.0023883908177,12.610863812032
"Chile",2017,"Región de Los Ríos",13,"Sin Ventas/Sin Información",0.160135162978531,0.0851135407905803,0,2009270.52896314,3886,12650,0,2457817.606,398493,18429.5,21.6225616538702,2382377807863.71,0.0130780326691913,5978468.39935384,60.4146925979676,4.6646114383441,35.4831076528511,11.8,10.7659269388811,2.56164669990539,14.6812468767166,11.8339091539382,12.0832704007625,30.9408992528915,11.209350824356,16.1968991160392,833950,961566.983854834,48243.8330142101,1009810.81686904,82.5848073059231,79.5,6.55698529860008,8.3,NA,NA,9.75173967924154,3.17445977721064
"Chile",2017,"Región de Antofagasta",3,"Micro",0.629987375590852,0.135400166862145,0.0356413873871757,2456467.27909219,21458,33594,12477663.81,3184580.833,623851,126049.1,4.94926976868538,14900585126047.8,0.0817965724937893,23884846.1027518,57.5695384583106,8.65893654768102,22.5785531066136,5.1,12.0536302901227,1.30868051201105,5.36793060600757,7.19646587967872,11.3738164305686,39.4527792930603,12.8146424889564,18.8037171959877,1378262,1523126.99204499,23708.4571781593,1546835.44922315,89.1020480464115,78.2,4.8428114517513,8.1,NA,NA,34.3960336682958,5.38493967309502
"Chile",2017,"Región de Coquimbo",5,"Sin Ventas/Sin Información",0.154578705562246,0.0852533989511098,0,4106173.38824183,6931,24010,0,5065049.281,793049,40579.9,19.5429017814238,5551983807281.2,0.0304775444813068,7000808.02987104,55.3948809219155,7.93474835165277,34.6067081074085,11.8,10.7994303076983,2.37522106617689,12.3822197318077,11.5828156471252,13.4103372693061,36.3709211349487,9.48516279458999,14.0341058373451,754593,870100.608954429,42689.1421279826,912789.751082413,82.6689210570328,81.3,5.53528064766686,7.7,NA,NA,8.73968695503052,3.02755567436564
"Chile",2017,"Región de Atacama",4,"Micro",0.659586715017556,0.208417005646808,0.0545504591106751,3279957.16473625,11459,24286,5855440,3786090.378,304580,75176.2,4.05154822935982,3769645421415.89,0.0206934205858606,12376536.2841155,59.0272465975202,7.35721747644979,29.5110202339534,7.5,11.2598753815539,2.3880012333393,10.0272051990032,9.49154943227768,13.3113741874694,35.2941423654556,10.7762336730957,17.4490347504615,1036330,1157480.00225395,32309.9561679821,1189789.95842194,87.1019612457086,80.1,4.82545145090851,9.7,NA,NA,37.6222995600499,7.97360299428722
"Chile",2017,"Región del Maule",9,"Micro",0.664087089977369,0.142822675578126,0.0708715070589658,4595071.58801026,51059,73403,25806776.42,5866406.037,1092575,16387,66.673277598096,6643890646563.4,0.0364715531850107,6080946.97989923,56.0191759976095,5.66567459845948,33.088707016847,12.5,10.231482248581,3.66891101002693,16.797424852848,14.5753517746925,11.0938914120197,29.701355099678,9.77874770760536,13.8245910406112,759503,872960.05068612,49912.5742070241,922872.624893144,82.2976928724831,80.3,6.30051260811719,6.2,NA,NA,46.732718577672,6.7183488547697
"Chile",2017,"Región de Valparaíso",6,"Grande",0.00728654603772269,0.297501175476494,0.737160111662463,50291491.0283558,836,261948,743258033.51,54297253.939,1885948,16396.1,115.024182580004,13928348615785.6,0.0764594925388718,7385330.14472594,56.9227357709998,7.42662669773104,30.7356070056261,7.1,11.7061137869536,1.73267964273691,9.44542288780212,8.63415971398353,11.9866453111171,31.6748827695846,13.5252639651298,22.3585173487663,942621,1147964.09987289,37123.2296088068,1185087.32948169,79.540228513763,80.6,6.76570922184127,6.3,NA,NA,0.443278393677874,13.8894603668818
"Chile",2017,"Región de Atacama",4,"Mediana",0.0165774477637714,0.15932066663234,0.12586532692504,2243604.22885608,288,18565,13510369.7,2449116.346,304580,75176.2,4.05154822935982,3769645421415.89,0.0206934205858606,12376536.2841155,59.0272465975202,7.35721747644979,29.5110202339534,7.5,11.2598753815539,2.3880012333393,10.0272051990032,9.49154943227768,13.3113741874694,35.2941423654556,10.7762336730957,17.4490347504615,1036330,1157480.00225395,32309.9561679821,1189789.95842194,87.1019612457086,80.1,4.82545145090851,9.7,NA,NA,0.945564383741546,6.09527874450062
"Chile",2017,"Región de Ñuble",11,"Micro",0.685518697418509,0.15990383142214,0.115832087537383,1530574.88449895,21430,27136,10508690.64,2068600.862,500517,13178.5,37.9798156087567,2593703344006.41,0.0142381015114992,5182048.44991561,54.1158310675756,7.81195365283525,34.8955319609416,16.2,10.1397310849421,3.78098711371421,18.1432694196701,13.6424019932746,10.9323374927043,29.4746249914169,9.66255068778991,13.8466820120811,640572,773338.572546829,57772.3713107948,831110.943857624,77.0741268818072,80,6.78381809195887,NA,NA,NA,42.8157285366931,5.42159407172983
"Chile",2017,"Región de Tarapacá",2,"Mediana",0.0288860979615496,0.178955590749805,0.15418984403312,2081730.79715743,598,24972,29363212.32,2393547.823,342129,42225.9,8.10234950587199,4076794359981.22,0.0223795107767639,11915956.7297166,61.7971141569337,7.20302977081858,32.4428514831986,6.5,11.7604450018731,0.991772301495075,6.54901266098022,7.62609392404556,15.3868228197097,40.9646838903427,11.7609716951847,16.0078436136245,1072052,1216227.04566118,29691.3717984844,1245918.41745967,86.0451558261042,80.1,3.92388124021864,7.7,NA,NA,1.74787872410699,7.299001253913
"Chile",2017,"Región de Coquimbo",5,"Micro",0.684530978188144,0.173723773306206,0.0771048987705162,2541300.43586664,30693,48926,15525749.33,3523006.805,793049,40579.9,19.5429017814238,5551983807281.2,0.0304775444813068,7000808.02987104,55.3948809219155,7.93474835165277,34.6067081074085,11.8,10.7994303076983,2.37522106617689,12.3822197318077,11.5828156471252,13.4103372693061,36.3709211349487,9.48516279458999,14.0341058373451,754593,870100.608954429,42689.1421279826,912789.751082413,82.6689210570328,81.3,5.53528064766686,7.7,NA,NA,38.7025265778029,6.16935397434459
"Chile",2017,"Región de La Araucanía",12,"Sin Ventas/Sin Información",0.17575682426089,0.0979196202761722,0,7068163.86446774,9922,37711,0,8337252.999,994888,31842.3,31.2442254485386,5042397291562.1,0.0276801757858984,5068306.47425851,54.9163310618909,8.26530073128025,39.2652432395109,16.8,10.5086758888816,3.08823492377996,17.3666775226593,11.3733306527137,12.1809229254722,29.4300585985183,10.7040390372276,15.3650164604187,755493,859601.965052296,56526.5939135324,916128.558965827,82.4658725634397,79.7,6.6398862247062,6.9,NA,NA,9.97298188338788,3.79047691800484
"Chile",2017,"Región de Tarapacá",2,"Pequeña",0.153366824461405,0.280107207097454,0.126845556861478,2518708.60908002,3175,39087,24155890.69,3187350.059,342129,42225.9,8.10234950587199,4076794359981.22,0.0223795107767639,11915956.7297166,61.7971141569337,7.20302977081858,32.4428514831986,6.5,11.7604450018731,0.991772301495075,6.54901266098022,7.62609392404556,15.3868228197097,40.9646838903427,11.7609716951847,16.0078436136245,1072052,1216227.04566118,29691.3717984844,1245918.41745967,86.0451558261042,80.1,3.92388124021864,7.7,NA,NA,9.28012533284229,11.424638075112
"Chile",2017,"Región de Coquimbo",5,"Grande",0.00499576252286007,0.191353224609507,0.549983727000666,10139160.8169257,224,53891,110744059.29,10721084.319,793049,40579.9,19.5429017814238,5551983807281.2,0.0304775444813068,7000808.02987104,55.3948809219155,7.93474835165277,34.6067081074085,11.8,10.7994303076983,2.37522106617689,12.3822197318077,11.5828156471252,13.4103372693061,36.3709211349487,9.48516279458999,14.0341058373451,754593,870100.608954429,42689.1421279826,912789.751082413,82.6689210570328,81.3,5.53528064766686,7.7,NA,NA,0.282454173701751,6.79541869417905
"Chile",2017,"Región de Los Lagos",14,"Sin Ventas/Sin Información",0.168755542912602,0.0692044172736008,0,4831030.65354287,10085,29817,0,5662054.844,870227,48583.6,17.9119497114253,6033201831748.4,0.0331191847048737,6932905.81853746,58.2691313424029,3.89330611535157,30.1187750995863,11.6,10.3937334557011,2.56613045930862,18.1321233510971,13.6100172996521,11.7107488214969,27.6503950357437,9.80724543333053,16.2069961428642,884482,993478.349614957,51509.2999567058,1044987.64957166,84.6404085396834,79.5,6.35613819504886,8,NA,NA,11.5889302446373,3.42634737832772
"Chile",2017,"Región de Tarapacá",2,"Sin Ventas/Sin Información",0.155733745531833,0.112187641085544,0,2526275.67531058,3224,15655,0,3231222.929,342129,42225.9,8.10234950587199,4076794359981.22,0.0223795107767639,11915956.7297166,61.7971141569337,7.20302977081858,32.4428514831986,6.5,11.7604450018731,0.991772301495075,6.54901266098022,7.62609392404556,15.3868228197097,40.9646838903427,11.7609716951847,16.0078436136245,1072052,1216227.04566118,29691.3717984844,1245918.41745967,86.0451558261042,80.1,3.92388124021864,7.7,NA,NA,9.42334616475072,4.57575943576838
"Chile",2017,"Región de Aysén del General Carlos Ibáñez del Campo",15,"Pequeña",0.138140747176368,0.388824638053628,NA,NA,1272,18155,8763349.9,2254097.776,105382,108494.4,0.971312805084871,1199669828730.46,0.00658557226338871,11384010.8247183,70.4741021415313,3.10704162012715,29.0074601490675,4.5,10.8383235067931,3.26603613793849,14.6831080317497,12.7983644604682,11.7761306464672,25.6452858448028,9.15282368659973,22.3715811967849,1281311,1416540.76051793,49193.1294205509,1465733.88993848,87.4177250025623,80.3,4.76026403597853,7.8,NA,NA,12.0703725493917,17.22779981401
"Chile",2017,"Región de Valparaíso",6,"Mediana",0.0186695952306244,0.157899997047112,0.101339937566958,14921996.5245686,2142,139030,102178239.87,17240349.111,1885948,16396.1,115.024182580004,13928348615785.6,0.0764594925388718,7385330.14472594,56.9227357709998,7.42662669773104,30.7356070056261,7.1,11.7061137869536,1.73267964273691,9.44542288780212,8.63415971398353,11.9866453111171,31.6748827695846,13.5252639651298,22.3585173487663,942621,1147964.09987289,37123.2296088068,1185087.32948169,79.540228513763,80.6,6.76570922184127,6.3,NA,NA,1.1357683244713,7.37188936280322
"Chile",2017,"Región de Aysén del General Carlos Ibáñez del Campo",15,"Micro",0.716333622936577,0.231538593335047,NA,NA,6596,10811,3257391.59,969341.158,105382,108494.4,0.971312805084871,1199669828730.46,0.00658557226338871,11384010.8247183,70.4741021415313,3.10704162012715,29.0074601490675,4.5,10.8383235067931,3.26603613793849,14.6831080317497,12.7983644604682,11.7761306464672,25.6452858448028,9.15282368659973,22.3715811967849,1281311,1416540.76051793,49193.1294205509,1465733.88993848,87.4177250025623,80.3,4.76026403597853,7.8,NA,NA,62.591334383481,10.2588677383234
"Chile",2017,"Región de Aysén del General Carlos Ibáñez del Campo",15,"Sin Ventas/Sin Información",0.129561251086012,0.0940632228218967,NA,NA,1193,4392,0,664532.584,105382,108494.4,0.971312805084871,1199669828730.46,0.00658557226338871,11384010.8247183,70.4741021415313,3.10704162012715,29.0074601490675,4.5,10.8383235067931,3.26603613793849,14.6831080317497,12.7983644604682,11.7761306464672,25.6452858448028,9.15282368659973,22.3715811967849,1281311,1416540.76051793,49193.1294205509,1465733.88993848,87.4177250025623,80.3,4.76026403597853,7.8,NA,NA,11.3207189083525,4.16769467271451
"Chile",2017,"Región del Biobío",10,"Micro",0.645983092759791,0.119173894311439,0.0436441799075288,4091196.92063265,56165,86579,29696287.67,5530574.644,1636209,23890.2,68.4887108521486,10801253085573.4,0.0592933414066679,6601389.60583483,51.6106386306615,7.66328223159165,28.0509685154612,12.2,11.1994172283354,2.91579011827707,12.2717067599296,10.2549068629741,11.6740338504314,29.1137754917144,14.1911134123802,19.3366900086402,809856,964983.079306785,41587.4441467591,1006570.52345354,80.456912934097,80.2,5.94711045307631,7.2,NA,NA,34.326299390848,5.29143892986776
"Chile",2017,"Región Metropolitana",7,"Pequeña",0.18387045293792,0.169914715664082,0.0375043103531395,139448119.670273,93324,1359149,697279978.69,176171205.89,7508690,15403.2,487.475979017347,75707568956960,0.415595736686285,10082660.0854423,61.1841510114736,7.06667017857871,26.4931885086466,5.4,12.116981471111,1.54524222016334,7.98641815781593,8.21818187832832,11.7436289787292,30.9410095214843,12.7486899495124,26.292684674263,1446248,1644803.5330998,28147.7707707789,1672951.30387058,86.4489003159336,80.8,5.39702925506856,6.6,NA,NA,12.4287991647012,18.1010136255459
"Chile",2017,"Región de La Araucanía",12,"Grande",0.0047118842222734,0.279976215329168,0.503608537592273,11909092.9961244,266,107825,119482263.83,13485738.843,994888,31842.3,31.2442254485386,5042397291562.1,0.0276801757858984,5068306.47425851,54.9163310618909,8.26530073128025,39.2652432395109,16.8,10.5086758888816,3.08823492377996,17.3666775226593,11.3733306527137,12.1809229254722,29.4300585985183,10.7040390372276,15.3650164604187,755493,859601.965052296,56526.5939135324,916128.558965827,82.4658725634397,79.7,6.6398862247062,6.9,NA,NA,0.267366778974116,10.8379033619865
"Chile",2017,"Región del Maule",9,"Sin Ventas/Sin Información",0.179382462346851,0.112023660119273,0,11745295.4099505,13792,57574,0,13115255.156,1092575,16387,66.673277598096,6643890646563.4,0.0364715531850107,6080946.97989923,56.0191759976095,5.66567459845948,33.088707016847,12.5,10.231482248581,3.66891101002693,16.797424852848,14.5753517746925,11.0938914120197,29.701355099678,9.77874770760536,13.8245910406112,759503,872960.05068612,49912.5742070241,922872.624893144,82.2976928724831,80.3,6.30051260811719,6.2,NA,NA,12.6233896986477,5.26956959476466
"Chile",2017,"Región de La Araucanía",12,"Pequeña",0.144509592050024,0.298066586692009,0.239168775622269,9737929.91907015,8158,114792,56743332.6,12097518.798,994888,31842.3,31.2442254485386,5042397291562.1,0.0276801757858984,5068306.47425851,54.9163310618909,8.26530073128025,39.2652432395109,16.8,10.5086758888816,3.08823492377996,17.3666775226593,11.3733306527137,12.1809229254722,29.4300585985183,10.7040390372276,15.3650164604187,755493,859601.965052296,56526.5939135324,916128.558965827,82.4658725634397,79.7,6.6398862247062,6.9,NA,NA,8.19991798071743,11.53818319248
"Chile",2017,"Región del Libertador General Bernardo O'Higgins",8,"Sin Ventas/Sin Información",0.167072836138862,0.0509948607112512,0,4220211.98904832,10352,24727,0,4892653.598,954279,16387,58.2339049246354,7500973374352.4,0.0411764979159538,7860356.74509488,57.2052463371044,6.89799733398448,28.0629385975638,9.9,10.5813382351543,3.03636100143194,14.9085283279418,11.9751706719398,12.2058115899562,32.4734836816787,9.8750427365303,15.2257949113845,781928,921455.576183969,38572.7527920905,960028.328976061,81.4484294965928,80.5,5.82022979208727,7.7,NA,NA,10.8479805172282,2.59117092590322
"Chile",2017,"Región de Antofagasta",3,"Grande",0.00733977276063533,0.288901249047798,0.738985476929587,22133085.081271,250,71679,258710813.96,23159292.263,623851,126049.1,4.94926976868538,14900585126047.8,0.0817965724937893,23884846.1027518,57.5695384583106,8.65893654768102,22.5785531066136,5.1,12.0536302901227,1.30868051201105,5.36793060600757,7.19646587967872,11.3738164305686,39.4527792930603,12.8146424889564,18.8037171959877,1378262,1523126.99204499,23708.4571781593,1546835.44922315,89.1020480464115,78.2,4.8428114517513,8.1,NA,NA,0.400736714375708,11.4897627798946
"Chile",2017,"Región de Valparaíso",6,"Pequeña",0.152912875222257,0.272191519760498,0.122760515083261,17175774.9962638,17544,239663,123776012.28,21037433.322,1885948,16396.1,115.024182580004,13928348615785.6,0.0764594925388718,7385330.14472594,56.9227357709998,7.42662669773104,30.7356070056261,7.1,11.7061137869536,1.73267964273691,9.44542288780212,8.63415971398353,11.9866453111171,31.6748827695846,13.5252639651298,22.3585173487663,942621,1147964.09987289,37123.2296088068,1185087.32948169,79.540228513763,80.6,6.76570922184127,6.3,NA,NA,9.30248341947922,12.707826514835
"Chile",2017,"Región de Arica y Parinacota",1,"Grande",0.002642089093702,0.151960256180044,0.601647265553154,2633279.57271103,43,12694,39532943.94,2887976.325,237082,16873.3,14.0507191835622,1409354760803.26,0.00773663503052565,5944587.78314364,55.982357066344,6.66520628734566,36.7903694728022,8.2,11.6305074044311,1.71212777495384,8.64094868302345,7.15949684381485,11.4944949746131,40.1057124137878,11.9564168155193,18.1613132357597,823008,960146.923534475,36267.9379929601,996414.861527434,82.5969149196916,79.9,5.52343108255202,7.2,NA,NA,0.181371846027957,5.35426561274158
"Chile",2017,"Región de Magallanes y la Antártica Chilena",16,"Micro",0.630629945222155,0.15192111259527,0.0524195302716621,623940.159275818,8289,15468,4789489.83,882587.696,171293,132297.2,1.29475907275437,1862478897791.22,0.0102240542161675,10873059.0146195,63.8046644623604,3.25703436727536,19.310194012045,2,11.6823230912125,1.32628586143255,9.46068912744522,9.31181982159614,12.3343080282211,33.1578999757766,10.3290900588035,23.6468344926834,1349276,1507754.57350147,31005.5903894615,1538760.16389093,87.6858902776957,79.4,6.53264821659304,5.9,NA,NA,48.3907690331771,9.03014133677383
"Chile",2017,"Región de Tarapacá",2,"Micro",0.644527098831031,0.151372695154898,0.0351664305840377,1057083.83004744,13343,21123,6696935.03,1497323.151,342129,42225.9,8.10234950587199,4076794359981.22,0.0223795107767639,11915956.7297166,61.7971141569337,7.20302977081858,32.4428514831986,6.5,11.7604450018731,0.991772301495075,6.54901266098022,7.62609392404556,15.3868228197097,40.9646838903427,11.7609716951847,16.0078436136245,1072052,1216227.04566118,29691.3717984844,1245918.41745967,86.0451558261042,80.1,3.92388124021864,7.7,NA,NA,38.9999093909023,6.17398700490166
"Chile",2017,"Región de Valparaíso",6,"Sin Ventas/Sin Información",0.196170205348116,0.130178059134986,0,27529571.5452868,22507,114621,0,30602508.599,1885948,16396.1,115.024182580004,13928348615785.6,0.0764594925388718,7385330.14472594,56.9227357709998,7.42662669773104,30.7356070056261,7.1,11.7061137869536,1.73267964273691,9.44542288780212,8.63415971398353,11.9866453111171,31.6748827695846,13.5252639651298,22.3585173487663,942621,1147964.09987289,37123.2296088068,1185087.32948169,79.540228513763,80.6,6.76570922184127,6.3,NA,NA,11.9340512039568,6.07763310547269
"Chile",2017,"Región de Los Ríos",13,"Grande",0.00465652944327688,0.22675189234651,0.584495175676282,5460115.44141783,113,33701,67412505.02,6191010.93,398493,18429.5,21.6225616538702,2382377807863.71,0.0130780326691913,5978468.39935384,60.4146925979676,4.6646114383441,35.4831076528511,11.8,10.7659269388811,2.56164669990539,14.6812468767166,11.8339091539382,12.0832704007625,30.9408992528915,11.209350824356,16.1968991160392,833950,961566.983854834,48243.8330142101,1009810.81686904,82.5848073059231,79.5,6.55698529860008,8.3,NA,NA,0.283568343735022,8.45711217010086
"Chile",2017,"Región del Libertador General Bernardo O'Higgins",8,"Micro",0.657574926163232,0.158763188503832,0.0506274710516891,4818640.11824329,40744,76983,22258906.23,6119546.134,954279,16387,58.2339049246354,7500973374352.4,0.0411764979159538,7860356.74509488,57.2052463371044,6.89799733398448,28.0629385975638,9.9,10.5813382351543,3.03636100143194,14.9085283279418,11.9751706719398,12.2058115899562,32.4734836816787,9.8750427365303,15.2257949113845,781928,921455.576183969,38572.7527920905,960028.328976061,81.4484294965928,80.5,5.82022979208727,7.7,NA,NA,42.696108789987,8.06713759812382
"Chile",2017,"Región de Coquimbo",5,"Mediana",0.0149203800347919,0.192237360233781,0.156230153615304,6914272.59979787,669,54140,31458315.12,8149245.9,793049,40579.9,19.5429017814238,5551983807281.2,0.0304775444813068,7000808.02987104,55.3948809219155,7.93474835165277,34.6067081074085,11.8,10.7994303076983,2.37522106617689,12.3822197318077,11.5828156471252,13.4103372693061,36.3709211349487,9.48516279458999,14.0341058373451,754593,870100.608954429,42689.1421279826,912789.751082413,82.6689210570328,81.3,5.53528064766686,7.7,NA,NA,0.843579652707462,6.82681650188072
"Chile",2017,"Región del Biobío",10,"Mediana",0.0193455632871355,0.18799079963606,0.114133067097111,14797019.9834448,1682,136574,77658198.65,16611389.531,1636209,23890.2,68.4887108521486,10801253085573.4,0.0592933414066679,6601389.60583483,51.6106386306615,7.66328223159165,28.0509685154612,12.2,11.1994172283354,2.91579011827707,12.2717067599296,10.2549068629741,11.6740338504314,29.1137754917144,14.1911134123802,19.3366900086402,809856,964983.079306785,41587.4441467591,1006570.52345354,80.456912934097,80.2,5.94711045307631,7.2,NA,NA,1.02798603356906,8.34697767827949
"Chile",2017,"Región de Magallanes y la Antártica Chilena",16,"Pequeña",0.189135727328058,0.34566276420209,0.188609195839896,2182707.92933375,2486,35194,17232924.84,2793572.37,171293,132297.2,1.29475907275437,1862478897791.22,0.0102240542161675,10873059.0146195,63.8046644623604,3.25703436727536,19.310194012045,2,11.6823230912125,1.32628586143255,9.46068912744522,9.31181982159614,12.3343080282211,33.1578999757766,10.3290900588035,23.6468344926834,1349276,1507754.57350147,31005.5903894615,1538760.16389093,87.6858902776957,79.4,6.53264821659304,5.9,NA,NA,14.5131441448279,20.5460818597374
"Chile",2017,"Región del Biobío",10,"Pequeña",0.155983667835988,0.28057531180617,0.142040319799346,16223288.5666409,13562,203836,96646797.04,19827568.196,1636209,23890.2,68.4887108521486,10801253085573.4,0.0592933414066679,6601389.60583483,51.6106386306615,7.66328223159165,28.0509685154612,12.2,11.1994172283354,2.91579011827707,12.2717067599296,10.2549068629741,11.6740338504314,29.1137754917144,14.1911134123802,19.3366900086402,809856,964983.079306785,41587.4441467591,1006570.52345354,80.456912934097,80.2,5.94711045307631,7.2,NA,NA,8.2886721684088,12.4578217085959
"Chile",2017,"Región Metropolitana",7,"Sin Ventas/Sin Información",0.231079315854699,0.067547259303561,0,150624056.585336,117285,540311,0,173826322.699,7508690,15403.2,487.475979017347,75707568956960,0.415595736686285,10082660.0854423,61.1841510114736,7.06667017857871,26.4931885086466,5.4,12.116981471111,1.54524222016334,7.98641815781593,8.21818187832832,11.7436289787292,30.9410095214843,12.7486899495124,26.292684674263,1446248,1644803.5330998,28147.7707707789,1672951.30387058,86.4489003159336,80.8,5.39702925506856,6.6,NA,NA,15.6199017405167,7.19580912249673
"Chile",2017,"Región de Aysén del General Carlos Ibáñez del Campo",15,"Mediana",0.012380538662033,0.145742311316714,NA,NA,114,6805,5039830.49,505396.599,105382,108494.4,0.971312805084871,1199669828730.46,0.00658557226338871,11384010.8247183,70.4741021415313,3.10704162012715,29.0074601490675,4.5,10.8383235067931,3.26603613793849,14.6831080317497,12.7983644604682,11.7761306464672,25.6452858448028,9.15282368659973,22.3715811967849,1281311,1416540.76051793,49193.1294205509,1465733.88993848,87.4177250025623,80.3,4.76026403597853,7.8,NA,NA,1.08177867187945,6.45745952819267
"Chile",2017,"Región de Arica y Parinacota",1,"Pequeña",0.118586789554531,0.407841024720177,0.197963790434764,2999604.94020319,1930,34069,13007773.62,3611799.31,237082,16873.3,14.0507191835622,1409354760803.26,0.00773663503052565,5944587.78314364,55.982357066344,6.66520628734566,36.7903694728022,8.2,11.6305074044311,1.71212777495384,8.64094868302345,7.15949684381485,11.4944949746131,40.1057124137878,11.9564168155193,18.1613132357597,823008,960146.923534475,36267.9379929601,996414.861527434,82.5969149196916,79.9,5.52343108255202,7.2,NA,NA,8.14064332171991,14.3701335402941
"Chile",2017,"Región de Los Lagos",14,"Grande",0.00726226134100835,0.291936479642756,0.7488332320283,18164640.3837802,434,125782,415549171.51,19382619.229,870227,48583.6,17.9119497114253,6033201831748.4,0.0331191847048737,6932905.81853746,58.2691313424029,3.89330611535157,30.1187750995863,11.6,10.3937334557011,2.56613045930862,18.1321233510971,13.6100172996521,11.7107488214969,27.6503950357437,9.80724543333053,16.2069961428642,884482,993478.349614957,51509.2999567058,1044987.64957166,84.6404085396834,79.5,6.35613819504886,8,NA,NA,0.498720448802439,14.4539298366978
"Chile",2017,"Región de Tarapacá",2,"Grande",0.0174862332141822,0.277376865912299,0.683798168521364,5389716.72647445,362,38706,130219411.87,5967118.814,342129,42225.9,8.10234950587199,4076794359981.22,0.0223795107767639,11915956.7297166,61.7971141569337,7.20302977081858,32.4428514831986,6.5,11.7604450018731,0.991772301495075,6.54901266098022,7.62609392404556,15.3868228197097,40.9646838903427,11.7609716951847,16.0078436136245,1072052,1216227.04566118,29691.3717984844,1245918.41745967,86.0451558261042,80.1,3.92388124021864,7.7,NA,NA,1.05808043165005,11.3132765711179
"Chile",2017,"Región de La Araucanía",12,"Micro",0.659114661754025,0.149718790409273,0.0798109443899466,3489242.42629099,37209,57660,18935326.95,4657759.649,994888,31842.3,31.2442254485386,5042397291562.1,0.0276801757858984,5068306.47425851,54.9163310618909,8.26530073128025,39.2652432395109,16.8,10.5086758888816,3.08823492377996,17.3666775226593,11.3733306527137,12.1809229254722,29.4300585985183,10.7040390372276,15.3650164604187,755493,859601.965052296,56526.5939135324,916128.558965827,82.4658725634397,79.7,6.6398862247062,6.9,NA,NA,37.4001897701048,5.79562724648403
"Chile",2017,"Región de Ñuble",11,"Grande",0.00351876139598861,0.184476317309165,0.364881481692237,3107608.18375226,110,31306,33103319.58,3291719.083,500517,13178.5,37.9798156087567,2593703344006.41,0.0142381015114992,5182048.44991561,54.1158310675756,7.81195365283525,34.8955319609416,16.2,10.1397310849421,3.78098711371421,18.1432694196701,13.6424019932746,10.9323374927043,29.4746249914169,9.66255068778991,13.8466820120811,640572,773338.572546829,57772.3713107948,831110.943857624,77.0741268818072,80,6.78381809195887,NA,NA,NA,0.21977275497136,6.25473260648489
"Chile",2017,"Región de Ñuble",11,"Mediana",0.0135312370045744,0.215813602668207,0.22068912763764,3479955.47391206,423,36624,20021686.73,3893628.77,500517,13178.5,37.9798156087567,2593703344006.41,0.0142381015114992,5182048.44991561,54.1158310675756,7.81195365283525,34.8955319609416,16.2,10.1397310849421,3.78098711371421,18.1432694196701,13.6424019932746,10.9323374927043,29.4746249914169,9.66255068778991,13.8466820120811,640572,773338.572546829,57772.3713107948,831110.943857624,77.0741268818072,80,6.78381809195887,NA,NA,NA,0.845126139571683,7.31723398006461
"Chile",2017,"Región de Arica y Parinacota",1,"Micro",0.680307219662058,0.197533967797929,0.0811620982147297,395789.699597258,11072,16501,5332986.39,611260.537,237082,16873.3,14.0507191835622,1409354760803.26,0.00773663503052565,5944587.78314364,55.982357066344,6.66520628734566,36.7903694728022,8.2,11.6305074044311,1.71212777495384,8.64094868302345,7.15949684381485,11.4944949746131,40.1057124137878,11.9564168155193,18.1613132357597,823008,960146.923534475,36267.9379929601,996414.861527434,82.5969149196916,79.9,5.52343108255202,7.2,NA,NA,46.701141377245,6.96003914257514
"Chile",2017,"Región de Arica y Parinacota",1,"Mediana",0.010752688172043,0.163955228347399,0.119226845797352,1320877.3099606,175,13696,7834138.84,1701912.176,237082,16873.3,14.0507191835622,1409354760803.26,0.00773663503052565,5944587.78314364,55.982357066344,6.66520628734566,36.7903694728022,8.2,11.6305074044311,1.71212777495384,8.64094868302345,7.15949684381485,11.4944949746131,40.1057124137878,11.9564168155193,18.1613132357597,823008,960146.923534475,36267.9379929601,996414.861527434,82.5969149196916,79.9,5.52343108255202,7.2,NA,NA,0.738141233834707,5.7769041934858
"Chile",2017,"Región de Valparaíso",6,"Micro",0.62496077816128,0.14222924858091,0.0387394356873188,6559826.29984503,71703,125232,39059895.31,8782700.318,1885948,16396.1,115.024182580004,13928348615785.6,0.0764594925388718,7385330.14472594,56.9227357709998,7.42662669773104,30.7356070056261,7.1,11.7061137869536,1.73267964273691,9.44542288780212,8.63415971398353,11.9866453111171,31.6748827695846,13.5252639651298,22.3585173487663,942621,1147964.09987289,37123.2296088068,1185087.32948169,79.540228513763,80.6,6.76570922184127,6.3,NA,NA,38.0196060548859,6.64026791830952
"Chile",2017,"Región del Libertador General Bernardo O'Higgins",8,"Mediana",0.0163005761688804,0.154956155185072,0.106726587939533,7698683.75653304,1010,75137,46923479.76,8705313.86,954279,16387,58.2339049246354,7500973374352.4,0.0411764979159538,7860356.74509488,57.2052463371044,6.89799733398448,28.0629385975638,9.9,10.5813382351543,3.03636100143194,14.9085283279418,11.9751706719398,12.2058115899562,32.4734836816787,9.8750427365303,15.2257949113845,781928,921455.576183969,38572.7527920905,960028.328976061,81.4484294965928,80.5,5.82022979208727,7.7,NA,NA,1.05839068029371,7.87369312328994
"Chile",2017,"Región de Arica y Parinacota",1,"Sin Ventas/Sin Información",0.187711213517665,0.0787095229544502,0,560606.642959216,3055,6575,0,722317.254,237082,16873.3,14.0507191835622,1409354760803.26,0.00773663503052565,5944587.78314364,55.982357066344,6.66520628734566,36.7903694728022,8.2,11.6305074044311,1.71212777495384,8.64094868302345,7.15949684381485,11.4944949746131,40.1057124137878,11.9564168155193,18.1613132357597,823008,960146.923534475,36267.9379929601,996414.861527434,82.5969149196916,79.9,5.52343108255202,7.2,NA,NA,12.8858369678002,2.77330206426468
"Chile",2018,"Región de Ñuble",11,"Pequeña",0.129062321498362,0.277898417577033,0.289939787761514,3411413.5552381,4293,49910,29087487.75,4012244.87,504248,13178.5,38.2629282543537,2774598332929.09,0.0146467140440647,5502447.86876515,54.4495352350004,8.46976244444963,36.0424849949232,NA,NA,NA,NA,NA,NA,NA,NA,NA,NA,NA,NA,NA,NA,80.2,6.74073075153495,7.30610715623829,2.4,1401.6912312989,8.51366787771097,9.89790737890879
"Chile",2018,"Región de Arica y Parinacota",1,"Micro",0.675062373767376,0.204222473369082,0.0824461469156942,424960.96710097,11364,16986,5465407.96,624613.453,241901,16873.3,14.3363183254017,1432524462158.81,0.00756209499204076,5921945.18484343,55.9652734703522,7.60533808240743,34.6247470085178,NA,NA,NA,NA,NA,NA,NA,NA,NA,NA,NA,NA,NA,NA,80.1,5.66760782303504,6.9101678183613,5.8,1658.9431213596,46.9778959160979,7.02188085208412
"Chile",2018,"Región de La Araucanía",12,"Pequeña",0.140835601613485,0.292087154816319,0.234530842528049,10231918.2340033,8589,116815,58934719.34,12450229.775,1001420,31842.3,31.4493613840709,5240681445225.6,0.0276648196653469,5233250.22989914,54.7545799334653,7.35696500352893,37.795125457041,NA,NA,NA,NA,NA,NA,NA,NA,NA,NA,NA,NA,NA,NA,79.9,6.4977731621098,6.9900973620704,4.4,1635.2779053744,8.57682091430169,11.6649357911765
"Chile",2018,"Región de Los Lagos",14,"Grande",0.00764301706168455,0.312815248747854,0.776834139527528,20801849.6663871,495,141400,517612464.11,22105174.85,877348,48583.6,18.0585218057122,6421642686000.1,0.0338989478220115,7319379.18135119,57.254842622402,3.53499326583937,29.9952656515012,NA,NA,NA,NA,NA,NA,NA,NA,NA,NA,NA,NA,NA,NA,79.8,6.05119063359123,7.35805906333896,3.6,1619.5397949274,0.564200294523952,16.1167518476135
"Chile",2018,"Región de Tarapacá",2,"Grande",0.0152833506153916,0.251756289802096,0.676476567263297,5122576.16879107,339,35263,131793347.77,5689626.674,354940,42225.9,8.40574149988514,4354818240175.1,0.0229884725009499,12269167.2963743,58.9126833482603,8.30752505052992,36.2505666707594,NA,NA,NA,NA,NA,NA,NA,NA,NA,NA,NA,NA,NA,NA,80.3,4.02603256888488,5.49990178746808,3.7,2262.6359384685,0.955091001295994,9.93491857778779
"Chile",2018,"Región de Arica y Parinacota",1,"Grande",0.00279196863490555,0.161444682232428,0.606954802220393,2792606.45140208,47,13428,40235423.14,3064777.067,241901,16873.3,14.3363183254017,1432524462158.81,0.00756209499204076,5921945.18484343,55.9652734703522,7.60533808240743,34.6247470085178,NA,NA,NA,NA,NA,NA,NA,NA,NA,NA,NA,NA,NA,NA,80.1,5.66760782303504,6.9101678183613,5.8,1658.9431213596,0.194294360089458,5.55103120698137
"Chile",2018,"Región del Biobío",10,"Grande",0.00641462065444024,0.294886785869342,0.713522109601243,36495901.6084075,603,221424,533932272.5,40700083.306,1645460,23890.2,68.875940762321,11336565506920.8,0.0598441335637897,6889602.60773328,52.0723206909835,7.63237209170762,28.0026792498874,NA,NA,NA,NA,NA,NA,NA,NA,NA,NA,NA,NA,NA,NA,80.4,6.02931702988829,8.67750439367311,3.5,1519.3927533942,0.366462873603734,13.4566625745992
"Chile",2018,"Región de Tarapacá",2,"Mediana",0.0285379378747577,0.176421452437388,0.159976987819826,2064324.77009916,633,24711,31167233,2401610.315,354940,42225.9,8.40574149988514,4354818240175.1,0.0229884725009499,12269167.2963743,58.9126833482603,8.30752505052992,36.2505666707594,NA,NA,NA,NA,NA,NA,NA,NA,NA,NA,NA,NA,NA,NA,80.3,4.02603256888488,5.49990178746808,3.7,2262.6359384685,1.78340001126951,6.96202175015496
"Chile",2018,"Región de Arica y Parinacota",1,"Pequeña",0.115955803730545,0.401159016038666,0.200796665545614,3100560.28191592,1952,33366,13310939.75,3685741.535,241901,16873.3,14.3363183254017,1432524462158.81,0.00756209499204076,5921945.18484343,55.9652734703522,7.60533808240743,34.6247470085178,NA,NA,NA,NA,NA,NA,NA,NA,NA,NA,NA,NA,NA,NA,80.1,5.66760782303504,6.9101678183613,5.8,1658.9431213596,8.06941682754515,13.7932459973295
"Chile",2018,"Región del Biobío",10,"Sin Ventas/Sin Información",0.20304455129569,0.127697175839484,0,18019213.804793,19087,95885,0,20494746.352,1645460,23890.2,68.875940762321,11336565506920.8,0.0598441335637897,6889602.60773328,52.0723206909835,7.63237209170762,28.0026792498874,NA,NA,NA,NA,NA,NA,NA,NA,NA,NA,NA,NA,NA,NA,80.4,6.02931702988829,8.67750439367311,3.5,1519.3927533942,11.5997958017819,5.82724587653301
"Chile",2018,"Región de Tarapacá",2,"Sin Ventas/Sin Información",0.201027906767053,0.142323728474741,0,3133083.09024918,4459,19935,0,3925975.008,354940,42225.9,8.40574149988514,4354818240175.1,0.0229884725009499,12269167.2963743,58.9126833482603,8.30752505052992,36.2505666707594,NA,NA,NA,NA,NA,NA,NA,NA,NA,NA,NA,NA,NA,NA,80.3,4.02603256888488,5.49990178746808,3.7,2262.6359384685,12.562686651265,5.61644221558573
"Chile",2018,"Región de Ñuble",11,"Mediana",0.0130174668550642,0.184456397064555,0.19910180936987,3233804.67753252,433,33128,19974393.6,3614640.666,504248,13178.5,38.2629282543537,2774598332929.09,0.0146467140440647,5502447.86876515,54.4495352350004,8.46976244444963,36.0424849949232,NA,NA,NA,NA,NA,NA,NA,NA,NA,NA,NA,NA,NA,NA,80.2,6.74073075153495,7.30610715623829,2.4,1401.6912312989,0.858704447018134,6.56978312259047
"Chile",2018,"Región de Tarapacá",2,"Pequeña",0.148866146702132,0.28930233886398,0.128848823299226,2789381.98303854,3302,40522,25102743.54,3444490.586,354940,42225.9,8.40574149988514,4354818240175.1,0.0229884725009499,12269167.2963743,58.9126833482603,8.30752505052992,36.2505666707594,NA,NA,NA,NA,NA,NA,NA,NA,NA,NA,NA,NA,NA,NA,80.3,4.02603256888488,5.49990178746808,3.7,2262.6359384685,9.30298078548487,11.4165774497098
"Chile",2018,"Región del Maule",9,"Micro",0.646098953957062,0.158680064350689,0.0693966555200513,7172156.90993756,53057,85023,27417879.21,8797552.968,1105731,16387,67.4761091108806,7185984967221.9,0.0379338031349336,6498854.57423361,56.8471205165135,6.41955759408122,30.7659696811348,NA,NA,NA,NA,NA,NA,NA,NA,NA,NA,NA,NA,NA,NA,80.5,6.22393692498446,6.56437836127807,3.3,1515.6489236532,47.9836415909475,7.68930237101067
"Chile",2018,"Región del Libertador General Bernardo O'Higgins",8,"Micro",0.632710167286808,0.161039121527557,0.0471675248539598,5335846.87462564,41831,83402,22814421.34,6794655.855,966486,16387,58.9788246780985,7930488071506.5,0.0418639302253883,8205486.75460017,56.5681273880203,7.60071651802873,27.1941724063093,NA,NA,NA,NA,NA,NA,NA,NA,NA,NA,NA,NA,NA,NA,80.7,5.75383399242203,6.05393505778756,4.1,1656.5164937723,43.281537445964,8.62940590965622
"Chile",2018,"Región de Ñuble",11,"Micro",0.664011063343655,0.159088631276518,0.111086947895863,1941095.47147271,22087,28572,11144521.63,2567297.5,504248,13178.5,38.2629282543537,2774598332929.09,0.0146467140440647,5502447.86876515,54.4495352350004,8.46976244444963,36.0424849949232,NA,NA,NA,NA,NA,NA,NA,NA,NA,NA,NA,NA,NA,NA,80.2,6.74073075153495,7.30610715623829,2.4,1401.6912312989,43.8018594025162,5.66625945963098
"Chile",2018,"Región de Ñuble",11,"Grande",0.00408862700297628,0.220369937304424,0.399871454972753,3751012.28533957,136,39578,40116108.72,3963486.427,504248,13178.5,38.2629282543537,2774598332929.09,0.0146467140440647,5502447.86876515,54.4495352350004,8.46976244444963,36.0424849949232,NA,NA,NA,NA,NA,NA,NA,NA,NA,NA,NA,NA,NA,NA,80.2,6.74073075153495,7.30610715623829,2.4,1401.6912312989,0.269708556107312,7.84891561295236
"Chile",2018,"Región de Ñuble",11,"Sin Ventas/Sin Información",0.189820521299943,0.15818661677747,0,5728115.95830321,6314,28410,0,6391934.074,504248,13178.5,38.2629282543537,2774598332929.09,0.0146467140440647,5502447.86876515,54.4495352350004,8.46976244444963,36.0424849949232,NA,NA,NA,NA,NA,NA,NA,NA,NA,NA,NA,NA,NA,NA,80.2,6.74073075153495,7.30610715623829,2.4,1401.6912312989,12.5216163475115,5.63413241103584
"Chile",2018,"Región del Libertador General Bernardo O'Higgins",8,"Sin Ventas/Sin Información",0.190700910548447,0.0564472995699934,0,5058365.44124564,12608,29234,0,5784089.017,966486,16387,58.9788246780985,7930488071506.5,0.0418639302253883,8205486.75460017,56.5681273880203,7.60071651802873,27.1941724063093,NA,NA,NA,NA,NA,NA,NA,NA,NA,NA,NA,NA,NA,NA,80.7,5.75383399242203,6.05393505778756,4.1,1656.5164937723,13.0451967229737,3.02477221604865
"Chile",2018,"Región de La Araucanía",12,"Micro",0.637703735283508,0.157671804206715,0.0787653402756836,4454694.78942012,38891,63058,19792762.32,5855586.274,1001420,31842.3,31.4493613840709,5240681445225.6,0.0276648196653469,5233250.22989914,54.7545799334653,7.35696500352893,37.795125457041,NA,NA,NA,NA,NA,NA,NA,NA,NA,NA,NA,NA,NA,NA,79.9,6.4977731621098,6.9900973620704,4.4,1635.2779053744,38.8358530886142,6.2968584609854
"Chile",2018,"Región del Biobío",10,"Pequeña",0.153259435768691,0.281445188166387,0.136658102804993,17765058.0227021,14407,211331,102261962.74,21479660.982,1645460,23890.2,68.875940762321,11336565506920.8,0.0598441335637897,6889602.60773328,52.0723206909835,7.63237209170762,28.0026792498874,NA,NA,NA,NA,NA,NA,NA,NA,NA,NA,NA,NA,NA,NA,80.4,6.02931702988829,8.67750439367311,3.5,1519.3927533942,8.75560633500662,12.8432778675872
"Chile",2018,"Región del Libertador General Bernardo O'Higgins",8,"Grande",0.00648879208639622,0.318274412578514,0.702881212147107,22943994.2729167,429,164834,339976035.96,24254379.865,966486,16387,58.9788246780985,7930488071506.5,0.0418639302253883,8205486.75460017,56.5681273880203,7.60071651802873,27.1941724063093,NA,NA,NA,NA,NA,NA,NA,NA,NA,NA,NA,NA,NA,NA,80.7,5.75383399242203,6.05393505778756,4.1,1656.5164937723,0.443876062353723,17.054980620516
"Chile",2018,"Región de Los Lagos",14,"Micro",0.620427700146684,0.135441923437694,0.0328013690990209,3099688.02813291,40182,61223,21855884.83,4097126.947,877348,48583.6,18.0585218057122,6421642686000.1,0.0338989478220115,7319379.18135119,57.254842622402,3.53499326583937,29.9952656515012,NA,NA,NA,NA,NA,NA,NA,NA,NA,NA,NA,NA,NA,NA,79.8,6.05119063359123,7.35805906333896,3.6,1619.5397949274,45.7993863324473,6.97818881447271
"Chile",2018,"Región de Los Lagos",14,"Pequeña",0.15855786304331,0.306859812753305,0.106578265732705,15874049.561027,10269,138708,71014179.14,18029676.965,877348,48583.6,18.0585218057122,6421642686000.1,0.0338989478220115,7319379.18135119,57.254842622402,3.53499326583937,29.9952656515012,NA,NA,NA,NA,NA,NA,NA,NA,NA,NA,NA,NA,NA,NA,79.8,6.05119063359123,7.35805906333896,3.6,1619.5397949274,11.7045915645787,15.8099180712784
"Chile",2018,"Región del Libertador General Bernardo O'Higgins",8,"Pequeña",0.153719333272832,0.313630649991601,0.146168152232726,8688353.28525465,10163,162429,70699953.45,10291204.756,966486,16387,58.9788246780985,7930488071506.5,0.0418639302253883,8205486.75460017,56.5681273880203,7.60071651802873,27.1941724063093,NA,NA,NA,NA,NA,NA,NA,NA,NA,NA,NA,NA,NA,NA,80.7,5.75383399242203,6.05393505778756,4.1,1656.5164937723,10.5154135703983,16.8061410098025
"Chile",2018,"Región de Aysén del General Carlos Ibáñez del Campo",15,"Mediana",0.0119131044148563,0.169998269297335,NA,NA,119,7858,NA,NA,106023,108494.4,0.977220944122462,1228014859530.19,0.00648251758675755,11582532.653577,70.0054778459393,3.45427340238431,29.4708125715869,NA,NA,NA,NA,NA,NA,NA,NA,NA,NA,NA,NA,NA,NA,80.5,4.82914084679739,6.57894736842105,8.5,1537.4022617734,1.12239797025174,7.41159936994803
"Chile",2018,"Región de Aysén del General Carlos Ibáñez del Campo",15,"Grande",0.00170187205926519,0.0612668743509865,NA,NA,17,2832,4782971.35,361433.286,106023,108494.4,0.977220944122462,1228014859530.19,0.00648251758675755,11582532.653577,70.0054778459393,3.45427340238431,29.4708125715869,NA,NA,NA,NA,NA,NA,NA,NA,NA,NA,NA,NA,NA,NA,80.5,4.82914084679739,6.57894736842105,8.5,1537.4022617734,0.16034256717882,2.67111853088481
"Chile",2018,"Región de Aysén del General Carlos Ibáñez del Campo",15,"Pequeña",0.130944038442287,0.397369331948771,NA,NA,1308,18368,8907385.62,2360875.538,106023,108494.4,0.977220944122462,1228014859530.19,0.00648251758675755,11582532.653577,70.0054778459393,3.45427340238431,29.4708125715869,NA,NA,NA,NA,NA,NA,NA,NA,NA,NA,NA,NA,NA,NA,80.5,4.82914084679739,6.57894736842105,8.5,1537.4022617734,12.3369457570527,17.3245427878856
"Chile",2018,"Región de Valparaíso",6,"Grande",0.00718387313620202,0.289180763825889,0.761025824037434,50687121.294048,887,260110,875431276.7,54506808.059,1910385,16396.1,116.514597983667,13989022037794,0.0738460782276138,7322619.28239282,56.5931947963302,7.71963163237048,28.877963567384,NA,NA,NA,NA,NA,NA,NA,NA,NA,NA,NA,NA,NA,NA,80.8,6.77821486244919,7.7979401667484,4.1,1876.0092860863,0.464304315622244,13.6155801055808
"Chile",2018,"Región de La Araucanía",12,"Mediana",0.0145279244416751,0.159617134912935,0.163276782482015,6786172.38584636,886,63836,41029449.46,7468690.466,1001420,31842.3,31.4493613840709,5240681445225.6,0.0276648196653469,5233250.22989914,54.7545799334653,7.35696500352893,37.795125457041,NA,NA,NA,NA,NA,NA,NA,NA,NA,NA,NA,NA,NA,NA,79.9,6.4977731621098,6.9900973620704,4.4,1635.2779053744,0.884743663997124,6.37454814163887
"Chile",2018,"Región de Valparaíso",6,"Sin Ventas/Sin Información",0.223275101035871,0.125665946244019,0,27689101.8343291,27568,113033,0,30321407.599,1910385,16396.1,116.514597983667,13989022037794,0.0738460782276138,7322619.28239282,56.5931947963302,7.71963163237048,28.877963567384,NA,NA,NA,NA,NA,NA,NA,NA,NA,NA,NA,NA,NA,NA,80.8,6.77821486244919,7.7979401667484,4.1,1876.0092860863,14.4305990677272,5.91676546874059
"Chile",2018,"Región de Valparaíso",6,"Micro",0.602400563695119,0.15378355301777,0.0354058981288741,8229364.92273092,74379,138324,40728487.29,10644028.542,1910385,16396.1,116.514597983667,13989022037794,0.0738460782276138,7322619.28239282,56.5931947963302,7.71963163237048,28.877963567384,NA,NA,NA,NA,NA,NA,NA,NA,NA,NA,NA,NA,NA,NA,80.8,6.77821486244919,7.7979401667484,4.1,1876.0092860863,38.9340368564452,7.24063474116474
"Chile",2018,"Región de Valparaíso",6,"Mediana",0.0180447230523767,0.149511046480602,0.0911291117401885,14662988.2074104,2228,134481,104828603.86,16761636.179,1910385,16396.1,116.514597983667,13989022037794,0.0738460782276138,7322619.28239282,56.5931947963302,7.71963163237048,28.877963567384,NA,NA,NA,NA,NA,NA,NA,NA,NA,NA,NA,NA,NA,NA,80.8,6.77821486244919,7.7979401667484,4.1,1876.0092860863,1.16625706336681,7.03947110137485
"Chile",2018,"Región de Aysén del General Carlos Ibáñez del Campo",15,"Micro",0.695064571028131,0.255257009345794,NA,NA,6943,11799,3415300.69,1026113.682,106023,108494.4,0.977220944122462,1228014859530.19,0.00648251758675755,11582532.653577,70.0054778459393,3.45427340238431,29.4708125715869,NA,NA,NA,NA,NA,NA,NA,NA,NA,NA,NA,NA,NA,NA,80.5,4.82914084679739,6.57894736842105,8.5,1537.4022617734,65.4857908189732,11.1287173537817
"Chile",2018,"Región del Maule",9,"Pequeña",0.137653892521828,0.319950579865401,0.198184452326665,9773932.65098361,11304,171434,78300565.56,11238950.294,1105731,16387,67.4761091108806,7185984967221.9,0.0379338031349336,6498854.57423361,56.8471205165135,6.41955759408122,30.7659696811348,NA,NA,NA,NA,NA,NA,NA,NA,NA,NA,NA,NA,NA,NA,80.5,6.22393692498446,6.56437836127807,3.3,1515.6489236532,10.2231012787016,15.5041325602701
"Chile",2018,"Región de Aysén del General Carlos Ibáñez del Campo",15,"Sin Ventas/Sin Información",0.160376414055461,0.116108515057113,NA,NA,1602,5367,0,816095.181,106023,108494.4,0.977220944122462,1228014859530.19,0.00648251758675755,11582532.653577,70.0054778459393,3.45427340238431,29.4708125715869,NA,NA,NA,NA,NA,NA,NA,NA,NA,NA,NA,NA,NA,NA,80.5,4.82914084679739,6.57894736842105,8.5,1537.4022617734,15.1099289776747,5.0621091649925
"Chile",2018,"Región de Valparaíso",6,"Pequeña",0.149095739080432,0.28185869043172,0.112439166093504,19760426.9257634,18409,253524,129342211.02,23949907.487,1910385,16396.1,116.514597983667,13989022037794,0.0738460782276138,7322619.28239282,56.5931947963302,7.71963163237048,28.877963567384,NA,NA,NA,NA,NA,NA,NA,NA,NA,NA,NA,NA,NA,NA,80.8,6.77821486244919,7.7979401667484,4.1,1876.0092860863,9.6362775042727,13.2708328425946
"Chile",2018,"Región de Magallanes y la Antártica Chilena",16,"Pequeña",0.182656053623796,0.334632922062993,0.183913376691312,2332905.35203581,2616,34933,18277697.75,2925214.087,173567,132297.2,1.31194764515046,1843449165810.83,0.00973130866041321,10620965.7700532,65.7568150552176,3.57296535932392,19.9789339903105,NA,NA,NA,NA,NA,NA,NA,NA,NA,NA,NA,NA,NA,NA,79.6,6.38370197099679,6.89655172413793,2.3,1038.7919362552,15.0719894910899,20.1265217466454
"Chile",2018,"Región de Coquimbo",5,"Grande",0.00493730245625633,0.17741707167461,0.544585561324225,10082642.3398791,239,52640,112414710.01,10685348.513,807213,40579.9,19.8919415769876,5875563767383.4,0.0310162740772942,7278826.98542194,56.3068430715526,7.52324683937579,34.161623087056,NA,NA,NA,NA,NA,NA,NA,NA,NA,NA,NA,NA,NA,NA,81.5,5.57473677951172,7.04683434518647,3.8,1661.2715602945,0.296080464511845,6.52120320163327
"Chile",2018,"Región de Magallanes y la Antártica Chilena",16,"Mediana",0.0192012288786482,0.19358763123611,0.128443388203943,2487929.7580089,275,20209,12764973.76,2806747.015,173567,132297.2,1.31194764515046,1843449165810.83,0.00973130866041321,10620965.7700532,65.7568150552176,3.57296535932392,19.9789339903105,NA,NA,NA,NA,NA,NA,NA,NA,NA,NA,NA,NA,NA,NA,79.6,6.38370197099679,6.89655172413793,2.3,1038.7919362552,1.58440256500372,11.6433423404219
"Chile",2018,"Región de Magallanes y la Antártica Chilena",16,"Grande",0.00921658986175115,0.297436585178941,0.636221670292855,3608546.94980879,132,31050,63229046.2,4118592.513,173567,132297.2,1.31194764515046,1843449165810.83,0.00973130866041321,10620965.7700532,65.7568150552176,3.57296535932392,19.9789339903105,NA,NA,NA,NA,NA,NA,NA,NA,NA,NA,NA,NA,NA,NA,79.6,6.38370197099679,6.89655172413793,2.3,1038.7919362552,0.760513231201784,17.8893453248601
"Chile",2018,"Región de Coquimbo",5,"Sin Ventas/Sin Información",0.18551036007189,0.112638270048736,0,5578700.52340203,8980,33420,0,6618772.461,807213,40579.9,19.8919415769876,5875563767383.4,0.0310162740772942,7278826.98542194,56.3068430715526,7.52324683937579,34.161623087056,NA,NA,NA,NA,NA,NA,NA,NA,NA,NA,NA,NA,NA,NA,81.5,5.57473677951172,7.04683434518647,3.8,1661.2715602945,11.1246969511145,4.14017118158404
"Chile",2018,"Región de Magallanes y la Antártica Chilena",16,"Micro",0.612973048456919,0.139282703655453,0.0514215648118894,535554.765117567,8779,14540,5110383.14,798695.409,173567,132297.2,1.31194764515046,1843449165810.83,0.00973130866041321,10620965.7700532,65.7568150552176,3.57296535932392,19.9789339903105,NA,NA,NA,NA,NA,NA,NA,NA,NA,NA,NA,NA,NA,NA,79.6,6.38370197099679,6.89655172413793,2.3,1038.7919362552,50.5798913387914,8.3771684709651
"Chile",2018,"Región del Maule",9,"Mediana",0.0151243926496913,0.175962180906061,0.143274585137015,6518837.39396209,1242,94283,56606262.07,7114000.742,1105731,16387,67.4761091108806,7185984967221.9,0.0379338031349336,6498854.57423361,56.8471205165135,6.41955759408122,30.7659696811348,NA,NA,NA,NA,NA,NA,NA,NA,NA,NA,NA,NA,NA,NA,80.5,6.22393692498446,6.56437836127807,3.3,1515.6489236532,1.1232388347618,8.52675741206496
"Chile",2018,"Región de La Araucanía",12,"Grande",0.00501754501033024,0.283168138583559,0.523427034714253,12920060.1274191,306,113248,131530783.13,14567362.393,1001420,31842.3,31.4493613840709,5240681445225.6,0.0276648196653469,5233250.22989914,54.7545799334653,7.35696500352893,37.795125457041,NA,NA,NA,NA,NA,NA,NA,NA,NA,NA,NA,NA,NA,NA,79.9,6.4977731621098,6.9900973620704,4.4,1635.2779053744,0.305566096143476,11.3087415869465
"Chile",2018,"Región de Coquimbo",5,"Mediana",0.0136550498894788,0.170838079959016,0.15157717613755,5782166.26706004,661,50688,31288938.8,7074949.674,807213,40579.9,19.8919415769876,5875563767383.4,0.0310162740772942,7278826.98542194,56.3068430715526,7.52324683937579,34.161623087056,NA,NA,NA,NA,NA,NA,NA,NA,NA,NA,NA,NA,NA,NA,81.5,5.57473677951172,7.04683434518647,3.8,1661.2715602945,0.8188668913905,6.27938350844201
"Chile",2018,"Región de Magallanes y la Antártica Chilena",16,"Sin Ventas/Sin Información",0.175953079178886,0.0350601578665032,0,563354.421944692,2520,3660,0,733465.569,173567,132297.2,1.31194764515046,1843449165810.83,0.00973130866041321,10620965.7700532,65.7568150552176,3.57296535932392,19.9789339903105,NA,NA,NA,NA,NA,NA,NA,NA,NA,NA,NA,NA,NA,NA,79.6,6.38370197099679,6.89655172413793,2.3,1038.7919362552,14.5188889593068,2.10869577742313
"Chile",2018,"Región del Biobío",10,"Mediana",0.0185736777158419,0.178259317758677,0.108352883455358,14297222.0663792,1746,133851,81081021.2,16001391.668,1645460,23890.2,68.875940762321,11336565506920.8,0.0598441335637897,6889602.60773328,52.0723206909835,7.63237209170762,28.0026792498874,NA,NA,NA,NA,NA,NA,NA,NA,NA,NA,NA,NA,NA,NA,80.4,6.02931702988829,8.67750439367311,3.5,1519.3927533942,1.0611014549123,8.13456419481482
"Chile",2018,"Región de Coquimbo",5,"Micro",0.65767347697647,0.173032200659247,0.0786358747541043,2406852.16284849,31836,51339,16232213.42,3312045.688,807213,40579.9,19.8919415769876,5875563767383.4,0.0310162740772942,7278826.98542194,56.3068430715526,7.52324683937579,34.161623087056,NA,NA,NA,NA,NA,NA,NA,NA,NA,NA,NA,NA,NA,NA,81.5,5.57473677951172,7.04683434518647,3.8,1661.2715602945,39.4394044694523,6.36003136718561
"Chile",2018,"Región de Coquimbo",5,"Pequeña",0.138223810605904,0.366074377658391,0.225201387784121,8748805.60894347,6691,108615,46486632.22,10264900.479,807213,40579.9,19.8919415769876,5875563767383.4,0.0310162740772942,7278826.98542194,56.3068430715526,7.52324683937579,34.161623087056,NA,NA,NA,NA,NA,NA,NA,NA,NA,NA,NA,NA,NA,NA,81.5,5.57473677951172,7.04683434518647,3.8,1661.2715602945,8.28901417593621,13.4555563401481
"Chile",2018,"Región Metropolitana",7,"Micro",0.515953675254077,0.067980223970138,0.00852531356882014,44205109.6698364,283790,560341,172840144.84,56618201.333,7702891,15403.2,500.083813752986,78215392763323,0.412888048714142,10154030.8389828,61.1363993392496,7.67035569432034,25.7368317967632,NA,NA,NA,NA,NA,NA,NA,NA,NA,NA,NA,NA,NA,NA,81,5.18740301530944,6.81788807031149,5.3,2242.7164034906,36.8420116551046,7.27442462836356
"Chile",2018,"Región de Atacama",4,"Mediana",0.0158092175777063,0.153803172752229,0.123582314656752,2276047.14837238,295,18993,13739742.25,2523451.033,307835,75176.2,4.09484650727225,3686846439749.28,0.0194623433909365,11976696.7360738,59.9771720649676,8.69023577005932,28.2667691444563,NA,NA,NA,NA,NA,NA,NA,NA,NA,NA,NA,NA,NA,NA,80.3,5.02866795523575,6.84931506849315,5.2,1680.4456933097,0.958305585784592,6.16986372569721
"Chile",2018,"Región Metropolitana",7,"Grande",0.0177753940694144,0.556637104368396,0.915668391982564,944585157.059717,9777,4588196,18564039459.44,1001162082.025,7702891,15403.2,500.083813752986,78215392763323,0.412888048714142,10154030.8389828,61.1363993392496,7.67035569432034,25.7368317967632,NA,NA,NA,NA,NA,NA,NA,NA,NA,NA,NA,NA,NA,NA,81,5.18740301530944,6.81788807031149,5.3,2242.7164034906,1.26926370891137,59.564597240179
"Chile",2018,"Región de La Araucanía",12,"Sin Ventas/Sin Información",0.201915193651002,0.107455767480472,0,7697096.50942542,12314,42975,0,8950372.18,1001420,31842.3,31.4493613840709,5240681445225.6,0.0276648196653469,5233250.22989914,54.7545799334653,7.35696500352893,37.795125457041,NA,NA,NA,NA,NA,NA,NA,NA,NA,NA,NA,NA,NA,NA,79.9,6.4977731621098,6.9900973620704,4.4,1635.2779053744,12.2965389147411,4.29140620319147
"Chile",2018,"Región del Maule",9,"Grande",0.00518759361414533,0.249260004404514,0.589144307016268,13976505.6399483,426,133557,232764638.67,15439606.659,1105731,16387,67.4761091108806,7185984967221.9,0.0379338031349336,6498854.57423361,56.8471205165135,6.41955759408122,30.7659696811348,NA,NA,NA,NA,NA,NA,NA,NA,NA,NA,NA,NA,NA,NA,80.5,6.22393692498446,6.56437836127807,3.3,1515.6489236532,0.385265494048733,12.0786158658842
"Chile",2018,"Región de Atacama",4,"Micro",0.643997856377278,0.178801350727595,0.0562124614122668,2080241.67058167,12017,22080,6249638.01,2611780.981,307835,75176.2,4.09484650727225,3686846439749.28,0.0194623433909365,11976696.7360738,59.9771720649676,8.69023577005932,28.2667691444563,NA,NA,NA,NA,NA,NA,NA,NA,NA,NA,NA,NA,NA,NA,80.3,5.02866795523575,6.84931506849315,5.2,1680.4456933097,39.0371465232998,7.17267367258434
"Chile",2018,"Región Metropolitana",7,"Pequeña",0.177332145519335,0.168892351613657,0.0359785679618751,150048131.581303,97538,1392130,729420782.88,186960539.585,7702891,15403.2,500.083813752986,78215392763323,0.412888048714142,10154030.8389828,61.1363993392496,7.67035569432034,25.7368317967632,NA,NA,NA,NA,NA,NA,NA,NA,NA,NA,NA,NA,NA,NA,81,5.18740301530944,6.81788807031149,5.3,2242.7164034906,12.6625185271348,18.0728248653655
"Chile",2018,"Región del Biobío",10,"Micro",0.618707714565338,0.11771153236611,0.0414669041384061,4076391.45241982,58161,88387,31029898.11,5368604.759,1645460,23890.2,68.875940762321,11336565506920.8,0.0598441335637897,6889602.60773328,52.0723206909835,7.63237209170762,28.0026792498874,NA,NA,NA,NA,NA,NA,NA,NA,NA,NA,NA,NA,NA,NA,80.4,6.02931702988829,8.67750439367311,3.5,1519.3927533942,35.346346918187,5.37156782905692
"Chile",2018,"Región Metropolitana",7,"Sin Ventas/Sin Información",0.258660436703453,0.0698734129301712,0,156020751.971509,142271,575946,0,177419107.778,7702891,15403.2,500.083813752986,78215392763323,0.412888048714142,10154030.8389828,61.1363993392496,7.67035569432034,25.7368317967632,NA,NA,NA,NA,NA,NA,NA,NA,NA,NA,NA,NA,NA,NA,81,5.18740301530944,6.81788807031149,5.3,2242.7164034906,18.4698186693801,7.47701090408783
"Chile",2018,"Región de Los Lagos",14,"Sin Ventas/Sin Información",0.194935536169227,0.0749362865688547,0,5528082.61518452,12625,33873,0,6470308.395,877348,48583.6,18.0585218057122,6421642686000.1,0.0338989478220115,7319379.18135119,57.254842622402,3.53499326583937,29.9952656515012,NA,NA,NA,NA,NA,NA,NA,NA,NA,NA,NA,NA,NA,NA,79.8,6.05119063359123,7.35805906333896,3.6,1619.5397949274,14.3899570067978,3.86083971240602
"Chile",2018,"Región Metropolitana",7,"Mediana",0.0302783484537207,0.136616907117638,0.0398277264867407,138938309.001474,16654,1126093,807457691.62,161865919.411,7702891,15403.2,500.083813752986,78215392763323,0.412888048714142,10154030.8389828,61.1363993392496,7.67035569432034,25.7368317967632,NA,NA,NA,NA,NA,NA,NA,NA,NA,NA,NA,NA,NA,NA,81,5.18740301530944,6.81788807031149,5.3,2242.7164034906,2.16204539308683,14.6190956096873
"Chile",2018,"Región de Atacama",4,"Sin Ventas/Sin Información",0.193247588424437,0.0645968466827005,0,1032722.92897972,3606,7977,0,1252278.568,307835,75176.2,4.09484650727225,3686846439749.28,0.0194623433909365,11976696.7360738,59.9771720649676,8.69023577005932,28.2667691444563,NA,NA,NA,NA,NA,NA,NA,NA,NA,NA,NA,NA,NA,NA,80.3,5.02866795523575,6.84931506849315,5.2,1680.4456933097,11.71406760115,2.59132327383176
"Chile",2018,"Región de Atacama",4,"Grande",0.00498392282958199,0.267845719051899,0.658521020287836,8144539.27858209,93,33076,73213623.73,8456125.977,307835,75176.2,4.09484650727225,3686846439749.28,0.0194623433909365,11976696.7360738,59.9771720649676,8.69023577005932,28.2667691444563,NA,NA,NA,NA,NA,NA,NA,NA,NA,NA,NA,NA,NA,NA,80.3,5.02866795523575,6.84931506849315,5.2,1680.4456933097,0.302109896535482,10.7447171374275
"Chile",2018,"Región de Atacama",4,"Pequeña",0.141961414790997,0.334952910785576,0.161684203643145,4302079.71054496,2649,41363,17975867.26,5152828.375,307835,75176.2,4.09484650727225,3686846439749.28,0.0194623433909365,11976696.7360738,59.9771720649676,8.69023577005932,28.2667691444563,NA,NA,NA,NA,NA,NA,NA,NA,NA,NA,NA,NA,NA,NA,80.3,5.02866795523575,6.84931506849315,5.2,1680.4456933097,8.60525931099453,13.4367437101044
"Chile",2018,"Región de Los Ríos",13,"Mediana",0.0132580779574984,0.201860882012589,0.148672112004992,3317886.89589543,350,30178,16453131.3,3705039.275,400935,18429.5,21.7550666051711,2497798531406.98,0.0131855268544695,6229933.85812408,59.1070441634467,5.18501983423375,36.4601926444495,NA,NA,NA,NA,NA,NA,NA,NA,NA,NA,NA,NA,NA,NA,79.8,6.70682280170102,7.48187982230535,3.7,1475.8003167596,0.872959457268635,7.52690585755796
"Chile",2018,"Región del Maule",9,"Sin Ventas/Sin Información",0.195935167257273,0.0961471704733359,0,10748186.9935821,16090,51517,0,11702767.384,1105731,16387,67.4761091108806,7185984967221.9,0.0379338031349336,6498854.57423361,56.8471205165135,6.41955759408122,30.7659696811348,NA,NA,NA,NA,NA,NA,NA,NA,NA,NA,NA,NA,NA,NA,80.5,6.22393692498446,6.56437836127807,3.3,1515.6489236532,14.5514596226388,4.65908977861704
"Chile",2018,"Región de Los Ríos",13,"Micro",0.655176332436835,0.232356069271366,0.0797089291866418,3958331.5314044,17296,34737,8821166.66,4581293.639,400935,18429.5,21.7550666051711,2497798531406.98,0.0131855268544695,6229933.85812408,59.1070441634467,5.18501983423375,36.4601926444495,NA,NA,NA,NA,NA,NA,NA,NA,NA,NA,NA,NA,NA,NA,79.8,6.70682280170102,7.48187982230535,3.7,1475.8003167596,43.139162208338,8.6639979048973
"Chile",2018,"Región de Los Ríos",13,"Sin Ventas/Sin Información",0.190082957687791,0.0636325326590813,0,1395106.88658296,5018,9513,0,1714389.417,400935,18429.5,21.7550666051711,2497798531406.98,0.0131855268544695,6229933.85812408,59.1070441634467,5.18501983423375,36.4601926444495,NA,NA,NA,NA,NA,NA,NA,NA,NA,NA,NA,NA,NA,NA,79.8,6.70682280170102,7.48187982230535,3.7,1475.8003167596,12.5157444473543,2.37270380485615
"Chile",2018,"Región de Los Ríos",13,"Grande",0.00412894427819236,0.207339179526284,0.550159606244577,5476543.4008074,109,30997,60884641.48,6210208.715,400935,18429.5,21.7550666051711,2497798531406.98,0.0131855268544695,6229933.85812408,59.1070441634467,5.18501983423375,36.4601926444495,NA,NA,NA,NA,NA,NA,NA,NA,NA,NA,NA,NA,NA,NA,79.8,6.70682280170102,7.48187982230535,3.7,1475.8003167596,0.271864516692232,7.73117837055882
"Chile",2018,"Región de Antofagasta",3,"Sin Ventas/Sin Información",0.192970949140499,0.0704364418567292,0,4308946.23717117,7061,17977,0,5079075.683,645022,126049.1,5.11722812776926,15986421169735.3,0.0843900670890657,24784303.7442681,59.36829837147,8.73543563468598,22.5412197360873,NA,NA,NA,NA,NA,NA,NA,NA,NA,NA,NA,NA,NA,NA,78.4,4.86029933862721,7.95724465558194,5,1756.9943350769,10.9469134386114,2.78703672122811
"Chile",2018,"Región de Antofagasta",3,"Grande",0.00705091415921948,0.317714312581546,0.767021963549048,25548834.9860492,258,81088,308978334.71,26769636.464,645022,126049.1,5.11722812776926,15986421169735.3,0.0843900670890657,24784303.7442681,59.36829837147,8.73543563468598,22.5412197360873,NA,NA,NA,NA,NA,NA,NA,NA,NA,NA,NA,NA,NA,NA,78.4,4.86029933862721,7.95724465558194,5,1756.9943350769,0.399986357054488,12.5713541553621
"Chile",2018,"Región de Los Ríos",13,"Pequeña",0.137353687639683,0.294811336530679,0.221459352563789,3537574.37515087,3626,44074,24508293.83,4278276.992,400935,18429.5,21.7550666051711,2497798531406.98,0.0131855268544695,6229933.85812408,59.1070441634467,5.18501983423375,36.4601926444495,NA,NA,NA,NA,NA,NA,NA,NA,NA,NA,NA,NA,NA,NA,79.8,6.70682280170102,7.48187982230535,3.7,1475.8003167596,9.04385997730305,10.9928043199022
"Chile",2018,"Región de Antofagasta",3,"Mediana",0.0210434259790659,0.20007601195817,0.0856936329952589,6821286.90498862,770,51064,34519840.73,7937488.313,645022,126049.1,5.11722812776926,15986421169735.3,0.0843900670890657,24784303.7442681,59.36829837147,8.73543563468598,22.5412197360873,NA,NA,NA,NA,NA,NA,NA,NA,NA,NA,NA,NA,NA,NA,78.4,4.86029933862721,7.95724465558194,5,1756.9943350769,1.1937577322944,7.91662920024433
"Chile",2018,"Región de Antofagasta",3,"Pequeña",0.176436828728376,0.296532835990487,0.115578448895958,7549324.44924555,6456,75682,46558297.37,9084669.636,645022,126049.1,5.11722812776926,15986421169735.3,0.0843900670890657,24784303.7442681,59.36829837147,8.73543563468598,22.5412197360873,NA,NA,NA,NA,NA,NA,NA,NA,NA,NA,NA,NA,NA,NA,78.4,4.86029933862721,7.95724465558194,5,1756.9943350769,10.0089609346658,11.7332432072084
"Chile",2018,"Región de Antofagasta",3,"Micro",0.60249788199284,0.115240397613068,0.031705954559735,1288188.94389113,22046,29412,12772063.26,1891814.472,645022,126049.1,5.11722812776926,15986421169735.3,0.0843900670890657,24784303.7442681,59.36829837147,8.73543563468598,22.5412197360873,NA,NA,NA,NA,NA,NA,NA,NA,NA,NA,NA,NA,NA,NA,78.4,4.86029933862721,7.95724465558194,5,1756.9943350769,34.1786791768343,4.55984447042116
"Chile",2018,"Región del Libertador General Bernardo O'Higgins",8,"Mediana",0.0163807968055177,0.150608516332335,0.103783110766207,6889512.19615956,1083,78000,50198767.57,7665309.636,966486,16387,58.9788246780985,7930488071506.5,0.0418639302253883,8205486.75460017,56.5681273880203,7.60071651802873,27.1941724063093,NA,NA,NA,NA,NA,NA,NA,NA,NA,NA,NA,NA,NA,NA,80.7,5.75383399242203,6.05393505778756,4.1,1656.5164937723,1.12055425531254,8.07047386097678
"Chile",2018,"Región de Los Lagos",14,"Mediana",0.0184358835790936,0.169946728492292,0.0837862256407463,6712812.7537865,1194,76820,55827611.72,7515431.424,877348,48583.6,18.0585218057122,6421642686000.1,0.0338989478220115,7319379.18135119,57.254842622402,3.53499326583937,29.9952656515012,NA,NA,NA,NA,NA,NA,NA,NA,NA,NA,NA,NA,NA,NA,79.8,6.05119063359123,7.35805906333896,3.6,1619.5397949274,1.36091949830626,8.75593265158181
"Chile",2018,"Región de Arica y Parinacota",1,"Mediana",0.00980159201615778,0.133900016832183,0.109802385318299,1204467.16112254,165,11137,7278870.55,1583118.591,241901,16873.3,14.3363183254017,1432524462158.81,0.00756209499204076,5921945.18484343,55.9652734703522,7.60533808240743,34.6247470085178,NA,NA,NA,NA,NA,NA,NA,NA,NA,NA,NA,NA,NA,NA,80.1,5.66760782303504,6.9101678183613,5.8,1658.9431213596,0.682097221590651,4.60394954960914
"Chile",2018,"Región de Arica y Parinacota",1,"Sin Ventas/Sin Información",0.196388261851016,0.0992738115276409,0,805513.805986386,3306,8257,0,974230.753,241901,16873.3,14.3363183254017,1432524462158.81,0.00756209499204076,5921945.18484343,55.9652734703522,7.60533808240743,34.6247470085178,NA,NA,NA,NA,NA,NA,NA,NA,NA,NA,NA,NA,NA,NA,80.1,5.66760782303504,6.9101678183613,5.8,1658.9431213596,13.6667479671436,3.41337985374182
"Chile",2018,"Región de Tarapacá",2,"Micro",0.606284658040665,0.140196190421795,0.0346976216176514,850924.846915197,13448,19637,6759902.61,1319371.82,354940,42225.9,8.40574149988514,4354818240175.1,0.0229884725009499,12269167.2963743,58.9126833482603,8.30752505052992,36.2505666707594,NA,NA,NA,NA,NA,NA,NA,NA,NA,NA,NA,NA,NA,NA,80.3,4.02603256888488,5.49990178746808,3.7,2262.6359384685,37.888093762326,5.5324843635544
"Chile",2019,"Región de Los Lagos",14,"Grande",0.00776194716533096,0.325115549227605,0.815311457962777,23011710.7948983,523,152078,675522027.05,24410297.73,884464,48583.6,18.2049909846121,6563290345821.6,0.0344282840234278,7420641.59289875,58.4585507532224,3.57358206336788,28.5066636817733,NA,NA,NA,NA,NA,NA,NA,NA,NA,NA,NA,NA,NA,NA,80,5.89848767162937,6.64117528677802,4.4,1842.8110132238,0.591318583910707,17.1943685667252
"Chile",2019,"Región del Biobío",10,"Micro",0.618663784228948,0.123371555969912,0.0387946212697913,4444558.99298746,60097,95013,31542857.03,5864935.414,1654744,23890.2,69.2645519920302,11499497208330.2,0.0603215666463781,6949411.63607797,52.7448656582316,7.26164762680697,25.6888162561598,NA,NA,NA,NA,NA,NA,NA,NA,NA,NA,NA,NA,NA,NA,80.6,6.00153256334514,7.52177355502771,4.2,1615.4160401851,36.3180044768254,5.74185493345194
"Chile",2019,"Región del Libertador General Bernardo O'Higgins",8,"Micro",0.635446305476519,0.163809043380854,0.0429378197953453,6217954.69012333,43326,88326,23120002,7860238.405,978868,16387,59.734423628486,7882159580694.5,0.0413465220131386,8052321.23299005,56.5779645225618,7.70205215247325,26.2630569439904,NA,NA,NA,NA,NA,NA,NA,NA,NA,NA,NA,NA,NA,NA,80.9,5.96709668719377,7.46069810818012,3.5,1755.7014837547,44.2613304347471,9.02327995194449
"Chile",2019,"Región de La Araucanía",12,"Grande",0.00487085105032684,0.277730177116338,0.509603529005098,13174077.4315441,307,110533,128599058.69,14917911.408,1007965,31842.3,31.6549055815692,5324884206053.4,0.0279321218745995,5282806.65107757,54.4432995692417,6.9376227905996,36.7535847740199,NA,NA,NA,NA,NA,NA,NA,NA,NA,NA,NA,NA,NA,NA,80.1,6.79785508425391,8.57094365241004,4.4,1694.304861776,0.304574067551949,10.965956159192
"Chile",2019,"Región de Atacama",4,"Mediana",0.0144691150163106,0.147082984211477,0.114656809891799,2218499.51686346,275,17905,13040768.08,2470258.339,311307,75176.2,4.1410313370455,3527888219545.51,0.0185058303420544,11332505.2746823,60.6183040273168,8.37614913477713,27.9204061240675,NA,NA,NA,NA,NA,NA,NA,NA,NA,NA,NA,NA,NA,NA,80.5,5.02397954430835,8.5515766969535,3.2,1912.5814710238,0.883372362330433,5.75155714455505
"Chile",2019,"Región del Libertador General Bernardo O'Higgins",8,"Mediana",0.016514622627673,0.151487107776135,0.0969713123530766,6860597.06357543,1126,81682,52214503.35,7653344.696,978868,16387,59.734423628486,7882159580694.5,0.0413465220131386,8052321.23299005,56.5779645225618,7.70205215247325,26.2630569439904,NA,NA,NA,NA,NA,NA,NA,NA,NA,NA,NA,NA,NA,NA,80.9,5.96709668719377,7.46069810818012,3.5,1755.7014837547,1.15030831531933,8.34453675061397
"Chile",2019,"Región de La Araucanía",12,"Micro",0.641460937995811,0.163269152007478,0.0811976461310285,4690827.30342906,40430,64979,20490322.9,6376694.714,1007965,31842.3,31.6549055815692,5324884206053.4,0.0279321218745995,5282806.65107757,54.4432995692417,6.9376227905996,36.7535847740199,NA,NA,NA,NA,NA,NA,NA,NA,NA,NA,NA,NA,NA,NA,80.1,6.79785508425391,8.57094365241004,4.4,1694.304861776,40.1105197105058,6.44655320373227
"Chile",2019,"Región de Los Ríos",13,"Micro",0.662333394193902,0.209157531180899,0.0782550097054241,3302672.88706974,18138,31309,9012019.11,3799661.088,403413,18429.5,21.8895249464174,2502819411763.18,0.0131287468673984,6204111.94424369,58.2191659732758,5.20302714889605,35.961809422865,NA,NA,NA,NA,NA,NA,NA,NA,NA,NA,NA,NA,NA,NA,80,6.6358793593662,5.10576221735959,5.2,1627.3645122988,44.9613671349213,7.76102901988781
"Chile",2019,"Región del Biobío",10,"Pequeña",0.150998558781141,0.284957092049856,0.127552973084767,21040243.4866483,14668,219456,103709871.68,24938925.952,1654744,23890.2,69.2645519920302,11499497208330.2,0.0603215666463781,6949411.63607797,52.7448656582316,7.26164762680697,25.6888162561598,NA,NA,NA,NA,NA,NA,NA,NA,NA,NA,NA,NA,NA,NA,80.6,6.00153256334514,7.52177355502771,4.2,1615.4160401851,8.86421101995233,13.2622327078992
"Chile",2019,"Región de Los Ríos",13,"Mediana",0.0129633010772321,0.193799226406397,0.146216545546311,3491406.90477312,355,29010,16838619.12,3917376.358,403413,18429.5,21.8895249464174,2502819411763.18,0.0131287468673984,6204111.94424369,58.2191659732758,5.20302714889605,35.961809422865,NA,NA,NA,NA,NA,NA,NA,NA,NA,NA,NA,NA,NA,NA,80,6.6358793593662,5.10576221735959,5.2,1627.3645122988,0.879991472758686,7.19114158443084
"Chile",2019,"Región Metropolitana",7,"Micro",0.517729036759255,0.0752670113236229,0.00834570687465219,63940963.8483669,296827,620701,176220404.73,77722963.619,7915199,15403.2,513.867183442402,78931416373510,0.414041293024416,9972132.9019662,60.6460050652261,7.68459660187937,26.2710845047456,NA,NA,NA,NA,NA,NA,NA,NA,NA,NA,NA,NA,NA,NA,81.2,5.28931742587899,5.99095626080976,5.7,2394.6586813547,37.5008891122005,7.84188748760454
"Chile",2019,"Región de Antofagasta",3,"Micro",0.597799967960698,0.114401373989406,0.0307382097714563,1353722.14301532,22390,30041,12935666.43,1984976.471,668563,126049.1,5.30398868377481,15983292927958.6,0.0838416890856776,23906936.1121668,59.867060199863,8.02189018470782,22.9684380720991,NA,NA,NA,NA,NA,NA,NA,NA,NA,NA,NA,NA,NA,NA,78.7,4.61886164804214,8.04953560371516,4.6,1771.710369853,33.4897384390102,4.49336861298038
"Chile",2019,"Región de Antofagasta",3,"Mediana",0.0226144070059273,0.203185157258571,0.0927454912919795,7338107.57653054,847,53355,39030403.76,8679417.174,668563,126049.1,5.30398868377481,15983292927958.6,0.0838416890856776,23906936.1121668,59.867060199863,8.02189018470782,22.9684380720991,NA,NA,NA,NA,NA,NA,NA,NA,NA,NA,NA,NA,NA,NA,78.7,4.61886164804214,8.04953560371516,4.6,1771.710369853,1.26689631343643,7.9805493274381
"Chile",2019,"Región del Biobío",10,"Sin Ventas/Sin Información",0.206145768993206,0.132656916886216,0,19124097.5738408,20025,102164,0,21731455.758,1654744,23890.2,69.2645519920302,11499497208330.2,0.0603215666463781,6949411.63607797,52.7448656582316,7.26164762680697,25.6888162561598,NA,NA,NA,NA,NA,NA,NA,NA,NA,NA,NA,NA,NA,NA,80.6,6.00153256334514,7.52177355502771,4.2,1615.4160401851,12.1015697896472,6.17400637198261
"Chile",2019,"Región de La Araucanía",12,"Sin Ventas/Sin Información",0.200577521101733,0.104194358107174,0,8670894.59526618,12642,41468,0,9880417.331,1007965,31842.3,31.6549055815692,5324884206053.4,0.0279321218745995,5282806.65107757,54.4432995692417,6.9376227905996,36.7535847740199,NA,NA,NA,NA,NA,NA,NA,NA,NA,NA,NA,NA,NA,NA,80.1,6.79785508425391,8.57094365241004,4.4,1694.304861776,12.5421021563249,4.1140317372131
"Chile",2019,"Región de Aysén del General Carlos Ibáñez del Campo",15,"Sin Ventas/Sin Información",0.163145200192957,0.113833533757086,NA,NA,1691,5301,0,855838.773,106680,108494.4,0.983276556209353,1242742439537.27,0.00651890856902214,11649254.2138852,68.8701198692675,4.21259132413758,30.9945562478757,NA,NA,NA,NA,NA,NA,NA,NA,NA,NA,NA,NA,NA,NA,80.7,5.00562429696288,3.97140587768069,8.4,1672.2909636296,15.8511436070491,4.96906636670416
"Chile",2019,"Región de Ñuble",11,"Mediana",0.0127583419928415,0.209279733054561,0.198437933145547,3861789.84030339,442,39638,20561761.66,4310589.438,507959,13178.5,38.5445232765489,2785659098462.05,0.0146124059093857,5484023.51068108,54.6089781777723,7.57913716413433,33.73621107332,NA,NA,NA,NA,NA,NA,NA,NA,NA,NA,NA,NA,NA,NA,80.4,6.80173006089074,8.44277673545966,2.4,1471.3785955166,0.870148968715979,7.80338570632669
"Chile",2019,"Región del Maule",9,"Micro",0.649754080166361,0.151261739752335,0.0689190005002482,5687329.83177624,55617,83331,27970731.79,7002363.761,1118947,16387,68.2826020626106,7148348372645.9,0.0374972544416749,6388460.19753027,56.5374078504504,6.60389039399601,32.5260245121603,NA,NA,NA,NA,NA,NA,NA,NA,NA,NA,NA,NA,NA,NA,80.7,6.13165771032944,6.33974946532233,3.6,1715.5414867728,49.7047670711839,7.44726962045566
"Chile",2019,"Región de Magallanes y la Antártica Chilena",16,"Micro",0.612404670311129,0.14278955336866,0.0505468567296099,597942.718422611,9074,15090,5165012.62,881361.93,175984,132297.2,1.3302171172179,1933654349990.23,0.0101431443158663,10987671.3223374,65.1658903054442,3.59152161416871,18.3442366682305,NA,NA,NA,NA,NA,NA,NA,NA,NA,NA,NA,NA,NA,NA,79.9,6.56877897990726,6.80657969370391,3.4,1158.6280570961,51.5615055914174,8.57464314937722
"Chile",2019,"Región de Valparaíso",6,"Sin Ventas/Sin Información",0.227611940298507,0.124038687428802,0,28895548.1802163,29097,111934,0,31200030.779,1935455,16396.1,118.043620129177,13947513062112,0.0731628369036828,7206322.57640297,55.7535398079805,7.97676195616504,29.4719705484756,NA,NA,NA,NA,NA,NA,NA,NA,NA,NA,NA,NA,NA,NA,81,6.85316889310265,6.98868498621279,4.2,2024.640200883,15.0336742523076,5.78334293486544
"Chile",2019,"Región del Biobío",10,"Grande",0.00640312950380894,0.298596223788754,0.735464536108114,39092589.4013177,622,229960,597986317.53,43720671.525,1654744,23890.2,69.2645519920302,11499497208330.2,0.0603215666463781,6949411.63607797,52.7448656582316,7.26164762680697,25.6888162561598,NA,NA,NA,NA,NA,NA,NA,NA,NA,NA,NA,NA,NA,NA,80.6,6.00153256334514,7.52177355502771,4.2,1615.4160401851,0.375888959258955,13.8970136770401
"Chile",2019,"Región de Valparaíso",6,"Micro",0.601825776776495,0.158375553516576,0.0348560901308298,8856676.4497188,76935,142920,41042783.54,11658904.461,1935455,16396.1,118.043620129177,13947513062112,0.0731628369036828,7206322.57640297,55.7535398079805,7.97676195616504,29.4719705484756,NA,NA,NA,NA,NA,NA,NA,NA,NA,NA,NA,NA,NA,NA,81,6.85316889310265,6.98868498621279,4.2,2024.640200883,39.7503429426156,7.38431014929306
"Chile",2019,"Región de Antofagasta",3,"Pequeña",0.17546857478507,0.287307734783486,0.113003082190814,7800058.49456634,6572,75445,47555475.34,9353399.184,668563,126049.1,5.30398868377481,15983292927958.6,0.0838416890856776,23906936.1121668,59.867060199863,8.02189018470782,22.9684380720991,NA,NA,NA,NA,NA,NA,NA,NA,NA,NA,NA,NA,NA,NA,78.7,4.61886164804214,8.04953560371516,4.6,1771.710369853,9.83003845561301,11.2846508107688
"Chile",2019,"Región de Coquimbo",5,"Sin Ventas/Sin Información",0.187803367756627,0.0999815222321144,0,5609765.24919605,9402,29760,0,6533094.873,821726,40579.9,20.2495816894571,5956059234607.8,0.0312430028514559,7248230.23076768,58.1579234747967,6.86613004238597,35.0284633251745,NA,NA,NA,NA,NA,NA,NA,NA,NA,NA,NA,NA,NA,NA,81.6,5.4762779807381,5.93080724876441,4.3,1785.6317069193,11.4417701277555,3.62164517126147
"Chile",2019,"Región de Aysén del General Carlos Ibáñez del Campo",15,"Micro",0.695513748191028,0.261724789555059,NA,NA,7209,12188,3504299.08,1103026.49,106680,108494.4,0.983276556209353,1242742439537.27,0.00651890856902214,11649254.2138852,68.8701198692675,4.21259132413758,30.9945562478757,NA,NA,NA,NA,NA,NA,NA,NA,NA,NA,NA,NA,NA,NA,80.7,5.00562429696288,3.97140587768069,8.4,1672.2909636296,67.5759280089989,11.4248218972628
"Chile",2019,"Región de Arica y Parinacota",1,"Sin Ventas/Sin Información",0.199526767228631,0.0973260766682442,0,906964.691933263,3373,8226,0,1084504.567,247036,16873.3,14.6406452798208,1419481713243.44,0.00744600909218034,5746052.04603151,57.4764329442242,6.48760080184613,34.2005049565786,NA,NA,NA,NA,NA,NA,NA,NA,NA,NA,NA,NA,NA,NA,80.3,5.33120678767467,5.73742828214647,5.7,1894.4607263719,13.6538804060947,3.32987904596901
"Chile",2019,"Región de Coquimbo",5,"Pequeña",0.13317220302419,0.356177453763585,0.226671100622721,8505933.29968808,6667,106018,45445930.57,9926513.837,821726,40579.9,20.2495816894571,5956059234607.8,0.0312430028514559,7248230.23076768,58.1579234747967,6.86613004238597,35.0284633251745,NA,NA,NA,NA,NA,NA,NA,NA,NA,NA,NA,NA,NA,NA,81.6,5.4762779807381,5.93080724876441,4.3,1785.6317069193,8.1134100661291,12.9018675324865
"Chile",2019,"Región del Maule",9,"Pequeña",0.134899587602369,0.341595480898738,0.198248604798689,12798458.4613635,11547,188187,80459068.07,14840244.485,1118947,16387,68.2826020626106,7148348372645.9,0.0374972544416749,6388460.19753027,56.5374078504504,6.60389039399601,32.5260245121603,NA,NA,NA,NA,NA,NA,NA,NA,NA,NA,NA,NA,NA,NA,80.7,6.13165771032944,6.33974946532233,3.6,1715.5414867728,10.3195236235496,16.818222847016
"Chile",2019,"Región de Tarapacá",2,"Mediana",0.029167403217253,0.160791776089429,0.131586338579958,2018574.97442234,660,22899,31451714.88,2349584.985,368906,42225.9,8.73648637447633,4572663317380.7,0.0239862847960881,12395199.0951101,59.7551371770341,6.86974462786403,33.7425026095205,NA,NA,NA,NA,NA,NA,NA,NA,NA,NA,NA,NA,NA,NA,80.5,4.16095157031872,6.63850331925166,6.5,2318.4767935463,1.78907363935528,6.20727231327222
"Chile",2019,"Región de Arica y Parinacota",1,"Micro",0.67086660751257,0.199301940369143,0.0842946735010275,475794.993965918,11341,16845,5353680.99,685131.303,247036,16873.3,14.6406452798208,1419481713243.44,0.00744600909218034,5746052.04603151,57.4764329442242,6.48760080184613,34.2005049565786,NA,NA,NA,NA,NA,NA,NA,NA,NA,NA,NA,NA,NA,NA,80.3,5.33120678767467,5.73742828214647,5.7,1894.4607263719,45.9082886704772,6.81884421703719
"Chile",2019,"Región de Coquimbo",5,"Grande",0.00467411062061802,0.1808637516588,0.537515265603221,10215183.5289997,234,53835,107767957.07,10891862.967,821726,40579.9,20.2495816894571,5956059234607.8,0.0312430028514559,7248230.23076768,58.1579234747967,6.86613004238597,35.0284633251745,NA,NA,NA,NA,NA,NA,NA,NA,NA,NA,NA,NA,NA,NA,81.6,5.4762779807381,5.93080724876441,4.3,1785.6317069193,0.284766454998381,6.55145389095635
"Chile",2019,"Región Metropolitana",7,"Pequeña",0.173467056207212,0.168713395760268,0.0353463102249728,148360531.697342,99453,1391321,746340745.86,185161647.771,7915199,15403.2,513.867183442402,78931416373510,0.414041293024416,9972132.9019662,60.6460050652261,7.68459660187937,26.2710845047456,NA,NA,NA,NA,NA,NA,NA,NA,NA,NA,NA,NA,NA,NA,81.2,5.28931742587899,5.99095626080976,5.7,2394.6586813547,12.5648135947056,17.5778397991004
"Chile",2019,"Región de Valparaíso",6,"Pequeña",0.145569323195344,0.287864079821634,0.111150378856562,21189755.8987873,18609,259772,130878733.75,25422819.18,1935455,16396.1,118.043620129177,13947513062112,0.0731628369036828,7206322.57640297,55.7535398079805,7.97676195616504,29.4719705484756,NA,NA,NA,NA,NA,NA,NA,NA,NA,NA,NA,NA,NA,NA,81,6.85316889310265,6.98868498621279,4.2,2024.640200883,9.61479342066852,13.421753541157
"Chile",2019,"Región de Tarapacá",2,"Micro",0.600936892345766,0.144213349811114,0.0284907403503563,998184.430537911,13598,20538,6809845.55,1492981.615,368906,42225.9,8.73648637447633,4572663317380.7,0.0239862847960881,12395199.0951101,59.7551371770341,6.86974462786403,33.7425026095205,NA,NA,NA,NA,NA,NA,NA,NA,NA,NA,NA,NA,NA,NA,80.5,4.16095157031872,6.63850331925166,6.5,2318.4767935463,36.8603384059896,5.56727187955739
"Chile",2019,"Región de Aysén del General Carlos Ibáñez del Campo",15,"Mediana",0.0115774240231548,0.153152379316269,NA,NA,120,7132,NA,NA,106680,108494.4,0.983276556209353,1242742439537.27,0.00651890856902214,11649254.2138852,68.8701198692675,4.21259132413758,30.9945562478757,NA,NA,NA,NA,NA,NA,NA,NA,NA,NA,NA,NA,NA,NA,80.7,5.00562429696288,3.97140587768069,8.4,1672.2909636296,1.12485939257593,6.6854143232096
"Chile",2019,"Región de Arica y Parinacota",1,"Grande",0.00248447204968944,0.118267865593942,0.591474997523374,1902327.25392789,42,9996,37565463.14,2006418.033,247036,16873.3,14.6406452798208,1419481713243.44,0.00744600909218034,5746052.04603151,57.4764329442242,6.48760080184613,34.2005049565786,NA,NA,NA,NA,NA,NA,NA,NA,NA,NA,NA,NA,NA,NA,80.3,5.33120678767467,5.73742828214647,5.7,1894.4607263719,0.17001570621286,4.04637380786606
"Chile",2019,"Región del Maule",9,"Mediana",0.0144514410551772,0.175630688356997,0.143975525451706,6826329.06920244,1237,96756,58432373.91,7473125.77,1118947,16387,68.2826020626106,7148348372645.9,0.0374972544416749,6388460.19753027,56.5374078504504,6.60389039399601,32.5260245121603,NA,NA,NA,NA,NA,NA,NA,NA,NA,NA,NA,NA,NA,NA,80.7,6.13165771032944,6.33974946532233,3.6,1715.5414867728,1.10550365656282,8.64705835039551
"Chile",2019,"Región de Tarapacá",2,"Sin Ventas/Sin Información",0.201564433445289,0.137774376114708,0,3426123.91394773,4561,19621,0,4125931.047,368906,42225.9,8.73648637447633,4572663317380.7,0.0239862847960881,12395199.0951101,59.7551371770341,6.86974462786403,33.7425026095205,NA,NA,NA,NA,NA,NA,NA,NA,NA,NA,NA,NA,NA,NA,80.5,4.16095157031872,6.63850331925166,6.5,2318.4767935463,12.3635831349992,5.31869907239243
"Chile",2019,"Región de La Araucanía",12,"Mediana",0.014231770006981,0.168515554528163,0.166048053311807,8859176.79982409,897,67067,41902424.41,9785785.747,1007965,31842.3,31.6549055815692,5324884206053.4,0.0279321218745995,5282806.65107757,54.4432995692417,6.9376227905996,36.7535847740199,NA,NA,NA,NA,NA,NA,NA,NA,NA,NA,NA,NA,NA,NA,80.1,6.79785508425391,8.57094365241004,4.4,1694.304861776,0.889911852098039,6.65370325358519
"Chile",2019,"Región de Los Ríos",13,"Sin Ventas/Sin Información",0.185904692349827,0.0567769605387097,0,1241389.76802717,5091,8499,0,1543575.116,403413,18429.5,21.8895249464174,2502819411763.18,0.0131287468673984,6204111.94424369,58.2191659732758,5.20302714889605,35.961809422865,NA,NA,NA,NA,NA,NA,NA,NA,NA,NA,NA,NA,NA,NA,80,6.6358793593662,5.10576221735959,5.2,1627.3645122988,12.6198213741253,2.10677395126087
"Chile",2019,"Región de Tarapacá",2,"Pequeña",0.152554357433269,0.290568342999986,0.111511226966914,2877272.08951972,3452,41381,26653369.6,3569388.819,368906,42225.9,8.73648637447633,4572663317380.7,0.0239862847960881,12395199.0951101,59.7551371770341,6.86974462786403,33.7425026095205,NA,NA,NA,NA,NA,NA,NA,NA,NA,NA,NA,NA,NA,NA,80.5,4.16095157031872,6.63850331925166,6.5,2318.4767935463,9.35739727735521,11.2172206469941
"Chile",2019,"Región de Arica y Parinacota",1,"Pequeña",0.117716651878143,0.424929010884998,0.212701802020462,3649221.6794131,1990,35915,13509010.08,4324572.527,247036,16873.3,14.6406452798208,1419481713243.44,0.00744600909218034,5746052.04603151,57.4764329442242,6.48760080184613,34.2005049565786,NA,NA,NA,NA,NA,NA,NA,NA,NA,NA,NA,NA,NA,NA,80.3,5.33120678767467,5.73742828214647,5.7,1894.4607263719,8.05550608008549,14.538366877702
"Chile",2019,"Región de La Araucanía",12,"Pequeña",0.138858919845148,0.286290758240847,0.243150771552066,8934573.29722079,8752,113940,61359387.37,11025503.951,1007965,31842.3,31.6549055815692,5324884206053.4,0.0279321218745995,5282806.65107757,54.4432995692417,6.9376227905996,36.7535847740199,NA,NA,NA,NA,NA,NA,NA,NA,NA,NA,NA,NA,NA,NA,80.1,6.79785508425391,8.57094365241004,4.4,1694.304861776,8.68284117008031,11.3039639273189
"Chile",2019,"Región de Magallanes y la Antártica Chilena",16,"Grande",0.00951609637578457,0.288711203633611,0.6315496242986,3765215.80988576,141,30511,64533424.84,4308344.311,175984,132297.2,1.3302171172179,1933654349990.23,0.0101431443158663,10987671.3223374,65.1658903054442,3.59152161416871,18.3442366682305,NA,NA,NA,NA,NA,NA,NA,NA,NA,NA,NA,NA,NA,NA,79.9,6.56877897990726,6.80657969370391,3.4,1158.6280570961,0.80120920083644,17.3373715792345
"Chile",2019,"Región de Los Ríos",13,"Pequeña",0.13448968413365,0.332257784369134,0.215634071281604,4888370.87369032,3683,49736,24832894.13,5894213.81,403413,18429.5,21.8895249464174,2502819411763.18,0.0131287468673984,6204111.94424369,58.2191659732758,5.20302714889605,35.961809422865,NA,NA,NA,NA,NA,NA,NA,NA,NA,NA,NA,NA,NA,NA,80,6.6358793593662,5.10576221735959,5.2,1627.3645122988,9.12960167371899,12.3288044758102
"Chile",2019,"Región del Maule",9,"Grande",0.00487166606306296,0.238439951643293,0.588856869249357,14690191.031184,417,131358,238987179.63,16086506.241,1118947,16387,68.2826020626106,7148348372645.9,0.0374972544416749,6388460.19753027,56.5374078504504,6.60389039399601,32.5260245121603,NA,NA,NA,NA,NA,NA,NA,NA,NA,NA,NA,NA,NA,NA,80.7,6.13165771032944,6.33974946532233,3.6,1715.5414867728,0.372671806618187,11.7394300176863
"Chile",2019,"Región de Antofagasta",3,"Sin Ventas/Sin Información",0.196801409729268,0.0734520722182236,0,4854703.48130685,7371,19288,0,5658886.791,668563,126049.1,5.30398868377481,15983292927958.6,0.0838416890856776,23906936.1121668,59.867060199863,8.02189018470782,22.9684380720991,NA,NA,NA,NA,NA,NA,NA,NA,NA,NA,NA,NA,NA,NA,78.7,4.61886164804214,8.04953560371516,4.6,1771.710369853,11.0251389921369,2.88499363560353
"Chile",2019,"Región de Valparaíso",6,"Mediana",0.0177180137050596,0.143596273099205,0.0903341823476598,14631415.8973262,2265,129583,106367819.18,16667302.237,1935455,16396.1,118.043620129177,13947513062112,0.0731628369036828,7206322.57640297,55.7535398079805,7.97676195616504,29.4719705484756,NA,NA,NA,NA,NA,NA,NA,NA,NA,NA,NA,NA,NA,NA,81,6.85316889310265,6.98868498621279,4.2,2024.640200883,1.17026745648956,6.69522153705459
"Chile",2019,"Región del Maule",9,"Sin Ventas/Sin Información",0.19602322511303,0.0930721393486366,0,11289334.9091085,16779,51274,0,12334869.469,1118947,16387,68.2826020626106,7148348372645.9,0.0374972544416749,6388460.19753027,56.5374078504504,6.60389039399601,32.5260245121603,NA,NA,NA,NA,NA,NA,NA,NA,NA,NA,NA,NA,NA,NA,80.7,6.13165771032944,6.33974946532233,3.6,1715.5414867728,14.9953483051476,4.58234393586113
"Chile",2019,"Región de Tarapacá",2,"Grande",0.0157769135584232,0.266652154984763,0.728411694102772,5841925.78472753,357,37975,174104676.56,6429969.251,368906,42225.9,8.73648637447633,4572663317380.7,0.0239862847960881,12395199.0951101,59.7551371770341,6.86974462786403,33.7425026095205,NA,NA,NA,NA,NA,NA,NA,NA,NA,NA,NA,NA,NA,NA,80.5,4.16095157031872,6.63850331925166,6.5,2318.4767935463,0.967726195833085,10.2939502203813
"Chile",2019,"Región de Antofagasta",3,"Grande",0.00731564051903669,0.321653661750313,0.763513216745751,25632562.290378,274,84464,321311890.32,26860784.677,668563,126049.1,5.30398868377481,15983292927958.6,0.0838416890856776,23906936.1121668,59.867060199863,8.02189018470782,22.9684380720991,NA,NA,NA,NA,NA,NA,NA,NA,NA,NA,NA,NA,NA,NA,78.7,4.61886164804214,8.04953560371516,4.6,1771.710369853,0.4098342265426,12.633663544049
"Chile",2019,"Región del Biobío",10,"Mediana",0.0177887584928969,0.160418211305261,0.0981878695373267,11650767.1703355,1728,123544,79833900.41,13109207.043,1654744,23890.2,69.2645519920302,11499497208330.2,0.0603215666463781,6949411.63607797,52.7448656582316,7.26164762680697,25.6888162561598,NA,NA,NA,NA,NA,NA,NA,NA,NA,NA,NA,NA,NA,NA,80.6,6.00153256334514,7.52177355502771,4.2,1615.4160401851,1.04427029196057,7.46604912904957
"Chile",2019,"Región de Atacama",4,"Micro",0.644954224981585,0.14138202967125,0.0541420547877716,861848.089609684,12258,17211,6157976.84,1235549.611,311307,75176.2,4.1410313370455,3527888219545.51,0.0185058303420544,11332505.2746823,60.6183040273168,8.37614913477713,27.9204061240675,NA,NA,NA,NA,NA,NA,NA,NA,NA,NA,NA,NA,NA,NA,80.5,5.02397954430835,8.5515766969535,3.2,1912.5814710238,39.3759215179871,5.52862608293421
"Chile",2019,"Región de Arica y Parinacota",1,"Mediana",0.00940550133096717,0.160175106483673,0.111528526955137,1897933.74236506,159,13538,7083343.82,2384056.692,247036,16873.3,14.6406452798208,1419481713243.44,0.00744600909218034,5746052.04603151,57.4764329442242,6.48760080184613,34.2005049565786,NA,NA,NA,NA,NA,NA,NA,NA,NA,NA,NA,NA,NA,NA,80.3,5.33120678767467,5.73742828214647,5.7,1894.4607263719,0.643630887805826,5.48017293026118
"Chile",2019,"Región Metropolitana",7,"Mediana",0.0298347359699996,0.132637188367549,0.0391548633427969,146195417.366866,17105,1093813,826758711.88,169035000.958,7915199,15403.2,513.867183442402,78931416373510,0.414041293024416,9972132.9019662,60.6460050652261,7.68459660187937,26.2710845047456,NA,NA,NA,NA,NA,NA,NA,NA,NA,NA,NA,NA,NA,NA,81.2,5.28931742587899,5.99095626080976,5.7,2394.6586813547,2.16103221157169,13.8191471875818
"Chile",2019,"Región de Los Ríos",13,"Grande",0.00430892824538981,0.20800849750486,0.55989437346666,5655771.66699083,118,31137,64478668.04,6388031.307,403413,18429.5,21.8895249464174,2502819411763.18,0.0131287468673984,6204111.94424369,58.2191659732758,5.20302714889605,35.961809422865,NA,NA,NA,NA,NA,NA,NA,NA,NA,NA,NA,NA,NA,NA,80,6.6358793593662,5.10576221735959,5.2,1627.3645122988,0.292504207846549,7.71839281332034
"Chile",2019,"Región de Atacama",4,"Sin Ventas/Sin Información",0.193044301799432,0.0599914567828216,0,1395460.44715273,3669,7303,0,1568472.439,311307,75176.2,4.1410313370455,3527888219545.51,0.0185058303420544,11332505.2746823,60.6183040273168,8.37614913477713,27.9204061240675,NA,NA,NA,NA,NA,NA,NA,NA,NA,NA,NA,NA,NA,NA,80.5,5.02397954430835,8.5515766969535,3.2,1912.5814710238,11.7857934450558,2.34591576803605
"Chile",2019,"Región de Magallanes y la Antártica Chilena",16,"Pequeña",0.181953161908618,0.338938304314913,0.18114728021932,2500936.24312813,2696,35819,18510112.18,3131699.113,175984,132297.2,1.3302171172179,1933654349990.23,0.0101431443158663,10987671.3223374,65.1658903054442,3.59152161416871,18.3442366682305,NA,NA,NA,NA,NA,NA,NA,NA,NA,NA,NA,NA,NA,NA,79.9,6.56877897990726,6.80657969370391,3.4,1158.6280570961,15.3195745067733,20.3535548686244
"Chile",2019,"Región de Los Lagos",14,"Mediana",0.0182991985752449,0.173963049901019,0.0695065115678525,9395555.20273512,1233,81374,57589255.16,10464384.798,884464,48583.6,18.2049909846121,6563290345821.6,0.0344282840234278,7420641.59289875,58.4585507532224,3.57358206336788,28.5066636817733,NA,NA,NA,NA,NA,NA,NA,NA,NA,NA,NA,NA,NA,NA,80,5.89848767162937,6.64117528677802,4.4,1842.8110132238,1.39406465384685,9.2003744640822
"Chile",2019,"Región de Los Lagos",14,"Sin Ventas/Sin Información",0.196230335411101,0.0725106142814997,0,5678500.40655129,13222,33918,0,6671722.052,884464,48583.6,18.2049909846121,6563290345821.6,0.0344282840234278,7420641.59289875,58.4585507532224,3.57358206336788,28.5066636817733,NA,NA,NA,NA,NA,NA,NA,NA,NA,NA,NA,NA,NA,NA,80,5.89848767162937,6.64117528677802,4.4,1842.8110132238,14.9491669530925,3.83486495775973
"Chile",2019,"Región del Libertador General Bernardo O'Higgins",8,"Sin Ventas/Sin Información",0.190724824733801,0.0529561332415927,0,5237765.95778384,13004,28554,0,5925892.161,978868,16387,59.734423628486,7882159580694.5,0.0413465220131386,8052321.23299005,56.5779645225618,7.70205215247325,26.2630569439904,NA,NA,NA,NA,NA,NA,NA,NA,NA,NA,NA,NA,NA,NA,80.9,5.96709668719377,7.46069810818012,3.5,1755.7014837547,13.2847329772758,2.91704295165436
"Chile",2019,"Región Metropolitana",7,"Grande",0.0176601404090176,0.55688707201733,0.917153119557578,988258072.942068,10125,4592455,19365776483.08,1046021059.745,7915199,15403.2,513.867183442402,78931416373510,0.414041293024416,9972132.9019662,60.6460050652261,7.68459660187937,26.2710845047456,NA,NA,NA,NA,NA,NA,NA,NA,NA,NA,NA,NA,NA,NA,81.2,5.28931742587899,5.99095626080976,5.7,2394.6586813547,1.27918451576518,58.0207143244282
"Chile",2019,"Región de Coquimbo",5,"Micro",0.661067055510057,0.196630327056492,0.0824902989488723,3614041.55985189,33095,58528,16538713.53,4921726.385,821726,40579.9,20.2495816894571,5956059234607.8,0.0312430028514559,7248230.23076768,58.1579234747967,6.86613004238597,35.0284633251745,NA,NA,NA,NA,NA,NA,NA,NA,NA,NA,NA,NA,NA,NA,81.6,5.4762779807381,5.93080724876441,4.3,1785.6317069193,40.2749821716728,7.12256883681422
"Chile",2019,"Región de Coquimbo",5,"Mediana",0.0132832630885085,0.166346945289009,0.153323334825185,6031649.52569881,665,49514,30740229.39,7532268.322,821726,40579.9,20.2495816894571,5956059234607.8,0.0312430028514559,7248230.23076768,58.1579234747967,6.86613004238597,35.0284633251745,NA,NA,NA,NA,NA,NA,NA,NA,NA,NA,NA,NA,NA,NA,81.6,5.4762779807381,5.93080724876441,4.3,1785.6317069193,0.809272190486853,6.02560950973926
"Chile",2019,"Región del Libertador General Bernardo O'Higgins",8,"Grande",0.00696664808893843,0.308821756636208,0.726237320627503,24575025.2931821,475,166517,391044733.65,25870366.238,978868,16387,59.734423628486,7882159580694.5,0.0413465220131386,8052321.23299005,56.5779645225618,7.70205215247325,26.2630569439904,NA,NA,NA,NA,NA,NA,NA,NA,NA,NA,NA,NA,NA,NA,80.9,5.96709668719377,7.46069810818012,3.5,1755.7014837547,0.485254395894033,17.0111802612814
"Chile",2019,"Región de Ñuble",11,"Grande",0.00381018358157257,0.208968226312288,0.403579219257314,3975548.41624531,132,39579,41818112.02,4224122.29,507959,13178.5,38.5445232765489,2785659098462.05,0.0146124059093857,5484023.51068108,54.6089781777723,7.57913716413433,33.73621107332,NA,NA,NA,NA,NA,NA,NA,NA,NA,NA,NA,NA,NA,NA,80.4,6.80173006089074,8.44277673545966,2.4,1471.3785955166,0.259863492919704,7.79177059565831
"Chile",2019,"Región Metropolitana",7,"Sin Ventas/Sin Información",0.261309030654515,0.0664953325312302,0,149031242.60428,149815,548364,0,169259155.728,7915199,15403.2,513.867183442402,78931416373510,0.414041293024416,9972132.9019662,60.6460050652261,7.68459660187937,26.2710845047456,NA,NA,NA,NA,NA,NA,NA,NA,NA,NA,NA,NA,NA,NA,81.2,5.28931742587899,5.99095626080976,5.7,2394.6586813547,18.9275089609244,6.92798753385733
"Chile",2019,"Región de Atacama",4,"Pequeña",0.142533936651584,0.37655872640347,0.162797550626386,5860507.73027222,2709,45840,18516171.03,6927352.753,311307,75176.2,4.1410313370455,3527888219545.51,0.0185058303420544,11332505.2746823,60.6183040273168,8.37614913477713,27.9204061240675,NA,NA,NA,NA,NA,NA,NA,NA,NA,NA,NA,NA,NA,NA,80.5,5.02397954430835,8.5515766969535,3.2,1912.5814710238,8.7020208347387,14.7250142142644
"Chile",2019,"Región de Atacama",4,"Grande",0.00499842155108913,0.274984802930981,0.668403584694043,8747243.62684031,95,33475,76022489.55,9019732.481,311307,75176.2,4.1410313370455,3527888219545.51,0.0185058303420544,11332505.2746823,60.6183040273168,8.37614913477713,27.9204061240675,NA,NA,NA,NA,NA,NA,NA,NA,NA,NA,NA,NA,NA,NA,80.5,5.02397954430835,8.5515766969535,3.2,1912.5814710238,0.305164997895968,10.7530508469132
"Chile",2019,"Región de Los Lagos",14,"Micro",0.621326803205699,0.139973833070381,0.0270124686266085,4017402.25462738,41865,65475,22381039.03,5398688.565,884464,48583.6,18.2049909846121,6563290345821.6,0.0344282840234278,7420641.59289875,58.4585507532224,3.57358206336788,28.5066636817733,NA,NA,NA,NA,NA,NA,NA,NA,NA,NA,NA,NA,NA,NA,80,5.89848767162937,6.64117528677802,4.4,1842.8110132238,47.3337524195445,7.402788581559
"Chile",2019,"Región de Magallanes y la Antártica Chilena",16,"Sin Ventas/Sin Información",0.176014037929405,0.0350113550340651,0,570494.935000749,2608,3700,0,776208.075,175984,132297.2,1.3302171172179,1933654349990.23,0.0101431443158663,10987671.3223374,65.1658903054442,3.59152161416871,18.3442366682305,NA,NA,NA,NA,NA,NA,NA,NA,NA,NA,NA,NA,NA,NA,79.9,6.56877897990726,6.80657969370391,3.4,1158.6280570961,14.8195290480953,2.10246386035094
"Chile",2019,"Región de Ñuble",11,"Sin Ventas/Sin Información",0.186843320632721,0.161835672273788,0,6244958.03450186,6473,30652,0,7184447.335,507959,13178.5,38.5445232765489,2785659098462.05,0.0146124059093857,5484023.51068108,54.6089781777723,7.57913716413433,33.73621107332,NA,NA,NA,NA,NA,NA,NA,NA,NA,NA,NA,NA,NA,NA,80.4,6.80173006089074,8.44277673545966,2.4,1471.3785955166,12.7431544671912,6.03434529164755
"Chile",2019,"Región del Libertador General Bernardo O'Higgins",8,"Pequeña",0.150347599073069,0.32292595896521,0.133853547224075,9426671.26341411,10251,174122,72073856.9,11085935.262,978868,16387,59.734423628486,7882159580694.5,0.0413465220131386,8052321.23299005,56.5779645225618,7.70205215247325,26.2630569439904,NA,NA,NA,NA,NA,NA,NA,NA,NA,NA,NA,NA,NA,NA,80.9,5.96709668719377,7.46069810818012,3.5,1755.7014837547,10.4723006574942,17.7880980888128
"Chile",2019,"Región de Magallanes y la Antártica Chilena",16,"Mediana",0.0201120334750624,0.194549583648751,0.13675623875247,2666301.75679496,298,20560,13974117.18,3002627.424,175984,132297.2,1.3302171172179,1933654349990.23,0.0101431443158663,10987671.3223374,65.1658903054442,3.59152161416871,18.3442366682305,NA,NA,NA,NA,NA,NA,NA,NA,NA,NA,NA,NA,NA,NA,79.9,6.56877897990726,6.80657969370391,3.4,1158.6280570961,1.69333575779616,11.682880261842
"Chile",2019,"Región de Valparaíso",6,"Grande",0.00727494602459401,0.286125406133784,0.763659348664948,53159532.4921534,930,258203,899203130.01,57160390.311,1935455,16396.1,118.043620129177,13947513062112,0.0731628369036828,7206322.57640297,55.7535398079805,7.97676195616504,29.4719705484756,NA,NA,NA,NA,NA,NA,NA,NA,NA,NA,NA,NA,NA,NA,81,6.85316889310265,6.98868498621279,4.2,2024.640200883,0.48050716756525,13.3406873319194
"Chile",2019,"Región de Ñuble",11,"Pequeña",0.127698880036947,0.265931721945914,0.289669336854268,3355891.27533564,4424,50368,30014986.4,3893822.395,507959,13178.5,38.5445232765489,2785659098462.05,0.0146124059093857,5484023.51068108,54.6089781777723,7.57913716413433,33.73621107332,NA,NA,NA,NA,NA,NA,NA,NA,NA,NA,NA,NA,NA,NA,80.4,6.80173006089074,8.44277673545966,2.4,1471.3785955166,8.70936433846039,9.91576091771186
"Chile",2019,"Región de Ñuble",11,"Micro",0.668889273755917,0.153984646413449,0.108313510742872,1977470.1712626,23173,29165,11223240.22,2491682.065,507959,13178.5,38.5445232765489,2785659098462.05,0.0146124059093857,5484023.51068108,54.6089781777723,7.57913716413433,33.73621107332,NA,NA,NA,NA,NA,NA,NA,NA,NA,NA,NA,NA,NA,NA,80.4,6.80173006089074,8.44277673545966,2.4,1471.3785955166,45.6198236471841,5.74160512954786
"Chile",2019,"Región de Aysén del General Carlos Ibáñez del Campo",15,"Pequeña",0.127834056922335,0.397418828380003,NA,NA,1325,18507,8880666.13,2466153.457,106680,108494.4,0.983276556209353,1242742439537.27,0.00651890856902214,11649254.2138852,68.8701198692675,4.21259132413758,30.9945562478757,NA,NA,NA,NA,NA,NA,NA,NA,NA,NA,NA,NA,NA,NA,80.7,5.00562429696288,3.97140587768069,8.4,1672.2909636296,12.4203224596925,17.3481439820023
"Chile",2019,"Región de Aysén del General Carlos Ibáñez del Campo",15,"Grande",0.00192957067052581,0.0738704689915822,NA,NA,20,3440,5377690.41,355134.362,106680,108494.4,0.983276556209353,1242742439537.27,0.00651890856902214,11649254.2138852,68.8701198692675,4.21259132413758,30.9945562478757,NA,NA,NA,NA,NA,NA,NA,NA,NA,NA,NA,NA,NA,NA,80.7,5.00562429696288,3.97140587768069,8.4,1672.2909636296,0.187476565429321,3.22459692538433
"Chile",2019,"Región de Los Lagos",14,"Pequeña",0.156381715642624,0.288436953519495,0.0881695618427616,14937710.5330748,10537,134921,73052427.46,16922380.353,884464,48583.6,18.2049909846121,6563290345821.6,0.0344282840234278,7420641.59289875,58.4585507532224,3.57358206336788,28.5066636817733,NA,NA,NA,NA,NA,NA,NA,NA,NA,NA,NA,NA,NA,NA,80,5.89848767162937,6.64117528677802,4.4,1842.8110132238,11.9134300548129,15.2545496481485
"Chile",2020,"Región de Tarapacá",2,"Sin Ventas/Sin Información",0.189177181446597,0.112973956853318,0,3040799.41765525,4258,14710,0,3701193.717,382773,42225.9,9.06488671644654,4391578670282.1,0.0245442607269891,11473062.8081973,50.9233498116117,10.2547197645704,27.1521981796269,13.6,12.3462979417898,1.44206034019589,5.72459623217582,6.58401325345039,12.1876098215579,33.3093225955963,14.7122800350189,23.8777369260787,1037445,1190976.2076107,48411.742086421,1239387.94988107,83.7062267208673,80.7,4.70775106917154,5.94262295081967,5.2,2114.569209427,11.1240865996295,3.84300878066112
"Chile",2020,"Región de Tarapacá",2,"Grande",0.0166163141993958,0.24317433010514,0.706630739449818,5379611.47676263,374,31663,167175240,5734324.528,382773,42225.9,9.06488671644654,4391578670282.1,0.0245442607269891,11473062.8081973,50.9233498116117,10.2547197645704,27.1521981796269,13.6,12.3462979417898,1.44206034019589,5.72459623217582,6.58401325345039,12.1876098215579,33.3093225955963,14.7122800350189,23.8777369260787,1037445,1190976.2076107,48411.742086421,1239387.94988107,83.7062267208673,80.7,4.70775106917154,5.94262295081967,5.2,2114.569209427,0.977080410582774,8.27200455622523
"Chile",2020,"Región de Atacama",4,"Sin Ventas/Sin Información",0.202626443752967,0.0576882380327591,0,1440772.89581646,3842,6815,0,1607000.281,314709,75176.2,4.1862850210572,3539893820097.42,0.0197842469393239,11248149.306494,51.8492919426435,10.9265479978054,23.0714128756828,8.8,11.6041271765246,2.2614823654294,8.78688022494316,9.54749137163162,12.2312530875206,32.2382062673568,14.2493739724159,19.3243533372879,928245,1106144.55645936,62584.1411409106,1168728.69711129,79.4235074716485,80.7,5.30966702572853,6.41586468358121,2.9,1683.4599582471,12.2081033589761,2.16549256614841
"Chile",2020,"Región del Maule",9,"Sin Ventas/Sin Información",0.198202557898375,0.0638903817117621,0,6563027.02411396,17202,34952,0,7448213.22,1131939,16387,69.0754256422774,7049433302152.1,0.0393988453665631,6227750.17218428,49.8952407543354,8.93338790503419,28.8419741953246,12.2,10.7058086736877,3.21457386016845,16.1128759384155,12.5025644898414,11.159311980009,27.2144019603729,10.7154741883277,17.6321133971214,774261,911904.341331076,77336.9710565321,989241.312387608,78.2681463858089,80.9,6.6761548104624,6.7902220802045,4.2,1606.3586465348,15.1969319901514,3.08779890082416
"Chile",2020,"Región de Valparaíso",6,"Micro",0.610788966392865,0.166295097599214,0.0385025487510833,8119275.28758469,78895,136726,39488444.13,10616627.879,1960170,16396.1,119.550990784394,13086550254373,0.0731399174592366,6676232.29330772,47.2746369994753,11.8697922371069,25.9034323118906,11.1,12.1147842555398,1.99469346553087,7.95419365167617,7.4053406715393,11.5957088768482,29.0178298950195,14.245069026947,25.8578658103942,803859,1005474.39393328,61599.5240751489,1067073.91817149,75.3330517787854,81.1,7.39629725993153,6.82385293069206,5.6,1750.0012753996,40.2490600305076,6.97521133371085
"Chile",2020,"Región de Aysén del General Carlos Ibáñez del Campo",15,"Grande",0.00191350937619594,0.0695417545291704,NA,NA,20,3067,NA,NA,107297,108494.4,0.988963485672993,1138179566782.69,0.00636121498409851,10607748.2761185,63.8066257253228,6.85194140325638,29.6858795001502,6.5,11.3825000313349,3.18974927067756,12.1976308524608,11.7093786597251,10.2570138871669,24.9677807092666,11.4355109632015,25.1115292310714,1061163,1214356.54462194,55720.9691176412,1270077.51373958,83.5510437501066,80.9,5.53603549027465,6.23885918003565,6.5,1610.4830517163,0.186398501356049,2.85842101829501
"Chile",2020,"Región del Biobío",10,"Sin Ventas/Sin Información",0.207732132463315,0.128030855508257,0,19063777.7365089,20343,90589,0,21664418.625,1663696,23890.2,69.6392663100351,10864611057223.6,0.0607216371393605,6530406.43075634,45.6670031445515,9.94641122633427,22.5290231761846,13,11.6055334702916,2.57225167006254,11.3450691103935,8.92766341567039,11.2231895327568,28.0650913715362,12.934386730194,23.5472470521926,750164,915111.650812369,69363.869543539,984475.520133041,76.1993155611233,80.8,6.57211413623642,7.9985987856142,5,1410.714457449,12.2275944643733,5.4450452486512
"Chile",2020,"Región de Ñuble",11,"Grande",0.00384935796156387,0.222705702697821,0.416758699265505,3916812.39822588,134,40689,45841913.32,4140275.33,511551,13178.5,38.8170884395037,2692736630309.44,0.0150495379647118,5263867.39603566,47.1916990820378,9.59974142374134,30.54306507355,14.9,10.6005889537113,3.04500795900821,16.6053637862205,12.6168176531791,10.9706245362758,29.5437723398208,9.32193249464035,16.9219583272933,568748,710644.88729068,87027.5950980082,797672.482388688,71.3010041198412,80.7,7.32087318761961,7.09639266706091,2.7,1349.8165383315,0.261948466526309,7.95404563767835
"Chile",2020,"Región del Libertador General Bernardo O'Higgins",8,"Sin Ventas/Sin Información",0.194974003466204,0.0550090655308372,0,6014328.12265558,13500,28671,0,6814386.002,991063,16387,60.47861109416,7588660988068.1,0.0424125554485194,7657092.42305292,49.5720152947337,10.9298960434676,24.9495208199996,9.8,11.0868921909071,2.98143420368433,12.2611418366432,10.2634109556674,10.7536077499389,33.5868179798126,11.4467956125736,17.5065904855728,755550,915027.308402396,66764.1888604362,981791.496654979,76.9562536980958,81.1,6.50513640404293,6.59422308906845,5.1,1652.1654021995,13.6217374677493,2.89295433287288
"Chile",2020,"Región del Maule",9,"Micro",0.642873602949649,0.193568553472915,0.0677115517017605,12469210.7946823,55795,105894,27320824.47,14324761.15,1131939,16387,69.0754256422774,7049433302152.1,0.0393988453665631,6227750.17218428,49.8952407543354,8.93338790503419,28.8419741953246,12.2,10.7058086736877,3.21457386016845,16.1128759384155,12.5025644898414,11.159311980009,27.2144019603729,10.7154741883277,17.6321133971214,774261,911904.341331076,77336.9710565321,989241.312387608,78.2681463858089,80.9,6.6761548104624,6.7902220802045,4.2,1606.3586465348,49.2915254267235,9.35509775703461
"Chile",2020,"Región de La Araucanía",12,"Sin Ventas/Sin Información",0.20533916165795,0.11364855094696,0,9380796.86798433,13153,42599,0,10652345.117,1014343,31842.3,31.8552051830427,5074982125396.6,0.0283637602380791,5003220.92763158,43.6031269852796,9.77546963625292,32.1172906201315,17.3,10.7341149778065,3.36156040430068,16.0532355308532,10.632437467575,11.0880739986896,29.7181636095047,10.7775315642356,17.1694934368133,620323,772445.431099715,88914.529339871,861359.959864786,72.0167257235073,80.3,7.0617138384156,7.69366819950477,3.6,1674.2857199192,12.9670141165267,4.19966421614779
"Chile",2020,"Región de Ñuble",11,"Mediana",0.0136738387291373,0.202448782997542,0.204827858595629,3789371.97601412,476,36988,22530305.8,4183028.854,511551,13178.5,38.8170884395037,2692736630309.44,0.0150495379647118,5263867.39603566,47.1916990820378,9.59974142374134,30.54306507355,14.9,10.6005889537113,3.04500795900821,16.6053637862205,12.6168176531791,10.9706245362758,29.5437723398208,9.32193249464035,16.9219583272933,568748,710644.88729068,87027.5950980082,797672.482388688,71.3010041198412,80.7,7.32087318761961,7.09639266706091,2.7,1349.8165383315,0.930503507959128,7.23055961184711
"Chile",2020,"Región Metropolitana",7,"Micro",0.551255632487087,0.0842071196039089,0.0092019491394295,66702302.6187084,321016,635643,176581480.26,80113037.61,8125072,15403.2,527.49246909733,72170384978987,0.403355804070715,8882430.20849378,52.6995749180448,11.5638084719233,23.8687238443467,8.8,12.6338315347019,1.92155465483665,6.74449428915977,6.34602978825569,9.62637066841125,28.419691324234,13.2846161723136,31.535130739212,1269539,1498739.80010101,47555.9254026653,1546295.72553846,82.1019703594696,81.4,6.35071295368213,5.96490056644298,7.1,1909.5215402399,39.5093114251788,7.82322913569258
"Chile",2020,"Región de Ñuble",11,"Micro",0.6608256011031,0.164425324159975,0.0992083764542625,2111608.32675521,23004,30041,10912553.96,2674428.836,511551,13178.5,38.8170884395037,2692736630309.44,0.0150495379647118,5263867.39603566,47.1916990820378,9.59974142374134,30.54306507355,14.9,10.6005889537113,3.04500795900821,16.6053637862205,12.6168176531791,10.9706245362758,29.5437723398208,9.32193249464035,16.9219583272933,568748,710644.88729068,87027.5950980082,797672.482388688,71.3010041198412,80.7,7.32087318761961,7.09639266706091,2.7,1349.8165383315,44.969123313218,5.87253274844541
"Chile",2020,"Región de La Araucanía",12,"Pequeña",0.13436890172508,0.306602175380371,0.238061515971141,10656657.6800228,8607,114924,61130226.89,12897145.461,1014343,31842.3,31.8552051830427,5074982125396.6,0.0283637602380791,5003220.92763158,43.6031269852796,9.77546963625292,32.1172906201315,17.3,10.7341149778065,3.36156040430068,16.0532355308532,10.632437467575,11.0880739986896,29.7181636095047,10.7775315642356,17.1694934368133,620323,772445.431099715,88914.529339871,861359.959864786,72.0167257235073,80.3,7.0617138384156,7.69366819950477,3.6,1674.2857199192,8.48529540796358,11.3298953115465
"Chile",2020,"Región del Biobío",10,"Pequeña",0.147096365734359,0.289454120945904,0.138112723070328,20448071.5620236,14405,204805,102821648.39,24270540.397,1663696,23890.2,69.6392663100351,10864611057223.6,0.0607216371393605,6530406.43075634,45.6670031445515,9.94641122633427,22.5290231761846,13,11.6055334702916,2.57225167006254,11.3450691103935,8.92766341567039,11.2231895327568,28.0650913715362,12.934386730194,23.5472470521926,750164,915111.650812369,69363.869543539,984475.520133041,76.1993155611233,80.8,6.57211413623642,7.9985987856142,5,1410.714457449,8.65843279060597,12.3102417749397
"Chile",2020,"Región de Ñuble",11,"Sin Ventas/Sin Información",0.19373186636408,0.148667509564703,0,5930750.28676391,6744,27162,0,6887109.113,511551,13178.5,38.8170884395037,2692736630309.44,0.0150495379647118,5263867.39603566,47.1916990820378,9.59974142374134,30.54306507355,14.9,10.6005889537113,3.04500795900821,16.6053637862205,12.6168176531791,10.9706245362758,29.5437723398208,9.32193249464035,16.9219583272933,568748,710644.88729068,87027.5950980082,797672.482388688,71.3010041198412,80.7,7.32087318761961,7.09639266706091,2.7,1349.8165383315,13.1834362556226,5.30973451327434
"Chile",2020,"Región de La Araucanía",12,"Micro",0.640761845289205,0.165642649620762,0.0758042174048297,4183401.52080432,41044,62088,19465258.76,5802045.125,1014343,31842.3,31.8552051830427,5074982125396.6,0.0283637602380791,5003220.92763158,43.6031269852796,9.77546963625292,32.1172906201315,17.3,10.7341149778065,3.36156040430068,16.0532355308532,10.632437467575,11.0880739986896,29.7181636095047,10.7775315642356,17.1694934368133,620323,772445.431099715,88914.529339871,861359.959864786,72.0167257235073,80.3,7.0617138384156,7.69366819950477,3.6,1674.2857199192,40.4636301527195,6.1210064051312
"Chile",2020,"Región Metropolitana",7,"Grande",0.0175723293768546,0.555639839407909,0.907248273288024,920392399.582292,10233,4194284,17409707512.3,970121598.406,8125072,15403.2,527.49246909733,72170384978987,0.403355804070715,8882430.20849378,52.6995749180448,11.5638084719233,23.8687238443467,8.8,12.6338315347019,1.92155465483665,6.74449428915977,6.34602978825569,9.62637066841125,28.419691324234,13.2846161723136,31.535130739212,1269539,1498739.80010101,47555.9254026653,1546295.72553846,82.1019703594696,81.4,6.35071295368213,5.96490056644298,7.1,1909.5215402399,1.25943499331452,51.6214994771739
"Chile",2020,"Región del Maule",9,"Pequeña",0.137343011867727,0.314324518975911,0.210019115577388,10862117.3152357,11920,171955,84740273.23,12457244.404,1131939,16387,69.0754256422774,7049433302152.1,0.0393988453665631,6227750.17218428,49.8952407543354,8.93338790503419,28.8419741953246,12.2,10.7058086736877,3.21457386016845,16.1128759384155,12.5025644898414,11.159311980009,27.2144019603729,10.7154741883277,17.6321133971214,774261,911904.341331076,77336.9710565321,989241.312387608,78.2681463858089,80.9,6.6761548104624,6.7902220802045,4.2,1606.3586465348,10.5306027975006,15.1911896312434
"Chile",2020,"Región de Los Lagos",14,"Sin Ventas/Sin Información",0.192108554640915,0.0622409651276365,0,4745497.77872474,13209,28293,0,5633558.251,891440,48583.6,18.3485785326736,6224534635612,0.0347885378974257,6982561.5135197,46.1956714533341,6.08848014330879,25.2465005599983,11.5,10.9435834680624,2.61715799570083,14.5423024892807,12.4068692326545,10.8346007764339,27.986255288124,11.4634491503238,19.0741345286369,833217,975631.593965888,73235.0624343132,1048866.6564002,79.4397444410844,80.2,6.39975769541416,7.20100187852222,3.7,1649.3538544378,14.817598492327,3.17385354033923
"Chile",2020,"Región de La Araucanía",12,"Mediana",0.0147841698540317,0.15015567015535,0.173834178590637,6625590.72912112,947,56283,44637717.84,7344268.649,1014343,31842.3,31.8552051830427,5074982125396.6,0.0283637602380791,5003220.92763158,43.6031269852796,9.77546963625292,32.1172906201315,17.3,10.7341149778065,3.36156040430068,16.0532355308532,10.632437467575,11.0880739986896,29.7181636095047,10.7775315642356,17.1694934368133,620323,772445.431099715,88914.529339871,861359.959864786,72.0167257235073,80.3,7.0617138384156,7.69366819950477,3.6,1674.2857199192,0.933609242632916,5.54871478385517
"Chile",2020,"Región del Libertador General Bernardo O'Higgins",8,"Mediana",0.0183997689196996,0.155844629272551,0.100477508535914,9200499.51528563,1274,81227,59653453.94,10271824.217,991063,16387,60.47861109416,7588660988068.1,0.0424125554485194,7657092.42305292,49.5720152947337,10.9298960434676,24.9495208199996,9.8,11.0868921909071,2.98143420368433,12.2611418366432,10.2634109556674,10.7536077499389,33.5868179798126,11.4467956125736,17.5065904855728,755550,915027.308402396,66764.1888604362,981791.496654979,76.9562536980958,81.1,6.50513640404293,6.59422308906845,5.1,1652.1654021995,1.28548840991945,8.19594717994719
"Chile",2020,"Región Metropolitana",7,"Mediana",0.0302780525332454,0.126984251048477,0.0444640509828865,137751143.950326,17632,958549,853246178.82,158272951.353,8125072,15403.2,527.49246909733,72170384978987,0.403355804070715,8882430.20849378,52.6995749180448,11.5638084719233,23.8687238443467,8.8,12.6338315347019,1.92155465483665,6.74449428915977,6.34602978825569,9.62637066841125,28.419691324234,13.2846161723136,31.535130739212,1269539,1498739.80010101,47555.9254026653,1546295.72553846,82.1019703594696,81.4,6.35071295368213,5.96490056644298,7.1,1909.5215402399,2.17007307750627,11.7974216105408
"Chile",2020,"Región de Coquimbo",5,"Grande",0.00450734165256072,0.191622760800843,0.585014094258705,11315820.3832473,229,54555,134953398.58,12241689.379,836096,40579.9,20.603697889842,5657554787442.9,0.0316197227024295,6766633.00319927,47.825373359191,12.7665158821769,31.5928045448926,11.6,11.3114349476838,2.55689043551683,12.0595447719097,8.30384045839309,11.5156315267086,31.4522981643676,13.5248824954032,18.3820739388465,721694,886518.640672176,66558.2254856899,953076.866157866,75.7225056517211,81.8,5.78880894060012,5.18731988472622,4.9,1756.1380511329,0.273891993263931,6.52496842467851
"Chile",2020,"Región de Ñuble",11,"Pequeña",0.127919335842119,0.261752680579958,0.279205065684603,3385578.91264491,4453,47823,30711523.1,3967841.754,511551,13178.5,38.8170884395037,2692736630309.44,0.0150495379647118,5263867.39603566,47.1916990820378,9.59974142374134,30.54306507355,14.9,10.6005889537113,3.04500795900821,16.6053637862205,12.6168176531791,10.9706245362758,29.5437723398208,9.32193249464035,16.9219583272933,568748,710644.88729068,87027.5950980082,797672.482388688,71.3010041198412,80.7,7.32087318761961,7.09639266706091,2.7,1349.8165383315,8.70489941374369,9.34862799603559
"Chile",2020,"Región del Maule",9,"Mediana",0.0162345892383915,0.197151328368631,0.162355426296553,8350897.69195237,1409,107854,65508528.34,9402322.51,1131939,16387,69.0754256422774,7049433302152.1,0.0393988453665631,6227750.17218428,49.8952407543354,8.93338790503419,28.8419741953246,12.2,10.7058086736877,3.21457386016845,16.1128759384155,12.5025644898414,11.159311980009,27.2144019603729,10.7154741883277,17.6321133971214,774261,911904.341331076,77336.9710565321,989241.312387608,78.2681463858089,80.9,6.6761548104624,6.7902220802045,4.2,1606.3586465348,1.24476672329516,9.52825196410761
"Chile",2020,"Región de La Araucanía",12,"Grande",0.00474592147373351,0.263950953896556,0.512300088033393,12841409.3216558,304,98937,131550118.42,14198025.082,1014343,31842.3,31.8552051830427,5074982125396.6,0.0283637602380791,5003220.92763158,43.6031269852796,9.77546963625292,32.1172906201315,17.3,10.7341149778065,3.36156040430068,16.0532355308532,10.632437467575,11.0880739986896,29.7181636095047,10.7775315642356,17.1694934368133,620323,772445.431099715,88914.529339871,861359.959864786,72.0167257235073,80.3,7.0617138384156,7.69366819950477,3.6,1674.2857199192,0.299701383062731,9.75380122897284
"Chile",2020,"Región de Atacama",4,"Micro",0.633616370444597,0.217852456934863,0.0507995630768765,3864179.96429931,12014,25736,5948510.04,4614866.362,314709,75176.2,4.1862850210572,3539893820097.42,0.0197842469393239,11248149.306494,51.8492919426435,10.9265479978054,23.0714128756828,8.8,11.6041271765246,2.2614823654294,8.78688022494316,9.54749137163162,12.2312530875206,32.2382062673568,14.2493739724159,19.3243533372879,928245,1106144.55645936,62584.1411409106,1168728.69711129,79.4235074716485,80.7,5.30966702572853,6.41586468358121,2.9,1683.4599582471,38.1749489210668,8.17771337966185
"Chile",2020,"Región de Coquimbo",5,"Micro",0.657127110971145,0.193220934316825,0.067670844576151,3425477.25831075,33386,55010,15610581.95,4632663.001,836096,40579.9,20.603697889842,5657554787442.9,0.0316197227024295,6766633.00319927,47.825373359191,12.7665158821769,31.5928045448926,11.6,11.3114349476838,2.55689043551683,12.0595447719097,8.30384045839309,11.5156315267086,31.4522981643676,13.5248824954032,18.3820739388465,721694,886518.640672176,66558.2254856899,953076.866157866,75.7225056517211,81.8,5.78880894060012,5.18731988472622,4.9,1756.1380511329,39.93082134109,6.57938801285977
"Chile",2020,"Región del Biobío",10,"Grande",0.00630048300299196,0.284610688058613,0.707788998688696,36209327.4255267,617,201378,526932131.52,39979075.364,1663696,23890.2,69.6392663100351,10864611057223.6,0.0607216371393605,6530406.43075634,45.6670031445515,9.94641122633427,22.5290231761846,13,11.6055334702916,2.57225167006254,11.3450691103935,8.92766341567039,11.2231895327568,28.0650913715362,12.934386730194,23.5472470521926,750164,915111.650812369,69363.869543539,984475.520133041,76.1993155611233,80.8,6.57211413623642,7.9985987856142,5,1410.714457449,0.370861022686837,12.1042546234408
"Chile",2020,"Región de Magallanes y la Antártica Chilena",16,"Mediana",0.0185111199893461,0.172147941617557,0.138416947036243,1230533.59903196,278,16300,12618681.47,1542599.834,178362,132297.2,1.34819179846588,1689172340601.32,0.00944067941241596,9470472.07701932,55.0332085937752,7.04021176406667,15.9679797016407,5.5,12.0790232689263,1.90700497478246,8.48017707467079,8.88984054327011,10.1830638945102,28.2803416252136,12.4547690153121,28.5372734069824,1109401,1363091.07461434,48646.1246447404,1411737.19925908,78.5840897977653,80.1,7.34461376302127,4.58978772231784,1.1,1031.609872058,1.55862795887016,9.13871788833944
"Chile",2020,"Región de Magallanes y la Antártica Chilena",16,"Micro",0.630243707550939,0.156781361552922,0.053894107540558,524646.800111496,9465,14845,4913217.57,781935.895,178362,132297.2,1.34819179846588,1689172340601.32,0.00944067941241596,9470472.07701932,55.0332085937752,7.04021176406667,15.9679797016407,5.5,12.0790232689263,1.90700497478246,8.48017707467079,8.88984054327011,10.1830638945102,28.2803416252136,12.4547690153121,28.5372734069824,1109401,1363091.07461434,48646.1246447404,1411737.19925908,78.5840897977653,80.1,7.34461376302127,4.58978772231784,1.1,1031.609872058,53.0662360816766,8.32296116885884
"Chile",2020,"Región de Coquimbo",5,"Sin Ventas/Sin Información",0.194563634216431,0.0841903758342114,0,4818288.2431807,9885,23969,0,5582197.692,836096,40579.9,20.603697889842,5657554787442.9,0.0316197227024295,6766633.00319927,47.825373359191,12.7665158821769,31.5928045448926,11.6,11.3114349476838,2.55689043551683,12.0595447719097,8.30384045839309,11.5156315267086,31.4522981643676,13.5248824954032,18.3820739388465,721694,886518.640672176,66558.2254856899,953076.866157866,75.7225056517211,81.8,5.78880894060012,5.18731988472622,4.9,1756.1380511329,11.8228050367422,2.86677606399265
"Chile",2020,"Región de Atacama",4,"Pequeña",0.143030430884447,0.309315613493038,0.159177487201786,2956415.35673036,2712,36541,18639311.51,3695002.211,314709,75176.2,4.1862850210572,3539893820097.42,0.0197842469393239,11248149.306494,51.8492919426435,10.9265479978054,23.0714128756828,8.8,11.6041271765246,2.2614823654294,8.78688022494316,9.54749137163162,12.2312530875206,32.2382062673568,14.2493739724159,19.3243533372879,928245,1106144.55645936,62584.1411409106,1168728.69711129,79.4235074716485,80.7,5.30966702572853,6.41586468358121,2.9,1683.4599582471,8.61748472398311,11.6110438532104
"Chile",2020,"Región del Biobío",10,"Micro",0.620541412656108,0.126931295897427,0.0408964549263851,3607995.18649972,60769,89811,30446441.25,4934342.48,1663696,23890.2,69.6392663100351,10864611057223.6,0.0607216371393605,6530406.43075634,45.6670031445515,9.94641122633427,22.5290231761846,13,11.6055334702916,2.57225167006254,11.3450691103935,8.92766341567039,11.2231895327568,28.0650913715362,12.934386730194,23.5472470521926,750164,915111.650812369,69363.869543539,984475.520133041,76.1993155611233,80.8,6.57211413623642,7.9985987856142,5,1410.714457449,36.5265048422308,5.39828189765438
"Chile",2020,"Región del Maule",9,"Grande",0.00534623804585782,0.23106521747078,0.559913906424299,14019287.1046338,464,126407,225918756.42,14934916.572,1131939,16387,69.0754256422774,7049433302152.1,0.0393988453665631,6227750.17218428,49.8952407543354,8.93338790503419,28.8419741953246,12.2,10.7058086736877,3.21457386016845,16.1128759384155,12.5025644898414,11.159311980009,27.2144019603729,10.7154741883277,17.6321133971214,774261,911904.341331076,77336.9710565321,989241.312387608,78.2681463858089,80.9,6.6761548104624,6.7902220802045,4.2,1606.3586465348,0.409916082050358,11.1672978844266
"Chile",2020,"Región de Los Ríos",13,"Mediana",0.0140748493269335,0.17243599016346,0.169136181437461,2375975.02917362,390,23841,18463204.36,2720008.896,405835,18429.5,22.020944681082,2402760738892.28,0.0134288806981925,5920536.02792337,48.0905325607205,10.4890708052813,33.7499611232729,12,11.0716306075448,3.11918053776025,14.5702302455902,10.3305086493492,10.2586381137371,29.3889731168746,12.2764430940151,18.5314133763313,707554,870556.242235733,80617.898204859,951174.140440592,74.3874679216987,80.2,7.29114048812941,7.23914128806789,4.4,1589.5622605246,0.960981679746695,5.87455492995922
"Chile",2020,"Región de Los Ríos",13,"Grande",0.00393373994009167,0.188919427166209,0.518878953587664,5460148.35143752,109,26120,56641743.22,6086322.463,405835,18429.5,22.020944681082,2402760738892.28,0.0134288806981925,5920536.02792337,48.0905325607205,10.4890708052813,33.7499611232729,12,11.0716306075448,3.11918053776025,14.5702302455902,10.3305086493492,10.2586381137371,29.3889731168746,12.2764430940151,18.5314133763313,707554,870556.242235733,80617.898204859,951174.140440592,74.3874679216987,80.2,7.29114048812941,7.23914128806789,4.4,1589.5622605246,0.268582059211256,6.43611319871376
"Chile",2020,"Región de Los Ríos",13,"Micro",0.65390306398643,0.175951106610733,0.0785513287102255,781281.399076153,18119,24327,8574801.81,1123241.944,405835,18429.5,22.020944681082,2402760738892.28,0.0134288806981925,5920536.02792337,48.0905325607205,10.4890708052813,33.7499611232729,12,11.0716306075448,3.11918053776025,14.5702302455902,10.3305086493492,10.2586381137371,29.3889731168746,12.2764430940151,18.5314133763313,707554,870556.242235733,80617.898204859,951174.140440592,74.3874679216987,80.2,7.29114048812941,7.23914128806789,4.4,1589.5622605246,44.6462232187958,5.99430803158919
"Chile",2020,"Región de Los Ríos",13,"Pequeña",0.132303583673175,0.410957616085636,0.23343353626465,8645833.88115703,3666,56819,25482017.2,9946722.913,405835,18429.5,22.020944681082,2402760738892.28,0.0134288806981925,5920536.02792337,48.0905325607205,10.4890708052813,33.7499611232729,12,11.0716306075448,3.11918053776025,14.5702302455902,10.3305086493492,10.2586381137371,29.3889731168746,12.2764430940151,18.5314133763313,707554,870556.242235733,80617.898204859,951174.140440592,74.3874679216987,80.2,7.29114048812941,7.23914128806789,4.4,1589.5622605246,9.03322778961893,14.0005174516737
"Chile",2020,"Región de Los Lagos",14,"Micro",0.625323598708514,0.15326504932112,0.0295638382878768,5257816.3600203,42996,69670,21714431.42,6423821.191,891440,48583.6,18.3485785326736,6224534635612,0.0347885378974257,6982561.5135197,46.1956714533341,6.08848014330879,25.2465005599983,11.5,10.9435834680624,2.61715799570083,14.5423024892807,12.4068692326545,10.8346007764339,27.986255288124,11.4634491503238,19.0741345286369,833217,975631.593965888,73235.0624343132,1048866.6564002,79.4397444410844,80.2,6.39975769541416,7.20100187852222,3.7,1649.3538544378,48.2320739477699,7.81544467378623
"Chile",2020,"Región de Coquimbo",5,"Pequeña",0.129413848758021,0.380835967685283,0.196977246950427,9135489.7845617,6575,108424,45439501.68,11507652.99,836096,40579.9,20.603697889842,5657554787442.9,0.0316197227024295,6766633.00319927,47.825373359191,12.7665158821769,31.5928045448926,11.6,11.3114349476838,2.55689043551683,12.0595447719097,8.30384045839309,11.5156315267086,31.4522981643676,13.5248824954032,18.3820739388465,721694,886518.640672176,66558.2254856899,953076.866157866,75.7225056517211,81.8,5.78880894060012,5.18731988472622,4.9,1756.1380511329,7.86392950091856,12.9678888548683
"Chile",2020,"Región de Magallanes y la Antártica Chilena",16,"Pequeña",0.161739246237848,0.326299558540861,0.185007450995519,2888690.93809467,2429,30896,16866071.27,3412973.087,178362,132297.2,1.34819179846588,1689172340601.32,0.00944067941241596,9470472.07701932,55.0332085937752,7.04021176406667,15.9679797016407,5.5,12.0790232689263,1.90700497478246,8.48017707467079,8.88984054327011,10.1830638945102,28.2803416252136,12.4547690153121,28.5372734069824,1109401,1363091.07461434,48646.1246447404,1411737.19925908,78.5840897977653,80.1,7.34461376302127,4.58978772231784,1.1,1031.609872058,13.6183716262433,17.322075329947
"Chile",2020,"Región de Magallanes y la Antártica Chilena",16,"Grande",0.00819017179384738,0.304120989375409,0.622681494427681,3815140.55193186,123,28796,56766310.8,4371007.775,178362,132297.2,1.34819179846588,1689172340601.32,0.00944067941241596,9470472.07701932,55.0332085937752,7.04021176406667,15.9679797016407,5.5,12.0790232689263,1.90700497478246,8.48017707467079,8.88984054327011,10.1830638945102,28.2803416252136,12.4547690153121,28.5372734069824,1109401,1363091.07461434,48646.1246447404,1411737.19925908,78.5840897977653,80.1,7.34461376302127,4.58978772231784,1.1,1031.609872058,0.689608773169173,16.1446944977069
"Chile",2020,"Región de Antofagasta",3,"Sin Ventas/Sin Información",0.19915672617618,0.0447960829773263,0,1886945.97175774,7463,11052,0,2537342.914,691854,126049.1,5.48876588567471,15697053228157.8,0.087729856619552,22688389.7876688,52.7214551996752,11.3738521012269,19.8493269289857,8.8,12.4418123220499,1.9285712391138,5.51045164465904,5.78049421310424,10.4359723627567,32.8282356262207,14.7897064685821,26.4908403158187,1146048,1352495.69834001,51135.1896096812,1403630.88794969,81.6488263575692,78.9,5.34939452543455,7.57284045693749,7.4,1519.3957106557,10.7869579419935,1.5974468601757
"Chile",2020,"Región de Los Lagos",14,"Pequeña",0.155109223653975,0.295081967213115,0.104500140551692,16106838.345995,10665,134136,76754618.71,18565305.347,891440,48583.6,18.3485785326736,6224534635612,0.0347885378974257,6982561.5135197,46.1956714533341,6.08848014330879,25.2465005599983,11.5,10.9435834680624,2.61715799570083,14.5423024892807,12.4068692326545,10.8346007764339,27.986255288124,11.4634491503238,19.0741345286369,833217,975631.593965888,73235.0624343132,1048866.6564002,79.4397444410844,80.2,6.39975769541416,7.20100187852222,3.7,1649.3538544378,11.963788925783,15.0471147805797
"Chile",2020,"Región de Los Lagos",14,"Grande",0.00794089415049885,0.331318251014141,0.780297856414996,24400134.7688422,546,150608,573123290.87,25748727.929,891440,48583.6,18.3485785326736,6224534635612,0.0347885378974257,6982561.5135197,46.1956714533341,6.08848014330879,25.2465005599983,11.5,10.9435834680624,2.61715799570083,14.5423024892807,12.4068692326545,10.8346007764339,27.986255288124,11.4634491503238,19.0741345286369,833217,975631.593965888,73235.0624343132,1048866.6564002,79.4397444410844,80.2,6.39975769541416,7.20100187852222,3.7,1649.3538544378,0.61249214753657,16.8949116036974
"Chile",2020,"Región de Antofagasta",3,"Pequeña",0.171590211619032,0.352118613153479,0.120672426797871,13093699.9294166,6430,86874,45902767.9,15256123.002,691854,126049.1,5.48876588567471,15697053228157.8,0.087729856619552,22688389.7876688,52.7214551996752,11.3738521012269,19.8493269289857,8.8,12.4418123220499,1.9285712391138,5.51045164465904,5.78049421310424,10.4359723627567,32.8282356262207,14.7897064685821,26.4908403158187,1146048,1352495.69834001,51135.1896096812,1403630.88794969,81.6488263575692,78.9,5.34939452543455,7.57284045693749,7.4,1519.3957106557,9.29386835950937,12.5566954877763
"Chile",2020,"Región de Antofagasta",3,"Grande",0.00733861713767246,0.275427816373349,0.740514098405228,22290282.988435,275,67953,281685283.77,23128150.577,691854,126049.1,5.48876588567471,15697053228157.8,0.087729856619552,22688389.7876688,52.7214551996752,11.3738521012269,19.8493269289857,8.8,12.4418123220499,1.9285712391138,5.51045164465904,5.78049421310424,10.4359723627567,32.8282356262207,14.7897064685821,26.4908403158187,1146048,1352495.69834001,51135.1896096812,1403630.88794969,81.6488263575692,78.9,5.34939452543455,7.57284045693749,7.4,1519.3957106557,0.397482705888815,9.8218699320955
"Chile",2020,"Región de Los Ríos",13,"Sin Ventas/Sin Información",0.19578476307337,0.0517358599739621,0,1224790.66400167,5425,7153,0,1394996.456,405835,18429.5,22.020944681082,2402760738892.28,0.0134288806981925,5920536.02792337,48.0905325607205,10.4890708052813,33.7499611232729,12,11.0716306075448,3.11918053776025,14.5702302455902,10.3305086493492,10.2586381137371,29.3889731168746,12.2764430940151,18.5314133763313,707554,870556.242235733,80617.898204859,951174.140440592,74.3874679216987,80.2,7.29114048812941,7.23914128806789,4.4,1589.5622605246,13.3675015708354,1.762538962879
"Chile",2020,"Región del Libertador General Bernardo O'Higgins",8,"Pequeña",0.150534373194685,0.336961464299076,0.125756843886602,9323061.56548436,10423,175626,74661784.55,11109089.571,991063,16387,60.47861109416,7588660988068.1,0.0424125554485194,7657092.42305292,49.5720152947337,10.9298960434676,24.9495208199996,9.8,11.0868921909071,2.98143420368433,12.2611418366432,10.2634109556674,10.7536077499389,33.5868179798126,11.4467956125736,17.5065904855728,755550,915027.308402396,66764.1888604362,981791.496654979,76.9562536980958,81.1,6.50513640404293,6.59422308906845,5.1,1652.1654021995,10.5169903426926,17.7209723297106
"Chile",2020,"Región de Antofagasta",3,"Micro",0.598884530195074,0.124113360192609,0.0317367223309955,1484422.22800906,22442,30621,12072380.06,2045670.299,691854,126049.1,5.48876588567471,15697053228157.8,0.087729856619552,22688389.7876688,52.7214551996752,11.3738521012269,19.8493269289857,8.8,12.4418123220499,1.9285712391138,5.51045164465904,5.78049421310424,10.4359723627567,32.8282356262207,14.7897064685821,26.4908403158187,1146048,1352495.69834001,51135.1896096812,1403630.88794969,81.6488263575692,78.9,5.34939452543455,7.57284045693749,7.4,1519.3957106557,32.4374795838428,4.42593379528051
"Chile",2020,"Región de Tarapacá",2,"Pequeña",0.151368402345833,0.289800087552897,0.112446376927794,2491393.83638999,3407,37734,26602649.73,3318098.477,382773,42225.9,9.06488671644654,4391578670282.1,0.0245442607269891,11473062.8081973,50.9233498116117,10.2547197645704,27.1521981796269,13.6,12.3462979417898,1.44206034019589,5.72459623217582,6.58401325345039,12.1876098215579,33.3093225955963,14.7122800350189,23.8777369260787,1037445,1190976.2076107,48411.742086421,1239387.94988107,83.7062267208673,80.7,4.70775106917154,5.94262295081967,5.2,2114.569209427,8.90083678838372,9.85806208901882
"Chile",2020,"Región de Valparaíso",6,"Sin Ventas/Sin Información",0.217745743947851,0.117907196520508,0,25596245.1242134,28126,96942,0,27506194.892,1960170,16396.1,119.550990784394,13086550254373,0.0731399174592366,6676232.29330772,47.2746369994753,11.8697922371069,25.9034323118906,11.1,12.1147842555398,1.99469346553087,7.95419365167617,7.4053406715393,11.5957088768482,29.0178298950195,14.245069026947,25.8578658103942,803859,1005474.39393328,61599.5240751489,1067073.91817149,75.3330517787854,81.1,7.39629725993153,6.82385293069206,5.6,1750.0012753996,14.3487554650872,4.94559145380248
"Chile",2020,"Región de Antofagasta",3,"Mediana",0.0230299148720412,0.203544127303237,0.107076752465905,6913787.51856706,863,50218,40731088.67,8013288.462,691854,126049.1,5.48876588567471,15697053228157.8,0.087729856619552,22688389.7876688,52.7214551996752,11.3738521012269,19.8493269289857,8.8,12.4418123220499,1.9285712391138,5.51045164465904,5.78049421310424,10.4359723627567,32.8282356262207,14.7897064685821,26.4908403158187,1146048,1352495.69834001,51135.1896096812,1403630.88794969,81.6488263575692,78.9,5.34939452543455,7.57284045693749,7.4,1519.3957106557,1.24737300066199,7.25846782702709
"Chile",2020,"Región del Libertador General Bernardo O'Higgins",8,"Micro",0.628769497400347,0.156191901459119,0.0371586126950756,5273032.15330092,43536,81408,22061052.5,6521017.761,991063,16387,60.47861109416,7588660988068.1,0.0424125554485194,7657092.42305292,49.5720152947337,10.9298960434676,24.9495208199996,9.8,11.0868921909071,2.98143420368433,12.2611418366432,10.2634109556674,10.7536077499389,33.5868179798126,11.4467956125736,17.5065904855728,755550,915027.308402396,66764.1888604362,981791.496654979,76.9562536980958,81.1,6.50513640404293,6.59422308906845,5.1,1652.1654021995,43.9285898071061,8.21421039832987
"Chile",2020,"Región del Libertador General Bernardo O'Higgins",8,"Grande",0.00732235701906413,0.295992939438417,0.736607034882409,22909649.8494262,507,154273,437323282.27,23872031.499,991063,16387,60.47861109416,7588660988068.1,0.0424125554485194,7657092.42305292,49.5720152947337,10.9298960434676,24.9495208199996,9.8,11.0868921909071,2.98143420368433,12.2611418366432,10.2634109556674,10.7536077499389,33.5868179798126,11.4467956125736,17.5065904855728,755550,915027.308402396,66764.1888604362,981791.496654979,76.9562536980958,81.1,6.50513640404293,6.59422308906845,5.1,1652.1654021995,0.511571918233251,15.5664170693488
"Chile",2020,"Región de Los Lagos",14,"Mediana",0.0195177288460979,0.158093767323988,0.0856381647454346,7539584.21627217,1342,71865,62900630.06,8333655.805,891440,48583.6,18.3485785326736,6224534635612,0.0347885378974257,6982561.5135197,46.1956714533341,6.08848014330879,25.2465005599983,11.5,10.9435834680624,2.61715799570083,14.5423024892807,12.4068692326545,10.8346007764339,27.986255288124,11.4634491503238,19.0741345286369,833217,975631.593965888,73235.0624343132,1048866.6564002,79.4397444410844,80.2,6.39975769541416,7.20100187852222,3.7,1649.3538544378,1.50542941757157,8.06167549133986
"Chile",2020,"Región de Valparaíso",6,"Pequeña",0.145081250145159,0.298484898241159,0.130400973585676,22793215.8263049,18740,245411,133740017.92,27537372.762,1960170,16396.1,119.550990784394,13086550254373,0.0731399174592366,6676232.29330772,47.2746369994753,11.8697922371069,25.9034323118906,11.1,12.1147842555398,1.99469346553087,7.95419365167617,7.4053406715393,11.5957088768482,29.0178298950195,14.245069026947,25.8578658103942,803859,1005474.39393328,61599.5240751489,1067073.91817149,75.3330517787854,81.1,7.39629725993153,6.82385293069206,5.6,1750.0012753996,9.56039527183867,12.5198834794941
"Chile",2020,"Región de Tarapacá",2,"Micro",0.609738759552159,0.160221800671239,0.0276129722787089,944105.334664687,13724,20862,6532698.07,1433818.805,382773,42225.9,9.06488671644654,4391578670282.1,0.0245442607269891,11473062.8081973,50.9233498116117,10.2547197645704,27.1521981796269,13.6,12.3462979417898,1.44206034019589,5.72459623217582,6.58401325345039,12.1876098215579,33.3093225955963,14.7122800350189,23.8777369260787,1037445,1190976.2076107,48411.742086421,1239387.94988107,83.7062267208673,80.7,4.70775106917154,5.94262295081967,5.2,2114.569209427,35.8541485423476,5.45022768063578
"Chile",2020,"Región Metropolitana",7,"Sin Ventas/Sin Información",0.229869010330806,0.0638859089262782,0,142016749.527584,133861,482247,0,158315347.019,8125072,15403.2,527.49246909733,72170384978987,0.403355804070715,8882430.20849378,52.6995749180448,11.5638084719233,23.8687238443467,8.8,12.6338315347019,1.92155465483665,6.74449428915977,6.34602978825569,9.62637066841125,28.419691324234,13.2846161723136,31.535130739212,1269539,1498739.80010101,47555.9254026653,1546295.72553846,82.1019703594696,81.4,6.35071295368213,5.96490056644298,7.1,1909.5215402399,16.4750540056753,5.93529509646191
"Chile",2020,"Región del Biobío",10,"Mediana",0.0183296061432262,0.170973039589799,0.113201823314591,13478308.0028079,1795,120973,84276074.03,15261794.333,1663696,23890.2,69.6392663100351,10864611057223.6,0.0607216371393605,6530406.43075634,45.6670031445515,9.94641122633427,22.5290231761846,13,11.6055334702916,2.57225167006254,11.3450691103935,8.92766341567039,11.2231895327568,28.0650913715362,12.934386730194,23.5472470521926,750164,915111.650812369,69363.869543539,984475.520133041,76.1993155611233,80.8,6.57211413623642,7.9985987856142,5,1410.714457449,1.0789230724844,7.27134043719526
"Chile",2020,"Región de Arica y Parinacota",1,"Mediana",0.010862968806894,0.17722304361601,0.122465677159366,1865672.64187346,179,13425,8005939.13,2244705.288,252110,16873.3,14.9413570552293,1330993102017.59,0.00743883787003758,5279414.15262223,48.4525795258706,7.34786825834159,29.9911642623766,12,12.0532970550576,2.24448181688785,6.90327584743499,6.42261430621147,10.5766355991363,34.7711235284805,15.6552866101264,21.6763898730278,762629,931442.72390686,63598.8662052105,995041.59011207,76.6429066886132,80.5,6.51699654912538,5.87219343696027,6.7,1839.2765062869,0.710007536392844,5.32505652294633
"Chile",2020,"Región de Arica y Parinacota",1,"Micro",0.679269328802039,0.217882036117858,0.0760729007802072,404104.245455505,11193,16505,4973107.79,588804.539,252110,16873.3,14.9413570552293,1330993102017.59,0.00743883787003758,5279414.15262223,48.4525795258706,7.34786825834159,29.9911642623766,12,12.0532970550576,2.24448181688785,6.90327584743499,6.42261430621147,10.5766355991363,34.7711235284805,15.6552866101264,21.6763898730278,762629,931442.72390686,63598.8662052105,995041.59011207,76.6429066886132,80.5,6.51699654912538,5.87219343696027,6.7,1839.2765062869,44.397286898576,6.54674546824799
"Chile",2020,"Región de Atacama",4,"Grande",0.00532672327408892,0.27266263173488,0.674470019371259,8629742.67542973,101,32211,78978862,8915343.6,314709,75176.2,4.1862850210572,3539893820097.42,0.0197842469393239,11248149.306494,51.8492919426435,10.9265479978054,23.0714128756828,8.8,11.6041271765246,2.2614823654294,8.78688022494316,9.54749137163162,12.2312530875206,32.2382062673568,14.2493739724159,19.3243533372879,928245,1106144.55645936,62584.1411409106,1168728.69711129,79.4235074716485,80.7,5.30966702572853,6.41586468358121,2.9,1683.4599582471,0.32093140011884,10.235169632899
"Chile",2020,"Región de Magallanes y la Antártica Chilena",16,"Sin Ventas/Sin Información",0.18131575442802,0.0406501489132501,0,838835.854632745,2723,3849,0,1024000.156,178362,132297.2,1.34819179846588,1689172340601.32,0.00944067941241596,9470472.07701932,55.0332085937752,7.04021176406667,15.9679797016407,5.5,12.0790232689263,1.90700497478246,8.48017707467079,8.88984054327011,10.1830638945102,28.2803416252136,12.4547690153121,28.5372734069824,1109401,1363091.07461434,48646.1246447404,1411737.19925908,78.5840897977653,80.1,7.34461376302127,4.58978772231784,1.1,1031.609872058,15.2667047913793,2.15797086823427
"Chile",2020,"Región de Arica y Parinacota",1,"Pequeña",0.11239228061658,0.342340796282606,0.195448488731498,1898374.58299694,1852,25933,12777038.76,2528839.732,252110,16873.3,14.9413570552293,1330993102017.59,0.00743883787003758,5279414.15262223,48.4525795258706,7.34786825834159,29.9911642623766,12,12.0532970550576,2.24448181688785,6.90327584743499,6.42261430621147,10.5766355991363,34.7711235284805,15.6552866101264,21.6763898730278,762629,931442.72390686,63598.8662052105,995041.59011207,76.6429066886132,80.5,6.51699654912538,5.87219343696027,6.7,1839.2765062869,7.34599976200865,10.2863829280869
"Chile",2020,"Región de Arica y Parinacota",1,"Grande",0.00260953999271756,0.144128207836097,0.606012933328928,2231350.16133381,43,10918,39616836.07,2514911.242,252110,16873.3,14.9413570552293,1330993102017.59,0.00743883787003758,5279414.15262223,48.4525795258706,7.34786825834159,29.9911642623766,12,12.0532970550576,2.24448181688785,6.90327584743499,6.42261430621147,10.5766355991363,34.7711235284805,15.6552866101264,21.6763898730278,762629,931442.72390686,63598.8662052105,995041.59011207,76.6429066886132,80.5,6.51699654912538,5.87219343696027,6.7,1839.2765062869,0.17056046963627,4.33064931974138
"Chile",2020,"Región de Coquimbo",5,"Mediana",0.0143880644018423,0.150129961362838,0.150337814214717,5213788.34129543,731,42742,34680530.2,5862786.17,836096,40579.9,20.603697889842,5657554787442.9,0.0316197227024295,6766633.00319927,47.825373359191,12.7665158821769,31.5928045448926,11.6,11.3114349476838,2.55689043551683,12.0595447719097,8.30384045839309,11.5156315267086,31.4522981643676,13.5248824954032,18.3820739388465,721694,886518.640672176,66558.2254856899,953076.866157866,75.7225056517211,81.8,5.78880894060012,5.18731988472622,4.9,1756.1380511329,0.874301515615432,5.11209239130435
"Chile",2020,"Región de Aysén del General Carlos Ibáñez del Campo",15,"Mediana",0.0125334864140834,0.167675668321883,NA,NA,131,7395,NA,NA,107297,108494.4,0.988963485672993,1138179566782.69,0.00636121498409851,10607748.2761185,63.8066257253228,6.85194140325638,29.6858795001502,6.5,11.3825000313349,3.18974927067756,12.1976308524608,11.7093786597251,10.2570138871669,24.9677807092666,11.4355109632015,25.1115292310714,1061163,1214356.54462194,55720.9691176412,1270077.51373958,83.5510437501066,80.9,5.53603549027465,6.23885918003565,6.5,1610.4830517163,1.22091018388212,6.89208458763992
"Chile",2020,"Región de Valparaíso",6,"Mediana",0.0187893379990555,0.137508529060836,0.111773937133214,15283547.2597849,2427,113058,114636018,16867160.723,1960170,16396.1,119.550990784394,13086550254373,0.0731399174592366,6676232.29330772,47.2746369994753,11.8697922371069,25.9034323118906,11.1,12.1147842555398,1.99469346553087,7.95419365167617,7.4053406715393,11.5957088768482,29.0178298950195,14.245069026947,25.8578658103942,803859,1005474.39393328,61599.5240751489,1067073.91817149,75.3330517787854,81.1,7.39629725993153,6.82385293069206,5.6,1750.0012753996,1.23815791487473,5.76776504078728
"Chile",2020,"Región Metropolitana",7,"Pequeña",0.171024975272008,0.169282881013427,0.0390857265896599,139570145.832813,99594,1277843,750038427.04,173161164.03,8125072,15403.2,527.49246909733,72170384978987,0.403355804070715,8882430.20849378,52.6995749180448,11.5638084719233,23.8687238443467,8.8,12.6338315347019,1.92155465483665,6.74449428915977,6.34602978825569,9.62637066841125,28.419691324234,13.2846161723136,31.535130739212,1269539,1498739.80010101,47555.9254026653,1546295.72553846,82.1019703594696,81.4,6.35071295368213,5.96490056644298,7.1,1909.5215402399,12.2576144556011,15.7271590947133
"Chile",2020,"Región de Atacama",4,"Mediana",0.0154000316439006,0.142481059804461,0.115552930350079,2189311.16051098,292,16832,13530977.92,2434107.374,314709,75176.2,4.1862850210572,3539893820097.42,0.0197842469393239,11248149.306494,51.8492919426435,10.9265479978054,23.0714128756828,8.8,11.6041271765246,2.2614823654294,8.78688022494316,9.54749137163162,12.2312530875206,32.2382062673568,14.2493739724159,19.3243533372879,928245,1106144.55645936,62584.1411409106,1168728.69711129,79.4235074716485,80.7,5.30966702572853,6.41586468358121,2.9,1683.4599582471,0.927841275591102,5.34843299683199
"Chile",2020,"Región de Arica y Parinacota",1,"Sin Ventas/Sin Información",0.19486588178177,0.118425916147428,0,1988268.57422294,3211,8971,0,2130609.881,252110,16873.3,14.9413570552293,1330993102017.59,0.00743883787003758,5279414.15262223,48.4525795258706,7.34786825834159,29.9911642623766,12,12.0532970550576,2.24448181688785,6.90327584743499,6.42261430621147,10.5766355991363,34.7711235284805,15.6552866101264,21.6763898730278,762629,931442.72390686,63598.8662052105,995041.59011207,76.6429066886132,80.5,6.51699654912538,5.87219343696027,6.7,1839.2765062869,12.7365039070247,3.55836737931855
"Chile",2020,"Región de Aysén del General Carlos Ibáñez del Campo",15,"Micro",0.692403367776502,0.275310069609777,NA,NA,7237,12142,3244844.66,1109912.392,107297,108494.4,0.988963485672993,1138179566782.69,0.00636121498409851,10607748.2761185,63.8066257253228,6.85194140325638,29.6858795001502,6.5,11.3825000313349,3.18974927067756,12.1976308524608,11.7093786597251,10.2570138871669,24.9677807092666,11.4355109632015,25.1115292310714,1061163,1214356.54462194,55720.9691176412,1270077.51373958,83.5510437501066,80.9,5.53603549027465,6.23885918003565,6.5,1610.4830517163,67.4482977156864,11.3162530173257
"Chile",2020,"Región de Aysén del General Carlos Ibáñez del Campo",15,"Pequeña",0.123038652889399,0.393873432646305,NA,NA,1286,17371,8918784.15,2615529.903,107297,108494.4,0.988963485672993,1138179566782.69,0.00636121498409851,10607748.2761185,63.8066257253228,6.85194140325638,29.6858795001502,6.5,11.3825000313349,3.18974927067756,12.1976308524608,11.7093786597251,10.2570138871669,24.9677807092666,11.4355109632015,25.1115292310714,1061163,1214356.54462194,55720.9691176412,1270077.51373958,83.5510437501066,80.9,5.53603549027465,6.23885918003565,6.5,1610.4830517163,11.985423637194,16.1896418352796
"Chile",2020,"Región de Tarapacá",2,"Mediana",0.0330993424560156,0.193829824817406,0.153309911343679,2480641.84035768,745,25238,36270175.91,2896773.561,382773,42225.9,9.06488671644654,4391578670282.1,0.0245442607269891,11473062.8081973,50.9233498116117,10.2547197645704,27.1521981796269,13.6,12.3462979417898,1.44206034019589,5.72459623217582,6.58401325345039,12.1876098215579,33.3093225955963,14.7122800350189,23.8777369260787,1037445,1190976.2076107,48411.742086421,1239387.94988107,83.7062267208673,80.7,4.70775106917154,5.94262295081967,5.2,2114.569209427,1.94632327776515,6.59346401130696
"Chile",2020,"Región de Aysén del General Carlos Ibáñez del Campo",15,"Sin Ventas/Sin Información",0.170110983543819,0.0935990748928644,NA,NA,1778,4128,0,789126.064,107297,108494.4,0.988963485672993,1138179566782.69,0.00636121498409851,10607748.2761185,63.8066257253228,6.85194140325638,29.6858795001502,6.5,11.3825000313349,3.18974927067756,12.1976308524608,11.7093786597251,10.2570138871669,24.9677807092666,11.4355109632015,25.1115292310714,1061163,1214356.54462194,55720.9691176412,1270077.51373958,83.5510437501066,80.9,5.53603549027465,6.23885918003565,6.5,1610.4830517163,16.5708267705528,3.84726506798885
"Chile",2020,"Región de Valparaíso",6,"Grande",0.00759470151506941,0.279804278578283,0.719322540530027,48331711.5211785,981,230052,737741496.98,51849490.5,1960170,16396.1,119.550990784394,13086550254373,0.0731399174592366,6676232.29330772,47.2746369994753,11.8697922371069,25.9034323118906,11.1,12.1147842555398,1.99469346553087,7.95419365167617,7.4053406715393,11.5957088768482,29.0178298950195,14.245069026947,25.8578658103942,803859,1005474.39393328,61599.5240751489,1067073.91817149,75.3330517787854,81.1,7.39629725993153,6.82385293069206,5.6,1750.0012753996,0.500466796247264,11.7363289918732
"Chile",2021,"Región de La Araucanía",12,"Sin Ventas/Sin Información",0.212479526450389,0.0879562393565652,0,7115715.38602158,14789,35793,0,8456194.607,1019548,31842.3,32.0186669932762,5707930864601.3,0.028658576345774,5598491.55174773,44.7605790473136,7.21513595902201,31.5719863529098,NA,NA,NA,NA,NA,NA,NA,NA,NA,NA,NA,NA,NA,NA,80.5,8.5,7.46482917025552,3.2,1834.342277166,14.5054475120347,3.5106733572132
"Chile",2021,"Región de La Araucanía",12,"Pequeña",0.149377891439901,0.317571834737714,0.236657862511127,12551285.8506369,10397,129233,75197761.02,15042162.216,1019548,31842.3,32.0186669932762,5707930864601.3,0.028658576345774,5598491.55174773,44.7605790473136,7.21513595902201,31.5719863529098,NA,NA,NA,NA,NA,NA,NA,NA,NA,NA,NA,NA,NA,NA,80.5,8.5,7.46482917025552,3.2,1834.342277166,10.1976562162841,12.6755189554587
"Chile",2021,"Región de Antofagasta",3,"Pequeña",0.186709565647816,0.330881416727601,0.110277663993108,13402195.4156344,7544,90955,55124020.92,15328356.034,703746,126049.1,5.58311007377284,15559963651438.2,0.0781240026938129,22110198.3548584,55.5751420335354,9.54810988687843,22.9437594870695,NA,NA,NA,NA,NA,NA,NA,NA,NA,NA,NA,NA,NA,NA,79.1,5.4,4.5594743194314,4.5,1755.605005215,10.7197767376298,12.9244073856192
"Chile",2021,"Región de Aysén del General Carlos Ibáñez del Campo",15,"Grande",0.00203162264817596,0.0598664188402541,NA,NA,23,2931,NA,NA,107737,108494.4,0.99301899452875,1175871080573.83,0.00590385411715507,10914273.4675537,64.593223462342,4.57965672021877,31.4498234868304,NA,NA,NA,NA,NA,NA,NA,NA,NA,NA,NA,NA,NA,NA,81.1,6.1,5.6657223796034,3.7,1827.598689401,0.213482833195652,2.72051384389764
"Chile",2021,"Región de Coquimbo",5,"Sin Ventas/Sin Información",0.201716119263078,0.0914186512820008,0,5489466.9086075,11190,27857,0,6625305.832,848079,40579.9,20.8989918654309,6168733570760.9,0.0309721904816272,7273772.33814409,48.7118407270985,9.55432562798118,29.6623096976476,NA,NA,NA,NA,NA,NA,NA,NA,NA,NA,NA,NA,NA,NA,82,6.9,5.04057044504548,3.7,1773.4196932125,13.1945255100056,3.28471757937645
"Chile",2021,"Región de Los Ríos",13,"Pequeña",0.142288328013426,0.392119273066411,0.230211540189973,8355451.29756458,4324,60544,30387222.38,9785660.569,407818,18429.5,22.1285439105781,2638566250929.93,0.0132478045266128,6469960.25415732,48.9422452962002,8.48752824011891,33.5078326200299,NA,NA,NA,NA,NA,NA,NA,NA,NA,NA,NA,NA,NA,NA,80.4,9.1,10.2380342974148,4.2,1668.636499615,10.6027688821975,14.8458380944441
"Chile",2021,"Región de Coquimbo",5,"Pequeña",0.143310379637308,0.351596060632911,0.184744264968316,8995740.18793031,7950,107138,55903287.05,11254789.979,848079,40579.9,20.8989918654309,6168733570760.9,0.0309721904816272,7273772.33814409,48.7118407270985,9.55432562798118,29.6623096976476,NA,NA,NA,NA,NA,NA,NA,NA,NA,NA,NA,NA,NA,NA,82,6.9,5.04057044504548,3.7,1773.4196932125,9.37412670281896,12.6330212161839
"Chile",2021,"Región de Antofagasta",3,"Micro",0.574805098378913,0.110434469436532,0.026333310502714,1652422.05476956,23225,30357,13163118.5,2251361.29,703746,126049.1,5.58311007377284,15559963651438.2,0.0781240026938129,22110198.3548584,55.5751420335354,9.54810988687843,22.9437594870695,NA,NA,NA,NA,NA,NA,NA,NA,NA,NA,NA,NA,NA,NA,79.1,5.4,4.5594743194314,4.5,1755.605005215,33.0019637767035,4.31363020180577
"Chile",2021,"Región del Maule",9,"Micro",0.620498320506824,0.164098781669051,0.0622637019595579,8153030.07032234,58374,92331,29812777.66,10054895.436,1143012,16387,69.7511441996705,7651347530519.1,0.0384161498365919,6694022.04921654,49.4331386641122,6.92146808887706,29.177595312781,NA,NA,NA,NA,NA,NA,NA,NA,NA,NA,NA,NA,NA,NA,81.1,7.5,5.9060172900796,3.8,1665.1618705665,51.070329970289,8.07786794889292
"Chile",2021,"Región Metropolitana",7,"Mediana",0.0335128608874241,0.127292300521866,0.0412776441849666,151184875.919749,21262,1058041,1030733366.37,175944912.351,8242459,15403.2,535.113417991067,81944729727602,0.411430928078757,9941781.90362876,55.8199297385304,9.91753757154583,26.1827543590957,NA,NA,NA,NA,NA,NA,NA,NA,NA,NA,NA,NA,NA,NA,81.5,6.3,5.09527551321088,4.9,1846.0874358004,2.57957000453384,12.8364727079625
"Chile",2021,"Región del Maule",9,"Grande",0.00579318848590501,0.239055904595178,0.55823648189289,16332362.1418048,545,134506,267291850.51,17762718.569,1143012,16387,69.7511441996705,7651347530519.1,0.0384161498365919,6694022.04921654,49.4331386641122,6.92146808887706,29.177595312781,NA,NA,NA,NA,NA,NA,NA,NA,NA,NA,NA,NA,NA,NA,81.1,7.5,5.9060172900796,3.8,1665.1618705665,0.476810392191858,11.7676804792951
"Chile",2021,"Región de Valparaíso",6,"Pequeña",0.158832314037832,0.308079645378546,0.119210331909663,26566516.4576097,22335,272998,163543919.29,32419844.424,1979373,16396.1,120.722183933984,14405810488311.3,0.0723291906463655,7277966.55219168,50.2717110230152,9.16815525273887,27.9833471759573,NA,NA,NA,NA,NA,NA,NA,NA,NA,NA,NA,NA,NA,NA,81.3,8.2,5.85397582524798,3.4,1790.2638865944,11.2838762577847,13.7921452904531
"Chile",2021,"Región de La Araucanía",12,"Grande",0.00540214361656274,0.265974674461408,0.519104634848641,13784448.4030493,376,108236,164944894.97,15572901.112,1019548,31842.3,32.0186669932762,5707930864601.3,0.028658576345774,5598491.55174773,44.7605790473136,7.21513595902201,31.5719863529098,NA,NA,NA,NA,NA,NA,NA,NA,NA,NA,NA,NA,NA,NA,80.5,8.5,7.46482917025552,3.2,1834.342277166,0.368790875956797,10.6160769282074
"Chile",2021,"Región del Maule",9,"Pequeña",0.146296611250478,0.317731114093005,0.205128511465309,10631385.3018934,13763,178773,98218552.89,12443626.152,1143012,16387,69.7511441996705,7651347530519.1,0.0384161498365919,6694022.04921654,49.4331386641122,6.92146808887706,29.177595312781,NA,NA,NA,NA,NA,NA,NA,NA,NA,NA,NA,NA,NA,NA,81.1,7.5,5.9060172900796,3.8,1665.1618705665,12.0409934453881,15.6405182097826
"Chile",2021,"Región de La Araucanía",12,"Mediana",0.0173558231085314,0.173305221149995,0.176252294488086,9266598.28210722,1208,70525,56003961.92,10444447.193,1019548,31842.3,32.0186669932762,5707930864601.3,0.028658576345774,5598491.55174773,44.7605790473136,7.21513595902201,31.5719863529098,NA,NA,NA,NA,NA,NA,NA,NA,NA,NA,NA,NA,NA,NA,80.5,8.5,7.46482917025552,3.2,1834.342277166,1.18483877169098,6.91728099118433
"Chile",2021,"Región de Ñuble",11,"Grande",0.00465541831490003,0.231590989983221,0.418310175870682,4658934.50752678,173,45547,56335155.24,4959306.491,514508,13178.5,39.0414690594529,3016022433003.28,0.0151429495568757,5861954.39721691,49.2154700795151,8.21217267389443,32.7695184011193,NA,NA,NA,NA,NA,NA,NA,NA,NA,NA,NA,NA,NA,NA,80.9,8.2,5.72948639246981,3.7,1490.7445559641,0.336243556951495,8.85253484882645
"Chile",2021,"Región de Los Ríos",13,"Micro",0.628780150712429,0.195178818927216,0.0727644712574669,1730851.74360457,19108,30136,9604688.66,2382723.013,407818,18429.5,22.1285439105781,2638566250929.93,0.0132478045266128,6469960.25415732,48.9422452962002,8.48752824011891,33.5078326200299,NA,NA,NA,NA,NA,NA,NA,NA,NA,NA,NA,NA,NA,NA,80.4,9.1,10.2380342974148,4.2,1668.636499615,46.8542339965377,7.38957083797184
"Chile",2021,"Región del Biobío",10,"Pequeña",0.161361618527684,0.288454597708832,0.140794167263403,21717701.3972772,17084,215790,124779565.87,26123943.085,1670590,23890.2,69.9278365187399,11864393260564.6,0.0595691552893269,7101918.04126961,47.0826813959928,8.04897305007209,25.0938220633643,NA,NA,NA,NA,NA,NA,NA,NA,NA,NA,NA,NA,NA,NA,81,7.5,6.61549023279036,4.8,1651.0334672182,10.2263272257107,12.9169933975422
"Chile",2021,"Región de Aysén del General Carlos Ibáñez del Campo",15,"Mediana",0.0158113240879781,0.18958720562103,NA,NA,179,9282,NA,NA,107737,108494.4,0.99301899452875,1175871080573.83,0.00590385411715507,10914273.4675537,64.593223462342,4.57965672021877,31.4498234868304,NA,NA,NA,NA,NA,NA,NA,NA,NA,NA,NA,NA,NA,NA,81.1,6.1,5.6657223796034,3.7,1827.598689401,1.66145335400095,8.6154245987915
"Chile",2021,"Región del Maule",9,"Mediana",0.0188996130787874,0.196781331366468,0.174371304682243,9519333.55786029,1778,110720,83491549.22,10639559.209,1143012,16387,69.7511441996705,7651347530519.1,0.0384161498365919,6694022.04921654,49.4331386641122,6.92146808887706,29.177595312781,NA,NA,NA,NA,NA,NA,NA,NA,NA,NA,NA,NA,NA,NA,81.1,7.5,5.9060172900796,3.8,1665.1618705665,1.55553922443509,9.68668745385
"Chile",2021,"Región del Biobío",10,"Mediana",0.0201938152898729,0.173713055915732,0.113779168554487,14966160.4853546,2138,129953,100837382.21,17194142.999,1670590,23890.2,69.9278365187399,11864393260564.6,0.0595691552893269,7101918.04126961,47.0826813959928,8.04897305007209,25.0938220633643,NA,NA,NA,NA,NA,NA,NA,NA,NA,NA,NA,NA,NA,NA,81,7.5,6.61549023279036,4.8,1651.0334672182,1.27978738050629,7.77886854344872
"Chile",2021,"Región de La Araucanía",12,"Micro",0.615384615384615,0.155192030294318,0.0679852081521466,4644547.39344045,42832,63154,21602220.95,6287416.463,1019548,31842.3,32.0186669932762,5707930864601.3,0.028658576345774,5598491.55174773,44.7605790473136,7.21513595902201,31.5719863529098,NA,NA,NA,NA,NA,NA,NA,NA,NA,NA,NA,NA,NA,NA,80.5,8.5,7.46482917025552,3.2,1834.342277166,42.0107734015466,6.19431355855732
"Chile",2021,"Región del Libertador General Bernardo O'Higgins",8,"Micro",0.608825410360264,0.133465573102356,0.0298882040593736,3893126.54723954,45696,71389,24246250.31,5037453.117,1000959,16387,61.0825044242387,8310250792913.2,0.041724394084417,8302288.89786015,49.5450932216136,8.89444211470936,26.3666331210537,NA,NA,NA,NA,NA,NA,NA,NA,NA,NA,NA,NA,NA,NA,81.2,7.3,5.45808966861598,4.6,1734.9361961879,45.6522195214789,7.1320603541204
"Chile",2021,"Región de Tarapacá",2,"Grande",0.0191649837200676,0.281798756933956,0.73502525299223,6571941.89567455,465,40488,230147035.89,7211943.645,391165,42225.9,9.26362729983257,4790695809692.3,0.0240532909154351,12247250.6734813,55.0359804750413,8.54336514628887,29.8264652811245,NA,NA,NA,NA,NA,NA,NA,NA,NA,NA,NA,NA,NA,NA,80.9,5.6,3.38696020321761,13.5,2706.2748456534,1.18875666278936,10.3506193038743
"Chile",2021,"Región de Ñuble",11,"Micro",0.63302925109658,0.160705750749987,0.0893112953166401,2315470.87843602,23524,31606,12027834.79,2997320.853,514508,13178.5,39.0414690594529,3016022433003.28,0.0151429495568757,5861954.39721691,49.2154700795151,8.21217267389443,32.7695184011193,NA,NA,NA,NA,NA,NA,NA,NA,NA,NA,NA,NA,NA,NA,80.9,8.2,5.72948639246981,3.7,1490.7445559641,45.7213493279016,6.14295598902252
"Chile",2021,"Región de Ñuble",11,"Mediana",0.0159037700815371,0.184435857019373,0.207144873944585,3806258.35528952,591,36273,27896855.74,4268790.02,514508,13178.5,39.0414690594529,3016022433003.28,0.0151429495568757,5861954.39721691,49.2154700795151,8.21217267389443,32.7695184011193,NA,NA,NA,NA,NA,NA,NA,NA,NA,NA,NA,NA,NA,NA,80.9,8.2,5.72948639246981,3.7,1490.7445559641,1.14867018588632,7.05003615104138
"Chile",2021,"Región de Arica y Parinacota",1,"Mediana",0.0142436999019664,0.171229345184021,0.132315536171037,1833009.94540771,247,13948,11342355.12,2122596.362,255380,16873.3,15.1351543562907,1554133740288.4,0.00780304833820188,6085573.42113086,51.5622728973724,5.88066365552717,31.9267927222185,NA,NA,NA,NA,NA,NA,NA,NA,NA,NA,NA,NA,NA,NA,80.7,7.4,5.88235294117647,8.6,2369.0187172057,0.967186153966638,5.46166496984885
"Chile",2021,"Región de Arica y Parinacota",1,"Pequeña",0.126578628683467,0.361892017972452,0.176121031454986,2389806.76443594,2195,29479,15097450.69,3173171.764,255380,16873.3,15.1351543562907,1554133740288.4,0.00780304833820188,6085573.42113086,51.5622728973724,5.88066365552717,31.9267927222185,NA,NA,NA,NA,NA,NA,NA,NA,NA,NA,NA,NA,NA,NA,80.7,7.4,5.88235294117647,8.6,2369.0187172057,8.59503485002741,11.5431905395881
"Chile",2021,"Región de Magallanes y la Antártica Chilena",16,"Grande",0.00808922662090943,0.30128513977247,0.661299838665364,4150571.99158515,132,30641,80978996.99,4736253.139,179949,132297.2,1.36018751719613,1812591156779.01,0.00910072025790987,10072804.8323637,59.1033730403745,5.47235448268343,18.8430816959972,NA,NA,NA,NA,NA,NA,NA,NA,NA,NA,NA,NA,NA,NA,80.3,7.7,4.87210718635809,2.8,1321.4855320119,0.733541169998166,17.0276022650862
"Chile",2021,"Región Metropolitana",7,"Micro",0.530619771988973,0.0701637327008587,0.00773521380311706,59143652.4560668,336648,583194,193154021.27,72685463.612,8242459,15403.2,535.113417991067,81944729727602,0.411430928078757,9941781.90362876,55.8199297385304,9.91753757154583,26.1827543590957,NA,NA,NA,NA,NA,NA,NA,NA,NA,NA,NA,NA,NA,NA,81.5,6.3,5.09527551321088,4.9,1846.0874358004,40.8431512974465,7.07548560447798
"Chile",2021,"Región del Maule",9,"Sin Ventas/Sin Información",0.208512266678005,0.0823328682762972,0,10873920.9980964,19616,46325,0,11820794.155,1143012,16387,69.7511441996705,7651347530519.1,0.0384161498365919,6694022.04921654,49.4331386641122,6.92146808887706,29.177595312781,NA,NA,NA,NA,NA,NA,NA,NA,NA,NA,NA,NA,NA,NA,81.1,7.5,5.9060172900796,3.8,1665.1618705665,17.1616745930926,4.05288833363079
"Chile",2021,"Región de Arica y Parinacota",1,"Sin Ventas/Sin Información",0.203909809122888,0.11642809791549,0,2010305.9728797,3536,9484,0,2239272.329,255380,16873.3,15.1351543562907,1554133740288.4,0.00780304833820188,6085573.42113086,51.5622728973724,5.88066365552717,31.9267927222185,NA,NA,NA,NA,NA,NA,NA,NA,NA,NA,NA,NA,NA,NA,80.7,7.4,5.88235294117647,8.6,2369.0187172057,13.8460333620487,3.71368157255854
"Chile",2021,"Región de Valparaíso",6,"Micro",0.587512444886929,0.148100500153477,0.0314989694979378,7777558.56632506,82616,131236,43213242.03,9842316.855,1979373,16396.1,120.722183933984,14405810488311.3,0.0723291906463655,7277966.55219168,50.2717110230152,9.16815525273887,27.9833471759573,NA,NA,NA,NA,NA,NA,NA,NA,NA,NA,NA,NA,NA,NA,81.3,8.2,5.85397582524798,3.4,1790.2638865944,41.7384697073265,6.63018036519645
"Chile",2021,"Región de Magallanes y la Antártica Chilena",16,"Mediana",0.0204069126118397,0.169939331963304,0.127877584047988,1304315.48486008,333,17283,15659157.75,1652216.173,179949,132297.2,1.36018751719613,1812591156779.01,0.00910072025790987,10072804.8323637,59.1033730403745,5.47235448268343,18.8430816959972,NA,NA,NA,NA,NA,NA,NA,NA,NA,NA,NA,NA,NA,NA,80.3,7.7,4.87210718635809,2.8,1321.4855320119,1.85052431522265,9.60438790990781
"Chile",2021,"Región de Los Lagos",14,"Grande",0.00840403393628942,0.327637764294146,0.809388050881593,26348684.1534743,630,158213,818530853.27,27916708.337,897303,48583.6,18.4692571155699,6722193352885.2,0.0337510204633797,7491553.41382476,45.6260262928092,3.4740149504689,26.5820517308756,NA,NA,NA,NA,NA,NA,NA,NA,NA,NA,NA,NA,NA,NA,80.4,8.1,5.46509034128931,3.8,1947.3912379653,0.702103971568133,17.6320596275729
"Chile",2021,"Región de Los Lagos",14,"Sin Ventas/Sin Información",0.200042687156502,0.054726749363209,0,4421602.49499641,14996,26427,0,5258588.174,897303,48583.6,18.4692571155699,6722193352885.2,0.0337510204633797,7491553.41382476,45.6260262928092,3.4740149504689,26.5820517308756,NA,NA,NA,NA,NA,NA,NA,NA,NA,NA,NA,NA,NA,NA,80.4,8.1,5.46509034128931,3.8,1947.3912379653,16.7123034248186,2.94515899311604
"Chile",2021,"Región de Arica y Parinacota",1,"Grande",0.00322934086846203,0.156890667583294,0.628543873211373,2503171.60308774,56,12780,53880050.86,2844079.116,255380,16873.3,15.1351543562907,1554133740288.4,0.00780304833820188,6085573.42113086,51.5622728973724,5.88066365552717,31.9267927222185,NA,NA,NA,NA,NA,NA,NA,NA,NA,NA,NA,NA,NA,NA,80.7,7.4,5.88235294117647,8.6,2369.0187172057,0.219281071344663,5.00430730675856
"Chile",2021,"Región de Los Lagos",14,"Micro",0.601261939064084,0.146037399821906,0.0236421516504063,5507013.45281805,45073,70520,23909212.08,6959482.056,897303,48583.6,18.4692571155699,6722193352885.2,0.0337510204633797,7491553.41382476,45.6260262928092,3.4740149504689,26.5820517308756,NA,NA,NA,NA,NA,NA,NA,NA,NA,NA,NA,NA,NA,NA,80.4,8.1,5.46509034128931,3.8,1947.3912379653,50.2316385880801,7.859106678569
"Chile",2021,"Región de Arica y Parinacota",1,"Micro",0.652038521423217,0.193559871344742,0.0630195591626034,433033.785027564,11307,15767,5402163.95,586859.752,255380,16873.3,15.1351543562907,1554133740288.4,0.00780304833820188,6085573.42113086,51.5622728973724,5.88066365552717,31.9267927222185,NA,NA,NA,NA,NA,NA,NA,NA,NA,NA,NA,NA,NA,NA,80.7,7.4,5.88235294117647,8.6,2369.0187172057,44.2751977445376,6.17393687837732
"Chile",2021,"Región del Libertador General Bernardo O'Higgins",8,"Sin Ventas/Sin Información",0.20198251971861,0.0644977350356244,0,6955581.31020951,15160,34499,0,7909807.39,1000959,16387,61.0825044242387,8310250792913.2,0.041724394084417,8302288.89786015,49.5450932216136,8.89444211470936,26.3666331210537,NA,NA,NA,NA,NA,NA,NA,NA,NA,NA,NA,NA,NA,NA,81.2,7.3,5.45808966861598,4.6,1734.9361961879,15.145475489006,3.44659471566767
"Chile",2021,"Región de Los Ríos",13,"Sin Ventas/Sin Información",0.207772549277699,0.0472467973212782,0,1284674.64974849,6314,7295,0,1444037.618,407818,18429.5,22.1285439105781,2638566250929.93,0.0132478045266128,6469960.25415732,48.9422452962002,8.48752824011891,33.5078326200299,NA,NA,NA,NA,NA,NA,NA,NA,NA,NA,NA,NA,NA,NA,80.4,9.1,10.2380342974148,4.2,1668.636499615,15.4823965592495,1.78878813588414
"Chile",2021,"Región de Los Ríos",13,"Mediana",0.0164204152818454,0.16631908913097,0.178556436824115,2620330.40155816,499,25680,23568906.01,3034959.588,407818,18429.5,22.1285439105781,2638566250929.93,0.0132478045266128,6469960.25415732,48.9422452962002,8.48752824011891,33.5078326200299,NA,NA,NA,NA,NA,NA,NA,NA,NA,NA,NA,NA,NA,NA,80.4,9.1,10.2380342974148,4.2,1668.636499615,1.22358503057737,6.29692657018572
"Chile",2021,"Región de Los Lagos",14,"Pequeña",0.168761005282536,0.306647476650997,0.0912757641665581,17577496.1526338,12651,148077,92306810.12,20342732.56,897303,48583.6,18.4692571155699,6722193352885.2,0.0337510204633797,7491553.41382476,45.6260262928092,3.4740149504689,26.5820517308756,NA,NA,NA,NA,NA,NA,NA,NA,NA,NA,NA,NA,NA,NA,80.4,8.1,5.46509034128931,3.8,1947.3912379653,14.0989164195372,16.5024523488721
"Chile",2021,"Región de Los Lagos",14,"Mediana",0.0215303345605891,0.164950609869743,0.0756940333014429,8365998.04327472,1614,79653,76549068.89,9292170.881,897303,48583.6,18.4692571155699,6722193352885.2,0.0337510204633797,7491553.41382476,45.6260262928092,3.4740149504689,26.5820517308756,NA,NA,NA,NA,NA,NA,NA,NA,NA,NA,NA,NA,NA,NA,80.4,8.1,5.46509034128931,3.8,1947.3912379653,1.79872350811264,8.87693454719309
"Chile",2021,"Región de Coquimbo",5,"Micro",0.632981216425713,0.179460420912382,0.0578342317354685,3778267.78120683,35114,54685,17500535.99,4940690.084,848079,40579.9,20.8989918654309,6168733570760.9,0.0309721904816272,7273772.33814409,48.7118407270985,9.55432562798118,29.6623096976476,NA,NA,NA,NA,NA,NA,NA,NA,NA,NA,NA,NA,NA,NA,82,6.9,5.04057044504548,3.7,1773.4196932125,41.4041616406019,6.4481021225617
"Chile",2021,"Región de Atacama",4,"Sin Ventas/Sin Información",0.203260015710919,0.0910584407298711,0,2857880.2585746,4140,11418,0,3055356.884,316737,75176.2,4.21326164397775,3958405346328.95,0.0198744982229584,12497451.6596702,54.018737759142,9.22198167210917,25.8613277766182,NA,NA,NA,NA,NA,NA,NA,NA,NA,NA,NA,NA,NA,NA,80.9,7.3,5.22916025838203,4.4,1847.9053599674,13.0707811212457,3.60488354691747
"Chile",2021,"Región de Atacama",4,"Micro",0.61680086410055,0.170297945642465,0.0402059325993388,2532222.08174306,12563,21354,6498093.31,3056003.965,316737,75176.2,4.21326164397775,3958405346328.95,0.0198744982229584,12497451.6596702,54.018737759142,9.22198167210917,25.8613277766182,NA,NA,NA,NA,NA,NA,NA,NA,NA,NA,NA,NA,NA,NA,80.9,7.3,5.22916025838203,4.4,1847.9053599674,39.6638220353164,6.74187101601644
"Chile",2021,"Región Metropolitana",7,"Pequeña",0.185124589600642,0.170343703564323,0.0359929963255082,163750660.847814,117451,1415880,898771792.84,203727237.935,8242459,15403.2,535.113417991067,81944729727602,0.411430928078757,9941781.90362876,55.8199297385304,9.91753757154583,26.1827543590957,NA,NA,NA,NA,NA,NA,NA,NA,NA,NA,NA,NA,NA,NA,81.5,6.3,5.09527551321088,4.9,1846.0874358004,14.2495097640158,17.1778834447342
"Chile",2021,"Región del Libertador General Bernardo O'Higgins",8,"Grande",0.00811394159027926,0.314956243094336,0.773772845236544,25006589.0572367,609,168466,627708846.32,26150735.986,1000959,16387,61.0825044242387,8310250792913.2,0.041724394084417,8302288.89786015,49.5450932216136,8.89444211470936,26.3666331210537,NA,NA,NA,NA,NA,NA,NA,NA,NA,NA,NA,NA,NA,NA,81.2,7.3,5.45808966861598,4.6,1734.9361961879,0.608416528549121,16.8304595892539
"Chile",2021,"Región de Antofagasta",3,"Grande",0.00846429897289939,0.308435829995598,0.765603376144336,24854101.3419362,342,84785,382698862.08,25962836.709,703746,126049.1,5.58311007377284,15559963651438.2,0.0781240026938129,22110198.3548584,55.5751420335354,9.54810988687843,22.9437594870695,NA,NA,NA,NA,NA,NA,NA,NA,NA,NA,NA,NA,NA,NA,79.1,5.4,4.5594743194314,4.5,1755.605005215,0.485970790597744,12.0476706084297
"Chile",2021,"Región de Ñuble",11,"Pequeña",0.144775436613654,0.288051049982204,0.285233654868093,4533303.52494282,5380,56651,38413319,5347197.812,514508,13178.5,39.0414690594529,3016022433003.28,0.0151429495568757,5861954.39721691,49.2154700795151,8.21217267389443,32.7695184011193,NA,NA,NA,NA,NA,NA,NA,NA,NA,NA,NA,NA,NA,NA,80.9,8.2,5.72948639246981,3.7,1490.7445559641,10.4565915398789,11.0107131473174
"Chile",2021,"Región Metropolitana",7,"Grande",0.0194280652477843,0.577435173975243,0.914994145686408,1011974704.93885,12326,4799584,22848081924.59,1075512312.915,8242459,15403.2,535.113417991067,81944729727602,0.411430928078757,9941781.90362876,55.8199297385304,9.91753757154583,26.1827543590957,NA,NA,NA,NA,NA,NA,NA,NA,NA,NA,NA,NA,NA,NA,81.5,6.3,5.09527551321088,4.9,1846.0874358004,1.49542751744352,58.2300015080451
"Chile",2021,"Región de Ñuble",11,"Sin Ventas/Sin Información",0.201636123893329,0.135216352265216,0,5493473.63104698,7493,26593,0,6405779.171,514508,13178.5,39.0414690594529,3016022433003.28,0.0151429495568757,5861954.39721691,49.2154700795151,8.21217267389443,32.7695184011193,NA,NA,NA,NA,NA,NA,NA,NA,NA,NA,NA,NA,NA,NA,80.9,8.2,5.72948639246981,3.7,1490.7445559641,14.5634275851882,5.16862711561336
"Chile",2021,"Región de Magallanes y la Antártica Chilena",16,"Micro",0.594190464517711,0.135829539532551,0.0424756071508973,474952.941063836,9696,13814,5201319.98,728871.93,179949,132297.2,1.36018751719613,1812591156779.01,0.00910072025790987,10072804.8323637,59.1033730403745,5.47235448268343,18.8430816959972,NA,NA,NA,NA,NA,NA,NA,NA,NA,NA,NA,NA,NA,NA,80.3,7.7,4.87210718635809,2.8,1321.4855320119,53.8819332144108,7.67661948663232
"Chile",2021,"Región de Antofagasta",3,"Mediana",0.0256651404529142,0.208471117222713,0.0977856493598414,7804931.6784635,1037,57306,48879691.37,9610360.144,703746,126049.1,5.58311007377284,15559963651438.2,0.0781240026938129,22110198.3548584,55.5751420335354,9.54810988687843,22.9437594870695,NA,NA,NA,NA,NA,NA,NA,NA,NA,NA,NA,NA,NA,NA,79.1,5.4,4.5594743194314,4.5,1755.605005215,1.4735430112569,8.14299477368255
"Chile",2021,"Región Metropolitana",7,"Sin Ventas/Sin Información",0.231314712275177,0.0547650892377087,0,136633750.933461,146756,455202,0,150837696.112,8242459,15403.2,535.113417991067,81944729727602,0.411430928078757,9941781.90362876,55.8199297385304,9.91753757154583,26.1827543590957,NA,NA,NA,NA,NA,NA,NA,NA,NA,NA,NA,NA,NA,NA,81.5,6.3,5.09527551321088,4.9,1846.0874358004,17.8048808007416,5.52264803500994
"Chile",2021,"Región del Biobío",10,"Sin Ventas/Sin Información",0.216804881273967,0.107102086647329,0,17203371.5541832,22954,80122,0,19641854.251,1670590,23890.2,69.9278365187399,11864393260564.6,0.0595691552893269,7101918.04126961,47.0826813959928,8.04897305007209,25.0938220633643,NA,NA,NA,NA,NA,NA,NA,NA,NA,NA,NA,NA,NA,NA,81,7.5,6.61549023279036,4.8,1651.0334672182,13.7400559083916,4.79603014503858
"Chile",2021,"Región del Libertador General Bernardo O'Higgins",8,"Mediana",0.0203181624387124,0.16006932305328,0.0880474685705068,9472877.47546331,1525,85619,71426873.22,10819458.968,1000959,16387,61.0825044242387,8310250792913.2,0.041724394084417,8302288.89786015,49.5450932216136,8.89444211470936,26.3666331210537,NA,NA,NA,NA,NA,NA,NA,NA,NA,NA,NA,NA,NA,NA,81.2,7.3,5.45808966861598,4.6,1734.9361961879,1.5235389261698,8.55369700457262
"Chile",2021,"Región del Libertador General Bernardo O'Higgins",8,"Pequeña",0.160759965892134,0.327011125714403,0.108291482133576,10643895.4517061,12066,174914,87849453.15,12821315.248,1000959,16387,61.0825044242387,8310250792913.2,0.041724394084417,8302288.89786015,49.5450932216136,8.89444211470936,26.3666331210537,NA,NA,NA,NA,NA,NA,NA,NA,NA,NA,NA,NA,NA,NA,81.2,7.3,5.45808966861598,4.6,1734.9361961879,12.0544397922392,17.4746418184961
"Chile",2021,"Región de Atacama",4,"Mediana",0.0190494893951296,0.157856960571647,0.11267264256735,2419180.91514488,388,19794,18210181.87,2998277.706,316737,75176.2,4.21326164397775,3958405346328.95,0.0198744982229584,12497451.6596702,54.018737759142,9.22198167210917,25.8613277766182,NA,NA,NA,NA,NA,NA,NA,NA,NA,NA,NA,NA,NA,NA,80.9,7.3,5.22916025838203,4.4,1847.9053599674,1.22499108092834,6.24934882883907
"Chile",2021,"Región de Atacama",4,"Pequeña",0.155047132757266,0.288303879035345,0.139675689710188,2838501.44704952,3158,36151,22574421.39,3783888.644,316737,75176.2,4.21326164397775,3958405346328.95,0.0198744982229584,12497451.6596702,54.018737759142,9.22198167210917,25.8613277766182,NA,NA,NA,NA,NA,NA,NA,NA,NA,NA,NA,NA,NA,NA,80.9,7.3,5.22916025838203,4.4,1847.9053599674,9.97041709683428,11.4135702491341
"Chile",2021,"Región de Los Ríos",13,"Grande",0.00473855671460068,0.199136021554125,0.518467551728445,6260998.83790669,144,30747,68436138.25,6967233.765,407818,18429.5,22.1285439105781,2638566250929.93,0.0132478045266128,6469960.25415732,48.9422452962002,8.48752824011891,33.5078326200299,NA,NA,NA,NA,NA,NA,NA,NA,NA,NA,NA,NA,NA,NA,80.4,9.1,10.2380342974148,4.2,1668.636499615,0.353098686178639,7.5393925721768
"Chile",2021,"Región de Coquimbo",5,"Mediana",0.0168727692252226,0.173425352537912,0.143587765445729,5873350.04770827,936,52846,43449403.26,6703168.452,848079,40579.9,20.8989918654309,6168733570760.9,0.0309721904816272,7273772.33814409,48.7118407270985,9.55432562798118,29.6623096976476,NA,NA,NA,NA,NA,NA,NA,NA,NA,NA,NA,NA,NA,NA,82,6.9,5.04057044504548,3.7,1773.4196932125,1.10367076652057,6.23125911619083
"Chile",2021,"Región de Valparaíso",6,"Sin Ventas/Sin Información",0.222770587398663,0.118546079121752,0,26390081.5487896,31326,105047,0,28233528.919,1979373,16396.1,120.722183933984,14405810488311.3,0.0723291906463655,7277966.55219168,50.2717110230152,9.16815525273887,27.9833471759573,NA,NA,NA,NA,NA,NA,NA,NA,NA,NA,NA,NA,NA,NA,81.3,8.2,5.85397582524798,3.4,1790.2638865944,15.8262237587357,5.30708461719949
"Chile",2021,"Región de Valparaíso",6,"Mediana",0.0220950078225004,0.145875088023401,0.107770212133914,16559517.5692852,3107,129264,147849289.51,18762666.504,1979373,16396.1,120.722183933984,14405810488311.3,0.0723291906463655,7277966.55219168,50.2717110230152,9.16815525273887,27.9833471759573,NA,NA,NA,NA,NA,NA,NA,NA,NA,NA,NA,NA,NA,NA,81.3,8.2,5.85397582524798,3.4,1790.2638865944,1.56968898737125,6.53055285688953
"Chile",2021,"Región de Atacama",4,"Grande",0.00584249803613511,0.292482774020671,0.707445735123122,9773604.17777383,119,36675,114337564.17,10136881.973,316737,75176.2,4.21326164397775,3958405346328.95,0.0198744982229584,12497451.6596702,54.018737759142,9.22198167210917,25.8613277766182,NA,NA,NA,NA,NA,NA,NA,NA,NA,NA,NA,NA,NA,NA,80.9,7.3,5.22916025838203,4.4,1847.9053599674,0.375706027398125,11.5790071889296
"Chile",2021,"Región de Tarapacá",2,"Pequeña",0.159460907554713,0.30265108542077,0.0976928119360504,3214310.53610836,3869,43484,30589032.15,4185650.76,391165,42225.9,9.26362729983257,4790695809692.3,0.0240532909154351,12247250.6734813,55.0359804750413,8.54336514628887,29.8264652811245,NA,NA,NA,NA,NA,NA,NA,NA,NA,NA,NA,NA,NA,NA,80.9,5.6,3.38696020321761,13.5,2706.2748456534,9.89096672759577,11.1165364999425
"Chile",2021,"Región de Tarapacá",2,"Micro",0.579771668796109,0.122900673037438,0.0227273430551706,627544.222347143,14067,17658,7116259.77,900218.915,391165,42225.9,9.26362729983257,4790695809692.3,0.0240532909154351,12247250.6734813,55.0359804750413,8.54336514628887,29.8264652811245,NA,NA,NA,NA,NA,NA,NA,NA,NA,NA,NA,NA,NA,NA,80.9,5.6,3.38696020321761,13.5,2706.2748456534,35.9618063988342,4.51420755946979
"Chile",2021,"Región de Antofagasta",3,"Sin Ventas/Sin Información",0.204355896547457,0.0417771666175556,0,1835058.94925865,8257,11484,0,2461198.489,703746,126049.1,5.58311007377284,15559963651438.2,0.0781240026938129,22110198.3548584,55.5751420335354,9.54810988687843,22.9437594870695,NA,NA,NA,NA,NA,NA,NA,NA,NA,NA,NA,NA,NA,NA,79.1,5.4,4.5594743194314,4.5,1755.605005215,11.7329263683204,1.63183876000716
"Chile",2021,"Región de Aysén del General Carlos Ibáñez del Campo",15,"Sin Ventas/Sin Información",0.181167741365604,0.0802712473702486,NA,NA,2051,3930,0,673985.788,107737,108494.4,0.99301899452875,1175871080573.83,0.00590385411715507,10914273.4675537,64.593223462342,4.57965672021877,31.4498234868304,NA,NA,NA,NA,NA,NA,NA,NA,NA,NA,NA,NA,NA,NA,81.1,6.1,5.6657223796034,3.7,1827.598689401,19.0370996036645,3.6477718889518
"Chile",2021,"Región de Magallanes y la Antártica Chilena",16,"Pequeña",0.176676063243044,0.351294480880227,0.168346970135751,3301517.55568271,2883,35727,20614807.37,3900429.502,179949,132297.2,1.36018751719613,1812591156779.01,0.00910072025790987,10072804.8323637,59.1033730403745,5.47235448268343,18.8430816959972,NA,NA,NA,NA,NA,NA,NA,NA,NA,NA,NA,NA,NA,NA,80.3,7.7,4.87210718635809,2.8,1321.4855320119,16.021206008369,19.8539586216095
"Chile",2021,"Región del Biobío",10,"Micro",0.594357443753896,0.124779104118488,0.0377532233094077,5292017.05585509,62927,93346,33458991.28,7117160.256,1670590,23890.2,69.9278365187399,11864393260564.6,0.0595691552893269,7101918.04126961,47.0826813959928,8.04897305007209,25.0938220633643,NA,NA,NA,NA,NA,NA,NA,NA,NA,NA,NA,NA,NA,NA,81,7.5,6.61549023279036,4.8,1651.0334672182,37.6675306328902,5.58760677365482
"Chile",2021,"Región de Tarapacá",2,"Mediana",0.0367225817087747,0.197992719781176,0.144554592016549,2394721.25081828,891,28447,45262133.16,3246515.275,391165,42225.9,9.26362729983257,4790695809692.3,0.0240532909154351,12247250.6734813,55.0359804750413,8.54336514628887,29.8264652811245,NA,NA,NA,NA,NA,NA,NA,NA,NA,NA,NA,NA,NA,NA,80.9,5.6,3.38696020321761,13.5,2706.2748456534,2.2778111538609,7.27237866373525
"Chile",2021,"Región de Tarapacá",2,"Sin Ventas/Sin Información",0.204879858220335,0.0946567648266598,0,2902618.3923893,4971,13600,0,3461176.844,391165,42225.9,9.26362729983257,4790695809692.3,0.0240532909154351,12247250.6734813,55.0359804750413,8.54336514628887,29.8264652811245,NA,NA,NA,NA,NA,NA,NA,NA,NA,NA,NA,NA,NA,NA,80.9,5.6,3.38696020321761,13.5,2706.2748456534,12.7081921951095,3.47679368041619
"Chile",2021,"Región de Coquimbo",5,"Grande",0.00511951544867866,0.204099514634795,0.613833737850486,13763998.2470725,284,62193,185745000.82,14831750.997,848079,40579.9,20.8989918654309,6168733570760.9,0.0309721904816272,7273772.33814409,48.7118407270985,9.55432562798118,29.6623096976476,NA,NA,NA,NA,NA,NA,NA,NA,NA,NA,NA,NA,NA,NA,82,6.9,5.04057044504548,3.7,1773.4196932125,0.334874463345985,7.33339700664679
"Chile",2021,"Región de Aysén del General Carlos Ibáñez del Campo",15,"Micro",0.664428937373024,0.261749627239118,NA,NA,7522,12815,3686956.89,1252553.363,107737,108494.4,0.99301899452875,1175871080573.83,0.00590385411715507,10914273.4675537,64.593223462342,4.57965672021877,31.4498234868304,NA,NA,NA,NA,NA,NA,NA,NA,NA,NA,NA,NA,NA,NA,81.1,6.1,5.6657223796034,3.7,1827.598689401,69.8181683172912,11.894706553923
"Chile",2021,"Región del Biobío",10,"Grande",0.00728224115457997,0.305951155609619,0.707673440872703,40445440.4958864,771,228879,627179281.97,45036927.343,1670590,23890.2,69.9278365187399,11864393260564.6,0.0595691552893269,7101918.04126961,47.0826813959928,8.04897305007209,25.0938220633643,NA,NA,NA,NA,NA,NA,NA,NA,NA,NA,NA,NA,NA,NA,81,7.5,6.61549023279036,4.8,1651.0334672182,0.461513596992679,13.7004890487792
"Chile",2021,"Región de Magallanes y la Antártica Chilena",16,"Sin Ventas/Sin Información",0.200637333006496,0.0416515078514469,0,790661.949432193,3274,4236,0,1036966.645,179949,132297.2,1.36018751719613,1812591156779.01,0.00910072025790987,10072804.8323637,59.1033730403745,5.47235448268343,18.8430816959972,NA,NA,NA,NA,NA,NA,NA,NA,NA,NA,NA,NA,NA,NA,80.3,7.7,4.87210718635809,2.8,1321.4855320119,18.1940438679848,2.35400030008502
"Chile",2021,"Región de Valparaíso",6,"Grande",0.00878964585407481,0.279398687322825,0.741520486458485,50694543.8070223,1236,247583,1017287383.12,54877707.908,1979373,16396.1,120.722183933984,14405810488311.3,0.0723291906463655,7277966.55219168,50.2717110230152,9.16815525273887,27.9833471759573,NA,NA,NA,NA,NA,NA,NA,NA,NA,NA,NA,NA,NA,NA,81.3,8.2,5.85397582524798,3.4,1790.2638865944,0.624440163627573,12.5081528342561
"Chile",2021,"Región de Aysén del General Carlos Ibáñez del Campo",15,"Pequeña",0.136560374525219,0.408525500929349,NA,NA,1546,20001,10726607.15,2848132.751,107737,108494.4,0.99301899452875,1175871080573.83,0.00590385411715507,10914273.4675537,64.593223462342,4.57965672021877,31.4498234868304,NA,NA,NA,NA,NA,NA,NA,NA,NA,NA,NA,NA,NA,NA,81.1,6.1,5.6657223796034,3.7,1827.598689401,14.349759135673,18.5646528119402
"Chile",2022,"Región de Atacama",4,"Sin Ventas/Sin Información",0.191243151331948,0.0969915557909825,0,2875918.46969122,4049,12451,0,3082278.518,318004,75176.2,4.23011538226194,3991324062592.76,0.0196172239100054,12551175.6537426,57.2382564699003,7.97044235143966,25.7841793383048,8.2,11.6407353640315,2.18564476817846,8.38941633701324,8.41979533433914,12.5142931938171,36.3496363162994,10.5155676603317,21.0416838526725,925431,1049217.553095,61042.5366558069,1110260.08975081,83.3526612767584,81.1,6.22948139017119,5.5,8.5,2306.2602986126,12.7325442447265,3.91535955522572
"Chile",2022,"Región de Tarapacá",2,"Micro",0.588143774683847,0.127457523057005,0.0219495257399475,912792.622124604,14743,19099,7481424.07,1287892.446,396697,42225.9,9.39463694083489,4868173357195.7,0.0239269087859516,12271767.5132297,60.47317312901,8.7886410874328,33.9637248804957,11,12.0608376515728,1.12629029899835,6.63452669978141,7.06248208880424,12.3975232243537,39.8158371448516,12.3950935900211,20.4360082745552,998648,1121190.00404688,54427.3971222129,1175617.4011691,84.9466560471771,81.1,4.97861087933611,5.21,12.9,3334.0307589924,37.164384908381,4.81450578149066
"Chile",2022,"Región Metropolitana",7,"Micro",0.535100438320337,0.0667537309712987,0.00696572986317163,59407305.633647,353543,575856,203329574.14,72477190.662,8310984,15403.2,539.562168899969,84131116660406,0.413501616867928,10122882.7609831,58.5880968422273,8.55142990868984,24.6107580576525,4.4,12.8073586176081,1.18766371160745,6.6635176539421,6.21906742453575,10.2819994091987,28.7865877151489,14.0475064516067,32.0697367191314,1399863,1609252.5697999,55585.7554974433,1664838.32533533,84.0840026917794,81.7,6.01216414325908,5.48,6.7,2265.7605886379,42.5392468569305,6.92885463381953
"Chile",2022,"Región de La Araucanía",12,"Grande",0.00523916445533102,0.273042887115112,0.514962670661928,14768301.7825768,385,116476,168728356.83,16788434.366,1024029,31842.3,32.1593917524802,5955737476238.1,0.0292722499572429,5815985.1686213,49.5162458209353,7.78511364199369,35.9533053745798,11.6,11.0513601724349,2.43671536445617,14.95221555233,10.3811301290988,10.7988782227039,30.6990981101989,10.9825357794761,18.7368467450141,660483,768994.481843716,87671.2739938375,856665.755837553,77.0992752535875,80.7,8.31324112891334,5.77,4.8,2002.8729655117,0.375965915027797,11.3742872516306
"Chile",2022,"Región del Maule",9,"Micro",0.627947172036561,0.155496401053818,0.0655152092752416,7340409.83284074,61763,90776,31993616.89,8936525.359,1153043,16387,70.3632757673766,7897503249137.5,0.0388159636097514,6849270.36471103,52.5764001637215,6.60474753543435,30.4097320113599,8.7,10.7877926787645,2.78539154678583,15.4507920145988,12.5166967511177,10.7376560568809,30.5722475051879,9.80720371007919,17.5049245357513,674990,783693.366326127,78244.2633907598,861937.629716887,78.3107956710088,81.3,7.77681318042779,5.14,4.5,2038.7791261904,53.5652182962821,7.87273328054548
"Chile",2022,"Región de Atacama",4,"Mediana",0.0196485924806348,0.16107873991213,0.118961892704677,2578335.60991405,416,20678,19201665.58,3074908.439,318004,75176.2,4.23011538226194,3991324062592.76,0.0196172239100054,12551175.6537426,57.2382564699003,7.97044235143966,25.7841793383048,8.2,11.6407353640315,2.18564476817846,8.38941633701324,8.41979533433914,12.5142931938171,36.3496363162994,10.5155676603317,21.0416838526725,925431,1049217.553095,61042.5366558069,1110260.08975081,83.3526612767584,81.1,6.22948139017119,5.5,8.5,2306.2602986126,1.30815964579062,6.50243393164866
"Chile",2022,"Región de La Araucanía",12,"Mediana",0.0171735728379941,0.181169051888838,0.178132191449776,10274887.5279101,1262,77284,58365302.33,11554976.683,1024029,31842.3,32.1593917524802,5955737476238.1,0.0292722499572429,5815985.1686213,49.5162458209353,7.78511364199369,35.9533053745798,11.6,11.0513601724349,2.43671536445617,14.95221555233,10.3811301290988,10.7988782227039,30.6990981101989,10.9825357794761,18.7368467450141,660483,768994.481843716,87671.2739938375,856665.755837553,77.0992752535875,80.7,8.31324112891334,5.77,4.8,2002.8729655117,1.23238697341579,7.54705189013202
"Chile",2022,"Región Metropolitana",7,"Sin Ventas/Sin Información",0.225529132561631,0.0550910477322747,0,132633413.07328,149008,475247,0,146785961.469,8310984,15403.2,539.562168899969,84131116660406,0.413501616867928,10122882.7609831,58.5880968422273,8.55142990868984,24.6107580576525,4.4,12.8073586176081,1.18766371160745,6.6635176539421,6.21906742453575,10.2819994091987,28.7865877151489,14.0475064516067,32.0697367191314,1399863,1609252.5697999,55585.7554974433,1664838.32533533,84.0840026917794,81.7,6.01216414325908,5.48,6.7,2265.7605886379,17.9290442623882,5.71830002319822
"Chile",2022,"Región del Maule",9,"Pequeña",0.147269640188294,0.319298984895046,0.209566818350845,11440239.076768,14485,186401,102339602.87,13352950.932,1153043,16387,70.3632757673766,7897503249137.5,0.0388159636097514,6849270.36471103,52.5764001637215,6.60474753543435,30.4097320113599,8.7,10.7877926787645,2.78539154678583,15.4507920145988,12.5166967511177,10.7376560568809,30.5722475051879,9.80720371007919,17.5049245357513,674990,783693.366326127,78244.2633907598,861937.629716887,78.3107956710088,81.3,7.77681318042779,5.14,4.5,2038.7791261904,12.5624109421765,16.1660059512091
"Chile",2022,"Región de La Araucanía",12,"Micro",0.625066340069402,0.159644619477947,0.0711014648122628,6206169.49273412,45933,68102,23296510.62,7709674.032,1024029,31842.3,32.1593917524802,5955737476238.1,0.0292722499572429,5815985.1686213,49.5162458209353,7.78511364199369,35.9533053745798,11.6,11.0513601724349,2.43671536445617,14.95221555233,10.3811301290988,10.7988782227039,30.6990981101989,10.9825357794761,18.7368467450141,660483,768994.481843716,87671.2739938375,856665.755837553,77.0992752535875,80.7,8.31324112891334,5.77,4.8,2002.8729655117,44.8551749999268,6.65039759616183
"Chile",2022,"Región del Maule",9,"Grande",0.00605955854692599,0.233898955431993,0.554310275116812,17411795.6862221,596,136546,270691199.44,18903905.347,1153043,16387,70.3632757673766,7897503249137.5,0.0388159636097514,6849270.36471103,52.5764001637215,6.60474753543435,30.4097320113599,8.7,10.7877926787645,2.78539154678583,15.4507920145988,12.5166967511177,10.7376560568809,30.5722475051879,9.80720371007919,17.5049245357513,674990,783693.366326127,78244.2633907598,861937.629716887,78.3107956710088,81.3,7.77681318042779,5.14,4.5,2038.7791261904,0.516893125408159,11.8422296479836
"Chile",2022,"Región de Arica y Parinacota",1,"Pequeña",0.131310234052318,0.345950797793814,0.16502225122725,2550329.15342285,2289,29292,15269199.59,3214019.549,257722,16873.3,15.2739535242069,1665485875827.68,0.00818580722404165,6462334.90283204,54.0316941542543,6.52321409382588,33.4552368876007,9.2,12.2590408074803,1.48153090849518,6.27791658043861,6.66970908641815,10.4307159781456,37.4177575111389,12.6071155071258,24.4932070374488,909923,1055232.16918519,62574.1420288852,1117806.31121408,81.4025534405884,80.9,7.22871931771443,5.08,17.1,2991.5955952538,8.88166318746556,11.365735172007
"Chile",2022,"Región Metropolitana",7,"Pequeña",0.186675122293796,0.166089226151656,0.0323278769474423,163360756.779127,123337,1432781,943650354.19,201178953.102,8310984,15403.2,539.562168899969,84131116660406,0.413501616867928,10122882.7609831,58.5880968422273,8.55142990868984,24.6107580576525,4.4,12.8073586176081,1.18766371160745,6.6635176539421,6.21906742453575,10.2819994091987,28.7865877151489,14.0475064516067,32.0697367191314,1399863,1609252.5697999,55585.7554974433,1664838.32533533,84.0840026917794,81.7,6.01216414325908,5.48,6.7,2265.7605886379,14.8402403373656,17.2396072474691
"Chile",2022,"Región del Maule",9,"Mediana",0.0180465040617343,0.198772829583646,0.170607697257101,9164307.38618387,1775,116040,83314353.49,10139931.074,1153043,16387,70.3632757673766,7897503249137.5,0.0388159636097514,6849270.36471103,52.5764001637215,6.60474753543435,30.4097320113599,8.7,10.7877926787645,2.78539154678583,15.4507920145988,12.5166967511177,10.7376560568809,30.5722475051879,9.80720371007919,17.5049245357513,674990,783693.366326127,78244.2633907598,861937.629716887,78.3107956710088,81.3,7.77681318042779,5.14,4.5,2038.7791261904,1.5394048617441,10.0638050792555
"Chile",2022,"Región de La Araucanía",12,"Sin Ventas/Sin Información",0.203524528815405,0.0903618270684623,0,6952926.80553858,14956,38547,0,8211308.895,1024029,31842.3,32.1593917524802,5955737476238.1,0.0292722499572429,5815985.1686213,49.5162458209353,7.78511364199369,35.9533053745798,11.6,11.0513601724349,2.43671536445617,14.95221555233,10.3811301290988,10.7988782227039,30.6990981101989,10.9825357794761,18.7368467450141,660483,768994.481843716,87671.2739938375,856665.755837553,77.0992752535875,80.7,8.31324112891334,5.77,4.8,2002.8729655117,14.6050551302746,3.76424886404584
"Chile",2022,"Región Metropolitana",7,"Mediana",0.0337639850825786,0.134683363291151,0.0368672445857621,160364988.659091,22308,1161856,1076154443.05,187867242.991,8310984,15403.2,539.562168899969,84131116660406,0.413501616867928,10122882.7609831,58.5880968422273,8.55142990868984,24.6107580576525,4.4,12.8073586176081,1.18766371160745,6.6635176539421,6.21906742453575,10.2819994091987,28.7865877151489,14.0475064516067,32.0697367191314,1399863,1609252.5697999,55585.7554974433,1664838.32533533,84.0840026917794,81.7,6.01216414325908,5.48,6.7,2265.7605886379,2.68415869889775,13.9797646103037
"Chile",2022,"Región de La Araucanía",12,"Pequeña",0.148996393821868,0.295781614449641,0.235803673076033,11747335.5532982,10949,126176,77261457.11,14160165.231,1024029,31842.3,32.1593917524802,5955737476238.1,0.0292722499572429,5815985.1686213,49.5162458209353,7.78511364199369,35.9533053745798,11.6,11.0513601724349,2.43671536445617,14.95221555233,10.3811301290988,10.7988782227039,30.6990981101989,10.9825357794761,18.7368467450141,660483,768994.481843716,87671.2739938375,856665.755837553,77.0992752535875,80.7,8.31324112891334,5.77,4.8,2002.8729655117,10.6920800094529,12.3215260505318
"Chile",2022,"Región de Aysén del General Carlos Ibáñez del Campo",15,"Micro",0.671524385194999,0.216753727799411,NA,NA,8110,11411,3989777.09,978749.944,108047,108494.4,0.995876284858942,1197829886205.19,0.00588729371889668,11086192.9179449,67.7725038601294,4.96210294421564,31.0630889103433,4,11.405989076527,2.78306379914283,12.6295760273933,10.8831189572811,10.5688817799091,27.7442544698715,10.5513542890548,24.5768442749977,1123531,1269520.83421633,63160.2349766985,1332681.06919303,84.3060657616692,81.3,6.43238590613344,8.15,2.8,1756.6429424232,75.0599276240895,10.5611446870343
"Chile",2022,"Región de Coquimbo",5,"Mediana",0.0163020089170439,0.176187374232496,0.15391645569854,6687356.11696581,947,54635,44358340.21,7675753.191,858769,40579.9,21.1624227758077,6125835755595,0.0301082772956704,7133275.36927276,51.6442627231784,8.70552969950102,31.5446999344732,7.9,11.5387563352063,2.33126692473888,10.2648414671421,9.20903533697128,10.1666025817394,35.4169845581054,10.2757565677165,21.6723635792732,882831,1008078.5590258,76419.6530032856,1084498.21202909,81.4045194569032,82.2,6.86098357066917,7.26,8,2222.9493612368,1.10274124939303,6.36201353332503
"Chile",2022,"Región de Los Lagos",14,"Mediana",0.0214225477979584,0.192980911777239,0.0785632357800944,12553901.3031478,1702,96459,80335166.96,13961195.423,902510,48583.6,18.5764331996806,6957468152127.9,0.0341957226340483,7709020.56722684,46.8225880855397,3.94855926790366,28.2976591039141,7,10.7982206695412,2.38351542502641,16.6182339191436,12.3864509165287,10.1775228977203,28.9476692676544,9.50286015868187,19.2828461527824,831759,953996.113055066,82215.2312456733,1036211.34430074,80.269207156305,80.6,7.93675416338877,7.16,5,2289.8361236995,1.88585168031379,10.6878594143001
"Chile",2022,"Región del Maule",9,"Sin Ventas/Sin Información",0.200677125166485,0.0925328290354961,0,11746040.4392804,19738,54019,0,12920628.271,1153043,16387,70.3632757673766,7897503249137.5,0.0388159636097514,6849270.36471103,52.5764001637215,6.60474753543435,30.4097320113599,8.7,10.7877926787645,2.78539154678583,15.4507920145988,12.5166967511177,10.7376560568809,30.5722475051879,9.80720371007919,17.5049245357513,674990,783693.366326127,78244.2633907598,861937.629716887,78.3107956710088,81.3,7.77681318042779,5.14,4.5,2038.7791261904,17.1181820625944,4.68490767473546
"Chile",2022,"Región de Aysén del General Carlos Ibáñez del Campo",15,"Pequeña",0.14134304877039,0.426802165447811,NA,NA,1707,22469,11633417.77,3118092.488,108047,108494.4,0.995876284858942,1197829886205.19,0.00588729371889668,11086192.9179449,67.7725038601294,4.96210294421564,31.0630889103433,4,11.405989076527,2.78306379914283,12.6295760273933,10.8831189572811,10.5688817799091,27.7442544698715,10.5513542890548,24.5768442749977,1123531,1269520.83421633,63160.2349766985,1332681.06919303,84.3060657616692,81.3,6.43238590613344,8.15,2.8,1756.6429424232,15.7986802039853,20.7955797014262
"Chile",2022,"Región de Los Lagos",14,"Grande",0.00858412314818311,0.331554086632242,0.801560035678388,28199902.584692,682,165723,819638583.56,29794189.321,902510,48583.6,18.5764331996806,6957468152127.9,0.0341957226340483,7709020.56722684,46.8225880855397,3.94855926790366,28.2976591039141,7,10.7982206695412,2.38351542502641,16.6182339191436,12.3864509165287,10.1775228977203,28.9476692676544,9.50286015868187,19.2828461527824,831759,953996.113055066,82215.2312456733,1036211.34430074,80.269207156305,80.6,7.93675416338877,7.16,5,2289.8361236995,0.755670297282025,18.3624558176641
"Chile",2022,"Región de Los Lagos",14,"Pequeña",0.167843522259563,0.284214653977197,0.0944646662371895,16156775.1552952,13335,142061,96595241.51,18456861.075,902510,48583.6,18.5764331996806,6957468152127.9,0.0341957226340483,7709020.56722684,46.8225880855397,3.94855926790366,28.2976591039141,7,10.7982206695412,2.38351542502641,16.6182339191436,12.3864509165287,10.1775228977203,28.9476692676544,9.50286015868187,19.2828461527824,831759,953996.113055066,82215.2312456733,1036211.34430074,80.269207156305,80.6,7.93675416338877,7.16,5,2289.8361236995,14.7754595516947,15.7406566132231
"Chile",2022,"Región del Libertador General Bernardo O'Higgins",8,"Sin Ventas/Sin Información",0.196309728319654,0.0617005212360481,0,6323235.39826882,15427,33914,0,7259080.625,1009552,16387,61.6068835052176,8328306586811.9,0.0409333475665045,8249507.29314775,52.6541319018733,6.92490163118104,28.5212556790485,7,11.0495100567302,2.59037427604198,14.1250982880592,10.4847222566604,10.5374246835708,31.4681947231292,9.28925201296806,20.7539588212966,832126,979061.174429629,77808.6549928754,1056869.8294225,78.7349440785742,81.4,7.44884859819008,5.5,4.4,2169.0809388719,15.2810355484413,3.35931185317844
"Chile",2022,"Región del Biobío",10,"Grande",0.00718636581679293,0.320733526766983,0.728774317814663,44271771.1477152,794,253027,729434212.64,49407570.126,1676269,23890.2,70.1655490535868,12201723346043.2,0.0599710610347634,7279096.22264875,50.0785043143528,7.1095419856506,25.5527644794841,7.5,11.7670275141369,2.05690450966358,11.152796447277,8.91299620270729,10.6058776378631,29.1319340467453,13.1146788597106,24.5839864015579,830739,977686.886777304,84478.115614354,1062165.00239165,78.2118370426983,81.2,7.62705747108608,6.89,7.5,1979.4555647095,0.473670991946997,15.0946536623895
"Chile",2022,"Región del Biobío",10,"Pequeña",0.163195670078833,0.278690228558463,0.12940945966671,22578735.6327258,18031,219859,129526638.1,26753938.317,1676269,23890.2,70.1655490535868,12201723346043.2,0.0599710610347634,7279096.22264875,50.0785043143528,7.1095419856506,25.5527644794841,7.5,11.7670275141369,2.05690450966358,11.152796447277,8.91299620270729,10.6058776378631,29.1319340467453,13.1146788597106,24.5839864015579,830739,977686.886777304,84478.115614354,1062165.00239165,78.2118370426983,81.2,7.62705747108608,6.89,7.5,1979.4555647095,10.7566267705243,13.1159736295308
"Chile",2022,"Región del Libertador General Bernardo O'Higgins",8,"Micro",0.612177896545142,0.130607380993532,0.0336940968810752,4476904.22878125,48108,71789,25834080.08,5708704.913,1009552,16387,61.6068835052176,8328306586811.9,0.0409333475665045,8249507.29314775,52.6541319018733,6.92490163118104,28.5212556790485,7,11.0495100567302,2.59037427604198,14.1250982880592,10.4847222566604,10.5374246835708,31.4681947231292,9.28925201296806,20.7539588212966,832126,979061.174429629,77808.6549928754,1056869.8294225,78.7349440785742,81.4,7.44884859819008,5.5,4.4,2169.0809388719,47.6528202608682,7.1109759576525
"Chile",2022,"Región de Los Lagos",14,"Sin Ventas/Sin Información",0.193897972284107,0.055552109987856,0,4395479.81149876,15405,27767,0,5240599.431,902510,48583.6,18.5764331996806,6957468152127.9,0.0341957226340483,7709020.56722684,46.8225880855397,3.94855926790366,28.2976591039141,7,10.7982206695412,2.38351542502641,16.6182339191436,12.3864509165287,10.1775228977203,28.9476692676544,9.50286015868187,19.2828461527824,831759,953996.113055066,82215.2312456733,1036211.34430074,80.269207156305,80.6,7.93675416338877,7.16,5,2289.8361236995,17.069062946671,3.07664181006305
"Chile",2022,"Región de Coquimbo",5,"Pequeña",0.141932485238677,0.345044760332284,0.200645953006667,9455931.83097198,8245,106997,57825665.26,11569532.878,858769,40579.9,21.1624227758077,6125835755595,0.0301082772956704,7133275.36927276,51.6442627231784,8.70552969950102,31.5446999344732,7.9,11.5387563352063,2.33126692473888,10.2648414671421,9.20903533697128,10.1666025817394,35.4169845581054,10.2757565677165,21.6723635792732,882831,1008078.5590258,76419.6530032856,1084498.21202909,81.4045194569032,82.2,6.86098357066917,7.26,8,2222.9493612368,9.60095206044932,12.4593458776458
"Chile",2022,"Región de Antofagasta",3,"Pequeña",0.191772391592501,0.31799261121345,0.110866154095547,13767661.0117978,8102,93735,59206209.56,15665725.363,709637,126049.1,5.62984582991866,15561584131020.3,0.0764846641127672,21928935.6826382,58.2799039751973,8.15180795411246,22.369520043968,7.6,12.2360882017754,1.38331037014722,5.92486336827278,6.11138567328453,11.5487650036811,38.1939321756362,13.1739601492881,22.7776184678077,1192604,1355477.35005094,39444.9515781203,1394922.30162906,85.4960862095349,79.4,5.28721022156398,6.21,9.6,2281.8708720092,11.4171048014689,13.2088659413193
"Chile",2022,"Región del Libertador General Bernardo O'Higgins",8,"Mediana",0.0197747661767513,0.155046347254187,0.0935231098133209,10070244.0024085,1554,85222,71706433.23,11212012.115,1009552,16387,61.6068835052176,8328306586811.9,0.0409333475665045,8249507.29314775,52.6541319018733,6.92490163118104,28.5212556790485,7,11.0495100567302,2.59037427604198,14.1250982880592,10.4847222566604,10.5374246835708,31.4681947231292,9.28925201296806,20.7539588212966,832126,979061.174429629,77808.6549928754,1056869.8294225,78.7349440785742,81.4,7.44884859819008,5.5,4.4,2169.0809388719,1.53929663850896,8.4415661600393
"Chile",2022,"Región de Valparaíso",6,"Pequeña",0.160562151551915,0.299362682153922,0.109009227280731,27758492.5592361,23558,279532,170929277.75,33239029.014,1995538,16396.1,121.708089118754,15257785665939.6,0.0749915048454305,7645950.94953822,53.5803510382113,8.17880111151795,28.9789278167768,6.6,12.0893903389761,1.53221376240253,7.75569900870323,7.63584673404693,12.0216459035873,31.9193542003631,12.8574162721633,25.1508206129074,867245,1041993.64709963,75624.4848697234,1117618.13196935,77.5976451576443,81.5,8.25491671920053,4.75,7,2157.4633006237,11.8053377084275,14.0078515167338
"Chile",2022,"Región de Atacama",4,"Micro",0.625212544870584,0.156864425264076,0.0420716922475853,2415012.05859336,13237,20137,6790801.21,2903970.488,318004,75176.2,4.23011538226194,3991324062592.76,0.0196172239100054,12551175.6537426,57.2382564699003,7.97044235143966,25.7841793383048,8.2,11.6407353640315,2.18564476817846,8.38941633701324,8.41979533433914,12.5142931938171,36.3496363162994,10.5155676603317,21.0416838526725,925431,1049217.553095,61042.5366558069,1110260.08975081,83.3526612767584,81.1,6.22948139017119,5.5,8.5,2306.2602986126,41.6252625753135,6.33231028540522
"Chile",2022,"Región de Magallanes y la Antártica Chilena",16,"Pequeña",0.183710888980895,0.298450041516745,0.176403661956043,1852728.46174625,3106,32349,22130878.29,2369375.391,181143,132297.2,1.36921265151492,1912098720874.93,0.00939790108675665,10555741.7116584,62.199126079994,4.6264533599713,20.0770006610944,3.4,12.0925955345021,1.36483050882816,7.80309960246086,8.15124884247779,9.6613198518753,33.9548766613006,10.391080379486,27.2909134626388,1108000,1288451.41967834,48351.5979397713,1336803.01761811,82.8843453226053,80.5,6.92270747420546,8.69,2.2,1517.0335039168,17.1466741745472,17.8582666732913
"Chile",2022,"Región de Atacama",4,"Grande",0.00665973927829208,0.313541893870938,0.689967672120659,10473106.787519,141,40250,111367835.53,10841582.837,318004,75176.2,4.23011538226194,3991324062592.76,0.0196172239100054,12551175.6537426,57.2382564699003,7.97044235143966,25.7841793383048,8.2,11.6407353640315,2.18564476817846,8.38941633701324,8.41979533433914,12.5142931938171,36.3496363162994,10.5155676603317,21.0416838526725,925431,1049217.553095,61042.5366558069,1110260.08975081,83.3526612767584,81.1,6.22948139017119,5.5,8.5,2306.2602986126,0.443390649174224,12.6570734959309
"Chile",2022,"Región de Arica y Parinacota",1,"Sin Ventas/Sin Información",0.179210647085819,0.115399605532,0,1921883.80366193,3124,9771,0,2114461.54,257722,16873.3,15.2739535242069,1665485875827.68,0.00818580722404165,6462334.90283204,54.0316941542543,6.52321409382588,33.4552368876007,9.2,12.2590408074803,1.48153090849518,6.27791658043861,6.66970908641815,10.4307159781456,37.4177575111389,12.6071155071258,24.4932070374488,909923,1055232.16918519,62574.1420288852,1117806.31121408,81.4025534405884,80.9,7.22871931771443,5.08,17.1,2991.5955952538,12.1215883781749,3.79129449561931
"Chile",2022,"Región de Tarapacá",2,"Grande",0.0184704990625125,0.285459738665029,0.749225466707209,7528370.99230787,463,42775,255371050.24,8155610.925,396697,42225.9,9.39463694083489,4868173357195.7,0.0239269087859516,12271767.5132297,60.47317312901,8.7886410874328,33.9637248804957,11,12.0608376515728,1.12629029899835,6.63452669978141,7.06248208880424,12.3975232243537,39.8158371448516,12.3950935900211,20.4360082745552,998648,1121190.00404688,54427.3971222129,1175617.4011691,84.9466560471771,81.1,4.97861087933611,5.21,12.9,3334.0307589924,1.16713763905449,10.7827888791697
"Chile",2022,"Región de Tarapacá",2,"Pequeña",0.163003151553836,0.298653284038279,0.0945769266295508,3701898.87812792,4086,44752,32236236.16,4760022.622,396697,42225.9,9.39463694083489,4868173357195.7,0.0239269087859516,12271767.5132297,60.47317312901,8.7886410874328,33.9637248804957,11,12.0608376515728,1.12629029899835,6.63452669978141,7.06248208880424,12.3975232243537,39.8158371448516,12.3950935900211,20.4360082745552,998648,1121190.00404688,54427.3971222129,1175617.4011691,84.9466560471771,81.1,4.97861087933611,5.21,12.9,3334.0307589924,10.3000526850468,11.2811541302304
"Chile",2022,"Región de Magallanes y la Antártica Chilena",16,"Micro",0.603182113917312,0.118424208875358,0.0434748928851641,423067.075091262,10198,12836,5454181.35,671227.365,181143,132297.2,1.36921265151492,1912098720874.93,0.00939790108675665,10555741.7116584,62.199126079994,4.6264533599713,20.0770006610944,3.4,12.0925955345021,1.36483050882816,7.80309960246086,8.15124884247779,9.6613198518753,33.9548766613006,10.391080379486,27.2909134626388,1108000,1288451.41967834,48351.5979397713,1336803.01761811,82.8843453226053,80.5,6.92270747420546,8.69,2.2,1517.0335039168,56.2980628564173,7.08611428539883
"Chile",2022,"Región de Los Ríos",13,"Grande",0.00469980391546578,0.203876651982379,0.562652499136382,6353171.01651478,151,33553,84954228.97,7169304.326,409559,18429.5,22.2230120187742,2708682290141.68,0.0133130826145592,6613655.88386943,52.8613586746909,6.27186879890011,32.8050296637683,5.9,11.1861289008288,2.33780145645141,13.7128621339797,10.3523507714271,11.4736840128898,29.7184944152832,11.5707226097583,20.503331720829,833735,976858.710448063,94980.3371228212,1071839.04757088,77.7854379009673,80.6,8.90714158399644,6.68,7.6,1983.3528258444,0.368689248679677,8.19247043771471
"Chile",2022,"Región de Magallanes y la Antártica Chilena",16,"Sin Ventas/Sin Información",0.183356006387887,0.0386751545345512,0,824892.025393851,3100,4192,0,1089984.182,181143,132297.2,1.36921265151492,1912098720874.93,0.00939790108675665,10555741.7116584,62.199126079994,4.6264533599713,20.0770006610944,3.4,12.0925955345021,1.36483050882816,7.80309960246086,8.15124884247779,9.6613198518753,33.9548766613006,10.391080379486,27.2909134626388,1108000,1288451.41967834,48351.5979397713,1336803.01761811,82.8843453226053,80.5,6.92270747420546,8.69,2.2,1517.0335039168,17.1135511722783,2.31419375852227
"Chile",2022,"Región de Antofagasta",3,"Sin Ventas/Sin Información",0.19799753834501,0.0452995715317993,0,2226065.65935256,8365,13353,0,2844027.491,709637,126049.1,5.62984582991866,15561584131020.3,0.0764846641127672,21928935.6826382,58.2799039751973,8.15180795411246,22.369520043968,7.6,12.2360882017754,1.38331037014722,5.92486336827278,6.11138567328453,11.5487650036811,38.1939321756362,13.1739601492881,22.7776184678077,1192604,1355477.35005094,39444.9515781203,1394922.30162906,85.4960862095349,79.4,5.28721022156398,6.21,9.6,2281.8708720092,11.7877168185988,1.88166626035565
"Chile",2022,"Región de Antofagasta",3,"Grande",0.0085211134254876,0.323973525211096,0.761134461026483,27881147.0680759,360,95498,406471089.13,29079513.435,709637,126049.1,5.62984582991866,15561584131020.3,0.0764846641127672,21928935.6826382,58.2799039751973,8.15180795411246,22.369520043968,7.6,12.2360882017754,1.38331037014722,5.92486336827278,6.11138567328453,11.5487650036811,38.1939321756362,13.1739601492881,22.7776184678077,1192604,1355477.35005094,39444.9515781203,1394922.30162906,85.4960862095349,79.4,5.28721022156398,6.21,9.6,2281.8708720092,0.507301620405926,13.4573028182014
"Chile",2022,"Región de Antofagasta",3,"Micro",0.574299375118349,0.0988564003921688,0.0256703215966417,1477412.30334349,24263,29140,13708804.57,2035141.325,709637,126049.1,5.62984582991866,15561584131020.3,0.0764846641127672,21928935.6826382,58.2799039751973,8.15180795411246,22.369520043968,7.6,12.2360882017754,1.38331037014722,5.92486336827278,6.11138567328453,11.5487650036811,38.1939321756362,13.1739601492881,22.7776184678077,1192604,1355477.35005094,39444.9515781203,1394922.30162906,85.4960862095349,79.4,5.28721022156398,6.21,9.6,2281.8708720092,34.1907200441916,4.10632478295241
"Chile",2022,"Región Metropolitana",7,"Grande",0.0189313217416574,0.577382631853619,0.923839148603624,1041995483.69343,12508,4980834,26966854062.57,1100836337.709,8310984,15403.2,539.562168899969,84131116660406,0.413501616867928,10122882.7609831,58.5880968422273,8.55142990868984,24.6107580576525,4.4,12.8073586176081,1.18766371160745,6.6635176539421,6.21906742453575,10.2819994091987,28.7865877151489,14.0475064516067,32.0697367191314,1399863,1609252.5697999,55585.7554974433,1664838.32533533,84.0840026917794,81.7,6.01216414325908,5.48,6.7,2265.7605886379,1.50499627962224,59.9307374433641
"Chile",2022,"Región del Biobío",10,"Mediana",0.0207807253342022,0.173110440980554,0.106418340099923,15292906.5582701,2296,136567,106514700.4,17489587.421,1676269,23890.2,70.1655490535868,12201723346043.2,0.0599710610347634,7279096.22264875,50.0785043143528,7.1095419856506,25.5527644794841,7.5,11.7670275141369,2.05690450966358,11.152796447277,8.91299620270729,10.6058776378631,29.1319340467453,13.1146788597106,24.5839864015579,830739,977686.886777304,84478.115614354,1062165.00239165,78.2118370426983,81.2,7.62705747108608,6.89,7.5,1979.4555647095,1.3697085610961,8.14708140519213
"Chile",2022,"Región de Aysén del General Carlos Ibáñez del Campo",15,"Mediana",0.0147387596257349,0.184177034856112,NA,NA,178,9696,8022280.59,816587.416,108047,108494.4,0.995876284858942,1197829886205.19,0.00588729371889668,11086192.9179449,67.7725038601294,4.96210294421564,31.0630889103433,4,11.405989076527,2.78306379914283,12.6295760273933,10.8831189572811,10.5688817799091,27.7442544698715,10.5513542890548,24.5768442749977,1123531,1269520.83421633,63160.2349766985,1332681.06919303,84.3060657616692,81.3,6.43238590613344,8.15,2.8,1756.6429424232,1.64743121049173,8.97387248142012
"Chile",2022,"Región de Valparaíso",6,"Mediana",0.0221030247679285,0.145703860854591,0.0977659405720241,17964130.1904153,3243,136052,153299514.43,20144367.057,1995538,16396.1,121.708089118754,15257785665939.6,0.0749915048454305,7645950.94953822,53.5803510382113,8.17880111151795,28.9789278167768,6.6,12.0893903389761,1.53221376240253,7.75569900870323,7.63584673404693,12.0216459035873,31.9193542003631,12.8574162721633,25.1508206129074,867245,1041993.64709963,75624.4848697234,1117618.13196935,77.5976451576443,81.5,8.25491671920053,4.75,7,2157.4633006237,1.62512565533706,6.81781053530426
"Chile",2022,"Región del Biobío",10,"Micro",0.5996090037742,0.122641497475602,0.0353978824187039,6732430.78742984,66249,96752,35429934.7,8707847.021,1676269,23890.2,70.1655490535868,12201723346043.2,0.0599710610347634,7279096.22264875,50.0785043143528,7.1095419856506,25.5527644794841,7.5,11.7670275141369,2.05690450966358,11.152796447277,8.91299620270729,10.6058776378631,29.1319340467453,13.1146788597106,24.5839864015579,830739,977686.886777304,84478.115614354,1062165.00239165,78.2118370426983,81.2,7.62705747108608,6.89,7.5,1979.4555647095,39.5216996794667,5.77186597139242
"Chile",2022,"Región de Atacama",4,"Pequeña",0.157235972038541,0.271523385161873,0.148998742927079,2899191.80965598,3329,34856,24049920.26,3840763.628,318004,75176.2,4.23011538226194,3991324062592.76,0.0196172239100054,12551175.6537426,57.2382564699003,7.97044235143966,25.7841793383048,8.2,11.6407353640315,2.18564476817846,8.38941633701324,8.41979533433914,12.5142931938171,36.3496363162994,10.5155676603317,21.0416838526725,925431,1049217.553095,61042.5366558069,1110260.08975081,83.3526612767584,81.1,6.22948139017119,5.5,8.5,2306.2602986126,10.4684217808581,10.9608684167495
"Chile",2022,"Región del Biobío",10,"Sin Ventas/Sin Información",0.209228234995972,0.104824306218397,0,15852477.6058177,23117,82696,0,17874529.423,1676269,23890.2,70.1655490535868,12201723346043.2,0.0599710610347634,7279096.22264875,50.0785043143528,7.1095419856506,25.5527644794841,7.5,11.7670275141369,2.05690450966358,11.152796447277,8.91299620270729,10.6058776378631,29.1319340467453,13.1146788597106,24.5839864015579,830739,977686.886777304,84478.115614354,1062165.00239165,78.2118370426983,81.2,7.62705747108608,6.89,7.5,1979.4555647095,13.7907459960185,4.93333707179456
"Chile",2022,"Región de Aysén del General Carlos Ibáñez del Campo",15,"Grande",0.00173884242775524,0.0485136290245987,NA,NA,21,2554,NA,NA,108047,108494.4,0.995876284858942,1197829886205.19,0.00588729371889668,11086192.9179449,67.7725038601294,4.96210294421564,31.0630889103433,4,11.405989076527,2.78306379914283,12.6295760273933,10.8831189572811,10.5688817799091,27.7442544698715,10.5513542890548,24.5768442749977,1123531,1269520.83421633,63160.2349766985,1332681.06919303,84.3060657616692,81.3,6.43238590613344,8.15,2.8,1756.6429424232,0.194359861911946,2.36378613011004
"Chile",2022,"Región de Tarapacá",2,"Sin Ventas/Sin Información",0.193242111142139,0.0792613750116787,0,2519641.26523302,4844,11877,0,2855593.587,396697,42225.9,9.39463694083489,4868173357195.7,0.0239269087859516,12271767.5132297,60.47317312901,8.7886410874328,33.9637248804957,11,12.0608376515728,1.12629029899835,6.63452669978141,7.06248208880424,12.3975232243537,39.8158371448516,12.3950935900211,20.4360082745552,998648,1121190.00404688,54427.3971222129,1175617.4011691,84.9466560471771,81.1,4.97861087933611,5.21,12.9,3334.0307589924,12.2108309364578,2.99397272981646
"Chile",2022,"Región de Ñuble",11,"Micro",0.637395305552683,0.148807258890678,0.0893613968511596,2172569.41684613,24657,30504,12820848.3,2821729.325,517060,13178.5,39.2351178055166,3121405532208.86,0.0153416035077577,6036834.27882424,50.0188684712184,8.35734536832148,35.1027895566251,12.1,10.7013101830818,2.85124592483043,16.120345890522,12.3387478291988,9.69535708427429,32.1356683969497,8.19919034838676,17.8828507661819,597624,727452.946222049,88409.831304123,815862.777526172,73.2505182334968,81.1,8.74946814683015,6.69,4.4,1806.5601670986,47.6869222140564,5.89950876107222
"Chile",2022,"Región de Antofagasta",3,"Mediana",0.0274095815186518,0.213877891651485,0.102329063281328,8546994.81046939,1158,63045,54647119.44,10067306.225,709637,126049.1,5.62984582991866,15561584131020.3,0.0764846641127672,21928935.6826382,58.2799039751973,8.15180795411246,22.369520043968,7.6,12.2360882017754,1.38331037014722,5.92486336827278,6.11138567328453,11.5487650036811,38.1939321756362,13.1739601492881,22.7776184678077,1192604,1355477.35005094,39444.9515781203,1394922.30162906,85.4960862095349,79.4,5.28721022156398,6.21,9.6,2281.8708720092,1.63182021230573,8.88411962735878
"Chile",2022,"Región de Magallanes y la Antártica Chilena",16,"Mediana",0.0214112497781984,0.209502721653289,0.136252396939288,3147642.68460337,362,22708,17093665.63,3532446.051,181143,132297.2,1.36921265151492,1912098720874.93,0.00939790108675665,10555741.7116584,62.199126079994,4.6264533599713,20.0770006610944,3.4,12.0925955345021,1.36483050882816,7.80309960246086,8.15124884247779,9.6613198518753,33.9548766613006,10.391080379486,27.2909134626388,1108000,1288451.41967834,48351.5979397713,1336803.01761811,82.8843453226053,80.5,6.92270747420546,8.69,2.2,1517.0335039168,1.99842113689185,12.5359522587127
"Chile",2022,"Región de Ñuble",11,"Pequeña",0.145434805087375,0.269188740914191,0.275136563082528,4210553.66056971,5626,55181,39474362.1,4928119.829,517060,13178.5,39.2351178055166,3121405532208.86,0.0153416035077577,6036834.27882424,50.0188684712184,8.35734536832148,35.1027895566251,12.1,10.7013101830818,2.85124592483043,16.120345890522,12.3387478291988,9.69535708427429,32.1356683969497,8.19919034838676,17.8828507661819,597624,727452.946222049,88409.831304123,815862.777526172,73.2505182334968,81.1,8.74946814683015,6.69,4.4,1806.5601670986,10.8807488492631,10.6720690055313
"Chile",2022,"Región de Los Ríos",13,"Mediana",0.0157178872669551,0.207163907033268,0.154319812281437,4259335.62872557,505,34094,23300564.18,4861439.04,409559,18429.5,22.2230120187742,2708682290141.68,0.0133130826145592,6613655.88386943,52.8613586746909,6.27186879890011,32.8050296637683,5.9,11.1861289008288,2.33780145645141,13.7128621339797,10.3523507714271,11.4736840128898,29.7184944152832,11.5707226097583,20.503331720829,833735,976858.710448063,94980.3371228212,1071839.04757088,77.7854379009673,80.6,8.90714158399644,6.68,7.6,1983.3528258444,1.23303358002144,8.32456373806948
"Chile",2022,"Región de Tarapacá",2,"Mediana",0.0371404635576655,0.209168079228007,0.134248080923293,2819542.20547475,931,31343,45758019.37,3636496.391,396697,42225.9,9.39463694083489,4868173357195.7,0.0239269087859516,12271767.5132297,60.47317312901,8.7886410874328,33.9637248804957,11,12.0608376515728,1.12629029899835,6.63452669978141,7.06248208880424,12.3975232243537,39.8158371448516,12.3950935900211,20.4360082745552,998648,1121190.00404688,54427.3971222129,1175617.4011691,84.9466560471771,81.1,4.97861087933611,5.21,12.9,3334.0307589924,2.34687935628452,7.90099244511554
"Chile",2022,"Región de Los Ríos",13,"Micro",0.639609075912727,0.198657147197326,0.0679364428390299,2248768.2051453,20550,32694,10257642.38,2982849.79,409559,18429.5,22.2230120187742,2708682290141.68,0.0133130826145592,6613655.88386943,52.8613586746909,6.27186879890011,32.8050296637683,5.9,11.1861289008288,2.33780145645141,13.7128621339797,10.3523507714271,11.4736840128898,29.7184944152832,11.5707226097583,20.503331720829,833735,976858.710448063,94980.3371228212,1071839.04757088,77.7854379009673,80.6,8.90714158399644,6.68,7.6,1983.3528258444,50.1759209295852,7.98273264657839
"Chile",2022,"Región de Valparaíso",6,"Grande",0.00839001649377735,0.294323897973456,0.764200302228235,55243390.0759385,1231,274827,1198285768.78,59468951.37,1995538,16396.1,121.708089118754,15257785665939.6,0.0749915048454305,7645950.94953822,53.5803510382113,8.17880111151795,28.9789278167768,6.6,12.0893903389761,1.53221376240253,7.75569900870323,7.63584673404693,12.0216459035873,31.9193542003631,12.8574162721633,25.1508206129074,867245,1041993.64709963,75624.4848697234,1117618.13196935,77.5976451576443,81.5,8.25491671920053,4.75,7,2157.4633006237,0.616876250915793,13.7720755004415
"Chile",2022,"Región de Valparaíso",6,"Micro",0.593053529804665,0.149021640533886,0.02902452991901,11515345.2161359,87014,139150,45511210.93,13804578.475,1995538,16396.1,121.708089118754,15257785665939.6,0.0749915048454305,7645950.94953822,53.5803510382113,8.17880111151795,28.9789278167768,6.6,12.0893903389761,1.53221376240253,7.75569900870323,7.63584673404693,12.0216459035873,31.9193542003631,12.8574162721633,25.1508206129074,867245,1041993.64709963,75624.4848697234,1117618.13196935,77.5976451576443,81.5,8.25491671920053,4.75,7,2157.4633006237,43.6042811512484,6.97305688992141
"Chile",2022,"Región de Ñuble",11,"Grande",0.00511839520215076,0.236445680277087,0.43867600655604,5058046.72415974,198,48469,62937674.78,5388570.94,517060,13178.5,39.2351178055166,3121405532208.86,0.0153416035077577,6036834.27882424,50.0188684712184,8.35734536832148,35.1027895566251,12.1,10.7013101830818,2.85124592483043,16.120345890522,12.3387478291988,9.69535708427429,32.1356683969497,8.19919034838676,17.8828507661819,597624,727452.946222049,88409.831304123,815862.777526172,73.2505182334968,81.1,8.74946814683015,6.69,4.4,1806.5601670986,0.382934282288322,9.37396046880439
"Chile",2022,"Región del Libertador General Bernardo O'Higgins",8,"Pequeña",0.163466310364573,0.323029900573996,0.120927852377378,11283495.6600512,12846,177555,92718313.04,13188869.622,1009552,16387,61.6068835052176,8328306586811.9,0.0409333475665045,8249507.29314775,52.6541319018733,6.92490163118104,28.5212556790485,7,11.0495100567302,2.59037427604198,14.1250982880592,10.4847222566604,10.5374246835708,31.4681947231292,9.28925201296806,20.7539588212966,832126,979061.174429629,77808.6549928754,1056869.8294225,78.7349440785742,81.4,7.44884859819008,5.5,4.4,2169.0809388719,12.7244559963231,17.5875041602612
"Chile",2022,"Región de Los Ríos",13,"Pequeña",0.144417815680538,0.349050584839739,0.215091245743151,7060934.86833018,4640,57445,32476370.35,8213493.182,409559,18429.5,22.2230120187742,2708682290141.68,0.0133130826145592,6613655.88386943,52.8613586746909,6.27186879890011,32.8050296637683,5.9,11.1861289008288,2.33780145645141,13.7128621339797,10.3523507714271,11.4736840128898,29.7184944152832,11.5707226097583,20.503331720829,833735,976858.710448063,94980.3371228212,1071839.04757088,77.7854379009673,80.6,8.90714158399644,6.68,7.6,1983.3528258444,11.3292590322762,14.0260621790755
"Chile",2022,"Región de Arica y Parinacota",1,"Micro",0.670491050940799,0.177841291587438,0.0604215417003518,463353.230087343,11688,15058,5590692,614616.076,257722,16873.3,15.2739535242069,1665485875827.68,0.00818580722404165,6462334.90283204,54.0316941542543,6.52321409382588,33.4552368876007,9.2,12.2590408074803,1.48153090849518,6.27791658043861,6.66970908641815,10.4307159781456,37.4177575111389,12.6071155071258,24.4932070374488,909923,1055232.16918519,62574.1420288852,1117806.31121408,81.4025534405884,80.9,7.22871931771443,5.08,17.1,2991.5955952538,45.3511923700732,5.84272976307805
"Chile",2022,"Región de Aysén del General Carlos Ibáñez del Campo",15,"Sin Ventas/Sin Información",0.170654963981121,0.123753442872068,NA,NA,2061,6515,0,1101255.08,108047,108494.4,0.995876284858942,1197829886205.19,0.00588729371889668,11086192.9179449,67.7725038601294,4.96210294421564,31.0630889103433,4,11.405989076527,2.78306379914283,12.6295760273933,10.8831189572811,10.5688817799091,27.7442544698715,10.5513542890548,24.5768442749977,1123531,1269520.83421633,63160.2349766985,1332681.06919303,84.3060657616692,81.3,6.43238590613344,8.15,2.8,1756.6429424232,19.0750321619295,6.02978333503013
"Chile",2022,"Región de Los Lagos",14,"Micro",0.608251834510189,0.135698237625466,0.0254120623043277,4615240.98243601,48325,67827,25985211.12,6043720.821,902510,48583.6,18.5764331996806,6957468152127.9,0.0341957226340483,7709020.56722684,46.8225880855397,3.94855926790366,28.2976591039141,7,10.7982206695412,2.38351542502641,16.6182339191436,12.3864509165287,10.1775228977203,28.9476692676544,9.50286015868187,19.2828461527824,831759,953996.113055066,82215.2312456733,1036211.34430074,80.269207156305,80.6,7.93675416338877,7.16,5,2289.8361236995,53.5451130735394,7.51537379087212
"Chile",2022,"Región de Magallanes y la Antártica Chilena",16,"Grande",0.0083397409357071,0.334947873420057,0.643869048219505,4655114.66635052,141,36305,80777164.05,5335599.869,181143,132297.2,1.36921265151492,1912098720874.93,0.00939790108675665,10555741.7116584,62.199126079994,4.6264533599713,20.0770006610944,3.4,12.0925955345021,1.36483050882816,7.80309960246086,8.15124884247779,9.6613198518753,33.9548766613006,10.391080379486,27.2909134626388,1108000,1288451.41967834,48351.5979397713,1336803.01761811,82.8843453226053,80.5,6.92270747420546,8.69,2.2,1517.0335039168,0.778390553319753,20.0421766228891
"Chile",2022,"Región de Los Ríos",13,"Sin Ventas/Sin Información",0.195555417224314,0.0412517089472885,0,1013823.22453928,6283,6789,0,1124361.38,409559,18429.5,22.2230120187742,2708682290141.68,0.0133130826145592,6613655.88386943,52.8613586746909,6.27186879890011,32.8050296637683,5.9,11.1861289008288,2.33780145645141,13.7128621339797,10.3523507714271,11.4736840128898,29.7184944152832,11.5707226097583,20.503331720829,833735,976858.710448063,94980.3371228212,1071839.04757088,77.7854379009673,80.6,8.90714158399644,6.68,7.6,1983.3528258444,15.3408910559895,1.65763662866644
"Chile",2022,"Región de Ñuble",11,"Sin Ventas/Sin Información",0.196256850377417,0.145490023903605,0,5622900.30941351,7592,29824,0,6587706.588,517060,13178.5,39.2351178055166,3121405532208.86,0.0153416035077577,6036834.27882424,50.0188684712184,8.35734536832148,35.1027895566251,12.1,10.7013101830818,2.85124592483043,16.120345890522,12.3387478291988,9.69535708427429,32.1356683969497,8.19919034838676,17.8828507661819,597624,727452.946222049,88409.831304123,815862.777526172,73.2505182334968,81.1,8.74946814683015,6.69,4.4,1806.5601670986,14.6830155107724,5.76799597725602
"Chile",2022,"Región de Arica y Parinacota",1,"Mediana",0.0154313905461221,0.188175408345242,0.134235480705098,2035978.03618861,269,15933,12420557.42,2350222.629,257722,16873.3,15.2739535242069,1665485875827.68,0.00818580722404165,6462334.90283204,54.0316941542543,6.52321409382588,33.4552368876007,9.2,12.2590408074803,1.48153090849518,6.27791658043861,6.66970908641815,10.4307159781456,37.4177575111389,12.6071155071258,24.4932070374488,909923,1055232.16918519,62574.1420288852,1117806.31121408,81.4025534405884,80.9,7.22871931771443,5.08,17.1,2991.5955952538,1.04376033089919,6.18224288186495
"Chile",2022,"Región de Arica y Parinacota",1,"Grande",0.00355667737494263,0.172632896741505,0.6403207263673,2922961.25856142,62,14617,59247676.6,3264630.656,257722,16873.3,15.2739535242069,1665485875827.68,0.00818580722404165,6462334.90283204,54.0316941542543,6.52321409382588,33.4552368876007,9.2,12.2590408074803,1.48153090849518,6.27791658043861,6.66970908641815,10.4307159781456,37.4177575111389,12.6071155071258,24.4932070374488,909923,1055232.16918519,62574.1420288852,1117806.31121408,81.4025534405884,80.9,7.22871931771443,5.08,17.1,2991.5955952538,0.240569295597582,5.67161515120944
"Chile",2022,"Región de Valparaíso",6,"Sin Ventas/Sin Información",0.215891277381715,0.111587918484145,0,22287195.6922138,31676,104196,0,24588203.534,1995538,16396.1,121.708089118754,15257785665939.6,0.0749915048454305,7645950.94953822,53.5803510382113,8.17880111151795,28.9789278167768,6.6,12.0893903389761,1.53221376240253,7.75569900870323,7.63584673404693,12.0216459035873,31.9193542003631,12.8574162721633,25.1508206129074,867245,1041993.64709963,75624.4848697234,1117618.13196935,77.5976451576443,81.5,8.25491671920053,4.75,7,2157.4633006237,15.8734135857097,5.22144905283688
"Chile",2022,"Región de Coquimbo",5,"Micro",0.640202440997745,0.192179196119911,0.0637586002561162,4528800.00087365,37190,59594,18375070.22,6008017.571,858769,40579.9,21.1624227758077,6125835755595,0.0301082772956704,7133275.36927276,51.6442627231784,8.70552969950102,31.5446999344732,7.9,11.5387563352063,2.33126692473888,10.2648414671421,9.20903533697128,10.1666025817394,35.4169845581054,10.2757565677165,21.6723635792732,882831,1008078.5590258,76419.6530032856,1084498.21202909,81.4045194569032,82.2,6.86098357066917,7.26,8,2222.9493612368,43.3061743029849,6.93946800594805
"Chile",2022,"Región del Libertador General Bernardo O'Higgins",8,"Grande",0.00827129859387924,0.329615849942236,0.751854940928225,27024938.3421917,650,181175,576465391.58,28218075.625,1009552,16387,61.6068835052176,8328306586811.9,0.0409333475665045,8249507.29314775,52.6541319018733,6.92490163118104,28.5212556790485,7,11.0495100567302,2.59037427604198,14.1250982880592,10.4847222566604,10.5374246835708,31.4681947231292,9.28925201296806,20.7539588212966,832126,979061.174429629,77808.6549928754,1056869.8294225,78.7349440785742,81.4,7.44884859819008,5.5,4.4,2169.0809388719,0.643849945322282,17.9460790528868
"Chile",2022,"Región de Coquimbo",5,"Sin Ventas/Sin Información",0.196450396791241,0.077453433775347,0,4292938.07186507,11412,24018,0,4826831.554,858769,40579.9,21.1624227758077,6125835755595,0.0301082772956704,7133275.36927276,51.6442627231784,8.70552969950102,31.5446999344732,7.9,11.5387563352063,2.33126692473888,10.2648414671421,9.20903533697128,10.1666025817394,35.4169845581054,10.2757565677165,21.6723635792732,882831,1008078.5590258,76419.6530032856,1084498.21202909,81.4045194569032,82.2,6.86098357066917,7.26,8,2222.9493612368,13.2887889525588,2.79679401562003
"Chile",2022,"Región de Coquimbo",5,"Grande",0.00511266805529256,0.209135235539962,0.581678991038677,13922643.6420967,297,64852,167638440.35,14916929.6,858769,40579.9,21.1624227758077,6125835755595,0.0301082772956704,7133275.36927276,51.6442627231784,8.70552969950102,31.5446999344732,7.9,11.5387563352063,2.33126692473888,10.2648414671421,9.20903533697128,10.1666025817394,35.4169845581054,10.2757565677165,21.6723635792732,882831,1008078.5590258,76419.6530032856,1084498.21202909,81.4045194569032,82.2,6.86098357066917,7.26,8,2222.9493612368,0.345843876525585,7.55173975772297
"Chile",2022,"Región de Ñuble",11,"Mediana",0.0157946437803743,0.20006829601444,0.196826033510272,4718127.03175839,611,41012,28239002.59,5390199.364,517060,13178.5,39.2351178055166,3121405532208.86,0.0153416035077577,6036834.27882424,50.0188684712184,8.35734536832148,35.1027895566251,12.1,10.7013101830818,2.85124592483043,16.120345890522,12.3387478291988,9.69535708427429,32.1356683969497,8.19919034838676,17.8828507661819,597624,727452.946222049,88409.831304123,815862.777526172,73.2505182334968,81.1,8.74946814683015,6.69,4.4,1806.5601670986,1.18168104281902,7.93176807333772
"Chile",2023,"Región de Atacama",4,"Sin Ventas/Sin Información",0.188924467884724,0.102910611450212,0,3049286.67691658,4012,12527,0,3211556.437,319048,75176.2,4.24400275619145,4036410128134,0.019735923624293,12651419.6237995,59.2494109052259,9.21818609704441,27.9909781796114,NA,NA,NA,NA,NA,NA,NA,NA,NA,NA,NA,NA,NA,NA,NA,5.6,6.11995104039167,7.8,2278.9674280986,12.574910358316,3.92636844612723
"Chile",2023,"Región de La Araucanía",12,"Grande",0.00473902015752236,0.276110049420253,0.512117942457141,15243891.291394,355,115874,161428912.32,17405974.459,1028201,31842.3,32.2904124388,6072338969751.8,0.0296905453914423,5905789.79183234,50.7583383015128,8.09961466517327,36.1055172322133,NA,NA,NA,NA,NA,NA,NA,NA,NA,NA,NA,NA,NA,NA,NA,7.6,7.49063670411985,4.1,1992.9955329746,0.345263231605493,11.2695863941
"Chile",2023,"Región de Magallanes y la Antártica Chilena",16,"Pequeña",0.172016314949459,0.285162127341364,0.163460963993031,1972276.72209732,2910,31651,20645205.28,2482229.85,182217,132297.2,1.37733073715846,1943158194905.21,0.00950102207336826,10663978.6348431,63.8609367637623,5.48033002060637,19.1595054427383,NA,NA,NA,NA,NA,NA,NA,NA,NA,NA,NA,NA,NA,NA,NA,6.6,4.54545454545454,4.9,1367.0513728137,15.9699698710878,17.3699490168316
"Chile",2023,"Región de La Araucanía",12,"Sin Ventas/Sin Información",0.193458817247363,0.120107418756821,0,10713084.3876347,14492,50405,0,12156836.809,1028201,31842.3,32.2904124388,6072338969751.8,0.0296905453914423,5905789.79183234,50.7583383015128,8.09961466517327,36.1055172322133,NA,NA,NA,NA,NA,NA,NA,NA,NA,NA,NA,NA,NA,NA,NA,7.6,7.49063670411985,4.1,1992.9955329746,14.0945204293713,4.90225160255631
"Chile",2023,"Región del Maule",9,"Micro",0.64442978226666,0.156582014995159,0.0697270249816724,6939900.21207014,63486,85229,31873209.38,8460537.072,1162641,16387,70.9489839506926,8046039142987.2,0.0393409016832186,6920484.60615719,54.1906236233187,8.09824236043605,33.2772983692991,NA,NA,NA,NA,NA,NA,NA,NA,NA,NA,NA,NA,NA,NA,NA,6.8,4.7241437489455,4.7,2138.0632542634,54.6049898463928,7.33063774630346
"Chile",2023,"Región de La Araucanía",12,"Mediana",0.0159925243625684,0.178713548393246,0.176326369841605,10802755.5900115,1198,75000,55581286.53,12025180.602,1028201,31842.3,32.2904124388,6072338969751.8,0.0296905453914423,5905789.79183234,50.7583383015128,8.09961466517327,36.1055172322133,NA,NA,NA,NA,NA,NA,NA,NA,NA,NA,NA,NA,NA,NA,NA,7.6,7.49063670411985,4.1,1992.9955329746,1.16514183510812,7.29429362546817
"Chile",2023,"Región del Maule",9,"Pequeña",0.142353956250317,0.329770406147978,0.215530238374514,12590960.1790355,14024,179497,98521920.55,14636621.187,1162641,16387,70.9489839506926,8046039142987.2,0.0393409016832186,6920484.60615719,54.1906236233187,8.09824236043605,33.2772983692991,NA,NA,NA,NA,NA,NA,NA,NA,NA,NA,NA,NA,NA,NA,NA,6.8,4.7241437489455,4.7,2138.0632542634,12.0621928867122,15.4387295820464
"Chile",2023,"Región de La Araucanía",12,"Micro",0.643278600987852,0.133670585656212,0.0746461580978505,3590654.59772729,48188,56097,23529829.97,4856803.339,1028201,31842.3,32.2904124388,6072338969751.8,0.0296905453914423,5905789.79183234,50.7583383015128,8.09961466517327,36.1055172322133,NA,NA,NA,NA,NA,NA,NA,NA,NA,NA,NA,NA,NA,NA,NA,7.6,7.49063670411985,4.1,1992.9955329746,46.8663228298747,5.45583986010517
"Chile",2023,"Región de Los Ríos",13,"Mediana",0.0141398030856056,0.217348193890102,0.145917635627507,5139175.15940732,461,34634,21007744.98,5845928.358,411205,18429.5,22.3123253479476,2706363381478.97,0.0132326942260311,6581542.98094374,53.3028581743885,8.05315068713539,33.5674495567179,NA,NA,NA,NA,NA,NA,NA,NA,NA,NA,NA,NA,NA,NA,NA,7.7,6.59630606860158,4.4,1989.5186099391,1.12109531742075,8.42256295521699
"Chile",2023,"Región de Tarapacá",2,"Grande",0.0186701999518188,0.298643867924528,0.767281228516782,8734523.73338808,465,45585,268313392.29,9371534.321,401588,42225.9,9.5104663251701,5022102988709,0.0245554435431751,12505610.1992813,60.6882041233991,6.7787002321836,33.909420424002,NA,NA,NA,NA,NA,NA,NA,NA,NA,NA,NA,NA,NA,NA,NA,4.4,6.54632017456853,10.7,2822.5444983416,1.15790312459536,11.3511857924042
"Chile",2023,"Región del Maule",9,"Mediana",0.0166472110846064,0.183867986750173,0.166487824472365,8578232.95155099,1640,100081,76103939.47,9339600.73,1162641,16387,70.9489839506926,8046039142987.2,0.0393409016832186,6920484.60615719,54.1906236233187,8.09824236043605,33.2772983692991,NA,NA,NA,NA,NA,NA,NA,NA,NA,NA,NA,NA,NA,NA,NA,6.8,4.7241437489455,4.7,2138.0632542634,1.41058159827496,8.60807420347296
"Chile",2023,"Región del Maule",9,"Grande",0.00543064507942953,0.231085651716213,0.548254912171449,18225154.4823167,535,125782,250615075.2,19762040.013,1162641,16387,70.9489839506926,8046039142987.2,0.0393409016832186,6920484.60615719,54.1906236233187,8.09824236043605,33.2772983692991,NA,NA,NA,NA,NA,NA,NA,NA,NA,NA,NA,NA,NA,NA,NA,6.8,4.7241437489455,4.7,2138.0632542634,0.460159240900674,10.8186447923306
"Chile",2023,"Región de Coquimbo",5,"Sin Ventas/Sin Información",0.184859819498301,0.0825115174792751,0,4774939.5365434,10774,25092,0,5322168.838,869103,40579.9,21.4170808700859,6310573054174.4,0.0308553848268842,7261018.60674097,52.6760985074122,9.50637412979047,32.1769981292735,NA,NA,NA,NA,NA,NA,NA,NA,NA,NA,NA,NA,NA,NA,NA,5.9,6.34960159362549,6,2222.2912589187,12.3966894602826,2.88711464578997
"Chile",2023,"Región de Aysén del General Carlos Ibáñez del Campo",15,"Pequeña",0.129112903225806,0.397675574416026,0.398546997697796,2679653.66404181,1601,20804,11006089.68,3103741.714,108306,108494.4,0.99826350484449,1296557041920.79,0.00633948234732963,11971239.2842575,68.3279096613741,5.15335067336162,31.0161027721494,NA,NA,NA,NA,NA,NA,NA,NA,NA,NA,NA,NA,NA,NA,NA,5.6,1.95503421309872,4.6,1742.2857459421,14.7821911990102,19.2085387697819
"Chile",2023,"Región del Maule",9,"Sin Ventas/Sin Información",0.191138405318987,0.0986939403904767,0,12709762.3302482,18830,53720,0,13714826.304,1162641,16387,70.9489839506926,8046039142987.2,0.0393409016832186,6920484.60615719,54.1906236233187,8.09824236043605,33.2772983692991,NA,NA,NA,NA,NA,NA,NA,NA,NA,NA,NA,NA,NA,NA,NA,6.8,4.7241437489455,4.7,2138.0632542634,16.1958850582424,4.62051484508116
"Chile",2023,"Región de Ñuble",11,"Grande",0.00461280762788301,0.221948412155139,0.427372463710811,5135646.44977423,179,43772,57384779.83,5444070.558,519437,13178.5,39.4154873468149,3066120122757.69,0.0149917155701986,5902775.74134628,50.3138105906149,9.24248281657576,35.5877113065273,NA,NA,NA,NA,NA,NA,NA,NA,NA,NA,NA,NA,NA,NA,NA,7.8,6.81536555142503,2.7,1769.9932811871,0.344603869189141,8.42681595650676
"Chile",2023,"Región de La Araucanía",12,"Pequeña",0.142531037244694,0.291398397773467,0.236909529603403,12256973.3890318,10677,122290,74678203.03,14641270.961,1028201,31842.3,32.2904124388,6072338969751.8,0.0296905453914423,5905789.79183234,50.7583383015128,8.09961466517327,36.1055172322133,NA,NA,NA,NA,NA,NA,NA,NA,NA,NA,NA,NA,NA,NA,NA,7.6,7.49063670411985,4.1,1992.9955329746,10.3841564052165,11.8935888994467
"Chile",2023,"Región de Magallanes y la Antártica Chilena",16,"Grande",0.00874859608677661,0.366401484778319,0.666784609170934,5588439.31464829,148,40668,84215245.02,6275702.153,182217,132297.2,1.37733073715846,1943158194905.21,0.00950102207336826,10663978.6348431,63.8609367637623,5.48033002060637,19.1595054427383,NA,NA,NA,NA,NA,NA,NA,NA,NA,NA,NA,NA,NA,NA,NA,6.6,4.54545454545454,4.9,1367.0513728137,0.812218398941921,22.3184444920068
"Chile",2023,"Región de Los Lagos",14,"Sin Ventas/Sin Información",0.183361968078484,0.0593621242179155,0,4918474.59097806,14728,29175,0,5759852.615,907429,48583.6,18.6776813574951,7047423028063.2,0.0344581938442014,7766363.01910475,50.3448914870345,4.13819466398257,28.3055867658026,NA,NA,NA,NA,NA,NA,NA,NA,NA,NA,NA,NA,NA,NA,NA,6.9,5.35176719812688,4.5,2296.8188144747,16.230470923896,3.21512757471934
"Chile",2023,"Región del Libertador General Bernardo O'Higgins",8,"Mediana",0.0183246073298429,0.158987185557168,0.0960879467862593,10475666.8915395,1449,81935,66524152.18,11783235.964,1017701,16387,62.1041679379996,8210998702821.6,0.0401474672131426,8068183.7817017,52.3512928444297,8.49497575639377,28.7184585019333,NA,NA,NA,NA,NA,NA,NA,NA,NA,NA,NA,NA,NA,NA,NA,6.6,5.35395597858417,4.7,2189.4446404199,1.42379736287967,8.05098943599348
"Chile",2023,"Región de Ñuble",11,"Micro",0.657002963535627,0.159808738597585,0.0945451007022967,2758553.16880572,25495,31517,12694897.89,3460724.937,519437,13178.5,39.4154873468149,3066120122757.69,0.0149917155701986,5902775.74134628,50.3138105906149,9.24248281657576,35.5877113065273,NA,NA,NA,NA,NA,NA,NA,NA,NA,NA,NA,NA,NA,NA,NA,7.8,6.81536555142503,2.7,1769.9932811871,49.0819868434478,6.06753080739339
"Chile",2023,"Región del Libertador General Bernardo O'Higgins",8,"Sin Ventas/Sin Información",0.187849356299163,0.060690086076421,0,6134645.47973369,14854,31277,0,6986774.642,1017701,16387,62.1041679379996,8210998702821.6,0.0401474672131426,8068183.7817017,52.3512928444297,8.49497575639377,28.7184585019333,NA,NA,NA,NA,NA,NA,NA,NA,NA,NA,NA,NA,NA,NA,NA,6.6,5.35395597858417,4.7,2189.4446404199,14.595642531549,3.0732995251061
"Chile",2023,"Región de Aysén del General Carlos Ibáñez del Campo",15,"Sin Ventas/Sin Información",0.167661290322581,0.142523989754177,0,859878.220212976,2079,7456,0,1324832.05,108306,108494.4,0.99826350484449,1296557041920.79,0.00633948234732963,11971239.2842575,68.3279096613741,5.15335067336162,31.0161027721494,NA,NA,NA,NA,NA,NA,NA,NA,NA,NA,NA,NA,NA,NA,NA,5.6,1.95503421309872,4.6,1742.2857459421,19.1956124314442,6.88419847469208
"Chile",2023,"Región de Arica y Parinacota",1,"Grande",0.00290225214766659,0.177605326935788,0.654227185169593,3113156.72795551,50,14510,59262645.67,3419476.114,259802,16873.3,15.3972252019463,1695963615103.41,0.00829237052596892,6527908.23436082,54.4124483246136,7.96229944925846,35.4274427456474,NA,NA,NA,NA,NA,NA,NA,NA,NA,NA,NA,NA,NA,NA,NA,6.5,3.42700479780671,12.3,2992.6636438519,0.192454253623914,5.58502244016597
"Chile",2023,"Región de Magallanes y la Antártica Chilena",16,"Mediana",0.0198616776024118,0.200030632562414,0.124910662414839,3156669.21499004,336,22202,15776282.02,3537962.147,182217,132297.2,1.37733073715846,1943158194905.21,0.00950102207336826,10663978.6348431,63.8609367637623,5.48033002060637,19.1595054427383,NA,NA,NA,NA,NA,NA,NA,NA,NA,NA,NA,NA,NA,NA,NA,6.6,4.54545454545454,4.9,1367.0513728137,1.84395528408436,12.1843735765598
"Chile",2023,"Región de Los Lagos",14,"Micro",0.626565573566395,0.130413551045323,0.0258208617878282,4337000.71208441,50327,64095,26397718.96,5493096.863,907429,48583.6,18.6776813574951,7047423028063.2,0.0344581938442014,7766363.01910475,50.3448914870345,4.13819466398257,28.3055867658026,NA,NA,NA,NA,NA,NA,NA,NA,NA,NA,NA,NA,NA,NA,NA,6.9,5.35176719812688,4.5,2296.8188144747,55.4610884157328,7.06336253304666
"Chile",2023,"Región de Antofagasta",3,"Grande",0.00899773285471377,0.35134026484414,0.757102097061363,31799098.3376091,381,106207,401585981.77,33000213.159,714142,126049.1,5.66558587090269,16088549562367.6,0.0786645497630163,22528502.1219416,59.3060147105532,8.16186863810437,20.3371166671226,NA,NA,NA,NA,NA,NA,NA,NA,NA,NA,NA,NA,NA,NA,NA,4.9,4.53635757171447,8.3,2258.6544412736,0.533507341677145,14.8719722408149
"Chile",2023,"Región de Antofagasta",3,"Micro",0.584049688267523,0.0944553426995842,0.0264712714821285,1462714.42529501,24731,28553,14041027.74,2062656.566,714142,126049.1,5.66558587090269,16088549562367.6,0.0786645497630163,22528502.1219416,59.3060147105532,8.16186863810437,20.3371166671226,NA,NA,NA,NA,NA,NA,NA,NA,NA,NA,NA,NA,NA,NA,NA,4.9,4.53635757171447,8.3,2258.6544412736,34.6303676299671,3.99822444275788
"Chile",2023,"Región de Arica y Parinacota",1,"Mediana",0.0127118644067797,0.166026096110064,0.113306535681854,1947056.52424018,219,13564,10263781.8,2150520.188,259802,16873.3,15.3972252019463,1695963615103.41,0.00829237052596892,6527908.23436082,54.4124483246136,7.96229944925846,35.4274427456474,NA,NA,NA,NA,NA,NA,NA,NA,NA,NA,NA,NA,NA,NA,NA,6.5,3.42700479780671,12.3,2992.6636438519,0.842949630872742,5.22089899230953
"Chile",2023,"Región de Ñuble",11,"Pequeña",0.140265429712666,0.25843613887241,0.278353418666754,4149507.35593122,5443,50968,37375476.9,4854966.533,519437,13178.5,39.4154873468149,3066120122757.69,0.0149917155701986,5902775.74134628,50.3138105906149,9.24248281657576,35.5877113065273,NA,NA,NA,NA,NA,NA,NA,NA,NA,NA,NA,NA,NA,NA,NA,7.8,6.81536555142503,2.7,1769.9932811871,10.4786528491424,9.81216201387271
"Chile",2023,"Región del Libertador General Bernardo O'Higgins",8,"Micro",0.629005741457369,0.141855338833738,0.0373625734454718,5341507.72379017,49738,73106,25867068.71,6532013.371,1017701,16387,62.1041679379996,8210998702821.6,0.0401474672131426,8068183.7817017,52.3512928444297,8.49497575639377,28.7184585019333,NA,NA,NA,NA,NA,NA,NA,NA,NA,NA,NA,NA,NA,NA,NA,6.6,5.35395597858417,4.7,2189.4446404199,48.8729007832359,7.18344582544382
"Chile",2023,"Región de Los Lagos",14,"Pequeña",0.162134906999328,0.288958746630042,0.0903353294975206,17045547.9526152,13023,142016,92353487.65,19545235.334,907429,48583.6,18.6776813574951,7047423028063.2,0.0344581938442014,7766363.01910475,50.3448914870345,4.13819466398257,28.3055867658026,NA,NA,NA,NA,NA,NA,NA,NA,NA,NA,NA,NA,NA,NA,NA,6.9,5.35176719812688,4.5,2296.8188144747,14.3515360430403,15.6503704422054
"Chile",2023,"Región de Ñuble",11,"Mediana",0.0151526865094704,0.206021793253117,0.199729016920139,4913081.68510182,588,40631,26818306.36,5596814.871,519437,13178.5,39.4154873468149,3066120122757.69,0.0149917155701986,5902775.74134628,50.3138105906149,9.24248281657576,35.5877113065273,NA,NA,NA,NA,NA,NA,NA,NA,NA,NA,NA,NA,NA,NA,NA,7.8,6.81536555142503,2.7,1769.9932811871,1.13199483286712,7.82212279833743
"Chile",2023,"Región de Aysén del General Carlos Ibáñez del Campo",15,"Grande",0.00145161290322581,0.0612264403410177,0.161286888282147,342843.620348665,18,3203,4454024.16,371640.694,108306,108494.4,0.99826350484449,1296557041920.79,0.00633948234732963,11971239.2842575,68.3279096613741,5.15335067336162,31.0161027721494,NA,NA,NA,NA,NA,NA,NA,NA,NA,NA,NA,NA,NA,NA,NA,5.6,1.95503421309872,4.6,1742.2857459421,0.166195778627223,2.9573615496833
"Chile",2023,"Región de Arica y Parinacota",1,"Sin Ventas/Sin Información",0.160958904109589,0.125192783177067,0,2075494.46366527,2773,10228,0,2248569.715,259802,16873.3,15.3972252019463,1695963615103.41,0.00829237052596892,6527908.23436082,54.4124483246136,7.96229944925846,35.4274427456474,NA,NA,NA,NA,NA,NA,NA,NA,NA,NA,NA,NA,NA,NA,NA,6.5,3.42700479780671,12.3,2992.6636438519,10.6735129059822,3.93684421213078
"Chile",2023,"Región del Biobío",10,"Micro",0.61701301749508,0.112898530938391,0.0394683143306554,5547906.02109334,68349,87656,35624229,7054364.599,1681430,23890.2,70.3815790575215,12917115841226.1,0.0631579060590745,7682220.39646378,50.5468659445927,8.02160775110483,26.7127807735931,NA,NA,NA,NA,NA,NA,NA,NA,NA,NA,NA,NA,NA,NA,NA,6.7,8.49454365079365,6.7,1940.3127100147,40.6493282503583,5.21318163705893
"Chile",2023,"Región del Libertador General Bernardo O'Higgins",8,"Grande",0.0074613653033867,0.316307562151212,0.737937333213873,26832329.5849137,590,163011,510892958.96,27897265.546,1017701,16387,62.1041679379996,8210998702821.6,0.0401474672131426,8068183.7817017,52.3512928444297,8.49497575639377,28.7184585019333,NA,NA,NA,NA,NA,NA,NA,NA,NA,NA,NA,NA,NA,NA,NA,6.6,5.35395597858417,4.7,2189.4446404199,0.579738056659078,16.0175729413649
"Chile",2023,"Región Metropolitana",7,"Micro",0.564739285092564,0.06942315078912,0.00796016988945148,59415894.5406575,366583,573129,206297740.47,72812051.603,8367790,15403.2,543.25010387452,84395817538328,0.412651181686589,10085795.3579533,59.2200967676296,9.49717257998446,23.7293531934742,NA,NA,NA,NA,NA,NA,NA,NA,NA,NA,NA,NA,NA,NA,NA,5.3,5.43421190801218,6.7,2379.5171723956,43.8088192939832,6.84922781283947
"Chile",2023,"Región del Libertador General Bernardo O'Higgins",8,"Pequeña",0.157358929610239,0.322159827381461,0.128612146554396,11820270.8493884,12443,166027,89041490.59,13720002.596,1017701,16387,62.1041679379996,8210998702821.6,0.0401474672131426,8068183.7817017,52.3512928444297,8.49497575639377,28.7184585019333,NA,NA,NA,NA,NA,NA,NA,NA,NA,NA,NA,NA,NA,NA,NA,6.6,5.35395597858417,4.7,2189.4446404199,12.2265773542524,16.313927175074
"Chile",2023,"Región de Magallanes y la Antártica Chilena",16,"Micro",0.627357096411893,0.111817862387718,0.0448437644211967,426853.82306669,10613,12411,5663790.91,682085.094,182217,132297.2,1.37733073715846,1943158194905.21,0.00950102207336826,10663978.6348431,63.8609367637623,5.48033002060637,19.1595054427383,NA,NA,NA,NA,NA,NA,NA,NA,NA,NA,NA,NA,NA,NA,NA,6.6,4.54545454545454,4.9,1367.0513728137,58.2437423511527,6.81110983058661
"Chile",2023,"Región Metropolitana",7,"Pequeña",0.184865949078674,0.165632882160195,0.0349056468970258,162824599.75077,120000,1367397,904623416.9,199159376.716,8367790,15403.2,543.25010387452,84395817538328,0.412651181686589,10085795.3579533,59.2200967676296,9.49717257998446,23.7293531934742,NA,NA,NA,NA,NA,NA,NA,NA,NA,NA,NA,NA,NA,NA,NA,5.3,5.43421190801218,6.7,2379.5171723956,14.3407040568657,16.3411964210383
"Chile",2023,"Región de Atacama",4,"Micro",0.631333584479186,0.174636687012742,0.0421364210442134,2786420.53753272,13407,21258,6633081.32,3361982.658,319048,75176.2,4.24400275619145,4036410128134,0.019735923624293,12651419.6237995,59.2494109052259,9.21818609704441,27.9909781796114,NA,NA,NA,NA,NA,NA,NA,NA,NA,NA,NA,NA,NA,NA,NA,5.6,6.11995104039167,7.8,2278.9674280986,42.0218901231163,6.66294726812267
"Chile",2023,"Región de Valparaíso",6,"Mediana",0.0203779988777731,0.141679826239152,0.090234866012546,17935994.9422552,2978,130003,138387689.27,20028806.275,2010849,16396.1,122.641908746592,15288430697869.3,0.0747523891304707,7602973.02177802,54.5309732132797,8.54804939755414,29.9381249930639,NA,NA,NA,NA,NA,NA,NA,NA,NA,NA,NA,NA,NA,NA,NA,7.3,6.02678571428571,6.8,2177.4384849385,1.48096649723574,6.46508017260371
"Chile",2023,"Región de Los Lagos",14,"Mediana",0.0202186200542815,0.194361869881479,0.0743666468914307,13341268.6640771,1624,95524,76028052.85,14650087.943,907429,48583.6,18.6776813574951,7047423028063.2,0.0344581938442014,7766363.01910475,50.3448914870345,4.13819466398257,28.3055867658026,NA,NA,NA,NA,NA,NA,NA,NA,NA,NA,NA,NA,NA,NA,NA,6.9,5.35176719812688,4.5,2296.8188144747,1.78967169883264,10.5268841970005
"Chile",2023,"Región de Tarapacá",2,"Pequeña",0.168915120854413,0.291712526205451,0.0928259985328276,4131678.42053451,4207,44527,32460664.53,5175883.503,401588,42225.9,9.5104663251701,5022102988709,0.0245554435431751,12505610.1992813,60.6882041233991,6.7787002321836,33.909420424002,NA,NA,NA,NA,NA,NA,NA,NA,NA,NA,NA,NA,NA,NA,NA,4.4,6.54632017456853,10.7,2822.5444983416,10.4759106347799,11.0877317051306
"Chile",2023,"Región de Tarapacá",2,"Mediana",0.0343290773307637,0.231046907756813,0.118349304892124,4105893.6683981,855,35267,41386003.32,4900204.608,401588,42225.9,9.5104663251701,5022102988709,0.0245554435431751,12505610.1992813,60.6882041233991,6.7787002321836,33.909420424002,NA,NA,NA,NA,NA,NA,NA,NA,NA,NA,NA,NA,NA,NA,NA,4.4,6.54632017456853,10.7,2822.5444983416,2.12904768070759,8.78188591292569
"Chile",2023,"Región de Valparaíso",6,"Pequeña",0.157406013494095,0.291419958739427,0.107699133541961,28974682.4629482,23003,267402,165171567.11,34650385.033,2010849,16396.1,122.641908746592,15288430697869.3,0.0747523891304707,7602973.02177802,54.5309732132797,8.54804939755414,29.9381249930639,NA,NA,NA,NA,NA,NA,NA,NA,NA,NA,NA,NA,NA,NA,NA,7.3,6.02678571428571,6.8,2177.4384849385,11.4394467212605,13.2979651878386
"Chile",2023,"Región de Los Lagos",14,"Grande",0.00771893130151142,0.32690370822524,0.80947716182322,29767918.3046007,620,160665,827561481.02,31193512.786,907429,48583.6,18.6776813574951,7047423028063.2,0.0344581938442014,7766363.01910475,50.3448914870345,4.13819466398257,28.3055867658026,NA,NA,NA,NA,NA,NA,NA,NA,NA,NA,NA,NA,NA,NA,NA,6.9,5.35176719812688,4.5,2296.8188144747,0.683249047583888,17.7055174564622
"Chile",2023,"Región de Atacama",4,"Pequeña",0.155679035599925,0.270769837423086,0.150853675984438,2868357.03953832,3306,32960,23747263.66,3772504.371,319048,75176.2,4.24400275619145,4036410128134,0.019735923624293,12651419.6237995,59.2494109052259,9.21818609704441,27.9909781796114,NA,NA,NA,NA,NA,NA,NA,NA,NA,NA,NA,NA,NA,NA,NA,5.6,6.11995104039167,7.8,2278.9674280986,10.3620771796093,10.330733933452
"Chile",2023,"Región Metropolitana",7,"Mediana",0.0325918668225703,0.132414053073621,0.039271317518961,164142760.584529,21156,1093156,1017765221.34,191309710.176,8367790,15403.2,543.25010387452,84395817538328,0.412651181686589,10085795.3579533,59.2200967676296,9.49717257998446,23.7293531934742,NA,NA,NA,NA,NA,NA,NA,NA,NA,NA,NA,NA,NA,NA,NA,5.3,5.43421190801218,6.7,2379.5171723956,2.52826612522542,13.0638555699892
"Chile",2023,"Región del Biobío",10,"Mediana",0.0195442973983065,0.181255103591641,0.110943106842245,16400443.7601576,2165,140729,100137609.4,18662321.061,1681430,23890.2,70.3815790575215,12917115841226.1,0.0631579060590745,7682220.39646378,50.5468659445927,8.02160775110483,26.7127807735931,NA,NA,NA,NA,NA,NA,NA,NA,NA,NA,NA,NA,NA,NA,NA,6.7,8.49454365079365,6.7,1940.3127100147,1.28759448802507,8.36960206490904
"Chile",2023,"Región del Biobío",10,"Grande",0.00682470615848484,0.309614458265822,0.709758899768311,44596033.4691458,756,240389,640630693.48,49721534.749,1681430,23890.2,70.3815790575215,12917115841226.1,0.0631579060590745,7682220.39646378,50.5468659445927,8.02160775110483,26.7127807735931,NA,NA,NA,NA,NA,NA,NA,NA,NA,NA,NA,NA,NA,NA,NA,6.7,8.49454365079365,6.7,1940.3127100147,0.449617290044783,14.2966998328803
"Chile",2023,"Región de Antofagasta",3,"Sin Ventas/Sin Información",0.183851313054978,0.0432199436966367,0,2158724.97533719,7785,13065,0,2761389.749,714142,126049.1,5.66558587090269,16088549562367.6,0.0786645497630163,22528502.1219416,59.3060147105532,8.16186863810437,20.3371166671226,NA,NA,NA,NA,NA,NA,NA,NA,NA,NA,NA,NA,NA,NA,NA,4.9,4.53635757171447,8.3,2258.6544412736,10.901193320096,1.8294680889795
"Chile",2023,"Región de Atacama",4,"Grande",0.0058391410811829,0.281925949049923,0.692791303985913,9475252.37142484,124,34318,109058646.73,9813673.576,319048,75176.2,4.24400275619145,4036410128134,0.019735923624293,12651419.6237995,59.2494109052259,9.21818609704441,27.9909781796114,NA,NA,NA,NA,NA,NA,NA,NA,NA,NA,NA,NA,NA,NA,NA,5.6,6.11995104039167,7.8,2278.9674280986,0.388656252350743,10.7563752162684
"Chile",2023,"Región del Biobío",10,"Pequeña",0.159107732861502,0.280712351915344,0.139829679058789,24335438.2732422,17625,217949,126210723.52,28725531.274,1681430,23890.2,70.3815790575215,12917115841226.1,0.0631579060590745,7682220.39646378,50.5468659445927,8.02160775110483,26.7127807735931,NA,NA,NA,NA,NA,NA,NA,NA,NA,NA,NA,NA,NA,NA,NA,6.7,8.49454365079365,6.7,1940.3127100147,10.4821491230679,12.9621215275093
"Chile",2023,"Región de Coquimbo",5,"Mediana",0.0154250025736934,0.189804112422436,0.151897823717295,7753225.21084613,899,57720,41812931.09,9262931.651,869103,40579.9,21.4170808700859,6310573054174.4,0.0308553848268842,7261018.60674097,52.6760985074122,9.50637412979047,32.1769981292735,NA,NA,NA,NA,NA,NA,NA,NA,NA,NA,NA,NA,NA,NA,NA,5.9,6.34960159362549,6,2222.2912589187,1.03439983523242,6.64133019906731
"Chile",2023,"Región de Atacama",4,"Mediana",0.0182237709549821,0.169756915064037,0.114218598985435,2905022.43389013,387,20664,17980199.47,3301281.622,319048,75176.2,4.24400275619145,4036410128134,0.019735923624293,12651419.6237995,59.2494109052259,9.21818609704441,27.9909781796114,NA,NA,NA,NA,NA,NA,NA,NA,NA,NA,NA,NA,NA,NA,NA,5.6,6.11995104039167,7.8,2278.9674280986,1.21298362628821,6.4767683859482
"Chile",2023,"Región de Valparaíso",6,"Sin Ventas/Sin Información",0.200659650467366,0.123876532150225,0,27526859.0773097,29324,113667,0,29628268.182,2010849,16396.1,122.641908746592,15288430697869.3,0.0747523891304707,7602973.02177802,54.5309732132797,8.54804939755414,29.9381249930639,NA,NA,NA,NA,NA,NA,NA,NA,NA,NA,NA,NA,NA,NA,NA,7.3,6.02678571428571,6.8,2177.4384849385,14.5828950856081,5.65268699937191
"Chile",2023,"Región de Los Ríos",13,"Sin Ventas/Sin Información",0.188847652056559,0.0494264126314733,0,1186785.77047951,6157,7876,0,1347991.198,411205,18429.5,22.3123253479476,2706363381478.97,0.0132326942260311,6581542.98094374,53.3028581743885,8.05315068713539,33.5674495567179,NA,NA,NA,NA,NA,NA,NA,NA,NA,NA,NA,NA,NA,NA,NA,7.7,6.59630606860158,4.4,1989.5186099391,14.9730669617344,1.91534636008803
"Chile",2023,"Región de Tarapacá",2,"Sin Ventas/Sin Información",0.178711956958163,0.0649698637316562,0,1595825.11558878,4451,9917,0,1945627.586,401588,42225.9,9.5104663251701,5022102988709,0.0245554435431751,12505610.1992813,60.6882041233991,6.7787002321836,33.909420424002,NA,NA,NA,NA,NA,NA,NA,NA,NA,NA,NA,NA,NA,NA,NA,4.4,6.54632017456853,10.7,2822.5444983416,11.0834985109117,2.46944629819616
"Chile",2023,"Región de Los Ríos",13,"Micro",0.653344784222311,0.183629540377036,0.0719284573901129,1848898.69085704,21301,29261,10355531.62,2492202.95,411205,18429.5,22.3123253479476,2706363381478.97,0.0132326942260311,6581542.98094374,53.3028581743885,8.05315068713539,33.5674495567179,NA,NA,NA,NA,NA,NA,NA,NA,NA,NA,NA,NA,NA,NA,NA,7.7,6.59630606860158,4.4,1989.5186099391,51.8014129205627,7.1159154193164
"Chile",2023,"Región de Antofagasta",3,"Pequeña",0.196344228225959,0.3117757392711,0.114468864642338,14781729.7045036,8314,94247,60717162.94,16750568.121,714142,126049.1,5.66558587090269,16088549562367.6,0.0786645497630163,22528502.1219416,59.3060147105532,8.16186863810437,20.3371166671226,NA,NA,NA,NA,NA,NA,NA,NA,NA,NA,NA,NA,NA,NA,NA,4.9,4.53635757171447,8.3,2258.6544412736,11.6419423588026,13.1972352837391
"Chile",2023,"Región de Los Ríos",13,"Grande",0.00426341134251449,0.205054346461832,0.562125283475129,6087166.13479993,139,32675,80929111.49,6977842.091,411205,18429.5,22.3123253479476,2706363381478.97,0.0132326942260311,6581542.98094374,53.3028581743885,8.05315068713539,33.5674495567179,NA,NA,NA,NA,NA,NA,NA,NA,NA,NA,NA,NA,NA,NA,NA,7.7,6.59630606860158,4.4,1989.5186099391,0.338030909157233,7.94615824223927
"Chile",2023,"Región de Arica y Parinacota",1,"Micro",0.693812398421175,0.182195402580235,0.0612123585388816,478429.727544859,11953,14885,5544872.48,709092.502,259802,16873.3,15.3972252019463,1695963615103.41,0.00829237052596892,6527908.23436082,54.4124483246136,7.96229944925846,35.4274427456474,NA,NA,NA,NA,NA,NA,NA,NA,NA,NA,NA,NA,NA,NA,NA,6.5,3.42700479780671,12.3,2992.6636438519,46.0081138713328,5.72936313038391
"Chile",2023,"Región de Tarapacá",2,"Micro",0.599373644904842,0.113626834381551,0.0215434680582662,737557.275750952,14928,17344,7533614.51,1046119.954,401588,42225.9,9.5104663251701,5022102988709,0.0245554435431751,12505610.1992813,60.6882041233991,6.7787002321836,33.909420424002,NA,NA,NA,NA,NA,NA,NA,NA,NA,NA,NA,NA,NA,NA,NA,4.4,6.54632017456853,10.7,2822.5444983416,37.1724254708806,4.31885414902836
"Chile",2023,"Región del Biobío",10,"Sin Ventas/Sin Información",0.197510246086627,0.115519555288802,0,18005344.6182675,21879,89691,0,20405481.907,1681430,23890.2,70.3815790575215,12917115841226.1,0.0631579060590745,7682220.39646378,50.5468659445927,8.02160775110483,26.7127807735931,NA,NA,NA,NA,NA,NA,NA,NA,NA,NA,NA,NA,NA,NA,NA,6.7,8.49454365079365,6.7,1940.3127100147,13.0121384773675,5.33420957161464
"Chile",2023,"Región de Coquimbo",5,"Grande",0.00490717545725953,0.195006297208512,0.572872319612745,13554893.1544941,286,59302,157694628.12,14289408.688,869103,40579.9,21.4170808700859,6310573054174.4,0.0308553848268842,7261018.60674097,52.6760985074122,9.50637412979047,32.1769981292735,NA,NA,NA,NA,NA,NA,NA,NA,NA,NA,NA,NA,NA,NA,NA,5.9,6.34960159362549,6,2222.2912589187,0.329074919773606,6.82335695538964
"Chile",2023,"Región de Antofagasta",3,"Mediana",0.026757037596826,0.199208709488539,0.10195776681417,8732314.7031713,1133,60219,54080962.19,9969717.503,714142,126049.1,5.66558587090269,16088549562367.6,0.0786645497630163,22528502.1219416,59.3060147105532,8.16186863810437,20.3371166671226,NA,NA,NA,NA,NA,NA,NA,NA,NA,NA,NA,NA,NA,NA,NA,4.9,4.53635757171447,8.3,2258.6544412736,1.58651920766458,8.43235659014594
"Chile",2023,"Región de Arica y Parinacota",1,"Pequeña",0.12961458091479,0.348980391196847,0.171253920609671,2689597.16752299,2233,28511,15512899.26,3274053.203,259802,16873.3,15.3972252019463,1695963615103.41,0.00829237052596892,6527908.23436082,54.4124483246136,7.96229944925846,35.4274427456474,NA,NA,NA,NA,NA,NA,NA,NA,NA,NA,NA,NA,NA,NA,NA,6.5,3.42700479780671,12.3,2992.6636438519,8.59500696684398,10.9741264501428
"Chile",2023,"Región de Valparaíso",6,"Micro",0.613728119996168,0.139726869394921,0.0301822193330431,8479474.68270923,89689,128211,46288621.85,10959738.61,2010849,16396.1,122.641908746592,15288430697869.3,0.0747523891304707,7602973.02177802,54.5309732132797,8.54804939755414,29.9381249930639,NA,NA,NA,NA,NA,NA,NA,NA,NA,NA,NA,NA,NA,NA,NA,7.3,6.02678571428571,6.8,2177.4384849385,44.6025534488169,6.37596358553029
"Chile",2023,"Región de Los Ríos",13,"Pequeña",0.13940434929301,0.344541506639556,0.220028623507251,7222277.29491378,4545,54902,31677495.26,8215302.83,411205,18429.5,22.3123253479476,2706363381478.97,0.0132326942260311,6581542.98094374,53.3028581743885,8.05315068713539,33.5674495567179,NA,NA,NA,NA,NA,NA,NA,NA,NA,NA,NA,NA,NA,NA,NA,7.7,6.59630606860158,4.4,1989.5186099391,11.0528811663282,13.3514913485974
"Chile",2023,"Región de Aysén del General Carlos Ibáñez del Campo",15,"Micro",0.68741935483871,0.210861337309324,0.144850885359184,596404.991544348,8524,11031,4000135.1,911246.033,108306,108494.4,0.99826350484449,1296557041920.79,0.00633948234732963,11971239.2842575,68.3279096613741,5.15335067336162,31.0161027721494,NA,NA,NA,NA,NA,NA,NA,NA,NA,NA,NA,NA,NA,NA,NA,5.6,1.95503421309872,4.6,1742.2857459421,78.7029342788026,10.185031300205
"Chile",2023,"Región de Aysén del General Carlos Ibáñez del Campo",15,"Mediana",0.0143548387096774,0.187712658179455,0.295315228660874,773626.164683054,178,9820,8155288.86,910590.38,108306,108494.4,0.99826350484449,1296557041920.79,0.00633948234732963,11971239.2842575,68.3279096613741,5.15335067336162,31.0161027721494,NA,NA,NA,NA,NA,NA,NA,NA,NA,NA,NA,NA,NA,NA,NA,5.6,1.95503421309872,4.6,1742.2857459421,1.64349158864698,9.06690303399627
"Chile",2023,"Región Metropolitana",7,"Sin Ventas/Sin Información",0.200008010857793,0.0591365437402468,0,142044497.669133,129829,488207,0,156272341.18,8367790,15403.2,543.25010387452,84395817538328,0.412651181686589,10085795.3579533,59.2200967676296,9.49717257998446,23.7293531934742,NA,NA,NA,NA,NA,NA,NA,NA,NA,NA,NA,NA,NA,NA,NA,5.3,5.43421190801218,6.7,2379.5171723956,15.5153272249901,5.83436008790852
"Chile",2023,"Región Metropolitana",7,"Grande",0.0177948881483981,0.573393370236818,0.917862865694562,1070941258.77768,11551,4733700,23787562060.08,1129853690.634,8367790,15403.2,543.25010387452,84395817538328,0.412651181686589,10085795.3579533,59.2200967676296,9.49717257998446,23.7293531934742,NA,NA,NA,NA,NA,NA,NA,NA,NA,NA,NA,NA,NA,NA,NA,5.3,5.43421190801218,6.7,2379.5171723956,1.38041227134046,56.5704923283209
"Chile",2023,"Región de Valparaíso",6,"Grande",0.00782821716459785,0.303296813476274,0.77188378111245,58403830.0466947,1144,278300,1183790895.62,62618549.652,2010849,16396.1,122.641908746592,15288430697869.3,0.0747523891304707,7602973.02177802,54.5309732132797,8.54804939755414,29.9381249930639,NA,NA,NA,NA,NA,NA,NA,NA,NA,NA,NA,NA,NA,NA,NA,7.3,6.02678571428571,6.8,2177.4384849385,0.56891392640621,13.8399253250741
"Chile",2023,"Región de Coquimbo",5,"Micro",0.655571188360043,0.160435773405721,0.0666311983313563,2771351.29716831,38208,48789,18341577.49,3632643.285,869103,40579.9,21.4170808700859,6310573054174.4,0.0308553848268842,7261018.60674097,52.6760985074122,9.50637412979047,32.1769981292735,NA,NA,NA,NA,NA,NA,NA,NA,NA,NA,NA,NA,NA,NA,NA,5.9,6.34960159362549,6,2222.2912589187,43.9625683031816,5.61371897231974
"Chile",2023,"Región de Ñuble",11,"Sin Ventas/Sin Información",0.182966112614354,0.153784917121749,0,5916599.00918513,7100,30329,0,6838268.05,519437,13178.5,39.4154873468149,3066120122757.69,0.0149917155701986,5902775.74134628,50.3138105906149,9.24248281657576,35.5877113065273,NA,NA,NA,NA,NA,NA,NA,NA,NA,NA,NA,NA,NA,NA,NA,7.8,6.81536555142503,2.7,1769.9932811871,13.6686450907425,5.8388216472835
"Chile",2023,"Región de Magallanes y la Antártica Chilena",16,"Sin Ventas/Sin Información",0.172016314949459,0.0365878929301848,0,922429.49705177,2910,4061,0,1149195.635,182217,132297.2,1.37733073715846,1943158194905.21,0.00950102207336826,10663978.6348431,63.8609367637623,5.48033002060637,19.1595054427383,NA,NA,NA,NA,NA,NA,NA,NA,NA,NA,NA,NA,NA,NA,NA,6.6,4.54545454545454,4.9,1367.0513728137,15.9699698710878,2.22866143115077
"Chile",2023,"Región de Coquimbo",5,"Pequeña",0.139236814110703,0.372242299484056,0.208598658338604,12455784.1925403,8115,113200,57420976.24,14899119.428,869103,40579.9,21.4170808700859,6310573054174.4,0.0308553848268842,7261018.60674097,52.6760985074122,9.50637412979047,32.1769981292735,NA,NA,NA,NA,NA,NA,NA,NA,NA,NA,NA,NA,NA,NA,NA,5.9,6.34960159362549,6,2222.2912589187,9.33721319567416,13.0249233980322
