Total Nacional;Comunidades y Ciudades Autónomas;Provincias;Islas;Indicadores de renta media;Periodo;Total
Total Nacional;;;;Índice de Gini;2023;32,1
Total Nacional;;;;Índice de Gini;2022;32,6
Total Nacional;;;;Índice de Gini;2021;32,6
Total Nacional;;;;Índice de Gini;2020;""
Total Nacional;;;;Índice de Gini;2019;""
Total Nacional;;;;Índice de Gini;2018;""
Total Nacional;;;;Índice de Gini;2017;""
Total Nacional;;;;Índice de Gini;2016;""
Total Nacional;;;;Índice de Gini;2015;""
Total Nacional;;;;Distribución de la renta P80/P20;2023;2,8
Total Nacional;;;;Distribución de la renta P80/P20;2022;2,9
Total Nacional;;;;Distribución de la renta P80/P20;2021;2,7
Total Nacional;;;;Distribución de la renta P80/P20;2020;""
Total Nacional;;;;Distribución de la renta P80/P20;2019;""
Total Nacional;;;;Distribución de la renta P80/P20;2018;""
Total Nacional;;;;Distribución de la renta P80/P20;2017;""
Total Nacional;;;;Distribución de la renta P80/P20;2016;""
Total Nacional;;;;Distribución de la renta P80/P20;2015;""
Total Nacional;Andalucía;;;Índice de Gini;2023;31,3
Total Nacional;Andalucía;;;Índice de Gini;2022;32
Total Nacional;Andalucía;;;Índice de Gini;2021;32,1
Total Nacional;Andalucía;;;Índice de Gini;2020;33
Total Nacional;Andalucía;;;Índice de Gini;2019;32,7
Total Nacional;Andalucía;;;Índice de Gini;2018;33,6
Total Nacional;Andalucía;;;Índice de Gini;2017;34,5
Total Nacional;Andalucía;;;Índice de Gini;2016;35,7
Total Nacional;Andalucía;;;Índice de Gini;2015;35,8
Total Nacional;Andalucía;;;Distribución de la renta P80/P20;2023;2,5
Total Nacional;Andalucía;;;Distribución de la renta P80/P20;2022;2,8
Total Nacional;Andalucía;;;Distribución de la renta P80/P20;2021;2,6
Total Nacional;Andalucía;;;Distribución de la renta P80/P20;2020;2,7
Total Nacional;Andalucía;;;Distribución de la renta P80/P20;2019;2,7
Total Nacional;Andalucía;;;Distribución de la renta P80/P20;2018;2,8
Total Nacional;Andalucía;;;Distribución de la renta P80/P20;2017;3
Total Nacional;Andalucía;;;Distribución de la renta P80/P20;2016;3,2
Total Nacional;Andalucía;;;Distribución de la renta P80/P20;2015;3,1
Total Nacional;Andalucía;Almería;;Índice de Gini;2023;32
Total Nacional;Andalucía;Almería;;Índice de Gini;2022;32,6
Total Nacional;Andalucía;Almería;;Índice de Gini;2021;32,7
Total Nacional;Andalucía;Almería;;Índice de Gini;2020;33,2
Total Nacional;Andalucía;Almería;;Índice de Gini;2019;33,4
Total Nacional;Andalucía;Almería;;Índice de Gini;2018;34,4
Total Nacional;Andalucía;Almería;;Índice de Gini;2017;35,2
Total Nacional;Andalucía;Almería;;Índice de Gini;2016;36,7
Total Nacional;Andalucía;Almería;;Índice de Gini;2015;36,9
Total Nacional;Andalucía;Almería;;Distribución de la renta P80/P20;2023;2,7
Total Nacional;Andalucía;Almería;;Distribución de la renta P80/P20;2022;2,7
Total Nacional;Andalucía;Almería;;Distribución de la renta P80/P20;2021;2,7
Total Nacional;Andalucía;Almería;;Distribución de la renta P80/P20;2020;2,8
Total Nacional;Andalucía;Almería;;Distribución de la renta P80/P20;2019;2,7
Total Nacional;Andalucía;Almería;;Distribución de la renta P80/P20;2018;2,9
Total Nacional;Andalucía;Almería;;Distribución de la renta P80/P20;2017;3,1
Total Nacional;Andalucía;Almería;;Distribución de la renta P80/P20;2016;3,4
Total Nacional;Andalucía;Almería;;Distribución de la renta P80/P20;2015;3,4
Total Nacional;Andalucía;Cádiz;;Índice de Gini;2023;30,9
Total Nacional;Andalucía;Cádiz;;Índice de Gini;2022;31,7
Total Nacional;Andalucía;Cádiz;;Índice de Gini;2021;32
Total Nacional;Andalucía;Cádiz;;Índice de Gini;2020;32,9
Total Nacional;Andalucía;Cádiz;;Índice de Gini;2019;32,6
Total Nacional;Andalucía;Cádiz;;Índice de Gini;2018;33,6
Total Nacional;Andalucía;Cádiz;;Índice de Gini;2017;34,5
Total Nacional;Andalucía;Cádiz;;Índice de Gini;2016;35,6
Total Nacional;Andalucía;Cádiz;;Índice de Gini;2015;36
Total Nacional;Andalucía;Cádiz;;Distribución de la renta P80/P20;2023;2,6
Total Nacional;Andalucía;Cádiz;;Distribución de la renta P80/P20;2022;2,7
Total Nacional;Andalucía;Cádiz;;Distribución de la renta P80/P20;2021;2,8
Total Nacional;Andalucía;Cádiz;;Distribución de la renta P80/P20;2020;2,7
Total Nacional;Andalucía;Cádiz;;Distribución de la renta P80/P20;2019;2,7
Total Nacional;Andalucía;Cádiz;;Distribución de la renta P80/P20;2018;2,8
Total Nacional;Andalucía;Cádiz;;Distribución de la renta P80/P20;2017;3
Total Nacional;Andalucía;Cádiz;;Distribución de la renta P80/P20;2016;3,2
Total Nacional;Andalucía;Cádiz;;Distribución de la renta P80/P20;2015;3,1
Total Nacional;Andalucía;Córdoba;;Índice de Gini;2023;29,5
Total Nacional;Andalucía;Córdoba;;Índice de Gini;2022;30,2
Total Nacional;Andalucía;Córdoba;;Índice de Gini;2021;30
Total Nacional;Andalucía;Córdoba;;Índice de Gini;2020;31,3
Total Nacional;Andalucía;Córdoba;;Índice de Gini;2019;31
Total Nacional;Andalucía;Córdoba;;Índice de Gini;2018;31,9
Total Nacional;Andalucía;Córdoba;;Índice de Gini;2017;32,5
Total Nacional;Andalucía;Córdoba;;Índice de Gini;2016;33,6
Total Nacional;Andalucía;Córdoba;;Índice de Gini;2015;33,7
Total Nacional;Andalucía;Córdoba;;Distribución de la renta P80/P20;2023;2,5
Total Nacional;Andalucía;Córdoba;;Distribución de la renta P80/P20;2022;2,5
Total Nacional;Andalucía;Córdoba;;Distribución de la renta P80/P20;2021;2,5
Total Nacional;Andalucía;Córdoba;;Distribución de la renta P80/P20;2020;2,7
Total Nacional;Andalucía;Córdoba;;Distribución de la renta P80/P20;2019;2,6
Total Nacional;Andalucía;Córdoba;;Distribución de la renta P80/P20;2018;2,5
Total Nacional;Andalucía;Córdoba;;Distribución de la renta P80/P20;2017;2,6
Total Nacional;Andalucía;Córdoba;;Distribución de la renta P80/P20;2016;2,8
Total Nacional;Andalucía;Córdoba;;Distribución de la renta P80/P20;2015;2,7
Total Nacional;Andalucía;Granada;;Índice de Gini;2023;32,3
Total Nacional;Andalucía;Granada;;Índice de Gini;2022;33,1
Total Nacional;Andalucía;Granada;;Índice de Gini;2021;33,3
Total Nacional;Andalucía;Granada;;Índice de Gini;2020;34,4
Total Nacional;Andalucía;Granada;;Índice de Gini;2019;34
Total Nacional;Andalucía;Granada;;Índice de Gini;2018;35
Total Nacional;Andalucía;Granada;;Índice de Gini;2017;35,7
Total Nacional;Andalucía;Granada;;Índice de Gini;2016;37
Total Nacional;Andalucía;Granada;;Índice de Gini;2015;36,9
Total Nacional;Andalucía;Granada;;Distribución de la renta P80/P20;2023;2,7
Total Nacional;Andalucía;Granada;;Distribución de la renta P80/P20;2022;2,8
Total Nacional;Andalucía;Granada;;Distribución de la renta P80/P20;2021;2,9
Total Nacional;Andalucía;Granada;;Distribución de la renta P80/P20;2020;3
Total Nacional;Andalucía;Granada;;Distribución de la renta P80/P20;2019;3
Total Nacional;Andalucía;Granada;;Distribución de la renta P80/P20;2018;2,9
Total Nacional;Andalucía;Granada;;Distribución de la renta P80/P20;2017;3
Total Nacional;Andalucía;Granada;;Distribución de la renta P80/P20;2016;3,4
Total Nacional;Andalucía;Granada;;Distribución de la renta P80/P20;2015;3,2
Total Nacional;Andalucía;Huelva;;Índice de Gini;2023;29,1
Total Nacional;Andalucía;Huelva;;Índice de Gini;2022;29,6
Total Nacional;Andalucía;Huelva;;Índice de Gini;2021;29,8
Total Nacional;Andalucía;Huelva;;Índice de Gini;2020;30,6
Total Nacional;Andalucía;Huelva;;Índice de Gini;2019;30,4
Total Nacional;Andalucía;Huelva;;Índice de Gini;2018;31,5
Total Nacional;Andalucía;Huelva;;Índice de Gini;2017;32,3
Total Nacional;Andalucía;Huelva;;Índice de Gini;2016;33,6
Total Nacional;Andalucía;Huelva;;Índice de Gini;2015;34
Total Nacional;Andalucía;Huelva;;Distribución de la renta P80/P20;2023;2,4
Total Nacional;Andalucía;Huelva;;Distribución de la renta P80/P20;2022;2,4
Total Nacional;Andalucía;Huelva;;Distribución de la renta P80/P20;2021;2,4
Total Nacional;Andalucía;Huelva;;Distribución de la renta P80/P20;2020;2,6
Total Nacional;Andalucía;Huelva;;Distribución de la renta P80/P20;2019;2,6
Total Nacional;Andalucía;Huelva;;Distribución de la renta P80/P20;2018;2,7
Total Nacional;Andalucía;Huelva;;Distribución de la renta P80/P20;2017;2,5
Total Nacional;Andalucía;Huelva;;Distribución de la renta P80/P20;2016;2,8
Total Nacional;Andalucía;Huelva;;Distribución de la renta P80/P20;2015;3
Total Nacional;Andalucía;Jaén;;Índice de Gini;2023;29,5
Total Nacional;Andalucía;Jaén;;Índice de Gini;2022;30,1
Total Nacional;Andalucía;Jaén;;Índice de Gini;2021;29,7
Total Nacional;Andalucía;Jaén;;Índice de Gini;2020;31,1
Total Nacional;Andalucía;Jaén;;Índice de Gini;2019;30,5
Total Nacional;Andalucía;Jaén;;Índice de Gini;2018;31,3
Total Nacional;Andalucía;Jaén;;Índice de Gini;2017;31,7
Total Nacional;Andalucía;Jaén;;Índice de Gini;2016;32,8
Total Nacional;Andalucía;Jaén;;Índice de Gini;2015;33,2
Total Nacional;Andalucía;Jaén;;Distribución de la renta P80/P20;2023;2,5
Total Nacional;Andalucía;Jaén;;Distribución de la renta P80/P20;2022;2,5
Total Nacional;Andalucía;Jaén;;Distribución de la renta P80/P20;2021;2,4
Total Nacional;Andalucía;Jaén;;Distribución de la renta P80/P20;2020;2,6
Total Nacional;Andalucía;Jaén;;Distribución de la renta P80/P20;2019;2,5
Total Nacional;Andalucía;Jaén;;Distribución de la renta P80/P20;2018;2,6
Total Nacional;Andalucía;Jaén;;Distribución de la renta P80/P20;2017;2,5
Total Nacional;Andalucía;Jaén;;Distribución de la renta P80/P20;2016;2,8
Total Nacional;Andalucía;Jaén;;Distribución de la renta P80/P20;2015;2,6
Total Nacional;Andalucía;Málaga;;Índice de Gini;2023;32,7
Total Nacional;Andalucía;Málaga;;Índice de Gini;2022;33,3
Total Nacional;Andalucía;Málaga;;Índice de Gini;2021;33,5
Total Nacional;Andalucía;Málaga;;Índice de Gini;2020;34,2
Total Nacional;Andalucía;Málaga;;Índice de Gini;2019;33,8
Total Nacional;Andalucía;Málaga;;Índice de Gini;2018;34,6
Total Nacional;Andalucía;Málaga;;Índice de Gini;2017;35,4
Total Nacional;Andalucía;Málaga;;Índice de Gini;2016;36,8
Total Nacional;Andalucía;Málaga;;Índice de Gini;2015;37
Total Nacional;Andalucía;Málaga;;Distribución de la renta P80/P20;2023;2,8
Total Nacional;Andalucía;Málaga;;Distribución de la renta P80/P20;2022;2,8
Total Nacional;Andalucía;Málaga;;Distribución de la renta P80/P20;2021;2,9
Total Nacional;Andalucía;Málaga;;Distribución de la renta P80/P20;2020;3
Total Nacional;Andalucía;Málaga;;Distribución de la renta P80/P20;2019;2,7
Total Nacional;Andalucía;Málaga;;Distribución de la renta P80/P20;2018;2,9
Total Nacional;Andalucía;Málaga;;Distribución de la renta P80/P20;2017;3,1
Total Nacional;Andalucía;Málaga;;Distribución de la renta P80/P20;2016;3,4
Total Nacional;Andalucía;Málaga;;Distribución de la renta P80/P20;2015;3,2
Total Nacional;Andalucía;Sevilla;;Índice de Gini;2023;31,1
Total Nacional;Andalucía;Sevilla;;Índice de Gini;2022;32
Total Nacional;Andalucía;Sevilla;;Índice de Gini;2021;32,1
Total Nacional;Andalucía;Sevilla;;Índice de Gini;2020;33
Total Nacional;Andalucía;Sevilla;;Índice de Gini;2019;32,9
Total Nacional;Andalucía;Sevilla;;Índice de Gini;2018;33,9
Total Nacional;Andalucía;Sevilla;;Índice de Gini;2017;34,7
Total Nacional;Andalucía;Sevilla;;Índice de Gini;2016;35,7
Total Nacional;Andalucía;Sevilla;;Índice de Gini;2015;35,9
Total Nacional;Andalucía;Sevilla;;Distribución de la renta P80/P20;2023;2,6
Total Nacional;Andalucía;Sevilla;;Distribución de la renta P80/P20;2022;2,6
Total Nacional;Andalucía;Sevilla;;Distribución de la renta P80/P20;2021;2,7
Total Nacional;Andalucía;Sevilla;;Distribución de la renta P80/P20;2020;2,8
Total Nacional;Andalucía;Sevilla;;Distribución de la renta P80/P20;2019;2,8
Total Nacional;Andalucía;Sevilla;;Distribución de la renta P80/P20;2018;2,9
Total Nacional;Andalucía;Sevilla;;Distribución de la renta P80/P20;2017;2,8
Total Nacional;Andalucía;Sevilla;;Distribución de la renta P80/P20;2016;3
Total Nacional;Andalucía;Sevilla;;Distribución de la renta P80/P20;2015;3,4
Total Nacional;Aragón;;;Índice de Gini;2023;28,8
Total Nacional;Aragón;;;Índice de Gini;2022;29
Total Nacional;Aragón;;;Índice de Gini;2021;29,1
Total Nacional;Aragón;;;Índice de Gini;2020;29,7
Total Nacional;Aragón;;;Índice de Gini;2019;29,8
Total Nacional;Aragón;;;Índice de Gini;2018;30,2
Total Nacional;Aragón;;;Índice de Gini;2017;30,8
Total Nacional;Aragón;;;Índice de Gini;2016;32,2
Total Nacional;Aragón;;;Índice de Gini;2015;32
Total Nacional;Aragón;;;Distribución de la renta P80/P20;2023;2,5
Total Nacional;Aragón;;;Distribución de la renta P80/P20;2022;2,5
Total Nacional;Aragón;;;Distribución de la renta P80/P20;2021;2,4
Total Nacional;Aragón;;;Distribución de la renta P80/P20;2020;2,5
Total Nacional;Aragón;;;Distribución de la renta P80/P20;2019;2,4
Total Nacional;Aragón;;;Distribución de la renta P80/P20;2018;2,5
Total Nacional;Aragón;;;Distribución de la renta P80/P20;2017;2,6
Total Nacional;Aragón;;;Distribución de la renta P80/P20;2016;2,8
Total Nacional;Aragón;;;Distribución de la renta P80/P20;2015;2,8
Total Nacional;Aragón;Huesca;;Índice de Gini;2023;28,3
Total Nacional;Aragón;Huesca;;Índice de Gini;2022;28,6
Total Nacional;Aragón;Huesca;;Índice de Gini;2021;28,7
Total Nacional;Aragón;Huesca;;Índice de Gini;2020;29
Total Nacional;Aragón;Huesca;;Índice de Gini;2019;28,9
Total Nacional;Aragón;Huesca;;Índice de Gini;2018;29,4
Total Nacional;Aragón;Huesca;;Índice de Gini;2017;29,9
Total Nacional;Aragón;Huesca;;Índice de Gini;2016;30,8
Total Nacional;Aragón;Huesca;;Índice de Gini;2015;31,1
Total Nacional;Aragón;Huesca;;Distribución de la renta P80/P20;2023;2,4
Total Nacional;Aragón;Huesca;;Distribución de la renta P80/P20;2022;2,5
Total Nacional;Aragón;Huesca;;Distribución de la renta P80/P20;2021;2,6
Total Nacional;Aragón;Huesca;;Distribución de la renta P80/P20;2020;2,4
Total Nacional;Aragón;Huesca;;Distribución de la renta P80/P20;2019;2,4
Total Nacional;Aragón;Huesca;;Distribución de la renta P80/P20;2018;2,5
Total Nacional;Aragón;Huesca;;Distribución de la renta P80/P20;2017;2,6
Total Nacional;Aragón;Huesca;;Distribución de la renta P80/P20;2016;2,7
Total Nacional;Aragón;Huesca;;Distribución de la renta P80/P20;2015;2,7
Total Nacional;Aragón;Teruel;;Índice de Gini;2023;28,4
Total Nacional;Aragón;Teruel;;Índice de Gini;2022;28,4
Total Nacional;Aragón;Teruel;;Índice de Gini;2021;28,2
Total Nacional;Aragón;Teruel;;Índice de Gini;2020;28,8
Total Nacional;Aragón;Teruel;;Índice de Gini;2019;28,9
Total Nacional;Aragón;Teruel;;Índice de Gini;2018;29,1
Total Nacional;Aragón;Teruel;;Índice de Gini;2017;30,1
Total Nacional;Aragón;Teruel;;Índice de Gini;2016;30,6
Total Nacional;Aragón;Teruel;;Índice de Gini;2015;31,3
Total Nacional;Aragón;Teruel;;Distribución de la renta P80/P20;2023;2,5
Total Nacional;Aragón;Teruel;;Distribución de la renta P80/P20;2022;2,6
Total Nacional;Aragón;Teruel;;Distribución de la renta P80/P20;2021;2,4
Total Nacional;Aragón;Teruel;;Distribución de la renta P80/P20;2020;2,5
Total Nacional;Aragón;Teruel;;Distribución de la renta P80/P20;2019;2,5
Total Nacional;Aragón;Teruel;;Distribución de la renta P80/P20;2018;2,6
Total Nacional;Aragón;Teruel;;Distribución de la renta P80/P20;2017;2,7
Total Nacional;Aragón;Teruel;;Distribución de la renta P80/P20;2016;2,6
Total Nacional;Aragón;Teruel;;Distribución de la renta P80/P20;2015;2,6
Total Nacional;Aragón;Zaragoza;;Índice de Gini;2023;29
Total Nacional;Aragón;Zaragoza;;Índice de Gini;2022;29,2
Total Nacional;Aragón;Zaragoza;;Índice de Gini;2021;29,2
Total Nacional;Aragón;Zaragoza;;Índice de Gini;2020;29,9
Total Nacional;Aragón;Zaragoza;;Índice de Gini;2019;30,1
Total Nacional;Aragón;Zaragoza;;Índice de Gini;2018;30,5
Total Nacional;Aragón;Zaragoza;;Índice de Gini;2017;31
Total Nacional;Aragón;Zaragoza;;Índice de Gini;2016;32,6
Total Nacional;Aragón;Zaragoza;;Índice de Gini;2015;32,3
Total Nacional;Aragón;Zaragoza;;Distribución de la renta P80/P20;2023;2,5
Total Nacional;Aragón;Zaragoza;;Distribución de la renta P80/P20;2022;2,5
Total Nacional;Aragón;Zaragoza;;Distribución de la renta P80/P20;2021;2,4
Total Nacional;Aragón;Zaragoza;;Distribución de la renta P80/P20;2020;2,5
Total Nacional;Aragón;Zaragoza;;Distribución de la renta P80/P20;2019;2,5
Total Nacional;Aragón;Zaragoza;;Distribución de la renta P80/P20;2018;2,6
Total Nacional;Aragón;Zaragoza;;Distribución de la renta P80/P20;2017;2,7
Total Nacional;Aragón;Zaragoza;;Distribución de la renta P80/P20;2016;2,8
Total Nacional;Aragón;Zaragoza;;Distribución de la renta P80/P20;2015;2,8
Total Nacional;Asturias, Principado de;;;Índice de Gini;2023;29,4
Total Nacional;Asturias, Principado de;;;Índice de Gini;2022;29,4
Total Nacional;Asturias, Principado de;;;Índice de Gini;2021;29,6
Total Nacional;Asturias, Principado de;;;Índice de Gini;2020;30,3
Total Nacional;Asturias, Principado de;;;Índice de Gini;2019;30,4
Total Nacional;Asturias, Principado de;;;Índice de Gini;2018;30,9
Total Nacional;Asturias, Principado de;;;Índice de Gini;2017;31,3
Total Nacional;Asturias, Principado de;;;Índice de Gini;2016;31,8
Total Nacional;Asturias, Principado de;;;Índice de Gini;2015;32
Total Nacional;Asturias, Principado de;;;Distribución de la renta P80/P20;2023;2,5
Total Nacional;Asturias, Principado de;;;Distribución de la renta P80/P20;2022;2,5
Total Nacional;Asturias, Principado de;;;Distribución de la renta P80/P20;2021;2,6
Total Nacional;Asturias, Principado de;;;Distribución de la renta P80/P20;2020;2,7
Total Nacional;Asturias, Principado de;;;Distribución de la renta P80/P20;2019;2,7
Total Nacional;Asturias, Principado de;;;Distribución de la renta P80/P20;2018;2,5
Total Nacional;Asturias, Principado de;;;Distribución de la renta P80/P20;2017;2,6
Total Nacional;Asturias, Principado de;;;Distribución de la renta P80/P20;2016;2,8
Total Nacional;Asturias, Principado de;;;Distribución de la renta P80/P20;2015;2,8
Total Nacional;Asturias, Principado de;Asturias;;Índice de Gini;2023;29,4
Total Nacional;Asturias, Principado de;Asturias;;Índice de Gini;2022;29,4
Total Nacional;Asturias, Principado de;Asturias;;Índice de Gini;2021;29,6
Total Nacional;Asturias, Principado de;Asturias;;Índice de Gini;2020;30,3
Total Nacional;Asturias, Principado de;Asturias;;Índice de Gini;2019;30,4
Total Nacional;Asturias, Principado de;Asturias;;Índice de Gini;2018;30,9
Total Nacional;Asturias, Principado de;Asturias;;Índice de Gini;2017;31,3
Total Nacional;Asturias, Principado de;Asturias;;Índice de Gini;2016;31,8
Total Nacional;Asturias, Principado de;Asturias;;Índice de Gini;2015;32
Total Nacional;Asturias, Principado de;Asturias;;Distribución de la renta P80/P20;2023;2,5
Total Nacional;Asturias, Principado de;Asturias;;Distribución de la renta P80/P20;2022;2,5
Total Nacional;Asturias, Principado de;Asturias;;Distribución de la renta P80/P20;2021;2,6
Total Nacional;Asturias, Principado de;Asturias;;Distribución de la renta P80/P20;2020;2,7
Total Nacional;Asturias, Principado de;Asturias;;Distribución de la renta P80/P20;2019;2,7
Total Nacional;Asturias, Principado de;Asturias;;Distribución de la renta P80/P20;2018;2,5
Total Nacional;Asturias, Principado de;Asturias;;Distribución de la renta P80/P20;2017;2,6
Total Nacional;Asturias, Principado de;Asturias;;Distribución de la renta P80/P20;2016;2,8
Total Nacional;Asturias, Principado de;Asturias;;Distribución de la renta P80/P20;2015;2,8
Total Nacional;Balears, Illes;;;Índice de Gini;2023;30,6
Total Nacional;Balears, Illes;;;Índice de Gini;2022;31
Total Nacional;Balears, Illes;;;Índice de Gini;2021;31,7
Total Nacional;Balears, Illes;;;Índice de Gini;2020;32,8
Total Nacional;Balears, Illes;;;Índice de Gini;2019;31,4
Total Nacional;Balears, Illes;;;Índice de Gini;2018;31,9
Total Nacional;Balears, Illes;;;Índice de Gini;2017;32,3
Total Nacional;Balears, Illes;;;Índice de Gini;2016;33,7
Total Nacional;Balears, Illes;;;Índice de Gini;2015;34
Total Nacional;Balears, Illes;;;Distribución de la renta P80/P20;2023;2,5
Total Nacional;Balears, Illes;;;Distribución de la renta P80/P20;2022;2,5
Total Nacional;Balears, Illes;;;Distribución de la renta P80/P20;2021;2,6
Total Nacional;Balears, Illes;;;Distribución de la renta P80/P20;2020;2,8
Total Nacional;Balears, Illes;;;Distribución de la renta P80/P20;2019;2,6
Total Nacional;Balears, Illes;;;Distribución de la renta P80/P20;2018;2,6
Total Nacional;Balears, Illes;;;Distribución de la renta P80/P20;2017;2,7
Total Nacional;Balears, Illes;;;Distribución de la renta P80/P20;2016;2,8
Total Nacional;Balears, Illes;;;Distribución de la renta P80/P20;2015;2,9
Total Nacional;Balears, Illes;Balears, Illes;;Índice de Gini;2023;30,6
Total Nacional;Balears, Illes;Balears, Illes;;Índice de Gini;2022;31
Total Nacional;Balears, Illes;Balears, Illes;;Índice de Gini;2021;31,7
Total Nacional;Balears, Illes;Balears, Illes;;Índice de Gini;2020;32,8
Total Nacional;Balears, Illes;Balears, Illes;;Índice de Gini;2019;31,4
Total Nacional;Balears, Illes;Balears, Illes;;Índice de Gini;2018;31,9
Total Nacional;Balears, Illes;Balears, Illes;;Índice de Gini;2017;32,3
Total Nacional;Balears, Illes;Balears, Illes;;Índice de Gini;2016;33,7
Total Nacional;Balears, Illes;Balears, Illes;;Índice de Gini;2015;34
Total Nacional;Balears, Illes;Balears, Illes;;Distribución de la renta P80/P20;2023;2,5
Total Nacional;Balears, Illes;Balears, Illes;;Distribución de la renta P80/P20;2022;2,5
Total Nacional;Balears, Illes;Balears, Illes;;Distribución de la renta P80/P20;2021;2,6
Total Nacional;Balears, Illes;Balears, Illes;;Distribución de la renta P80/P20;2020;2,8
Total Nacional;Balears, Illes;Balears, Illes;;Distribución de la renta P80/P20;2019;2,6
Total Nacional;Balears, Illes;Balears, Illes;;Distribución de la renta P80/P20;2018;2,6
Total Nacional;Balears, Illes;Balears, Illes;;Distribución de la renta P80/P20;2017;2,7
Total Nacional;Balears, Illes;Balears, Illes;;Distribución de la renta P80/P20;2016;2,8
Total Nacional;Balears, Illes;Balears, Illes;;Distribución de la renta P80/P20;2015;2,9
Total Nacional;Balears, Illes;Balears, Illes;Ibiza y Formentera;Índice de Gini;2023;31,7
Total Nacional;Balears, Illes;Balears, Illes;Ibiza y Formentera;Índice de Gini;2022;31,6
Total Nacional;Balears, Illes;Balears, Illes;Ibiza y Formentera;Índice de Gini;2021;32,1
Total Nacional;Balears, Illes;Balears, Illes;Ibiza y Formentera;Índice de Gini;2020;33,6
Total Nacional;Balears, Illes;Balears, Illes;Ibiza y Formentera;Índice de Gini;2019;32
Total Nacional;Balears, Illes;Balears, Illes;Ibiza y Formentera;Índice de Gini;2018;32,3
Total Nacional;Balears, Illes;Balears, Illes;Ibiza y Formentera;Índice de Gini;2017;32,5
Total Nacional;Balears, Illes;Balears, Illes;Ibiza y Formentera;Índice de Gini;2016;34
Total Nacional;Balears, Illes;Balears, Illes;Ibiza y Formentera;Índice de Gini;2015;34
Total Nacional;Balears, Illes;Balears, Illes;Ibiza y Formentera;Distribución de la renta P80/P20;2023;2,5
Total Nacional;Balears, Illes;Balears, Illes;Ibiza y Formentera;Distribución de la renta P80/P20;2022;2,5
Total Nacional;Balears, Illes;Balears, Illes;Ibiza y Formentera;Distribución de la renta P80/P20;2021;2,5
Total Nacional;Balears, Illes;Balears, Illes;Ibiza y Formentera;Distribución de la renta P80/P20;2020;2,8
Total Nacional;Balears, Illes;Balears, Illes;Ibiza y Formentera;Distribución de la renta P80/P20;2019;2,5
Total Nacional;Balears, Illes;Balears, Illes;Ibiza y Formentera;Distribución de la renta P80/P20;2018;2,5
Total Nacional;Balears, Illes;Balears, Illes;Ibiza y Formentera;Distribución de la renta P80/P20;2017;2,5
Total Nacional;Balears, Illes;Balears, Illes;Ibiza y Formentera;Distribución de la renta P80/P20;2016;2,8
Total Nacional;Balears, Illes;Balears, Illes;Ibiza y Formentera;Distribución de la renta P80/P20;2015;2,7
Total Nacional;Balears, Illes;Balears, Illes;Mallorca;Índice de Gini;2023;30,5
Total Nacional;Balears, Illes;Balears, Illes;Mallorca;Índice de Gini;2022;31
Total Nacional;Balears, Illes;Balears, Illes;Mallorca;Índice de Gini;2021;31,8
Total Nacional;Balears, Illes;Balears, Illes;Mallorca;Índice de Gini;2020;32,8
Total Nacional;Balears, Illes;Balears, Illes;Mallorca;Índice de Gini;2019;31,5
Total Nacional;Balears, Illes;Balears, Illes;Mallorca;Índice de Gini;2018;32
Total Nacional;Balears, Illes;Balears, Illes;Mallorca;Índice de Gini;2017;32,4
Total Nacional;Balears, Illes;Balears, Illes;Mallorca;Índice de Gini;2016;34
Total Nacional;Balears, Illes;Balears, Illes;Mallorca;Índice de Gini;2015;34,2
Total Nacional;Balears, Illes;Balears, Illes;Mallorca;Distribución de la renta P80/P20;2023;2,5
Total Nacional;Balears, Illes;Balears, Illes;Mallorca;Distribución de la renta P80/P20;2022;2,6
Total Nacional;Balears, Illes;Balears, Illes;Mallorca;Distribución de la renta P80/P20;2021;2,6
Total Nacional;Balears, Illes;Balears, Illes;Mallorca;Distribución de la renta P80/P20;2020;2,8
Total Nacional;Balears, Illes;Balears, Illes;Mallorca;Distribución de la renta P80/P20;2019;2,6
Total Nacional;Balears, Illes;Balears, Illes;Mallorca;Distribución de la renta P80/P20;2018;2,6
Total Nacional;Balears, Illes;Balears, Illes;Mallorca;Distribución de la renta P80/P20;2017;2,7
Total Nacional;Balears, Illes;Balears, Illes;Mallorca;Distribución de la renta P80/P20;2016;2,8
Total Nacional;Balears, Illes;Balears, Illes;Mallorca;Distribución de la renta P80/P20;2015;3
Total Nacional;Balears, Illes;Balears, Illes;Menorca;Índice de Gini;2023;29,1
Total Nacional;Balears, Illes;Balears, Illes;Menorca;Índice de Gini;2022;29,2
Total Nacional;Balears, Illes;Balears, Illes;Menorca;Índice de Gini;2021;29,7
Total Nacional;Balears, Illes;Balears, Illes;Menorca;Índice de Gini;2020;31,1
Total Nacional;Balears, Illes;Balears, Illes;Menorca;Índice de Gini;2019;29,4
Total Nacional;Balears, Illes;Balears, Illes;Menorca;Índice de Gini;2018;29,8
Total Nacional;Balears, Illes;Balears, Illes;Menorca;Índice de Gini;2017;30,3
Total Nacional;Balears, Illes;Balears, Illes;Menorca;Índice de Gini;2016;31,3
Total Nacional;Balears, Illes;Balears, Illes;Menorca;Índice de Gini;2015;31,9
Total Nacional;Balears, Illes;Balears, Illes;Menorca;Distribución de la renta P80/P20;2023;2,3
Total Nacional;Balears, Illes;Balears, Illes;Menorca;Distribución de la renta P80/P20;2022;2,3
Total Nacional;Balears, Illes;Balears, Illes;Menorca;Distribución de la renta P80/P20;2021;2,4
Total Nacional;Balears, Illes;Balears, Illes;Menorca;Distribución de la renta P80/P20;2020;2,5
Total Nacional;Balears, Illes;Balears, Illes;Menorca;Distribución de la renta P80/P20;2019;2,3
Total Nacional;Balears, Illes;Balears, Illes;Menorca;Distribución de la renta P80/P20;2018;2,4
Total Nacional;Balears, Illes;Balears, Illes;Menorca;Distribución de la renta P80/P20;2017;2,4
Total Nacional;Balears, Illes;Balears, Illes;Menorca;Distribución de la renta P80/P20;2016;2,5
Total Nacional;Balears, Illes;Balears, Illes;Menorca;Distribución de la renta P80/P20;2015;2,6
Total Nacional;Canarias;;;Índice de Gini;2023;31,7
Total Nacional;Canarias;;;Índice de Gini;2022;32,5
Total Nacional;Canarias;;;Índice de Gini;2021;33,2
Total Nacional;Canarias;;;Índice de Gini;2020;33,8
Total Nacional;Canarias;;;Índice de Gini;2019;33,3
Total Nacional;Canarias;;;Índice de Gini;2018;33,9
Total Nacional;Canarias;;;Índice de Gini;2017;34,4
Total Nacional;Canarias;;;Índice de Gini;2016;35,8
Total Nacional;Canarias;;;Índice de Gini;2015;36,1
Total Nacional;Canarias;;;Distribución de la renta P80/P20;2023;2,6
Total Nacional;Canarias;;;Distribución de la renta P80/P20;2022;2,8
Total Nacional;Canarias;;;Distribución de la renta P80/P20;2021;2,8
Total Nacional;Canarias;;;Distribución de la renta P80/P20;2020;2,8
Total Nacional;Canarias;;;Distribución de la renta P80/P20;2019;2,9
Total Nacional;Canarias;;;Distribución de la renta P80/P20;2018;2,7
Total Nacional;Canarias;;;Distribución de la renta P80/P20;2017;2,9
Total Nacional;Canarias;;;Distribución de la renta P80/P20;2016;3,1
Total Nacional;Canarias;;;Distribución de la renta P80/P20;2015;3
Total Nacional;Canarias;Palmas, Las;;Índice de Gini;2023;31,3
Total Nacional;Canarias;Palmas, Las;;Índice de Gini;2022;32,1
Total Nacional;Canarias;Palmas, Las;;Índice de Gini;2021;32,9
Total Nacional;Canarias;Palmas, Las;;Índice de Gini;2020;33,3
Total Nacional;Canarias;Palmas, Las;;Índice de Gini;2019;32,8
Total Nacional;Canarias;Palmas, Las;;Índice de Gini;2018;33,3
Total Nacional;Canarias;Palmas, Las;;Índice de Gini;2017;33,8
Total Nacional;Canarias;Palmas, Las;;Índice de Gini;2016;35,2
Total Nacional;Canarias;Palmas, Las;;Índice de Gini;2015;35,6
Total Nacional;Canarias;Palmas, Las;;Distribución de la renta P80/P20;2023;2,6
Total Nacional;Canarias;Palmas, Las;;Distribución de la renta P80/P20;2022;2,6
Total Nacional;Canarias;Palmas, Las;;Distribución de la renta P80/P20;2021;2,8
Total Nacional;Canarias;Palmas, Las;;Distribución de la renta P80/P20;2020;2,9
Total Nacional;Canarias;Palmas, Las;;Distribución de la renta P80/P20;2019;2,7
Total Nacional;Canarias;Palmas, Las;;Distribución de la renta P80/P20;2018;2,8
Total Nacional;Canarias;Palmas, Las;;Distribución de la renta P80/P20;2017;3
Total Nacional;Canarias;Palmas, Las;;Distribución de la renta P80/P20;2016;3,1
Total Nacional;Canarias;Palmas, Las;;Distribución de la renta P80/P20;2015;3,1
Total Nacional;Canarias;Palmas, Las;Fuerteventura;Índice de Gini;2023;30,5
Total Nacional;Canarias;Palmas, Las;Fuerteventura;Índice de Gini;2022;31,4
Total Nacional;Canarias;Palmas, Las;Fuerteventura;Índice de Gini;2021;32,8
Total Nacional;Canarias;Palmas, Las;Fuerteventura;Índice de Gini;2020;32,9
Total Nacional;Canarias;Palmas, Las;Fuerteventura;Índice de Gini;2019;31,6
Total Nacional;Canarias;Palmas, Las;Fuerteventura;Índice de Gini;2018;31,5
Total Nacional;Canarias;Palmas, Las;Fuerteventura;Índice de Gini;2017;31,8
Total Nacional;Canarias;Palmas, Las;Fuerteventura;Índice de Gini;2016;33,6
Total Nacional;Canarias;Palmas, Las;Fuerteventura;Índice de Gini;2015;33,8
Total Nacional;Canarias;Palmas, Las;Fuerteventura;Distribución de la renta P80/P20;2023;2,6
Total Nacional;Canarias;Palmas, Las;Fuerteventura;Distribución de la renta P80/P20;2022;2,6
Total Nacional;Canarias;Palmas, Las;Fuerteventura;Distribución de la renta P80/P20;2021;2,8
Total Nacional;Canarias;Palmas, Las;Fuerteventura;Distribución de la renta P80/P20;2020;2,9
Total Nacional;Canarias;Palmas, Las;Fuerteventura;Distribución de la renta P80/P20;2019;2,5
Total Nacional;Canarias;Palmas, Las;Fuerteventura;Distribución de la renta P80/P20;2018;2,7
Total Nacional;Canarias;Palmas, Las;Fuerteventura;Distribución de la renta P80/P20;2017;2,6
Total Nacional;Canarias;Palmas, Las;Fuerteventura;Distribución de la renta P80/P20;2016;3
Total Nacional;Canarias;Palmas, Las;Fuerteventura;Distribución de la renta P80/P20;2015;3
Total Nacional;Canarias;Palmas, Las;Gran Canaria;Índice de Gini;2023;31,6
Total Nacional;Canarias;Palmas, Las;Gran Canaria;Índice de Gini;2022;32,4
Total Nacional;Canarias;Palmas, Las;Gran Canaria;Índice de Gini;2021;32,9
Total Nacional;Canarias;Palmas, Las;Gran Canaria;Índice de Gini;2020;33,4
Total Nacional;Canarias;Palmas, Las;Gran Canaria;Índice de Gini;2019;33,3
Total Nacional;Canarias;Palmas, Las;Gran Canaria;Índice de Gini;2018;33,9
Total Nacional;Canarias;Palmas, Las;Gran Canaria;Índice de Gini;2017;34,4
Total Nacional;Canarias;Palmas, Las;Gran Canaria;Índice de Gini;2016;35,7
Total Nacional;Canarias;Palmas, Las;Gran Canaria;Índice de Gini;2015;36,1
Total Nacional;Canarias;Palmas, Las;Gran Canaria;Distribución de la renta P80/P20;2023;2,6
Total Nacional;Canarias;Palmas, Las;Gran Canaria;Distribución de la renta P80/P20;2022;2,7
Total Nacional;Canarias;Palmas, Las;Gran Canaria;Distribución de la renta P80/P20;2021;2,8
Total Nacional;Canarias;Palmas, Las;Gran Canaria;Distribución de la renta P80/P20;2020;2,8
Total Nacional;Canarias;Palmas, Las;Gran Canaria;Distribución de la renta P80/P20;2019;2,8
Total Nacional;Canarias;Palmas, Las;Gran Canaria;Distribución de la renta P80/P20;2018;2,8
Total Nacional;Canarias;Palmas, Las;Gran Canaria;Distribución de la renta P80/P20;2017;3
Total Nacional;Canarias;Palmas, Las;Gran Canaria;Distribución de la renta P80/P20;2016;3,2
Total Nacional;Canarias;Palmas, Las;Gran Canaria;Distribución de la renta P80/P20;2015;3,1
Total Nacional;Canarias;Palmas, Las;Lanzarote;Índice de Gini;2023;29,8
Total Nacional;Canarias;Palmas, Las;Lanzarote;Índice de Gini;2022;30,6
Total Nacional;Canarias;Palmas, Las;Lanzarote;Índice de Gini;2021;32,3
Total Nacional;Canarias;Palmas, Las;Lanzarote;Índice de Gini;2020;32,6
Total Nacional;Canarias;Palmas, Las;Lanzarote;Índice de Gini;2019;31
Total Nacional;Canarias;Palmas, Las;Lanzarote;Índice de Gini;2018;31,3
Total Nacional;Canarias;Palmas, Las;Lanzarote;Índice de Gini;2017;31,7
Total Nacional;Canarias;Palmas, Las;Lanzarote;Índice de Gini;2016;33,3
Total Nacional;Canarias;Palmas, Las;Lanzarote;Índice de Gini;2015;33,9
Total Nacional;Canarias;Palmas, Las;Lanzarote;Distribución de la renta P80/P20;2023;2,4
Total Nacional;Canarias;Palmas, Las;Lanzarote;Distribución de la renta P80/P20;2022;2,5
Total Nacional;Canarias;Palmas, Las;Lanzarote;Distribución de la renta P80/P20;2021;2,7
Total Nacional;Canarias;Palmas, Las;Lanzarote;Distribución de la renta P80/P20;2020;2,7
Total Nacional;Canarias;Palmas, Las;Lanzarote;Distribución de la renta P80/P20;2019;2,6
Total Nacional;Canarias;Palmas, Las;Lanzarote;Distribución de la renta P80/P20;2018;2,5
Total Nacional;Canarias;Palmas, Las;Lanzarote;Distribución de la renta P80/P20;2017;2,7
Total Nacional;Canarias;Palmas, Las;Lanzarote;Distribución de la renta P80/P20;2016;2,7
Total Nacional;Canarias;Palmas, Las;Lanzarote;Distribución de la renta P80/P20;2015;3
Total Nacional;Canarias;Santa Cruz de Tenerife;;Índice de Gini;2023;32,1
Total Nacional;Canarias;Santa Cruz de Tenerife;;Índice de Gini;2022;32,9
Total Nacional;Canarias;Santa Cruz de Tenerife;;Índice de Gini;2021;33,6
Total Nacional;Canarias;Santa Cruz de Tenerife;;Índice de Gini;2020;34,2
Total Nacional;Canarias;Santa Cruz de Tenerife;;Índice de Gini;2019;33,8
Total Nacional;Canarias;Santa Cruz de Tenerife;;Índice de Gini;2018;34,7
Total Nacional;Canarias;Santa Cruz de Tenerife;;Índice de Gini;2017;35,1
Total Nacional;Canarias;Santa Cruz de Tenerife;;Índice de Gini;2016;36,5
Total Nacional;Canarias;Santa Cruz de Tenerife;;Índice de Gini;2015;36,8
Total Nacional;Canarias;Santa Cruz de Tenerife;;Distribución de la renta P80/P20;2023;2,7
Total Nacional;Canarias;Santa Cruz de Tenerife;;Distribución de la renta P80/P20;2022;2,7
Total Nacional;Canarias;Santa Cruz de Tenerife;;Distribución de la renta P80/P20;2021;2,9
Total Nacional;Canarias;Santa Cruz de Tenerife;;Distribución de la renta P80/P20;2020;2,8
Total Nacional;Canarias;Santa Cruz de Tenerife;;Distribución de la renta P80/P20;2019;2,8
Total Nacional;Canarias;Santa Cruz de Tenerife;;Distribución de la renta P80/P20;2018;3
Total Nacional;Canarias;Santa Cruz de Tenerife;;Distribución de la renta P80/P20;2017;2,8
Total Nacional;Canarias;Santa Cruz de Tenerife;;Distribución de la renta P80/P20;2016;3,4
Total Nacional;Canarias;Santa Cruz de Tenerife;;Distribución de la renta P80/P20;2015;3,4
Total Nacional;Canarias;Santa Cruz de Tenerife;Gomera, La;Índice de Gini;2023;30,2
Total Nacional;Canarias;Santa Cruz de Tenerife;Gomera, La;Índice de Gini;2022;30,7
Total Nacional;Canarias;Santa Cruz de Tenerife;Gomera, La;Índice de Gini;2021;31,2
Total Nacional;Canarias;Santa Cruz de Tenerife;Gomera, La;Índice de Gini;2020;31,7
Total Nacional;Canarias;Santa Cruz de Tenerife;Gomera, La;Índice de Gini;2019;30,8
Total Nacional;Canarias;Santa Cruz de Tenerife;Gomera, La;Índice de Gini;2018;31,5
Total Nacional;Canarias;Santa Cruz de Tenerife;Gomera, La;Índice de Gini;2017;31,7
Total Nacional;Canarias;Santa Cruz de Tenerife;Gomera, La;Índice de Gini;2016;32,8
Total Nacional;Canarias;Santa Cruz de Tenerife;Gomera, La;Índice de Gini;2015;32,2
Total Nacional;Canarias;Santa Cruz de Tenerife;Gomera, La;Distribución de la renta P80/P20;2023;2,6
Total Nacional;Canarias;Santa Cruz de Tenerife;Gomera, La;Distribución de la renta P80/P20;2022;2,6
Total Nacional;Canarias;Santa Cruz de Tenerife;Gomera, La;Distribución de la renta P80/P20;2021;2,6
Total Nacional;Canarias;Santa Cruz de Tenerife;Gomera, La;Distribución de la renta P80/P20;2020;2,6
Total Nacional;Canarias;Santa Cruz de Tenerife;Gomera, La;Distribución de la renta P80/P20;2019;2,7
Total Nacional;Canarias;Santa Cruz de Tenerife;Gomera, La;Distribución de la renta P80/P20;2018;2,5
Total Nacional;Canarias;Santa Cruz de Tenerife;Gomera, La;Distribución de la renta P80/P20;2017;2,7
Total Nacional;Canarias;Santa Cruz de Tenerife;Gomera, La;Distribución de la renta P80/P20;2016;2,7
Total Nacional;Canarias;Santa Cruz de Tenerife;Gomera, La;Distribución de la renta P80/P20;2015;2,7
Total Nacional;Canarias;Santa Cruz de Tenerife;Hierro, El;Índice de Gini;2023;33,1
Total Nacional;Canarias;Santa Cruz de Tenerife;Hierro, El;Índice de Gini;2022;33
Total Nacional;Canarias;Santa Cruz de Tenerife;Hierro, El;Índice de Gini;2021;32,7
Total Nacional;Canarias;Santa Cruz de Tenerife;Hierro, El;Índice de Gini;2020;33,2
Total Nacional;Canarias;Santa Cruz de Tenerife;Hierro, El;Índice de Gini;2019;34
Total Nacional;Canarias;Santa Cruz de Tenerife;Hierro, El;Índice de Gini;2018;34,8
Total Nacional;Canarias;Santa Cruz de Tenerife;Hierro, El;Índice de Gini;2017;35,4
Total Nacional;Canarias;Santa Cruz de Tenerife;Hierro, El;Índice de Gini;2016;36,9
Total Nacional;Canarias;Santa Cruz de Tenerife;Hierro, El;Índice de Gini;2015;35,3
Total Nacional;Canarias;Santa Cruz de Tenerife;Hierro, El;Distribución de la renta P80/P20;2023;3
Total Nacional;Canarias;Santa Cruz de Tenerife;Hierro, El;Distribución de la renta P80/P20;2022;3
Total Nacional;Canarias;Santa Cruz de Tenerife;Hierro, El;Distribución de la renta P80/P20;2021;2,8
Total Nacional;Canarias;Santa Cruz de Tenerife;Hierro, El;Distribución de la renta P80/P20;2020;3
Total Nacional;Canarias;Santa Cruz de Tenerife;Hierro, El;Distribución de la renta P80/P20;2019;2,9
Total Nacional;Canarias;Santa Cruz de Tenerife;Hierro, El;Distribución de la renta P80/P20;2018;3
Total Nacional;Canarias;Santa Cruz de Tenerife;Hierro, El;Distribución de la renta P80/P20;2017;2,9
Total Nacional;Canarias;Santa Cruz de Tenerife;Hierro, El;Distribución de la renta P80/P20;2016;3,5
Total Nacional;Canarias;Santa Cruz de Tenerife;Hierro, El;Distribución de la renta P80/P20;2015;3
Total Nacional;Canarias;Santa Cruz de Tenerife;Palma, La;Índice de Gini;2023;33,8
Total Nacional;Canarias;Santa Cruz de Tenerife;Palma, La;Índice de Gini;2022;33,6
Total Nacional;Canarias;Santa Cruz de Tenerife;Palma, La;Índice de Gini;2021;32,6
Total Nacional;Canarias;Santa Cruz de Tenerife;Palma, La;Índice de Gini;2020;33,2
Total Nacional;Canarias;Santa Cruz de Tenerife;Palma, La;Índice de Gini;2019;33,3
Total Nacional;Canarias;Santa Cruz de Tenerife;Palma, La;Índice de Gini;2018;34,1
Total Nacional;Canarias;Santa Cruz de Tenerife;Palma, La;Índice de Gini;2017;34,3
Total Nacional;Canarias;Santa Cruz de Tenerife;Palma, La;Índice de Gini;2016;35,2
Total Nacional;Canarias;Santa Cruz de Tenerife;Palma, La;Índice de Gini;2015;35,6
Total Nacional;Canarias;Santa Cruz de Tenerife;Palma, La;Distribución de la renta P80/P20;2023;2,9
Total Nacional;Canarias;Santa Cruz de Tenerife;Palma, La;Distribución de la renta P80/P20;2022;2,7
Total Nacional;Canarias;Santa Cruz de Tenerife;Palma, La;Distribución de la renta P80/P20;2021;2,7
Total Nacional;Canarias;Santa Cruz de Tenerife;Palma, La;Distribución de la renta P80/P20;2020;2,8
Total Nacional;Canarias;Santa Cruz de Tenerife;Palma, La;Distribución de la renta P80/P20;2019;2,7
Total Nacional;Canarias;Santa Cruz de Tenerife;Palma, La;Distribución de la renta P80/P20;2018;2,9
Total Nacional;Canarias;Santa Cruz de Tenerife;Palma, La;Distribución de la renta P80/P20;2017;2,8
Total Nacional;Canarias;Santa Cruz de Tenerife;Palma, La;Distribución de la renta P80/P20;2016;2,9
Total Nacional;Canarias;Santa Cruz de Tenerife;Palma, La;Distribución de la renta P80/P20;2015;3,1
Total Nacional;Canarias;Santa Cruz de Tenerife;Tenerife;Índice de Gini;2023;32
Total Nacional;Canarias;Santa Cruz de Tenerife;Tenerife;Índice de Gini;2022;32,9
Total Nacional;Canarias;Santa Cruz de Tenerife;Tenerife;Índice de Gini;2021;33,8
Total Nacional;Canarias;Santa Cruz de Tenerife;Tenerife;Índice de Gini;2020;34,4
Total Nacional;Canarias;Santa Cruz de Tenerife;Tenerife;Índice de Gini;2019;33,9
Total Nacional;Canarias;Santa Cruz de Tenerife;Tenerife;Índice de Gini;2018;34,8
Total Nacional;Canarias;Santa Cruz de Tenerife;Tenerife;Índice de Gini;2017;35,2
Total Nacional;Canarias;Santa Cruz de Tenerife;Tenerife;Índice de Gini;2016;36,7
Total Nacional;Canarias;Santa Cruz de Tenerife;Tenerife;Índice de Gini;2015;36,9
Total Nacional;Canarias;Santa Cruz de Tenerife;Tenerife;Distribución de la renta P80/P20;2023;2,7
Total Nacional;Canarias;Santa Cruz de Tenerife;Tenerife;Distribución de la renta P80/P20;2022;2,7
Total Nacional;Canarias;Santa Cruz de Tenerife;Tenerife;Distribución de la renta P80/P20;2021;2,9
Total Nacional;Canarias;Santa Cruz de Tenerife;Tenerife;Distribución de la renta P80/P20;2020;2,8
Total Nacional;Canarias;Santa Cruz de Tenerife;Tenerife;Distribución de la renta P80/P20;2019;2,8
Total Nacional;Canarias;Santa Cruz de Tenerife;Tenerife;Distribución de la renta P80/P20;2018;3
Total Nacional;Canarias;Santa Cruz de Tenerife;Tenerife;Distribución de la renta P80/P20;2017;3,1
Total Nacional;Canarias;Santa Cruz de Tenerife;Tenerife;Distribución de la renta P80/P20;2016;3,4
Total Nacional;Canarias;Santa Cruz de Tenerife;Tenerife;Distribución de la renta P80/P20;2015;3,4
Total Nacional;Cantabria;;;Índice de Gini;2023;29
Total Nacional;Cantabria;;;Índice de Gini;2022;29,2
Total Nacional;Cantabria;;;Índice de Gini;2021;29,4
Total Nacional;Cantabria;;;Índice de Gini;2020;30,1
Total Nacional;Cantabria;;;Índice de Gini;2019;30
Total Nacional;Cantabria;;;Índice de Gini;2018;30,4
Total Nacional;Cantabria;;;Índice de Gini;2017;30,9
Total Nacional;Cantabria;;;Índice de Gini;2016;31,8
Total Nacional;Cantabria;;;Índice de Gini;2015;32,1
Total Nacional;Cantabria;;;Distribución de la renta P80/P20;2023;2,4
Total Nacional;Cantabria;;;Distribución de la renta P80/P20;2022;2,5
Total Nacional;Cantabria;;;Distribución de la renta P80/P20;2021;2,5
Total Nacional;Cantabria;;;Distribución de la renta P80/P20;2020;2,5
Total Nacional;Cantabria;;;Distribución de la renta P80/P20;2019;2,5
Total Nacional;Cantabria;;;Distribución de la renta P80/P20;2018;2,6
Total Nacional;Cantabria;;;Distribución de la renta P80/P20;2017;2,6
Total Nacional;Cantabria;;;Distribución de la renta P80/P20;2016;2,7
Total Nacional;Cantabria;;;Distribución de la renta P80/P20;2015;2,7
Total Nacional;Cantabria;Cantabria;;Índice de Gini;2023;29
Total Nacional;Cantabria;Cantabria;;Índice de Gini;2022;29,2
Total Nacional;Cantabria;Cantabria;;Índice de Gini;2021;29,4
Total Nacional;Cantabria;Cantabria;;Índice de Gini;2020;30,1
Total Nacional;Cantabria;Cantabria;;Índice de Gini;2019;30
Total Nacional;Cantabria;Cantabria;;Índice de Gini;2018;30,4
Total Nacional;Cantabria;Cantabria;;Índice de Gini;2017;30,9
Total Nacional;Cantabria;Cantabria;;Índice de Gini;2016;31,8
Total Nacional;Cantabria;Cantabria;;Índice de Gini;2015;32,1
Total Nacional;Cantabria;Cantabria;;Distribución de la renta P80/P20;2023;2,4
Total Nacional;Cantabria;Cantabria;;Distribución de la renta P80/P20;2022;2,5
Total Nacional;Cantabria;Cantabria;;Distribución de la renta P80/P20;2021;2,5
Total Nacional;Cantabria;Cantabria;;Distribución de la renta P80/P20;2020;2,5
Total Nacional;Cantabria;Cantabria;;Distribución de la renta P80/P20;2019;2,5
Total Nacional;Cantabria;Cantabria;;Distribución de la renta P80/P20;2018;2,6
Total Nacional;Cantabria;Cantabria;;Distribución de la renta P80/P20;2017;2,6
Total Nacional;Cantabria;Cantabria;;Distribución de la renta P80/P20;2016;2,7
Total Nacional;Cantabria;Cantabria;;Distribución de la renta P80/P20;2015;2,7
Total Nacional;Castilla y León;;;Índice de Gini;2023;29,3
Total Nacional;Castilla y León;;;Índice de Gini;2022;29,6
Total Nacional;Castilla y León;;;Índice de Gini;2021;29,5
Total Nacional;Castilla y León;;;Índice de Gini;2020;30,2
Total Nacional;Castilla y León;;;Índice de Gini;2019;30
Total Nacional;Castilla y León;;;Índice de Gini;2018;30,4
Total Nacional;Castilla y León;;;Índice de Gini;2017;31,1
Total Nacional;Castilla y León;;;Índice de Gini;2016;32,1
Total Nacional;Castilla y León;;;Índice de Gini;2015;32,2
Total Nacional;Castilla y León;;;Distribución de la renta P80/P20;2023;2,5
Total Nacional;Castilla y León;;;Distribución de la renta P80/P20;2022;2,6
Total Nacional;Castilla y León;;;Distribución de la renta P80/P20;2021;2,4
Total Nacional;Castilla y León;;;Distribución de la renta P80/P20;2020;2,5
Total Nacional;Castilla y León;;;Distribución de la renta P80/P20;2019;2,5
Total Nacional;Castilla y León;;;Distribución de la renta P80/P20;2018;2,6
Total Nacional;Castilla y León;;;Distribución de la renta P80/P20;2017;2,7
Total Nacional;Castilla y León;;;Distribución de la renta P80/P20;2016;2,7
Total Nacional;Castilla y León;;;Distribución de la renta P80/P20;2015;2,8
Total Nacional;Castilla y León;Ávila;;Índice de Gini;2023;30,6
Total Nacional;Castilla y León;Ávila;;Índice de Gini;2022;31
Total Nacional;Castilla y León;Ávila;;Índice de Gini;2021;31
Total Nacional;Castilla y León;Ávila;;Índice de Gini;2020;32
Total Nacional;Castilla y León;Ávila;;Índice de Gini;2019;31,6
Total Nacional;Castilla y León;Ávila;;Índice de Gini;2018;32,1
Total Nacional;Castilla y León;Ávila;;Índice de Gini;2017;32,8
Total Nacional;Castilla y León;Ávila;;Índice de Gini;2016;34,3
Total Nacional;Castilla y León;Ávila;;Índice de Gini;2015;34,5
Total Nacional;Castilla y León;Ávila;;Distribución de la renta P80/P20;2023;2,7
Total Nacional;Castilla y León;Ávila;;Distribución de la renta P80/P20;2022;2,7
Total Nacional;Castilla y León;Ávila;;Distribución de la renta P80/P20;2021;2,6
Total Nacional;Castilla y León;Ávila;;Distribución de la renta P80/P20;2020;2,7
Total Nacional;Castilla y León;Ávila;;Distribución de la renta P80/P20;2019;2,6
Total Nacional;Castilla y León;Ávila;;Distribución de la renta P80/P20;2018;2,7
Total Nacional;Castilla y León;Ávila;;Distribución de la renta P80/P20;2017;2,8
Total Nacional;Castilla y León;Ávila;;Distribución de la renta P80/P20;2016;2,8
Total Nacional;Castilla y León;Ávila;;Distribución de la renta P80/P20;2015;3
Total Nacional;Castilla y León;Burgos;;Índice de Gini;2023;28,5
Total Nacional;Castilla y León;Burgos;;Índice de Gini;2022;28,7
Total Nacional;Castilla y León;Burgos;;Índice de Gini;2021;28,7
Total Nacional;Castilla y León;Burgos;;Índice de Gini;2020;29,3
Total Nacional;Castilla y León;Burgos;;Índice de Gini;2019;28,9
Total Nacional;Castilla y León;Burgos;;Índice de Gini;2018;29,4
Total Nacional;Castilla y León;Burgos;;Índice de Gini;2017;30,1
Total Nacional;Castilla y León;Burgos;;Índice de Gini;2016;30,8
Total Nacional;Castilla y León;Burgos;;Índice de Gini;2015;31,1
Total Nacional;Castilla y León;Burgos;;Distribución de la renta P80/P20;2023;2,4
Total Nacional;Castilla y León;Burgos;;Distribución de la renta P80/P20;2022;2,4
Total Nacional;Castilla y León;Burgos;;Distribución de la renta P80/P20;2021;2,5
Total Nacional;Castilla y León;Burgos;;Distribución de la renta P80/P20;2020;2,5
Total Nacional;Castilla y León;Burgos;;Distribución de la renta P80/P20;2019;2,5
Total Nacional;Castilla y León;Burgos;;Distribución de la renta P80/P20;2018;2,4
Total Nacional;Castilla y León;Burgos;;Distribución de la renta P80/P20;2017;2,5
Total Nacional;Castilla y León;Burgos;;Distribución de la renta P80/P20;2016;2,6
Total Nacional;Castilla y León;Burgos;;Distribución de la renta P80/P20;2015;2,6
Total Nacional;Castilla y León;León;;Índice de Gini;2023;28,6
Total Nacional;Castilla y León;León;;Índice de Gini;2022;29
Total Nacional;Castilla y León;León;;Índice de Gini;2021;28,8
Total Nacional;Castilla y León;León;;Índice de Gini;2020;29,7
Total Nacional;Castilla y León;León;;Índice de Gini;2019;29,5
Total Nacional;Castilla y León;León;;Índice de Gini;2018;30
Total Nacional;Castilla y León;León;;Índice de Gini;2017;30,7
Total Nacional;Castilla y León;León;;Índice de Gini;2016;31,5
Total Nacional;Castilla y León;León;;Índice de Gini;2015;31,4
Total Nacional;Castilla y León;León;;Distribución de la renta P80/P20;2023;2,4
Total Nacional;Castilla y León;León;;Distribución de la renta P80/P20;2022;2,6
Total Nacional;Castilla y León;León;;Distribución de la renta P80/P20;2021;2,4
Total Nacional;Castilla y León;León;;Distribución de la renta P80/P20;2020;2,5
Total Nacional;Castilla y León;León;;Distribución de la renta P80/P20;2019;2,5
Total Nacional;Castilla y León;León;;Distribución de la renta P80/P20;2018;2,6
Total Nacional;Castilla y León;León;;Distribución de la renta P80/P20;2017;2,7
Total Nacional;Castilla y León;León;;Distribución de la renta P80/P20;2016;2,6
Total Nacional;Castilla y León;León;;Distribución de la renta P80/P20;2015;2,6
Total Nacional;Castilla y León;Palencia;;Índice de Gini;2023;27,9
Total Nacional;Castilla y León;Palencia;;Índice de Gini;2022;28,2
Total Nacional;Castilla y León;Palencia;;Índice de Gini;2021;28
Total Nacional;Castilla y León;Palencia;;Índice de Gini;2020;28,6
Total Nacional;Castilla y León;Palencia;;Índice de Gini;2019;28,2
Total Nacional;Castilla y León;Palencia;;Índice de Gini;2018;28,6
Total Nacional;Castilla y León;Palencia;;Índice de Gini;2017;29,3
Total Nacional;Castilla y León;Palencia;;Índice de Gini;2016;29,9
Total Nacional;Castilla y León;Palencia;;Índice de Gini;2015;30,3
Total Nacional;Castilla y León;Palencia;;Distribución de la renta P80/P20;2023;2,4
Total Nacional;Castilla y León;Palencia;;Distribución de la renta P80/P20;2022;2,4
Total Nacional;Castilla y León;Palencia;;Distribución de la renta P80/P20;2021;2,4
Total Nacional;Castilla y León;Palencia;;Distribución de la renta P80/P20;2020;2,5
Total Nacional;Castilla y León;Palencia;;Distribución de la renta P80/P20;2019;2,4
Total Nacional;Castilla y León;Palencia;;Distribución de la renta P80/P20;2018;2,5
Total Nacional;Castilla y León;Palencia;;Distribución de la renta P80/P20;2017;2,5
Total Nacional;Castilla y León;Palencia;;Distribución de la renta P80/P20;2016;2,5
Total Nacional;Castilla y León;Palencia;;Distribución de la renta P80/P20;2015;2,6
Total Nacional;Castilla y León;Salamanca;;Índice de Gini;2023;30,4
Total Nacional;Castilla y León;Salamanca;;Índice de Gini;2022;30,8
Total Nacional;Castilla y León;Salamanca;;Índice de Gini;2021;30,8
Total Nacional;Castilla y León;Salamanca;;Índice de Gini;2020;31,6
Total Nacional;Castilla y León;Salamanca;;Índice de Gini;2019;31,5
Total Nacional;Castilla y León;Salamanca;;Índice de Gini;2018;31,9
Total Nacional;Castilla y León;Salamanca;;Índice de Gini;2017;32,4
Total Nacional;Castilla y León;Salamanca;;Índice de Gini;2016;33,6
Total Nacional;Castilla y León;Salamanca;;Índice de Gini;2015;33,7
Total Nacional;Castilla y León;Salamanca;;Distribución de la renta P80/P20;2023;2,6
Total Nacional;Castilla y León;Salamanca;;Distribución de la renta P80/P20;2022;2,7
Total Nacional;Castilla y León;Salamanca;;Distribución de la renta P80/P20;2021;2,5
Total Nacional;Castilla y León;Salamanca;;Distribución de la renta P80/P20;2020;2,6
Total Nacional;Castilla y León;Salamanca;;Distribución de la renta P80/P20;2019;2,6
Total Nacional;Castilla y León;Salamanca;;Distribución de la renta P80/P20;2018;2,7
Total Nacional;Castilla y León;Salamanca;;Distribución de la renta P80/P20;2017;2,6
Total Nacional;Castilla y León;Salamanca;;Distribución de la renta P80/P20;2016;2,7
Total Nacional;Castilla y León;Salamanca;;Distribución de la renta P80/P20;2015;2,7
Total Nacional;Castilla y León;Segovia;;Índice de Gini;2023;29,5
Total Nacional;Castilla y León;Segovia;;Índice de Gini;2022;29,5
Total Nacional;Castilla y León;Segovia;;Índice de Gini;2021;29,4
Total Nacional;Castilla y León;Segovia;;Índice de Gini;2020;30,2
Total Nacional;Castilla y León;Segovia;;Índice de Gini;2019;29,9
Total Nacional;Castilla y León;Segovia;;Índice de Gini;2018;30,3
Total Nacional;Castilla y León;Segovia;;Índice de Gini;2017;30,9
Total Nacional;Castilla y León;Segovia;;Índice de Gini;2016;32
Total Nacional;Castilla y León;Segovia;;Índice de Gini;2015;32
Total Nacional;Castilla y León;Segovia;;Distribución de la renta P80/P20;2023;2,5
Total Nacional;Castilla y León;Segovia;;Distribución de la renta P80/P20;2022;2,6
Total Nacional;Castilla y León;Segovia;;Distribución de la renta P80/P20;2021;2,4
Total Nacional;Castilla y León;Segovia;;Distribución de la renta P80/P20;2020;2,5
Total Nacional;Castilla y León;Segovia;;Distribución de la renta P80/P20;2019;2,5
Total Nacional;Castilla y León;Segovia;;Distribución de la renta P80/P20;2018;2,6
Total Nacional;Castilla y León;Segovia;;Distribución de la renta P80/P20;2017;2,6
Total Nacional;Castilla y León;Segovia;;Distribución de la renta P80/P20;2016;2,6
Total Nacional;Castilla y León;Segovia;;Distribución de la renta P80/P20;2015;2,7
Total Nacional;Castilla y León;Soria;;Índice de Gini;2023;28,7
Total Nacional;Castilla y León;Soria;;Índice de Gini;2022;28,7
Total Nacional;Castilla y León;Soria;;Índice de Gini;2021;28,1
Total Nacional;Castilla y León;Soria;;Índice de Gini;2020;29
Total Nacional;Castilla y León;Soria;;Índice de Gini;2019;28,4
Total Nacional;Castilla y León;Soria;;Índice de Gini;2018;28,6
Total Nacional;Castilla y León;Soria;;Índice de Gini;2017;29,3
Total Nacional;Castilla y León;Soria;;Índice de Gini;2016;30,2
Total Nacional;Castilla y León;Soria;;Índice de Gini;2015;30,3
Total Nacional;Castilla y León;Soria;;Distribución de la renta P80/P20;2023;2,5
Total Nacional;Castilla y León;Soria;;Distribución de la renta P80/P20;2022;2,5
Total Nacional;Castilla y León;Soria;;Distribución de la renta P80/P20;2021;2,4
Total Nacional;Castilla y León;Soria;;Distribución de la renta P80/P20;2020;2,5
Total Nacional;Castilla y León;Soria;;Distribución de la renta P80/P20;2019;2,4
Total Nacional;Castilla y León;Soria;;Distribución de la renta P80/P20;2018;2,5
Total Nacional;Castilla y León;Soria;;Distribución de la renta P80/P20;2017;2,6
Total Nacional;Castilla y León;Soria;;Distribución de la renta P80/P20;2016;2,6
Total Nacional;Castilla y León;Soria;;Distribución de la renta P80/P20;2015;2,7
Total Nacional;Castilla y León;Valladolid;;Índice de Gini;2023;29,2
Total Nacional;Castilla y León;Valladolid;;Índice de Gini;2022;29,4
Total Nacional;Castilla y León;Valladolid;;Índice de Gini;2021;29,3
Total Nacional;Castilla y León;Valladolid;;Índice de Gini;2020;29,8
Total Nacional;Castilla y León;Valladolid;;Índice de Gini;2019;29,6
Total Nacional;Castilla y León;Valladolid;;Índice de Gini;2018;30,2
Total Nacional;Castilla y León;Valladolid;;Índice de Gini;2017;30,8
Total Nacional;Castilla y León;Valladolid;;Índice de Gini;2016;31,7
Total Nacional;Castilla y León;Valladolid;;Índice de Gini;2015;32
Total Nacional;Castilla y León;Valladolid;;Distribución de la renta P80/P20;2023;2,5
Total Nacional;Castilla y León;Valladolid;;Distribución de la renta P80/P20;2022;2,5
Total Nacional;Castilla y León;Valladolid;;Distribución de la renta P80/P20;2021;2,4
Total Nacional;Castilla y León;Valladolid;;Distribución de la renta P80/P20;2020;2,5
Total Nacional;Castilla y León;Valladolid;;Distribución de la renta P80/P20;2019;2,5
Total Nacional;Castilla y León;Valladolid;;Distribución de la renta P80/P20;2018;2,5
Total Nacional;Castilla y León;Valladolid;;Distribución de la renta P80/P20;2017;2,6
Total Nacional;Castilla y León;Valladolid;;Distribución de la renta P80/P20;2016;2,6
Total Nacional;Castilla y León;Valladolid;;Distribución de la renta P80/P20;2015;2,8
Total Nacional;Castilla y León;Zamora;;Índice de Gini;2023;29,2
Total Nacional;Castilla y León;Zamora;;Índice de Gini;2022;29,7
Total Nacional;Castilla y León;Zamora;;Índice de Gini;2021;29,3
Total Nacional;Castilla y León;Zamora;;Índice de Gini;2020;30,1
Total Nacional;Castilla y León;Zamora;;Índice de Gini;2019;30,1
Total Nacional;Castilla y León;Zamora;;Índice de Gini;2018;30,5
Total Nacional;Castilla y León;Zamora;;Índice de Gini;2017;31,3
Total Nacional;Castilla y León;Zamora;;Índice de Gini;2016;32,3
Total Nacional;Castilla y León;Zamora;;Índice de Gini;2015;32,4
Total Nacional;Castilla y León;Zamora;;Distribución de la renta P80/P20;2023;2,4
Total Nacional;Castilla y León;Zamora;;Distribución de la renta P80/P20;2022;2,5
Total Nacional;Castilla y León;Zamora;;Distribución de la renta P80/P20;2021;2,5
Total Nacional;Castilla y León;Zamora;;Distribución de la renta P80/P20;2020;2,4
Total Nacional;Castilla y León;Zamora;;Distribución de la renta P80/P20;2019;2,4
Total Nacional;Castilla y León;Zamora;;Distribución de la renta P80/P20;2018;2,4
Total Nacional;Castilla y León;Zamora;;Distribución de la renta P80/P20;2017;2,6
Total Nacional;Castilla y León;Zamora;;Distribución de la renta P80/P20;2016;2,7
Total Nacional;Castilla y León;Zamora;;Distribución de la renta P80/P20;2015;2,7
Total Nacional;Castilla - La Mancha;;;Índice de Gini;2023;30,1
Total Nacional;Castilla - La Mancha;;;Índice de Gini;2022;30,4
Total Nacional;Castilla - La Mancha;;;Índice de Gini;2021;30,6
Total Nacional;Castilla - La Mancha;;;Índice de Gini;2020;31,2
Total Nacional;Castilla - La Mancha;;;Índice de Gini;2019;31,1
Total Nacional;Castilla - La Mancha;;;Índice de Gini;2018;31,7
Total Nacional;Castilla - La Mancha;;;Índice de Gini;2017;32,4
Total Nacional;Castilla - La Mancha;;;Índice de Gini;2016;33,6
Total Nacional;Castilla - La Mancha;;;Índice de Gini;2015;34,1
Total Nacional;Castilla - La Mancha;;;Distribución de la renta P80/P20;2023;2,6
Total Nacional;Castilla - La Mancha;;;Distribución de la renta P80/P20;2022;2,6
Total Nacional;Castilla - La Mancha;;;Distribución de la renta P80/P20;2021;2,5
Total Nacional;Castilla - La Mancha;;;Distribución de la renta P80/P20;2020;2,6
Total Nacional;Castilla - La Mancha;;;Distribución de la renta P80/P20;2019;2,6
Total Nacional;Castilla - La Mancha;;;Distribución de la renta P80/P20;2018;2,7
Total Nacional;Castilla - La Mancha;;;Distribución de la renta P80/P20;2017;2,8
Total Nacional;Castilla - La Mancha;;;Distribución de la renta P80/P20;2016;2,7
Total Nacional;Castilla - La Mancha;;;Distribución de la renta P80/P20;2015;3
Total Nacional;Castilla - La Mancha;Albacete;;Índice de Gini;2023;30,1
Total Nacional;Castilla - La Mancha;Albacete;;Índice de Gini;2022;30,5
Total Nacional;Castilla - La Mancha;Albacete;;Índice de Gini;2021;30,7
Total Nacional;Castilla - La Mancha;Albacete;;Índice de Gini;2020;31,2
Total Nacional;Castilla - La Mancha;Albacete;;Índice de Gini;2019;31,1
Total Nacional;Castilla - La Mancha;Albacete;;Índice de Gini;2018;31,9
Total Nacional;Castilla - La Mancha;Albacete;;Índice de Gini;2017;32,5
Total Nacional;Castilla - La Mancha;Albacete;;Índice de Gini;2016;33,3
Total Nacional;Castilla - La Mancha;Albacete;;Índice de Gini;2015;33,8
Total Nacional;Castilla - La Mancha;Albacete;;Distribución de la renta P80/P20;2023;2,4
Total Nacional;Castilla - La Mancha;Albacete;;Distribución de la renta P80/P20;2022;2,5
Total Nacional;Castilla - La Mancha;Albacete;;Distribución de la renta P80/P20;2021;2,6
Total Nacional;Castilla - La Mancha;Albacete;;Distribución de la renta P80/P20;2020;2,6
Total Nacional;Castilla - La Mancha;Albacete;;Distribución de la renta P80/P20;2019;2,6
Total Nacional;Castilla - La Mancha;Albacete;;Distribución de la renta P80/P20;2018;2,7
Total Nacional;Castilla - La Mancha;Albacete;;Distribución de la renta P80/P20;2017;2,8
Total Nacional;Castilla - La Mancha;Albacete;;Distribución de la renta P80/P20;2016;2,7
Total Nacional;Castilla - La Mancha;Albacete;;Distribución de la renta P80/P20;2015;2,9
Total Nacional;Castilla - La Mancha;Ciudad Real;;Índice de Gini;2023;30,2
Total Nacional;Castilla - La Mancha;Ciudad Real;;Índice de Gini;2022;30,5
Total Nacional;Castilla - La Mancha;Ciudad Real;;Índice de Gini;2021;30,7
Total Nacional;Castilla - La Mancha;Ciudad Real;;Índice de Gini;2020;31,5
Total Nacional;Castilla - La Mancha;Ciudad Real;;Índice de Gini;2019;31,1
Total Nacional;Castilla - La Mancha;Ciudad Real;;Índice de Gini;2018;31,8
Total Nacional;Castilla - La Mancha;Ciudad Real;;Índice de Gini;2017;32,4
Total Nacional;Castilla - La Mancha;Ciudad Real;;Índice de Gini;2016;33,7
Total Nacional;Castilla - La Mancha;Ciudad Real;;Índice de Gini;2015;33,9
Total Nacional;Castilla - La Mancha;Ciudad Real;;Distribución de la renta P80/P20;2023;2,5
Total Nacional;Castilla - La Mancha;Ciudad Real;;Distribución de la renta P80/P20;2022;2,6
Total Nacional;Castilla - La Mancha;Ciudad Real;;Distribución de la renta P80/P20;2021;2,6
Total Nacional;Castilla - La Mancha;Ciudad Real;;Distribución de la renta P80/P20;2020;2,7
Total Nacional;Castilla - La Mancha;Ciudad Real;;Distribución de la renta P80/P20;2019;2,7
Total Nacional;Castilla - La Mancha;Ciudad Real;;Distribución de la renta P80/P20;2018;2,6
Total Nacional;Castilla - La Mancha;Ciudad Real;;Distribución de la renta P80/P20;2017;2,7
Total Nacional;Castilla - La Mancha;Ciudad Real;;Distribución de la renta P80/P20;2016;2,9
Total Nacional;Castilla - La Mancha;Ciudad Real;;Distribución de la renta P80/P20;2015;2,8
Total Nacional;Castilla - La Mancha;Cuenca;;Índice de Gini;2023;30,1
Total Nacional;Castilla - La Mancha;Cuenca;;Índice de Gini;2022;30,2
Total Nacional;Castilla - La Mancha;Cuenca;;Índice de Gini;2021;30,2
Total Nacional;Castilla - La Mancha;Cuenca;;Índice de Gini;2020;30,5
Total Nacional;Castilla - La Mancha;Cuenca;;Índice de Gini;2019;30,6
Total Nacional;Castilla - La Mancha;Cuenca;;Índice de Gini;2018;31,1
Total Nacional;Castilla - La Mancha;Cuenca;;Índice de Gini;2017;31,9
Total Nacional;Castilla - La Mancha;Cuenca;;Índice de Gini;2016;33,5
Total Nacional;Castilla - La Mancha;Cuenca;;Índice de Gini;2015;33,1
Total Nacional;Castilla - La Mancha;Cuenca;;Distribución de la renta P80/P20;2023;2,5
Total Nacional;Castilla - La Mancha;Cuenca;;Distribución de la renta P80/P20;2022;2,6
Total Nacional;Castilla - La Mancha;Cuenca;;Distribución de la renta P80/P20;2021;2,5
Total Nacional;Castilla - La Mancha;Cuenca;;Distribución de la renta P80/P20;2020;2,5
Total Nacional;Castilla - La Mancha;Cuenca;;Distribución de la renta P80/P20;2019;2,4
Total Nacional;Castilla - La Mancha;Cuenca;;Distribución de la renta P80/P20;2018;2,6
Total Nacional;Castilla - La Mancha;Cuenca;;Distribución de la renta P80/P20;2017;2,7
Total Nacional;Castilla - La Mancha;Cuenca;;Distribución de la renta P80/P20;2016;2,6
Total Nacional;Castilla - La Mancha;Cuenca;;Distribución de la renta P80/P20;2015;2,8
Total Nacional;Castilla - La Mancha;Guadalajara;;Índice de Gini;2023;28,9
Total Nacional;Castilla - La Mancha;Guadalajara;;Índice de Gini;2022;29,3
Total Nacional;Castilla - La Mancha;Guadalajara;;Índice de Gini;2021;29,5
Total Nacional;Castilla - La Mancha;Guadalajara;;Índice de Gini;2020;30,1
Total Nacional;Castilla - La Mancha;Guadalajara;;Índice de Gini;2019;30
Total Nacional;Castilla - La Mancha;Guadalajara;;Índice de Gini;2018;30,5
Total Nacional;Castilla - La Mancha;Guadalajara;;Índice de Gini;2017;31,3
Total Nacional;Castilla - La Mancha;Guadalajara;;Índice de Gini;2016;32,3
Total Nacional;Castilla - La Mancha;Guadalajara;;Índice de Gini;2015;32,7
Total Nacional;Castilla - La Mancha;Guadalajara;;Distribución de la renta P80/P20;2023;2,4
Total Nacional;Castilla - La Mancha;Guadalajara;;Distribución de la renta P80/P20;2022;2,5
Total Nacional;Castilla - La Mancha;Guadalajara;;Distribución de la renta P80/P20;2021;2,5
Total Nacional;Castilla - La Mancha;Guadalajara;;Distribución de la renta P80/P20;2020;2,6
Total Nacional;Castilla - La Mancha;Guadalajara;;Distribución de la renta P80/P20;2019;2,5
Total Nacional;Castilla - La Mancha;Guadalajara;;Distribución de la renta P80/P20;2018;2,6
Total Nacional;Castilla - La Mancha;Guadalajara;;Distribución de la renta P80/P20;2017;2,8
Total Nacional;Castilla - La Mancha;Guadalajara;;Distribución de la renta P80/P20;2016;2,7
Total Nacional;Castilla - La Mancha;Guadalajara;;Distribución de la renta P80/P20;2015;2,9
Total Nacional;Castilla - La Mancha;Toledo;;Índice de Gini;2023;29,9
Total Nacional;Castilla - La Mancha;Toledo;;Índice de Gini;2022;30,3
Total Nacional;Castilla - La Mancha;Toledo;;Índice de Gini;2021;30,6
Total Nacional;Castilla - La Mancha;Toledo;;Índice de Gini;2020;31,2
Total Nacional;Castilla - La Mancha;Toledo;;Índice de Gini;2019;31,3
Total Nacional;Castilla - La Mancha;Toledo;;Índice de Gini;2018;31,7
Total Nacional;Castilla - La Mancha;Toledo;;Índice de Gini;2017;32,4
Total Nacional;Castilla - La Mancha;Toledo;;Índice de Gini;2016;33,7
Total Nacional;Castilla - La Mancha;Toledo;;Índice de Gini;2015;34,2
Total Nacional;Castilla - La Mancha;Toledo;;Distribución de la renta P80/P20;2023;2,5
Total Nacional;Castilla - La Mancha;Toledo;;Distribución de la renta P80/P20;2022;2,6
Total Nacional;Castilla - La Mancha;Toledo;;Distribución de la renta P80/P20;2021;2,6
Total Nacional;Castilla - La Mancha;Toledo;;Distribución de la renta P80/P20;2020;2,7
Total Nacional;Castilla - La Mancha;Toledo;;Distribución de la renta P80/P20;2019;2,7
Total Nacional;Castilla - La Mancha;Toledo;;Distribución de la renta P80/P20;2018;2,7
Total Nacional;Castilla - La Mancha;Toledo;;Distribución de la renta P80/P20;2017;2,7
Total Nacional;Castilla - La Mancha;Toledo;;Distribución de la renta P80/P20;2016;3
Total Nacional;Castilla - La Mancha;Toledo;;Distribución de la renta P80/P20;2015;2,9
Total Nacional;Cataluña;;;Índice de Gini;2023;31,4
Total Nacional;Cataluña;;;Índice de Gini;2022;31,7
Total Nacional;Cataluña;;;Índice de Gini;2021;31,9
Total Nacional;Cataluña;;;Índice de Gini;2020;32,3
Total Nacional;Cataluña;;;Índice de Gini;2019;32,3
Total Nacional;Cataluña;;;Índice de Gini;2018;32,7
Total Nacional;Cataluña;;;Índice de Gini;2017;33,2
Total Nacional;Cataluña;;;Índice de Gini;2016;34,1
Total Nacional;Cataluña;;;Índice de Gini;2015;34,4
Total Nacional;Cataluña;;;Distribución de la renta P80/P20;2023;2,7
Total Nacional;Cataluña;;;Distribución de la renta P80/P20;2022;2,7
Total Nacional;Cataluña;;;Distribución de la renta P80/P20;2021;2,8
Total Nacional;Cataluña;;;Distribución de la renta P80/P20;2020;2,9
Total Nacional;Cataluña;;;Distribución de la renta P80/P20;2019;2,7
Total Nacional;Cataluña;;;Distribución de la renta P80/P20;2018;2,7
Total Nacional;Cataluña;;;Distribución de la renta P80/P20;2017;2,9
Total Nacional;Cataluña;;;Distribución de la renta P80/P20;2016;3
Total Nacional;Cataluña;;;Distribución de la renta P80/P20;2015;2,9
Total Nacional;Cataluña;Barcelona;;Índice de Gini;2023;31,5
Total Nacional;Cataluña;Barcelona;;Índice de Gini;2022;31,8
Total Nacional;Cataluña;Barcelona;;Índice de Gini;2021;31,9
Total Nacional;Cataluña;Barcelona;;Índice de Gini;2020;32,3
Total Nacional;Cataluña;Barcelona;;Índice de Gini;2019;32,3
Total Nacional;Cataluña;Barcelona;;Índice de Gini;2018;32,7
Total Nacional;Cataluña;Barcelona;;Índice de Gini;2017;33,2
Total Nacional;Cataluña;Barcelona;;Índice de Gini;2016;34
Total Nacional;Cataluña;Barcelona;;Índice de Gini;2015;34,1
Total Nacional;Cataluña;Barcelona;;Distribución de la renta P80/P20;2023;2,6
Total Nacional;Cataluña;Barcelona;;Distribución de la renta P80/P20;2022;2,7
Total Nacional;Cataluña;Barcelona;;Distribución de la renta P80/P20;2021;2,7
Total Nacional;Cataluña;Barcelona;;Distribución de la renta P80/P20;2020;2,7
Total Nacional;Cataluña;Barcelona;;Distribución de la renta P80/P20;2019;2,7
Total Nacional;Cataluña;Barcelona;;Distribución de la renta P80/P20;2018;2,9
Total Nacional;Cataluña;Barcelona;;Distribución de la renta P80/P20;2017;2,7
Total Nacional;Cataluña;Barcelona;;Distribución de la renta P80/P20;2016;2,9
Total Nacional;Cataluña;Barcelona;;Distribución de la renta P80/P20;2015;2,9
Total Nacional;Cataluña;Girona;;Índice de Gini;2023;30,6
Total Nacional;Cataluña;Girona;;Índice de Gini;2022;31
Total Nacional;Cataluña;Girona;;Índice de Gini;2021;31,4
Total Nacional;Cataluña;Girona;;Índice de Gini;2020;32,1
Total Nacional;Cataluña;Girona;;Índice de Gini;2019;31,6
Total Nacional;Cataluña;Girona;;Índice de Gini;2018;32,1
Total Nacional;Cataluña;Girona;;Índice de Gini;2017;32,7
Total Nacional;Cataluña;Girona;;Índice de Gini;2016;33,9
Total Nacional;Cataluña;Girona;;Índice de Gini;2015;34,2
Total Nacional;Cataluña;Girona;;Distribución de la renta P80/P20;2023;2,6
Total Nacional;Cataluña;Girona;;Distribución de la renta P80/P20;2022;2,7
Total Nacional;Cataluña;Girona;;Distribución de la renta P80/P20;2021;2,7
Total Nacional;Cataluña;Girona;;Distribución de la renta P80/P20;2020;2,9
Total Nacional;Cataluña;Girona;;Distribución de la renta P80/P20;2019;2,8
Total Nacional;Cataluña;Girona;;Distribución de la renta P80/P20;2018;2,7
Total Nacional;Cataluña;Girona;;Distribución de la renta P80/P20;2017;2,8
Total Nacional;Cataluña;Girona;;Distribución de la renta P80/P20;2016;3
Total Nacional;Cataluña;Girona;;Distribución de la renta P80/P20;2015;2,9
Total Nacional;Cataluña;Lleida;;Índice de Gini;2023;30,3
Total Nacional;Cataluña;Lleida;;Índice de Gini;2022;30,8
Total Nacional;Cataluña;Lleida;;Índice de Gini;2021;30,7
Total Nacional;Cataluña;Lleida;;Índice de Gini;2020;31,1
Total Nacional;Cataluña;Lleida;;Índice de Gini;2019;31,2
Total Nacional;Cataluña;Lleida;;Índice de Gini;2018;31,7
Total Nacional;Cataluña;Lleida;;Índice de Gini;2017;32,4
Total Nacional;Cataluña;Lleida;;Índice de Gini;2016;33,7
Total Nacional;Cataluña;Lleida;;Índice de Gini;2015;34
Total Nacional;Cataluña;Lleida;;Distribución de la renta P80/P20;2023;2,6
Total Nacional;Cataluña;Lleida;;Distribución de la renta P80/P20;2022;2,6
Total Nacional;Cataluña;Lleida;;Distribución de la renta P80/P20;2021;2,7
Total Nacional;Cataluña;Lleida;;Distribución de la renta P80/P20;2020;2,7
Total Nacional;Cataluña;Lleida;;Distribución de la renta P80/P20;2019;2,8
Total Nacional;Cataluña;Lleida;;Distribución de la renta P80/P20;2018;2,7
Total Nacional;Cataluña;Lleida;;Distribución de la renta P80/P20;2017;2,8
Total Nacional;Cataluña;Lleida;;Distribución de la renta P80/P20;2016;2,9
Total Nacional;Cataluña;Lleida;;Distribución de la renta P80/P20;2015;2,9
Total Nacional;Cataluña;Tarragona;;Índice de Gini;2023;30,9
Total Nacional;Cataluña;Tarragona;;Índice de Gini;2022;31,2
Total Nacional;Cataluña;Tarragona;;Índice de Gini;2021;31,6
Total Nacional;Cataluña;Tarragona;;Índice de Gini;2020;32,1
Total Nacional;Cataluña;Tarragona;;Índice de Gini;2019;31,9
Total Nacional;Cataluña;Tarragona;;Índice de Gini;2018;32,6
Total Nacional;Cataluña;Tarragona;;Índice de Gini;2017;33,1
Total Nacional;Cataluña;Tarragona;;Índice de Gini;2016;34,5
Total Nacional;Cataluña;Tarragona;;Índice de Gini;2015;34,8
Total Nacional;Cataluña;Tarragona;;Distribución de la renta P80/P20;2023;2,7
Total Nacional;Cataluña;Tarragona;;Distribución de la renta P80/P20;2022;2,8
Total Nacional;Cataluña;Tarragona;;Distribución de la renta P80/P20;2021;2,7
Total Nacional;Cataluña;Tarragona;;Distribución de la renta P80/P20;2020;2,8
Total Nacional;Cataluña;Tarragona;;Distribución de la renta P80/P20;2019;2,8
Total Nacional;Cataluña;Tarragona;;Distribución de la renta P80/P20;2018;2,8
Total Nacional;Cataluña;Tarragona;;Distribución de la renta P80/P20;2017;2,8
Total Nacional;Cataluña;Tarragona;;Distribución de la renta P80/P20;2016;2,9
Total Nacional;Cataluña;Tarragona;;Distribución de la renta P80/P20;2015;3,2
Total Nacional;Comunitat Valenciana;;;Índice de Gini;2023;31,8
Total Nacional;Comunitat Valenciana;;;Índice de Gini;2022;31,9
Total Nacional;Comunitat Valenciana;;;Índice de Gini;2021;31,9
Total Nacional;Comunitat Valenciana;;;Índice de Gini;2020;32,6
Total Nacional;Comunitat Valenciana;;;Índice de Gini;2019;32,7
Total Nacional;Comunitat Valenciana;;;Índice de Gini;2018;33,5
Total Nacional;Comunitat Valenciana;;;Índice de Gini;2017;34,2
Total Nacional;Comunitat Valenciana;;;Índice de Gini;2016;35,4
Total Nacional;Comunitat Valenciana;;;Índice de Gini;2015;35,8
Total Nacional;Comunitat Valenciana;;;Distribución de la renta P80/P20;2023;2,7
Total Nacional;Comunitat Valenciana;;;Distribución de la renta P80/P20;2022;2,8
Total Nacional;Comunitat Valenciana;;;Distribución de la renta P80/P20;2021;2,6
Total Nacional;Comunitat Valenciana;;;Distribución de la renta P80/P20;2020;2,8
Total Nacional;Comunitat Valenciana;;;Distribución de la renta P80/P20;2019;2,7
Total Nacional;Comunitat Valenciana;;;Distribución de la renta P80/P20;2018;2,8
Total Nacional;Comunitat Valenciana;;;Distribución de la renta P80/P20;2017;3
Total Nacional;Comunitat Valenciana;;;Distribución de la renta P80/P20;2016;3,2
Total Nacional;Comunitat Valenciana;;;Distribución de la renta P80/P20;2015;3,1
Total Nacional;Comunitat Valenciana;Alicante/Alacant;;Índice de Gini;2023;32,6
Total Nacional;Comunitat Valenciana;Alicante/Alacant;;Índice de Gini;2022;32,8
Total Nacional;Comunitat Valenciana;Alicante/Alacant;;Índice de Gini;2021;32,8
Total Nacional;Comunitat Valenciana;Alicante/Alacant;;Índice de Gini;2020;33,6
Total Nacional;Comunitat Valenciana;Alicante/Alacant;;Índice de Gini;2019;33,7
Total Nacional;Comunitat Valenciana;Alicante/Alacant;;Índice de Gini;2018;34,5
Total Nacional;Comunitat Valenciana;Alicante/Alacant;;Índice de Gini;2017;35,1
Total Nacional;Comunitat Valenciana;Alicante/Alacant;;Índice de Gini;2016;36,6
Total Nacional;Comunitat Valenciana;Alicante/Alacant;;Índice de Gini;2015;36,8
Total Nacional;Comunitat Valenciana;Alicante/Alacant;;Distribución de la renta P80/P20;2023;2,8
Total Nacional;Comunitat Valenciana;Alicante/Alacant;;Distribución de la renta P80/P20;2022;2,8
Total Nacional;Comunitat Valenciana;Alicante/Alacant;;Distribución de la renta P80/P20;2021;2,8
Total Nacional;Comunitat Valenciana;Alicante/Alacant;;Distribución de la renta P80/P20;2020;2,9
Total Nacional;Comunitat Valenciana;Alicante/Alacant;;Distribución de la renta P80/P20;2019;2,9
Total Nacional;Comunitat Valenciana;Alicante/Alacant;;Distribución de la renta P80/P20;2018;2,8
Total Nacional;Comunitat Valenciana;Alicante/Alacant;;Distribución de la renta P80/P20;2017;3
Total Nacional;Comunitat Valenciana;Alicante/Alacant;;Distribución de la renta P80/P20;2016;3,2
Total Nacional;Comunitat Valenciana;Alicante/Alacant;;Distribución de la renta P80/P20;2015;3,1
Total Nacional;Comunitat Valenciana;Castellón/Castelló;;Índice de Gini;2023;30,2
Total Nacional;Comunitat Valenciana;Castellón/Castelló;;Índice de Gini;2022;30,1
Total Nacional;Comunitat Valenciana;Castellón/Castelló;;Índice de Gini;2021;30
Total Nacional;Comunitat Valenciana;Castellón/Castelló;;Índice de Gini;2020;30,6
Total Nacional;Comunitat Valenciana;Castellón/Castelló;;Índice de Gini;2019;30,8
Total Nacional;Comunitat Valenciana;Castellón/Castelló;;Índice de Gini;2018;31,4
Total Nacional;Comunitat Valenciana;Castellón/Castelló;;Índice de Gini;2017;32
Total Nacional;Comunitat Valenciana;Castellón/Castelló;;Índice de Gini;2016;33,4
Total Nacional;Comunitat Valenciana;Castellón/Castelló;;Índice de Gini;2015;34
Total Nacional;Comunitat Valenciana;Castellón/Castelló;;Distribución de la renta P80/P20;2023;2,6
Total Nacional;Comunitat Valenciana;Castellón/Castelló;;Distribución de la renta P80/P20;2022;2,5
Total Nacional;Comunitat Valenciana;Castellón/Castelló;;Distribución de la renta P80/P20;2021;2,5
Total Nacional;Comunitat Valenciana;Castellón/Castelló;;Distribución de la renta P80/P20;2020;2,6
Total Nacional;Comunitat Valenciana;Castellón/Castelló;;Distribución de la renta P80/P20;2019;2,6
Total Nacional;Comunitat Valenciana;Castellón/Castelló;;Distribución de la renta P80/P20;2018;2,7
Total Nacional;Comunitat Valenciana;Castellón/Castelló;;Distribución de la renta P80/P20;2017;2,5
Total Nacional;Comunitat Valenciana;Castellón/Castelló;;Distribución de la renta P80/P20;2016;2,9
Total Nacional;Comunitat Valenciana;Castellón/Castelló;;Distribución de la renta P80/P20;2015;2,9
Total Nacional;Comunitat Valenciana;Valencia/València;;Índice de Gini;2023;31,1
Total Nacional;Comunitat Valenciana;Valencia/València;;Índice de Gini;2022;31,3
Total Nacional;Comunitat Valenciana;Valencia/València;;Índice de Gini;2021;31,3
Total Nacional;Comunitat Valenciana;Valencia/València;;Índice de Gini;2020;31,9
Total Nacional;Comunitat Valenciana;Valencia/València;;Índice de Gini;2019;32,1
Total Nacional;Comunitat Valenciana;Valencia/València;;Índice de Gini;2018;32,9
Total Nacional;Comunitat Valenciana;Valencia/València;;Índice de Gini;2017;33,6
Total Nacional;Comunitat Valenciana;Valencia/València;;Índice de Gini;2016;34,8
Total Nacional;Comunitat Valenciana;Valencia/València;;Índice de Gini;2015;35,1
Total Nacional;Comunitat Valenciana;Valencia/València;;Distribución de la renta P80/P20;2023;2,7
Total Nacional;Comunitat Valenciana;Valencia/València;;Distribución de la renta P80/P20;2022;2,7
Total Nacional;Comunitat Valenciana;Valencia/València;;Distribución de la renta P80/P20;2021;2,6
Total Nacional;Comunitat Valenciana;Valencia/València;;Distribución de la renta P80/P20;2020;2,7
Total Nacional;Comunitat Valenciana;Valencia/València;;Distribución de la renta P80/P20;2019;2,6
Total Nacional;Comunitat Valenciana;Valencia/València;;Distribución de la renta P80/P20;2018;2,8
Total Nacional;Comunitat Valenciana;Valencia/València;;Distribución de la renta P80/P20;2017;2,8
Total Nacional;Comunitat Valenciana;Valencia/València;;Distribución de la renta P80/P20;2016;3
Total Nacional;Comunitat Valenciana;Valencia/València;;Distribución de la renta P80/P20;2015;3
Total Nacional;Extremadura;;;Índice de Gini;2023;29,3
Total Nacional;Extremadura;;;Índice de Gini;2022;29,8
Total Nacional;Extremadura;;;Índice de Gini;2021;30
Total Nacional;Extremadura;;;Índice de Gini;2020;31,1
Total Nacional;Extremadura;;;Índice de Gini;2019;30,9
Total Nacional;Extremadura;;;Índice de Gini;2018;31,8
Total Nacional;Extremadura;;;Índice de Gini;2017;32,4
Total Nacional;Extremadura;;;Índice de Gini;2016;33,5
Total Nacional;Extremadura;;;Índice de Gini;2015;33,7
Total Nacional;Extremadura;;;Distribución de la renta P80/P20;2023;2,4
Total Nacional;Extremadura;;;Distribución de la renta P80/P20;2022;2,4
Total Nacional;Extremadura;;;Distribución de la renta P80/P20;2021;2,4
Total Nacional;Extremadura;;;Distribución de la renta P80/P20;2020;2,6
Total Nacional;Extremadura;;;Distribución de la renta P80/P20;2019;2,6
Total Nacional;Extremadura;;;Distribución de la renta P80/P20;2018;2,7
Total Nacional;Extremadura;;;Distribución de la renta P80/P20;2017;2,5
Total Nacional;Extremadura;;;Distribución de la renta P80/P20;2016;2,8
Total Nacional;Extremadura;;;Distribución de la renta P80/P20;2015;2,7
Total Nacional;Extremadura;Badajoz;;Índice de Gini;2023;29,2
Total Nacional;Extremadura;Badajoz;;Índice de Gini;2022;29,7
Total Nacional;Extremadura;Badajoz;;Índice de Gini;2021;30
Total Nacional;Extremadura;Badajoz;;Índice de Gini;2020;31
Total Nacional;Extremadura;Badajoz;;Índice de Gini;2019;30,8
Total Nacional;Extremadura;Badajoz;;Índice de Gini;2018;31,7
Total Nacional;Extremadura;Badajoz;;Índice de Gini;2017;32,1
Total Nacional;Extremadura;Badajoz;;Índice de Gini;2016;33,4
Total Nacional;Extremadura;Badajoz;;Índice de Gini;2015;33,6
Total Nacional;Extremadura;Badajoz;;Distribución de la renta P80/P20;2023;2,3
Total Nacional;Extremadura;Badajoz;;Distribución de la renta P80/P20;2022;2,3
Total Nacional;Extremadura;Badajoz;;Distribución de la renta P80/P20;2021;2,4
Total Nacional;Extremadura;Badajoz;;Distribución de la renta P80/P20;2020;2,6
Total Nacional;Extremadura;Badajoz;;Distribución de la renta P80/P20;2019;2,5
Total Nacional;Extremadura;Badajoz;;Distribución de la renta P80/P20;2018;2,6
Total Nacional;Extremadura;Badajoz;;Distribución de la renta P80/P20;2017;2,5
Total Nacional;Extremadura;Badajoz;;Distribución de la renta P80/P20;2016;2,7
Total Nacional;Extremadura;Badajoz;;Distribución de la renta P80/P20;2015;2,7
Total Nacional;Extremadura;Cáceres;;Índice de Gini;2023;29,4
Total Nacional;Extremadura;Cáceres;;Índice de Gini;2022;30,1
Total Nacional;Extremadura;Cáceres;;Índice de Gini;2021;30,1
Total Nacional;Extremadura;Cáceres;;Índice de Gini;2020;31,1
Total Nacional;Extremadura;Cáceres;;Índice de Gini;2019;31
Total Nacional;Extremadura;Cáceres;;Índice de Gini;2018;31,9
Total Nacional;Extremadura;Cáceres;;Índice de Gini;2017;32,6
Total Nacional;Extremadura;Cáceres;;Índice de Gini;2016;33,6
Total Nacional;Extremadura;Cáceres;;Índice de Gini;2015;33,7
Total Nacional;Extremadura;Cáceres;;Distribución de la renta P80/P20;2023;2,5
Total Nacional;Extremadura;Cáceres;;Distribución de la renta P80/P20;2022;2,5
Total Nacional;Extremadura;Cáceres;;Distribución de la renta P80/P20;2021;2,5
Total Nacional;Extremadura;Cáceres;;Distribución de la renta P80/P20;2020;2,7
Total Nacional;Extremadura;Cáceres;;Distribución de la renta P80/P20;2019;2,6
Total Nacional;Extremadura;Cáceres;;Distribución de la renta P80/P20;2018;2,7
Total Nacional;Extremadura;Cáceres;;Distribución de la renta P80/P20;2017;2,6
Total Nacional;Extremadura;Cáceres;;Distribución de la renta P80/P20;2016;2,9
Total Nacional;Extremadura;Cáceres;;Distribución de la renta P80/P20;2015;2,8
Total Nacional;Galicia;;;Índice de Gini;2023;29
Total Nacional;Galicia;;;Índice de Gini;2022;29,3
Total Nacional;Galicia;;;Índice de Gini;2021;29,2
Total Nacional;Galicia;;;Índice de Gini;2020;29,7
Total Nacional;Galicia;;;Índice de Gini;2019;29,9
Total Nacional;Galicia;;;Índice de Gini;2018;30,4
Total Nacional;Galicia;;;Índice de Gini;2017;31
Total Nacional;Galicia;;;Índice de Gini;2016;31,7
Total Nacional;Galicia;;;Índice de Gini;2015;31,9
Total Nacional;Galicia;;;Distribución de la renta P80/P20;2023;2,5
Total Nacional;Galicia;;;Distribución de la renta P80/P20;2022;2,5
Total Nacional;Galicia;;;Distribución de la renta P80/P20;2021;2,5
Total Nacional;Galicia;;;Distribución de la renta P80/P20;2020;2,4
Total Nacional;Galicia;;;Distribución de la renta P80/P20;2019;2,4
Total Nacional;Galicia;;;Distribución de la renta P80/P20;2018;2,5
Total Nacional;Galicia;;;Distribución de la renta P80/P20;2017;2,6
Total Nacional;Galicia;;;Distribución de la renta P80/P20;2016;2,5
Total Nacional;Galicia;;;Distribución de la renta P80/P20;2015;2,7
Total Nacional;Galicia;Coruña, A;;Índice de Gini;2023;29,3
Total Nacional;Galicia;Coruña, A;;Índice de Gini;2022;29,5
Total Nacional;Galicia;Coruña, A;;Índice de Gini;2021;29,4
Total Nacional;Galicia;Coruña, A;;Índice de Gini;2020;30
Total Nacional;Galicia;Coruña, A;;Índice de Gini;2019;30
Total Nacional;Galicia;Coruña, A;;Índice de Gini;2018;30,5
Total Nacional;Galicia;Coruña, A;;Índice de Gini;2017;31
Total Nacional;Galicia;Coruña, A;;Índice de Gini;2016;31,6
Total Nacional;Galicia;Coruña, A;;Índice de Gini;2015;31,8
Total Nacional;Galicia;Coruña, A;;Distribución de la renta P80/P20;2023;2,4
Total Nacional;Galicia;Coruña, A;;Distribución de la renta P80/P20;2022;2,4
Total Nacional;Galicia;Coruña, A;;Distribución de la renta P80/P20;2021;2,4
Total Nacional;Galicia;Coruña, A;;Distribución de la renta P80/P20;2020;2,5
Total Nacional;Galicia;Coruña, A;;Distribución de la renta P80/P20;2019;2,5
Total Nacional;Galicia;Coruña, A;;Distribución de la renta P80/P20;2018;2,6
Total Nacional;Galicia;Coruña, A;;Distribución de la renta P80/P20;2017;2,5
Total Nacional;Galicia;Coruña, A;;Distribución de la renta P80/P20;2016;2,6
Total Nacional;Galicia;Coruña, A;;Distribución de la renta P80/P20;2015;2,5
Total Nacional;Galicia;Lugo;;Índice de Gini;2023;28,6
Total Nacional;Galicia;Lugo;;Índice de Gini;2022;28,8
Total Nacional;Galicia;Lugo;;Índice de Gini;2021;28,7
Total Nacional;Galicia;Lugo;;Índice de Gini;2020;29,1
Total Nacional;Galicia;Lugo;;Índice de Gini;2019;29,1
Total Nacional;Galicia;Lugo;;Índice de Gini;2018;29,7
Total Nacional;Galicia;Lugo;;Índice de Gini;2017;30
Total Nacional;Galicia;Lugo;;Índice de Gini;2016;30,5
Total Nacional;Galicia;Lugo;;Índice de Gini;2015;30,7
Total Nacional;Galicia;Lugo;;Distribución de la renta P80/P20;2023;2,4
Total Nacional;Galicia;Lugo;;Distribución de la renta P80/P20;2022;2,4
Total Nacional;Galicia;Lugo;;Distribución de la renta P80/P20;2021;2,5
Total Nacional;Galicia;Lugo;;Distribución de la renta P80/P20;2020;2,5
Total Nacional;Galicia;Lugo;;Distribución de la renta P80/P20;2019;2,5
Total Nacional;Galicia;Lugo;;Distribución de la renta P80/P20;2018;2,4
Total Nacional;Galicia;Lugo;;Distribución de la renta P80/P20;2017;2,4
Total Nacional;Galicia;Lugo;;Distribución de la renta P80/P20;2016;2,4
Total Nacional;Galicia;Lugo;;Distribución de la renta P80/P20;2015;2,6
Total Nacional;Galicia;Ourense;;Índice de Gini;2023;29,6
Total Nacional;Galicia;Ourense;;Índice de Gini;2022;30,1
Total Nacional;Galicia;Ourense;;Índice de Gini;2021;30,1
Total Nacional;Galicia;Ourense;;Índice de Gini;2020;30,4
Total Nacional;Galicia;Ourense;;Índice de Gini;2019;30,7
Total Nacional;Galicia;Ourense;;Índice de Gini;2018;31,2
Total Nacional;Galicia;Ourense;;Índice de Gini;2017;31,6
Total Nacional;Galicia;Ourense;;Índice de Gini;2016;32,3
Total Nacional;Galicia;Ourense;;Índice de Gini;2015;32,4
Total Nacional;Galicia;Ourense;;Distribución de la renta P80/P20;2023;2,5
Total Nacional;Galicia;Ourense;;Distribución de la renta P80/P20;2022;2,5
Total Nacional;Galicia;Ourense;;Distribución de la renta P80/P20;2021;2,6
Total Nacional;Galicia;Ourense;;Distribución de la renta P80/P20;2020;2,5
Total Nacional;Galicia;Ourense;;Distribución de la renta P80/P20;2019;2,5
Total Nacional;Galicia;Ourense;;Distribución de la renta P80/P20;2018;2,5
Total Nacional;Galicia;Ourense;;Distribución de la renta P80/P20;2017;2,7
Total Nacional;Galicia;Ourense;;Distribución de la renta P80/P20;2016;2,7
Total Nacional;Galicia;Ourense;;Distribución de la renta P80/P20;2015;2,6
Total Nacional;Galicia;Pontevedra;;Índice de Gini;2023;28,4
Total Nacional;Galicia;Pontevedra;;Índice de Gini;2022;28,8
Total Nacional;Galicia;Pontevedra;;Índice de Gini;2021;28,8
Total Nacional;Galicia;Pontevedra;;Índice de Gini;2020;29,4
Total Nacional;Galicia;Pontevedra;;Índice de Gini;2019;29,6
Total Nacional;Galicia;Pontevedra;;Índice de Gini;2018;30,3
Total Nacional;Galicia;Pontevedra;;Índice de Gini;2017;31
Total Nacional;Galicia;Pontevedra;;Índice de Gini;2016;31,9
Total Nacional;Galicia;Pontevedra;;Índice de Gini;2015;32,2
Total Nacional;Galicia;Pontevedra;;Distribución de la renta P80/P20;2023;2,4
Total Nacional;Galicia;Pontevedra;;Distribución de la renta P80/P20;2022;2,4
Total Nacional;Galicia;Pontevedra;;Distribución de la renta P80/P20;2021;2,5
Total Nacional;Galicia;Pontevedra;;Distribución de la renta P80/P20;2020;2,6
Total Nacional;Galicia;Pontevedra;;Distribución de la renta P80/P20;2019;2,5
Total Nacional;Galicia;Pontevedra;;Distribución de la renta P80/P20;2018;2,4
Total Nacional;Galicia;Pontevedra;;Distribución de la renta P80/P20;2017;2,5
Total Nacional;Galicia;Pontevedra;;Distribución de la renta P80/P20;2016;2,7
Total Nacional;Galicia;Pontevedra;;Distribución de la renta P80/P20;2015;2,7
Total Nacional;Madrid, Comunidad de;;;Índice de Gini;2023;35,1
Total Nacional;Madrid, Comunidad de;;;Índice de Gini;2022;35,3
Total Nacional;Madrid, Comunidad de;;;Índice de Gini;2021;35,2
Total Nacional;Madrid, Comunidad de;;;Índice de Gini;2020;35,9
Total Nacional;Madrid, Comunidad de;;;Índice de Gini;2019;35,8
Total Nacional;Madrid, Comunidad de;;;Índice de Gini;2018;36,3
Total Nacional;Madrid, Comunidad de;;;Índice de Gini;2017;36,7
Total Nacional;Madrid, Comunidad de;;;Índice de Gini;2016;37,4
Total Nacional;Madrid, Comunidad de;;;Índice de Gini;2015;37,4
Total Nacional;Madrid, Comunidad de;;;Distribución de la renta P80/P20;2023;3
Total Nacional;Madrid, Comunidad de;;;Distribución de la renta P80/P20;2022;3,1
Total Nacional;Madrid, Comunidad de;;;Distribución de la renta P80/P20;2021;3,1
Total Nacional;Madrid, Comunidad de;;;Distribución de la renta P80/P20;2020;3,1
Total Nacional;Madrid, Comunidad de;;;Distribución de la renta P80/P20;2019;2,9
Total Nacional;Madrid, Comunidad de;;;Distribución de la renta P80/P20;2018;3,1
Total Nacional;Madrid, Comunidad de;;;Distribución de la renta P80/P20;2017;3,2
Total Nacional;Madrid, Comunidad de;;;Distribución de la renta P80/P20;2016;3,3
Total Nacional;Madrid, Comunidad de;;;Distribución de la renta P80/P20;2015;3,3
Total Nacional;Madrid, Comunidad de;Madrid;;Índice de Gini;2023;35,1
Total Nacional;Madrid, Comunidad de;Madrid;;Índice de Gini;2022;35,3
Total Nacional;Madrid, Comunidad de;Madrid;;Índice de Gini;2021;35,2
Total Nacional;Madrid, Comunidad de;Madrid;;Índice de Gini;2020;35,9
Total Nacional;Madrid, Comunidad de;Madrid;;Índice de Gini;2019;35,8
Total Nacional;Madrid, Comunidad de;Madrid;;Índice de Gini;2018;36,3
Total Nacional;Madrid, Comunidad de;Madrid;;Índice de Gini;2017;36,7
Total Nacional;Madrid, Comunidad de;Madrid;;Índice de Gini;2016;37,4
Total Nacional;Madrid, Comunidad de;Madrid;;Índice de Gini;2015;37,4
Total Nacional;Madrid, Comunidad de;Madrid;;Distribución de la renta P80/P20;2023;3
Total Nacional;Madrid, Comunidad de;Madrid;;Distribución de la renta P80/P20;2022;3,1
Total Nacional;Madrid, Comunidad de;Madrid;;Distribución de la renta P80/P20;2021;3,1
Total Nacional;Madrid, Comunidad de;Madrid;;Distribución de la renta P80/P20;2020;3,1
Total Nacional;Madrid, Comunidad de;Madrid;;Distribución de la renta P80/P20;2019;2,9
Total Nacional;Madrid, Comunidad de;Madrid;;Distribución de la renta P80/P20;2018;3,1
Total Nacional;Madrid, Comunidad de;Madrid;;Distribución de la renta P80/P20;2017;3,2
Total Nacional;Madrid, Comunidad de;Madrid;;Distribución de la renta P80/P20;2016;3,3
Total Nacional;Madrid, Comunidad de;Madrid;;Distribución de la renta P80/P20;2015;3,3
Total Nacional;Murcia, Región de;;;Índice de Gini;2023;31,1
Total Nacional;Murcia, Región de;;;Índice de Gini;2022;31,4
Total Nacional;Murcia, Región de;;;Índice de Gini;2021;31,4
Total Nacional;Murcia, Región de;;;Índice de Gini;2020;31,7
Total Nacional;Murcia, Región de;;;Índice de Gini;2019;31,8
Total Nacional;Murcia, Región de;;;Índice de Gini;2018;32,3
Total Nacional;Murcia, Región de;;;Índice de Gini;2017;32,8
Total Nacional;Murcia, Región de;;;Índice de Gini;2016;34,2
Total Nacional;Murcia, Región de;;;Índice de Gini;2015;34,6
Total Nacional;Murcia, Región de;;;Distribución de la renta P80/P20;2023;2,5
Total Nacional;Murcia, Región de;;;Distribución de la renta P80/P20;2022;2,6
Total Nacional;Murcia, Región de;;;Distribución de la renta P80/P20;2021;2,7
Total Nacional;Murcia, Región de;;;Distribución de la renta P80/P20;2020;2,6
Total Nacional;Murcia, Región de;;;Distribución de la renta P80/P20;2019;2,7
Total Nacional;Murcia, Región de;;;Distribución de la renta P80/P20;2018;2,7
Total Nacional;Murcia, Región de;;;Distribución de la renta P80/P20;2017;2,8
Total Nacional;Murcia, Región de;;;Distribución de la renta P80/P20;2016;3
Total Nacional;Murcia, Región de;;;Distribución de la renta P80/P20;2015;3
Total Nacional;Murcia, Región de;Murcia;;Índice de Gini;2023;31,1
Total Nacional;Murcia, Región de;Murcia;;Índice de Gini;2022;31,4
Total Nacional;Murcia, Región de;Murcia;;Índice de Gini;2021;31,4
Total Nacional;Murcia, Región de;Murcia;;Índice de Gini;2020;31,7
Total Nacional;Murcia, Región de;Murcia;;Índice de Gini;2019;31,8
Total Nacional;Murcia, Región de;Murcia;;Índice de Gini;2018;32,3
Total Nacional;Murcia, Región de;Murcia;;Índice de Gini;2017;32,8
Total Nacional;Murcia, Región de;Murcia;;Índice de Gini;2016;34,2
Total Nacional;Murcia, Región de;Murcia;;Índice de Gini;2015;34,6
Total Nacional;Murcia, Región de;Murcia;;Distribución de la renta P80/P20;2023;2,5
Total Nacional;Murcia, Región de;Murcia;;Distribución de la renta P80/P20;2022;2,6
Total Nacional;Murcia, Región de;Murcia;;Distribución de la renta P80/P20;2021;2,7
Total Nacional;Murcia, Región de;Murcia;;Distribución de la renta P80/P20;2020;2,6
Total Nacional;Murcia, Región de;Murcia;;Distribución de la renta P80/P20;2019;2,7
Total Nacional;Murcia, Región de;Murcia;;Distribución de la renta P80/P20;2018;2,7
Total Nacional;Murcia, Región de;Murcia;;Distribución de la renta P80/P20;2017;2,8
Total Nacional;Murcia, Región de;Murcia;;Distribución de la renta P80/P20;2016;3
Total Nacional;Murcia, Región de;Murcia;;Distribución de la renta P80/P20;2015;3
Total Nacional;Navarra, Comunidad Foral de;;;Índice de Gini;2023;30,9
Total Nacional;Navarra, Comunidad Foral de;;;Índice de Gini;2022;31
Total Nacional;Navarra, Comunidad Foral de;;;Índice de Gini;2021;33
Total Nacional;Navarra, Comunidad Foral de;;;Índice de Gini;2020;""
Total Nacional;Navarra, Comunidad Foral de;;;Índice de Gini;2019;""
Total Nacional;Navarra, Comunidad Foral de;;;Índice de Gini;2018;""
Total Nacional;Navarra, Comunidad Foral de;;;Índice de Gini;2017;""
Total Nacional;Navarra, Comunidad Foral de;;;Índice de Gini;2016;""
Total Nacional;Navarra, Comunidad Foral de;;;Índice de Gini;2015;""
Total Nacional;Navarra, Comunidad Foral de;;;Distribución de la renta P80/P20;2023;2,6
Total Nacional;Navarra, Comunidad Foral de;;;Distribución de la renta P80/P20;2022;2,6
Total Nacional;Navarra, Comunidad Foral de;;;Distribución de la renta P80/P20;2021;2,6
Total Nacional;Navarra, Comunidad Foral de;;;Distribución de la renta P80/P20;2020;""
Total Nacional;Navarra, Comunidad Foral de;;;Distribución de la renta P80/P20;2019;""
Total Nacional;Navarra, Comunidad Foral de;;;Distribución de la renta P80/P20;2018;""
Total Nacional;Navarra, Comunidad Foral de;;;Distribución de la renta P80/P20;2017;""
Total Nacional;Navarra, Comunidad Foral de;;;Distribución de la renta P80/P20;2016;""
Total Nacional;Navarra, Comunidad Foral de;;;Distribución de la renta P80/P20;2015;""
Total Nacional;Navarra, Comunidad Foral de;Navarra;;Índice de Gini;2023;30,9
Total Nacional;Navarra, Comunidad Foral de;Navarra;;Índice de Gini;2022;31
Total Nacional;Navarra, Comunidad Foral de;Navarra;;Índice de Gini;2021;33
Total Nacional;Navarra, Comunidad Foral de;Navarra;;Índice de Gini;2020;""
Total Nacional;Navarra, Comunidad Foral de;Navarra;;Índice de Gini;2019;""
Total Nacional;Navarra, Comunidad Foral de;Navarra;;Índice de Gini;2018;""
Total Nacional;Navarra, Comunidad Foral de;Navarra;;Índice de Gini;2017;""
Total Nacional;Navarra, Comunidad Foral de;Navarra;;Índice de Gini;2016;""
Total Nacional;Navarra, Comunidad Foral de;Navarra;;Índice de Gini;2015;""
Total Nacional;Navarra, Comunidad Foral de;Navarra;;Distribución de la renta P80/P20;2023;2,6
Total Nacional;Navarra, Comunidad Foral de;Navarra;;Distribución de la renta P80/P20;2022;2,6
Total Nacional;Navarra, Comunidad Foral de;Navarra;;Distribución de la renta P80/P20;2021;2,6
Total Nacional;Navarra, Comunidad Foral de;Navarra;;Distribución de la renta P80/P20;2020;""
Total Nacional;Navarra, Comunidad Foral de;Navarra;;Distribución de la renta P80/P20;2019;""
Total Nacional;Navarra, Comunidad Foral de;Navarra;;Distribución de la renta P80/P20;2018;""
Total Nacional;Navarra, Comunidad Foral de;Navarra;;Distribución de la renta P80/P20;2017;""
Total Nacional;Navarra, Comunidad Foral de;Navarra;;Distribución de la renta P80/P20;2016;""
Total Nacional;Navarra, Comunidad Foral de;Navarra;;Distribución de la renta P80/P20;2015;""
Total Nacional;País Vasco;;;Índice de Gini;2023;28,8
Total Nacional;País Vasco;;;Índice de Gini;2022;31
Total Nacional;País Vasco;;;Índice de Gini;2021;30,9
Total Nacional;País Vasco;;;Índice de Gini;2020;31,3
Total Nacional;País Vasco;;;Índice de Gini;2019;..
Total Nacional;País Vasco;;;Índice de Gini;2018;..
Total Nacional;País Vasco;;;Índice de Gini;2017;..
Total Nacional;País Vasco;;;Índice de Gini;2016;""
Total Nacional;País Vasco;;;Índice de Gini;2015;..
Total Nacional;País Vasco;;;Distribución de la renta P80/P20;2023;2,4
Total Nacional;País Vasco;;;Distribución de la renta P80/P20;2022;2,6
Total Nacional;País Vasco;;;Distribución de la renta P80/P20;2021;2,6
Total Nacional;País Vasco;;;Distribución de la renta P80/P20;2020;2,7
Total Nacional;País Vasco;;;Distribución de la renta P80/P20;2019;..
Total Nacional;País Vasco;;;Distribución de la renta P80/P20;2018;..
Total Nacional;País Vasco;;;Distribución de la renta P80/P20;2017;..
Total Nacional;País Vasco;;;Distribución de la renta P80/P20;2016;""
Total Nacional;País Vasco;;;Distribución de la renta P80/P20;2015;..
Total Nacional;País Vasco;Araba/Álava;;Índice de Gini;2023;28,6
Total Nacional;País Vasco;Araba/Álava;;Índice de Gini;2022;31
Total Nacional;País Vasco;Araba/Álava;;Índice de Gini;2021;30,6
Total Nacional;País Vasco;Araba/Álava;;Índice de Gini;2020;30,7
Total Nacional;País Vasco;Araba/Álava;;Índice de Gini;2019;""
Total Nacional;País Vasco;Araba/Álava;;Índice de Gini;2018;""
Total Nacional;País Vasco;Araba/Álava;;Índice de Gini;2017;""
Total Nacional;País Vasco;Araba/Álava;;Índice de Gini;2016;""
Total Nacional;País Vasco;Araba/Álava;;Índice de Gini;2015;""
Total Nacional;País Vasco;Araba/Álava;;Distribución de la renta P80/P20;2023;2,5
Total Nacional;País Vasco;Araba/Álava;;Distribución de la renta P80/P20;2022;2,7
Total Nacional;País Vasco;Araba/Álava;;Distribución de la renta P80/P20;2021;2,6
Total Nacional;País Vasco;Araba/Álava;;Distribución de la renta P80/P20;2020;2,6
Total Nacional;País Vasco;Araba/Álava;;Distribución de la renta P80/P20;2019;""
Total Nacional;País Vasco;Araba/Álava;;Distribución de la renta P80/P20;2018;""
Total Nacional;País Vasco;Araba/Álava;;Distribución de la renta P80/P20;2017;""
Total Nacional;País Vasco;Araba/Álava;;Distribución de la renta P80/P20;2016;""
Total Nacional;País Vasco;Araba/Álava;;Distribución de la renta P80/P20;2015;""
Total Nacional;País Vasco;Bizkaia;;Índice de Gini;2023;29,6
Total Nacional;País Vasco;Bizkaia;;Índice de Gini;2022;31,9
Total Nacional;País Vasco;Bizkaia;;Índice de Gini;2021;31,9
Total Nacional;País Vasco;Bizkaia;;Índice de Gini;2020;32,4
Total Nacional;País Vasco;Bizkaia;;Índice de Gini;2019;31,7
Total Nacional;País Vasco;Bizkaia;;Índice de Gini;2018;31,6
Total Nacional;País Vasco;Bizkaia;;Índice de Gini;2017;32
Total Nacional;País Vasco;Bizkaia;;Índice de Gini;2016;32,1
Total Nacional;País Vasco;Bizkaia;;Índice de Gini;2015;32,1
Total Nacional;País Vasco;Bizkaia;;Distribución de la renta P80/P20;2023;2,5
Total Nacional;País Vasco;Bizkaia;;Distribución de la renta P80/P20;2022;2,8
Total Nacional;País Vasco;Bizkaia;;Distribución de la renta P80/P20;2021;2,8
Total Nacional;País Vasco;Bizkaia;;Distribución de la renta P80/P20;2020;2,7
Total Nacional;País Vasco;Bizkaia;;Distribución de la renta P80/P20;2019;2,7
Total Nacional;País Vasco;Bizkaia;;Distribución de la renta P80/P20;2018;2,7
Total Nacional;País Vasco;Bizkaia;;Distribución de la renta P80/P20;2017;2,7
Total Nacional;País Vasco;Bizkaia;;Distribución de la renta P80/P20;2016;2,9
Total Nacional;País Vasco;Bizkaia;;Distribución de la renta P80/P20;2015;2,8
Total Nacional;País Vasco;Gipuzkoa;;Índice de Gini;2023;27,3
Total Nacional;País Vasco;Gipuzkoa;;Índice de Gini;2022;29,4
Total Nacional;País Vasco;Gipuzkoa;;Índice de Gini;2021;29,4
Total Nacional;País Vasco;Gipuzkoa;;Índice de Gini;2020;29,6
Total Nacional;País Vasco;Gipuzkoa;;Índice de Gini;2019;29,6
Total Nacional;País Vasco;Gipuzkoa;;Índice de Gini;2018;29,9
Total Nacional;País Vasco;Gipuzkoa;;Índice de Gini;2017;30,4
Total Nacional;País Vasco;Gipuzkoa;;Índice de Gini;2016;32,4
Total Nacional;País Vasco;Gipuzkoa;;Índice de Gini;2015;..
Total Nacional;País Vasco;Gipuzkoa;;Distribución de la renta P80/P20;2023;2,3
Total Nacional;País Vasco;Gipuzkoa;;Distribución de la renta P80/P20;2022;2,5
Total Nacional;País Vasco;Gipuzkoa;;Distribución de la renta P80/P20;2021;2,4
Total Nacional;País Vasco;Gipuzkoa;;Distribución de la renta P80/P20;2020;2,5
Total Nacional;País Vasco;Gipuzkoa;;Distribución de la renta P80/P20;2019;2,5
Total Nacional;País Vasco;Gipuzkoa;;Distribución de la renta P80/P20;2018;2,5
Total Nacional;País Vasco;Gipuzkoa;;Distribución de la renta P80/P20;2017;2,6
Total Nacional;País Vasco;Gipuzkoa;;Distribución de la renta P80/P20;2016;2,7
Total Nacional;País Vasco;Gipuzkoa;;Distribución de la renta P80/P20;2015;..
Total Nacional;Rioja, La;;;Índice de Gini;2023;29,7
Total Nacional;Rioja, La;;;Índice de Gini;2022;29,8
Total Nacional;Rioja, La;;;Índice de Gini;2021;29,9
Total Nacional;Rioja, La;;;Índice de Gini;2020;30,7
Total Nacional;Rioja, La;;;Índice de Gini;2019;30,9
Total Nacional;Rioja, La;;;Índice de Gini;2018;31,4
Total Nacional;Rioja, La;;;Índice de Gini;2017;32
Total Nacional;Rioja, La;;;Índice de Gini;2016;32,8
Total Nacional;Rioja, La;;;Índice de Gini;2015;32,9
Total Nacional;Rioja, La;;;Distribución de la renta P80/P20;2023;2,5
Total Nacional;Rioja, La;;;Distribución de la renta P80/P20;2022;2,6
Total Nacional;Rioja, La;;;Distribución de la renta P80/P20;2021;2,6
Total Nacional;Rioja, La;;;Distribución de la renta P80/P20;2020;2,7
Total Nacional;Rioja, La;;;Distribución de la renta P80/P20;2019;2,5
Total Nacional;Rioja, La;;;Distribución de la renta P80/P20;2018;2,6
Total Nacional;Rioja, La;;;Distribución de la renta P80/P20;2017;2,8
Total Nacional;Rioja, La;;;Distribución de la renta P80/P20;2016;2,7
Total Nacional;Rioja, La;;;Distribución de la renta P80/P20;2015;2,8
Total Nacional;Rioja, La;Rioja, La;;Índice de Gini;2023;29,7
Total Nacional;Rioja, La;Rioja, La;;Índice de Gini;2022;29,8
Total Nacional;Rioja, La;Rioja, La;;Índice de Gini;2021;29,9
Total Nacional;Rioja, La;Rioja, La;;Índice de Gini;2020;30,7
Total Nacional;Rioja, La;Rioja, La;;Índice de Gini;2019;30,9
Total Nacional;Rioja, La;Rioja, La;;Índice de Gini;2018;31,4
Total Nacional;Rioja, La;Rioja, La;;Índice de Gini;2017;32
Total Nacional;Rioja, La;Rioja, La;;Índice de Gini;2016;32,8
Total Nacional;Rioja, La;Rioja, La;;Índice de Gini;2015;32,9
Total Nacional;Rioja, La;Rioja, La;;Distribución de la renta P80/P20;2023;2,5
Total Nacional;Rioja, La;Rioja, La;;Distribución de la renta P80/P20;2022;2,6
Total Nacional;Rioja, La;Rioja, La;;Distribución de la renta P80/P20;2021;2,6
Total Nacional;Rioja, La;Rioja, La;;Distribución de la renta P80/P20;2020;2,7
Total Nacional;Rioja, La;Rioja, La;;Distribución de la renta P80/P20;2019;2,5
Total Nacional;Rioja, La;Rioja, La;;Distribución de la renta P80/P20;2018;2,6
Total Nacional;Rioja, La;Rioja, La;;Distribución de la renta P80/P20;2017;2,8
Total Nacional;Rioja, La;Rioja, La;;Distribución de la renta P80/P20;2016;2,7
Total Nacional;Rioja, La;Rioja, La;;Distribución de la renta P80/P20;2015;2,8
Total Nacional;Ceuta;;;Índice de Gini;2023;39,9
Total Nacional;Ceuta;;;Índice de Gini;2022;40,6
Total Nacional;Ceuta;;;Índice de Gini;2021;40,5
Total Nacional;Ceuta;;;Índice de Gini;2020;42,3
Total Nacional;Ceuta;;;Índice de Gini;2019;42,4
Total Nacional;Ceuta;;;Índice de Gini;2018;42,9
Total Nacional;Ceuta;;;Índice de Gini;2017;43,3
Total Nacional;Ceuta;;;Índice de Gini;2016;43,6
Total Nacional;Ceuta;;;Índice de Gini;2015;43,2
Total Nacional;Ceuta;;;Distribución de la renta P80/P20;2023;3,9
Total Nacional;Ceuta;;;Distribución de la renta P80/P20;2022;4,2
Total Nacional;Ceuta;;;Distribución de la renta P80/P20;2021;4,2
Total Nacional;Ceuta;;;Distribución de la renta P80/P20;2020;4,4
Total Nacional;Ceuta;;;Distribución de la renta P80/P20;2019;4,6
Total Nacional;Ceuta;;;Distribución de la renta P80/P20;2018;4,8
Total Nacional;Ceuta;;;Distribución de la renta P80/P20;2017;5
Total Nacional;Ceuta;;;Distribución de la renta P80/P20;2016;5
Total Nacional;Ceuta;;;Distribución de la renta P80/P20;2015;5
Total Nacional;Ceuta;Ceuta;;Índice de Gini;2023;39,9
Total Nacional;Ceuta;Ceuta;;Índice de Gini;2022;40,6
Total Nacional;Ceuta;Ceuta;;Índice de Gini;2021;40,5
Total Nacional;Ceuta;Ceuta;;Índice de Gini;2020;42,3
Total Nacional;Ceuta;Ceuta;;Índice de Gini;2019;42,4
Total Nacional;Ceuta;Ceuta;;Índice de Gini;2018;42,9
Total Nacional;Ceuta;Ceuta;;Índice de Gini;2017;43,3
Total Nacional;Ceuta;Ceuta;;Índice de Gini;2016;43,6
Total Nacional;Ceuta;Ceuta;;Índice de Gini;2015;43,2
Total Nacional;Ceuta;Ceuta;;Distribución de la renta P80/P20;2023;3,9
Total Nacional;Ceuta;Ceuta;;Distribución de la renta P80/P20;2022;4,2
Total Nacional;Ceuta;Ceuta;;Distribución de la renta P80/P20;2021;4,2
Total Nacional;Ceuta;Ceuta;;Distribución de la renta P80/P20;2020;4,4
Total Nacional;Ceuta;Ceuta;;Distribución de la renta P80/P20;2019;4,6
Total Nacional;Ceuta;Ceuta;;Distribución de la renta P80/P20;2018;4,8
Total Nacional;Ceuta;Ceuta;;Distribución de la renta P80/P20;2017;5
Total Nacional;Ceuta;Ceuta;;Distribución de la renta P80/P20;2016;5
Total Nacional;Ceuta;Ceuta;;Distribución de la renta P80/P20;2015;5
Total Nacional;Melilla;;;Índice de Gini;2023;39,6
Total Nacional;Melilla;;;Índice de Gini;2022;39,9
Total Nacional;Melilla;;;Índice de Gini;2021;40,3
Total Nacional;Melilla;;;Índice de Gini;2020;42,4
Total Nacional;Melilla;;;Índice de Gini;2019;42,5
Total Nacional;Melilla;;;Índice de Gini;2018;43,3
Total Nacional;Melilla;;;Índice de Gini;2017;44,1
Total Nacional;Melilla;;;Índice de Gini;2016;44,6
Total Nacional;Melilla;;;Índice de Gini;2015;44,8
Total Nacional;Melilla;;;Distribución de la renta P80/P20;2023;4,1
Total Nacional;Melilla;;;Distribución de la renta P80/P20;2022;4,2
Total Nacional;Melilla;;;Distribución de la renta P80/P20;2021;4,1
Total Nacional;Melilla;;;Distribución de la renta P80/P20;2020;4,4
Total Nacional;Melilla;;;Distribución de la renta P80/P20;2019;4,6
Total Nacional;Melilla;;;Distribución de la renta P80/P20;2018;4,7
Total Nacional;Melilla;;;Distribución de la renta P80/P20;2017;5
Total Nacional;Melilla;;;Distribución de la renta P80/P20;2016;5,8
Total Nacional;Melilla;;;Distribución de la renta P80/P20;2015;5,6
Total Nacional;Melilla;Melilla;;Índice de Gini;2023;39,6
Total Nacional;Melilla;Melilla;;Índice de Gini;2022;39,9
Total Nacional;Melilla;Melilla;;Índice de Gini;2021;40,3
Total Nacional;Melilla;Melilla;;Índice de Gini;2020;42,4
Total Nacional;Melilla;Melilla;;Índice de Gini;2019;42,5
Total Nacional;Melilla;Melilla;;Índice de Gini;2018;43,3
Total Nacional;Melilla;Melilla;;Índice de Gini;2017;44,1
Total Nacional;Melilla;Melilla;;Índice de Gini;2016;44,6
Total Nacional;Melilla;Melilla;;Índice de Gini;2015;44,8
Total Nacional;Melilla;Melilla;;Distribución de la renta P80/P20;2023;4,1
Total Nacional;Melilla;Melilla;;Distribución de la renta P80/P20;2022;4,2
Total Nacional;Melilla;Melilla;;Distribución de la renta P80/P20;2021;4,1
Total Nacional;Melilla;Melilla;;Distribución de la renta P80/P20;2020;4,4
Total Nacional;Melilla;Melilla;;Distribución de la renta P80/P20;2019;4,6
Total Nacional;Melilla;Melilla;;Distribución de la renta P80/P20;2018;4,7
Total Nacional;Melilla;Melilla;;Distribución de la renta P80/P20;2017;5
Total Nacional;Melilla;Melilla;;Distribución de la renta P80/P20;2016;5,8
Total Nacional;Melilla;Melilla;;Distribución de la renta P80/P20;2015;5,6
