Municipios;Distritos;Secciones;Indicadores de renta media y mediana;Periodo;Total
08001 Abrera;;;Renta neta media por hogar;2023;45.010
08001 Abrera;;;Renta neta media por hogar;2022;42.573
08001 Abrera;;;Renta neta media por hogar;2021;41.104
08001 Abrera;;;Renta neta media por hogar;2020;39.531
08001 Abrera;;;Renta neta media por hogar;2019;39.439
08001 Abrera;;;Renta neta media por hogar;2018;37.966
08001 Abrera;;;Renta neta media por hogar;2017;36.568
08001 Abrera;;;Renta neta media por hogar;2016;35.621
08001 Abrera;;;Renta neta media por hogar;2015;33.990
08002 Aguilar de Segarra;;;Renta neta media por hogar;2023;52.124
08002 Aguilar de Segarra;;;Renta neta media por hogar;2022;48.930
08002 Aguilar de Segarra;;;Renta neta media por hogar;2021;47.986
08002 Aguilar de Segarra;;;Renta neta media por hogar;2020;45.945
08002 Aguilar de Segarra;;;Renta neta media por hogar;2019;43.960
08002 Aguilar de Segarra;;;Renta neta media por hogar;2018;40.556
08002 Aguilar de Segarra;;;Renta neta media por hogar;2017;40.762
08002 Aguilar de Segarra;;;Renta neta media por hogar;2016;38.635
08002 Aguilar de Segarra;;;Renta neta media por hogar;2015;35.488
08003 Alella;;;Renta neta media por hogar;2023;72.328
08003 Alella;;;Renta neta media por hogar;2022;65.059
08003 Alella;;;Renta neta media por hogar;2021;59.374
08003 Alella;;;Renta neta media por hogar;2020;59.709
08003 Alella;;;Renta neta media por hogar;2019;60.909
08003 Alella;;;Renta neta media por hogar;2018;60.380
08003 Alella;;;Renta neta media por hogar;2017;56.250
08003 Alella;;;Renta neta media por hogar;2016;54.485
08003 Alella;;;Renta neta media por hogar;2015;51.931
08004 Alpens;;;Renta neta media por hogar;2023;42.673
08004 Alpens;;;Renta neta media por hogar;2022;40.844
08004 Alpens;;;Renta neta media por hogar;2021;38.397
08004 Alpens;;;Renta neta media por hogar;2020;35.232
08004 Alpens;;;Renta neta media por hogar;2019;35.142
08004 Alpens;;;Renta neta media por hogar;2018;35.361
08004 Alpens;;;Renta neta media por hogar;2017;34.583
08004 Alpens;;;Renta neta media por hogar;2016;32.991
08004 Alpens;;;Renta neta media por hogar;2015;31.054
08005 Ametlla del Vallès, L';;;Renta neta media por hogar;2023;62.740
08005 Ametlla del Vallès, L';;;Renta neta media por hogar;2022;61.346
08005 Ametlla del Vallès, L';;;Renta neta media por hogar;2021;57.259
08005 Ametlla del Vallès, L';;;Renta neta media por hogar;2020;54.737
08005 Ametlla del Vallès, L';;;Renta neta media por hogar;2019;56.246
08005 Ametlla del Vallès, L';;;Renta neta media por hogar;2018;53.220
08005 Ametlla del Vallès, L';;;Renta neta media por hogar;2017;48.534
08005 Ametlla del Vallès, L';;;Renta neta media por hogar;2016;48.714
08005 Ametlla del Vallès, L';;;Renta neta media por hogar;2015;47.570
08006 Arenys de Mar;;;Renta neta media por hogar;2023;41.502
08006 Arenys de Mar;;;Renta neta media por hogar;2022;39.322
08006 Arenys de Mar;;;Renta neta media por hogar;2021;36.833
08006 Arenys de Mar;;;Renta neta media por hogar;2020;35.463
08006 Arenys de Mar;;;Renta neta media por hogar;2019;35.656
08006 Arenys de Mar;;;Renta neta media por hogar;2018;34.531
08006 Arenys de Mar;;;Renta neta media por hogar;2017;32.698
08006 Arenys de Mar;;;Renta neta media por hogar;2016;31.747
08006 Arenys de Mar;;;Renta neta media por hogar;2015;30.858
08007 Arenys de Munt;;;Renta neta media por hogar;2023;43.767
08007 Arenys de Munt;;;Renta neta media por hogar;2022;40.544
08007 Arenys de Munt;;;Renta neta media por hogar;2021;38.920
08007 Arenys de Munt;;;Renta neta media por hogar;2020;37.381
08007 Arenys de Munt;;;Renta neta media por hogar;2019;37.200
08007 Arenys de Munt;;;Renta neta media por hogar;2018;35.626
08007 Arenys de Munt;;;Renta neta media por hogar;2017;33.901
08007 Arenys de Munt;;;Renta neta media por hogar;2016;32.716
08007 Arenys de Munt;;;Renta neta media por hogar;2015;31.590
08008 Argençola;;;Renta neta media por hogar;2023;42.456
08008 Argençola;;;Renta neta media por hogar;2022;38.901
08008 Argençola;;;Renta neta media por hogar;2021;37.888
08008 Argençola;;;Renta neta media por hogar;2020;35.631
08008 Argençola;;;Renta neta media por hogar;2019;36.511
08008 Argençola;;;Renta neta media por hogar;2018;34.434
08008 Argençola;;;Renta neta media por hogar;2017;33.848
08008 Argençola;;;Renta neta media por hogar;2016;34.122
08008 Argençola;;;Renta neta media por hogar;2015;31.783
08009 Argentona;;;Renta neta media por hogar;2023;50.252
08009 Argentona;;;Renta neta media por hogar;2022;46.865
08009 Argentona;;;Renta neta media por hogar;2021;44.369
08009 Argentona;;;Renta neta media por hogar;2020;43.092
08009 Argentona;;;Renta neta media por hogar;2019;42.230
08009 Argentona;;;Renta neta media por hogar;2018;40.828
08009 Argentona;;;Renta neta media por hogar;2017;38.409
08009 Argentona;;;Renta neta media por hogar;2016;37.055
08009 Argentona;;;Renta neta media por hogar;2015;36.103
08010 Artés;;;Renta neta media por hogar;2023;40.915
08010 Artés;;;Renta neta media por hogar;2022;38.690
08010 Artés;;;Renta neta media por hogar;2021;37.276
08010 Artés;;;Renta neta media por hogar;2020;35.975
08010 Artés;;;Renta neta media por hogar;2019;36.393
08010 Artés;;;Renta neta media por hogar;2018;35.378
08010 Artés;;;Renta neta media por hogar;2017;34.473
08010 Artés;;;Renta neta media por hogar;2016;33.360
08010 Artés;;;Renta neta media por hogar;2015;31.541
08011 Avià;;;Renta neta media por hogar;2023;42.136
08011 Avià;;;Renta neta media por hogar;2022;40.144
08011 Avià;;;Renta neta media por hogar;2021;39.236
08011 Avià;;;Renta neta media por hogar;2020;37.911
08011 Avià;;;Renta neta media por hogar;2019;37.072
08011 Avià;;;Renta neta media por hogar;2018;35.240
08011 Avià;;;Renta neta media por hogar;2017;33.650
08011 Avià;;;Renta neta media por hogar;2016;33.172
08011 Avià;;;Renta neta media por hogar;2015;31.996
08012 Avinyó;;;Renta neta media por hogar;2023;41.303
08012 Avinyó;;;Renta neta media por hogar;2022;38.647
08012 Avinyó;;;Renta neta media por hogar;2021;37.523
08012 Avinyó;;;Renta neta media por hogar;2020;37.021
08012 Avinyó;;;Renta neta media por hogar;2019;37.346
08012 Avinyó;;;Renta neta media por hogar;2018;34.702
08012 Avinyó;;;Renta neta media por hogar;2017;32.965
08012 Avinyó;;;Renta neta media por hogar;2016;32.940
08012 Avinyó;;;Renta neta media por hogar;2015;31.937
08013 Avinyonet del Penedès;;;Renta neta media por hogar;2023;41.527
08013 Avinyonet del Penedès;;;Renta neta media por hogar;2022;39.864
08013 Avinyonet del Penedès;;;Renta neta media por hogar;2021;37.436
08013 Avinyonet del Penedès;;;Renta neta media por hogar;2020;35.792
08013 Avinyonet del Penedès;;;Renta neta media por hogar;2019;36.176
08013 Avinyonet del Penedès;;;Renta neta media por hogar;2018;35.782
08013 Avinyonet del Penedès;;;Renta neta media por hogar;2017;34.044
08013 Avinyonet del Penedès;;;Renta neta media por hogar;2016;33.852
08013 Avinyonet del Penedès;;;Renta neta media por hogar;2015;32.078
08014 Aiguafreda;;;Renta neta media por hogar;2023;43.125
08014 Aiguafreda;;;Renta neta media por hogar;2022;41.015
08014 Aiguafreda;;;Renta neta media por hogar;2021;38.897
08014 Aiguafreda;;;Renta neta media por hogar;2020;38.551
08014 Aiguafreda;;;Renta neta media por hogar;2019;37.613
08014 Aiguafreda;;;Renta neta media por hogar;2018;35.917
08014 Aiguafreda;;;Renta neta media por hogar;2017;34.366
08014 Aiguafreda;;;Renta neta media por hogar;2016;33.503
08014 Aiguafreda;;;Renta neta media por hogar;2015;32.721
08015 Badalona;;;Renta neta media por hogar;2023;38.955
08015 Badalona;;;Renta neta media por hogar;2022;36.335
08015 Badalona;;;Renta neta media por hogar;2021;35.126
08015 Badalona;;;Renta neta media por hogar;2020;33.689
08015 Badalona;;;Renta neta media por hogar;2019;33.689
08015 Badalona;;;Renta neta media por hogar;2018;32.249
08015 Badalona;;;Renta neta media por hogar;2017;30.705
08015 Badalona;;;Renta neta media por hogar;2016;29.847
08015 Badalona;;;Renta neta media por hogar;2015;29.062
08016 Bagà;;;Renta neta media por hogar;2023;39.005
08016 Bagà;;;Renta neta media por hogar;2022;36.788
08016 Bagà;;;Renta neta media por hogar;2021;35.505
08016 Bagà;;;Renta neta media por hogar;2020;34.981
08016 Bagà;;;Renta neta media por hogar;2019;33.916
08016 Bagà;;;Renta neta media por hogar;2018;33.009
08016 Bagà;;;Renta neta media por hogar;2017;32.747
08016 Bagà;;;Renta neta media por hogar;2016;31.798
08016 Bagà;;;Renta neta media por hogar;2015;31.453
08017 Balenyà;;;Renta neta media por hogar;2023;38.415
08017 Balenyà;;;Renta neta media por hogar;2022;36.592
08017 Balenyà;;;Renta neta media por hogar;2021;35.227
08017 Balenyà;;;Renta neta media por hogar;2020;34.478
08017 Balenyà;;;Renta neta media por hogar;2019;33.694
08017 Balenyà;;;Renta neta media por hogar;2018;32.468
08017 Balenyà;;;Renta neta media por hogar;2017;31.361
08017 Balenyà;;;Renta neta media por hogar;2016;29.956
08017 Balenyà;;;Renta neta media por hogar;2015;29.300
08018 Balsareny;;;Renta neta media por hogar;2023;39.244
08018 Balsareny;;;Renta neta media por hogar;2022;36.866
08018 Balsareny;;;Renta neta media por hogar;2021;35.397
08018 Balsareny;;;Renta neta media por hogar;2020;34.113
08018 Balsareny;;;Renta neta media por hogar;2019;34.042
08018 Balsareny;;;Renta neta media por hogar;2018;33.096
08018 Balsareny;;;Renta neta media por hogar;2017;32.231
08018 Balsareny;;;Renta neta media por hogar;2016;31.557
08018 Balsareny;;;Renta neta media por hogar;2015;30.387
08019 Barcelona;;;Renta neta media por hogar;2023;47.361
08019 Barcelona;;;Renta neta media por hogar;2022;43.991
08019 Barcelona;;;Renta neta media por hogar;2021;41.454
08019 Barcelona;;;Renta neta media por hogar;2020;40.424
08019 Barcelona;;;Renta neta media por hogar;2019;41.046
08019 Barcelona;;;Renta neta media por hogar;2018;39.558
08019 Barcelona;;;Renta neta media por hogar;2017;37.881
08019 Barcelona;;;Renta neta media por hogar;2016;37.371
08019 Barcelona;;;Renta neta media por hogar;2015;36.477
08020 Begues;;;Renta neta media por hogar;2023;63.381
08020 Begues;;;Renta neta media por hogar;2022;59.150
08020 Begues;;;Renta neta media por hogar;2021;55.251
08020 Begues;;;Renta neta media por hogar;2020;53.813
08020 Begues;;;Renta neta media por hogar;2019;54.954
08020 Begues;;;Renta neta media por hogar;2018;51.031
08020 Begues;;;Renta neta media por hogar;2017;47.732
08020 Begues;;;Renta neta media por hogar;2016;47.280
08020 Begues;;;Renta neta media por hogar;2015;45.183
08021 Bellprat;;;Renta neta media por hogar;2023;.
08021 Bellprat;;;Renta neta media por hogar;2022;.
08021 Bellprat;;;Renta neta media por hogar;2021;37.098
08021 Bellprat;;;Renta neta media por hogar;2020;35.486
08021 Bellprat;;;Renta neta media por hogar;2019;.
08021 Bellprat;;;Renta neta media por hogar;2018;.
08021 Bellprat;;;Renta neta media por hogar;2017;.
08021 Bellprat;;;Renta neta media por hogar;2016;.
08021 Bellprat;;;Renta neta media por hogar;2015;.
08022 Berga;;;Renta neta media por hogar;2023;37.173
08022 Berga;;;Renta neta media por hogar;2022;35.176
08022 Berga;;;Renta neta media por hogar;2021;33.782
08022 Berga;;;Renta neta media por hogar;2020;32.773
08022 Berga;;;Renta neta media por hogar;2019;32.881
08022 Berga;;;Renta neta media por hogar;2018;31.717
08022 Berga;;;Renta neta media por hogar;2017;30.611
08022 Berga;;;Renta neta media por hogar;2016;29.869
08022 Berga;;;Renta neta media por hogar;2015;29.331
08023 Bigues i Riells del Fai;;;Renta neta media por hogar;2023;47.951
08023 Bigues i Riells del Fai;;;Renta neta media por hogar;2022;45.804
08023 Bigues i Riells del Fai;;;Renta neta media por hogar;2021;43.299
08023 Bigues i Riells del Fai;;;Renta neta media por hogar;2020;40.989
08023 Bigues i Riells del Fai;;;Renta neta media por hogar;2019;41.097
08023 Bigues i Riells del Fai;;;Renta neta media por hogar;2018;39.352
08023 Bigues i Riells del Fai;;;Renta neta media por hogar;2017;37.739
08023 Bigues i Riells del Fai;;;Renta neta media por hogar;2016;36.735
08023 Bigues i Riells del Fai;;;Renta neta media por hogar;2015;35.621
08024 Borredà;;;Renta neta media por hogar;2023;35.622
08024 Borredà;;;Renta neta media por hogar;2022;33.643
08024 Borredà;;;Renta neta media por hogar;2021;32.419
08024 Borredà;;;Renta neta media por hogar;2020;30.096
08024 Borredà;;;Renta neta media por hogar;2019;29.212
08024 Borredà;;;Renta neta media por hogar;2018;27.808
08024 Borredà;;;Renta neta media por hogar;2017;26.495
08024 Borredà;;;Renta neta media por hogar;2016;26.970
08024 Borredà;;;Renta neta media por hogar;2015;26.827
08025 Bruc, El;;;Renta neta media por hogar;2023;44.021
08025 Bruc, El;;;Renta neta media por hogar;2022;42.349
08025 Bruc, El;;;Renta neta media por hogar;2021;40.669
08025 Bruc, El;;;Renta neta media por hogar;2020;38.934
08025 Bruc, El;;;Renta neta media por hogar;2019;39.743
08025 Bruc, El;;;Renta neta media por hogar;2018;39.115
08025 Bruc, El;;;Renta neta media por hogar;2017;37.220
08025 Bruc, El;;;Renta neta media por hogar;2016;34.864
08025 Bruc, El;;;Renta neta media por hogar;2015;34.134
08026 Brull, El;;;Renta neta media por hogar;2023;64.803
08026 Brull, El;;;Renta neta media por hogar;2022;77.043
08026 Brull, El;;;Renta neta media por hogar;2021;61.439
08026 Brull, El;;;Renta neta media por hogar;2020;53.424
08026 Brull, El;;;Renta neta media por hogar;2019;51.913
08026 Brull, El;;;Renta neta media por hogar;2018;55.462
08026 Brull, El;;;Renta neta media por hogar;2017;49.528
08026 Brull, El;;;Renta neta media por hogar;2016;58.969
08026 Brull, El;;;Renta neta media por hogar;2015;48.809
08027 Cabanyes, Les;;;Renta neta media por hogar;2023;54.368
08027 Cabanyes, Les;;;Renta neta media por hogar;2022;52.149
08027 Cabanyes, Les;;;Renta neta media por hogar;2021;51.200
08027 Cabanyes, Les;;;Renta neta media por hogar;2020;48.296
08027 Cabanyes, Les;;;Renta neta media por hogar;2019;47.386
08027 Cabanyes, Les;;;Renta neta media por hogar;2018;45.857
08027 Cabanyes, Les;;;Renta neta media por hogar;2017;44.041
08027 Cabanyes, Les;;;Renta neta media por hogar;2016;42.091
08027 Cabanyes, Les;;;Renta neta media por hogar;2015;42.398
08028 Cabrera d'Anoia;;;Renta neta media por hogar;2023;34.333
08028 Cabrera d'Anoia;;;Renta neta media por hogar;2022;32.834
08028 Cabrera d'Anoia;;;Renta neta media por hogar;2021;31.623
08028 Cabrera d'Anoia;;;Renta neta media por hogar;2020;29.243
08028 Cabrera d'Anoia;;;Renta neta media por hogar;2019;28.610
08028 Cabrera d'Anoia;;;Renta neta media por hogar;2018;27.825
08028 Cabrera d'Anoia;;;Renta neta media por hogar;2017;27.488
08028 Cabrera d'Anoia;;;Renta neta media por hogar;2016;27.547
08028 Cabrera d'Anoia;;;Renta neta media por hogar;2015;25.974
08029 Cabrera de Mar;;;Renta neta media por hogar;2023;64.127
08029 Cabrera de Mar;;;Renta neta media por hogar;2022;58.687
08029 Cabrera de Mar;;;Renta neta media por hogar;2021;56.363
08029 Cabrera de Mar;;;Renta neta media por hogar;2020;54.915
08029 Cabrera de Mar;;;Renta neta media por hogar;2019;55.994
08029 Cabrera de Mar;;;Renta neta media por hogar;2018;52.662
08029 Cabrera de Mar;;;Renta neta media por hogar;2017;49.577
08029 Cabrera de Mar;;;Renta neta media por hogar;2016;49.436
08029 Cabrera de Mar;;;Renta neta media por hogar;2015;45.531
08030 Cabrils;;;Renta neta media por hogar;2023;72.705
08030 Cabrils;;;Renta neta media por hogar;2022;62.400
08030 Cabrils;;;Renta neta media por hogar;2021;61.569
08030 Cabrils;;;Renta neta media por hogar;2020;58.947
08030 Cabrils;;;Renta neta media por hogar;2019;59.660
08030 Cabrils;;;Renta neta media por hogar;2018;58.076
08030 Cabrils;;;Renta neta media por hogar;2017;56.356
08030 Cabrils;;;Renta neta media por hogar;2016;54.333
08030 Cabrils;;;Renta neta media por hogar;2015;53.335
08031 Calaf;;;Renta neta media por hogar;2023;35.779
08031 Calaf;;;Renta neta media por hogar;2022;33.848
08031 Calaf;;;Renta neta media por hogar;2021;32.423
08031 Calaf;;;Renta neta media por hogar;2020;31.292
08031 Calaf;;;Renta neta media por hogar;2019;30.936
08031 Calaf;;;Renta neta media por hogar;2018;30.240
08031 Calaf;;;Renta neta media por hogar;2017;29.353
08031 Calaf;;;Renta neta media por hogar;2016;28.772
08031 Calaf;;;Renta neta media por hogar;2015;28.072
08032 Caldes d'Estrac;;;Renta neta media por hogar;2023;46.682
08032 Caldes d'Estrac;;;Renta neta media por hogar;2022;42.843
08032 Caldes d'Estrac;;;Renta neta media por hogar;2021;39.972
08032 Caldes d'Estrac;;;Renta neta media por hogar;2020;39.469
08032 Caldes d'Estrac;;;Renta neta media por hogar;2019;37.232
08032 Caldes d'Estrac;;;Renta neta media por hogar;2018;38.043
08032 Caldes d'Estrac;;;Renta neta media por hogar;2017;36.673
08032 Caldes d'Estrac;;;Renta neta media por hogar;2016;34.175
08032 Caldes d'Estrac;;;Renta neta media por hogar;2015;33.812
08033 Caldes de Montbui;;;Renta neta media por hogar;2023;46.606
08033 Caldes de Montbui;;;Renta neta media por hogar;2022;44.170
08033 Caldes de Montbui;;;Renta neta media por hogar;2021;41.821
08033 Caldes de Montbui;;;Renta neta media por hogar;2020;39.974
08033 Caldes de Montbui;;;Renta neta media por hogar;2019;40.363
08033 Caldes de Montbui;;;Renta neta media por hogar;2018;38.471
08033 Caldes de Montbui;;;Renta neta media por hogar;2017;36.567
08033 Caldes de Montbui;;;Renta neta media por hogar;2016;35.203
08033 Caldes de Montbui;;;Renta neta media por hogar;2015;34.130
08034 Calders;;;Renta neta media por hogar;2023;46.417
08034 Calders;;;Renta neta media por hogar;2022;43.813
08034 Calders;;;Renta neta media por hogar;2021;42.184
08034 Calders;;;Renta neta media por hogar;2020;41.677
08034 Calders;;;Renta neta media por hogar;2019;43.395
08034 Calders;;;Renta neta media por hogar;2018;40.242
08034 Calders;;;Renta neta media por hogar;2017;37.569
08034 Calders;;;Renta neta media por hogar;2016;35.775
08034 Calders;;;Renta neta media por hogar;2015;34.897
08035 Calella;;;Renta neta media por hogar;2023;34.872
08035 Calella;;;Renta neta media por hogar;2022;32.516
08035 Calella;;;Renta neta media por hogar;2021;30.196
08035 Calella;;;Renta neta media por hogar;2020;28.968
08035 Calella;;;Renta neta media por hogar;2019;30.649
08035 Calella;;;Renta neta media por hogar;2018;29.008
08035 Calella;;;Renta neta media por hogar;2017;28.122
08035 Calella;;;Renta neta media por hogar;2016;27.179
08035 Calella;;;Renta neta media por hogar;2015;26.551
08036 Calonge de Segarra;;;Renta neta media por hogar;2023;47.542
08036 Calonge de Segarra;;;Renta neta media por hogar;2022;43.188
08036 Calonge de Segarra;;;Renta neta media por hogar;2021;40.190
08036 Calonge de Segarra;;;Renta neta media por hogar;2020;43.039
08036 Calonge de Segarra;;;Renta neta media por hogar;2019;40.955
08036 Calonge de Segarra;;;Renta neta media por hogar;2018;41.921
08036 Calonge de Segarra;;;Renta neta media por hogar;2017;43.783
08036 Calonge de Segarra;;;Renta neta media por hogar;2016;40.161
08036 Calonge de Segarra;;;Renta neta media por hogar;2015;38.106
08037 Calldetenes;;;Renta neta media por hogar;2023;46.702
08037 Calldetenes;;;Renta neta media por hogar;2022;45.491
08037 Calldetenes;;;Renta neta media por hogar;2021;41.888
08037 Calldetenes;;;Renta neta media por hogar;2020;41.449
08037 Calldetenes;;;Renta neta media por hogar;2019;40.133
08037 Calldetenes;;;Renta neta media por hogar;2018;38.858
08037 Calldetenes;;;Renta neta media por hogar;2017;37.496
08037 Calldetenes;;;Renta neta media por hogar;2016;36.283
08037 Calldetenes;;;Renta neta media por hogar;2015;34.695
08038 Callús;;;Renta neta media por hogar;2023;38.214
08038 Callús;;;Renta neta media por hogar;2022;36.937
08038 Callús;;;Renta neta media por hogar;2021;34.952
08038 Callús;;;Renta neta media por hogar;2020;34.114
08038 Callús;;;Renta neta media por hogar;2019;33.750
08038 Callús;;;Renta neta media por hogar;2018;32.293
08038 Callús;;;Renta neta media por hogar;2017;31.424
08038 Callús;;;Renta neta media por hogar;2016;30.700
08038 Callús;;;Renta neta media por hogar;2015;30.405
08039 Campins;;;Renta neta media por hogar;2023;50.862
08039 Campins;;;Renta neta media por hogar;2022;47.569
08039 Campins;;;Renta neta media por hogar;2021;43.319
08039 Campins;;;Renta neta media por hogar;2020;39.621
08039 Campins;;;Renta neta media por hogar;2019;32.381
08039 Campins;;;Renta neta media por hogar;2018;37.565
08039 Campins;;;Renta neta media por hogar;2017;35.921
08039 Campins;;;Renta neta media por hogar;2016;33.867
08039 Campins;;;Renta neta media por hogar;2015;30.930
08040 Canet de Mar;;;Renta neta media por hogar;2023;39.506
08040 Canet de Mar;;;Renta neta media por hogar;2022;37.164
08040 Canet de Mar;;;Renta neta media por hogar;2021;35.596
08040 Canet de Mar;;;Renta neta media por hogar;2020;34.209
08040 Canet de Mar;;;Renta neta media por hogar;2019;34.095
08040 Canet de Mar;;;Renta neta media por hogar;2018;32.997
08040 Canet de Mar;;;Renta neta media por hogar;2017;31.895
08040 Canet de Mar;;;Renta neta media por hogar;2016;31.027
08040 Canet de Mar;;;Renta neta media por hogar;2015;29.692
08041 Canovelles;;;Renta neta media por hogar;2023;38.648
08041 Canovelles;;;Renta neta media por hogar;2022;36.847
08041 Canovelles;;;Renta neta media por hogar;2021;34.312
08041 Canovelles;;;Renta neta media por hogar;2020;33.954
08041 Canovelles;;;Renta neta media por hogar;2019;33.615
08041 Canovelles;;;Renta neta media por hogar;2018;31.893
08041 Canovelles;;;Renta neta media por hogar;2017;30.071
08041 Canovelles;;;Renta neta media por hogar;2016;30.088
08041 Canovelles;;;Renta neta media por hogar;2015;28.527
08042 Cànoves i Samalús;;;Renta neta media por hogar;2023;47.718
08042 Cànoves i Samalús;;;Renta neta media por hogar;2022;45.030
08042 Cànoves i Samalús;;;Renta neta media por hogar;2021;42.772
08042 Cànoves i Samalús;;;Renta neta media por hogar;2020;41.372
08042 Cànoves i Samalús;;;Renta neta media por hogar;2019;40.133
08042 Cànoves i Samalús;;;Renta neta media por hogar;2018;37.824
08042 Cànoves i Samalús;;;Renta neta media por hogar;2017;36.262
08042 Cànoves i Samalús;;;Renta neta media por hogar;2016;34.738
08042 Cànoves i Samalús;;;Renta neta media por hogar;2015;33.395
08043 Canyelles;;;Renta neta media por hogar;2023;43.138
08043 Canyelles;;;Renta neta media por hogar;2022;40.674
08043 Canyelles;;;Renta neta media por hogar;2021;38.885
08043 Canyelles;;;Renta neta media por hogar;2020;36.155
08043 Canyelles;;;Renta neta media por hogar;2019;36.392
08043 Canyelles;;;Renta neta media por hogar;2018;34.483
08043 Canyelles;;;Renta neta media por hogar;2017;33.556
08043 Canyelles;;;Renta neta media por hogar;2016;32.521
08043 Canyelles;;;Renta neta media por hogar;2015;31.531
08044 Capellades;;;Renta neta media por hogar;2023;38.984
08044 Capellades;;;Renta neta media por hogar;2022;37.235
08044 Capellades;;;Renta neta media por hogar;2021;35.774
08044 Capellades;;;Renta neta media por hogar;2020;34.595
08044 Capellades;;;Renta neta media por hogar;2019;35.413
08044 Capellades;;;Renta neta media por hogar;2018;34.081
08044 Capellades;;;Renta neta media por hogar;2017;32.468
08044 Capellades;;;Renta neta media por hogar;2016;32.541
08044 Capellades;;;Renta neta media por hogar;2015;31.648
08045 Capolat;;;Renta neta media por hogar;2023;38.680
08045 Capolat;;;Renta neta media por hogar;2022;37.179
08045 Capolat;;;Renta neta media por hogar;2021;37.098
08045 Capolat;;;Renta neta media por hogar;2020;35.486
08045 Capolat;;;Renta neta media por hogar;2019;.
08045 Capolat;;;Renta neta media por hogar;2018;.
08045 Capolat;;;Renta neta media por hogar;2017;.
08045 Capolat;;;Renta neta media por hogar;2016;.
08045 Capolat;;;Renta neta media por hogar;2015;.
08046 Cardedeu;;;Renta neta media por hogar;2023;48.018
08046 Cardedeu;;;Renta neta media por hogar;2022;45.073
08046 Cardedeu;;;Renta neta media por hogar;2021;42.997
08046 Cardedeu;;;Renta neta media por hogar;2020;40.847
08046 Cardedeu;;;Renta neta media por hogar;2019;40.606
08046 Cardedeu;;;Renta neta media por hogar;2018;39.036
08046 Cardedeu;;;Renta neta media por hogar;2017;37.447
08046 Cardedeu;;;Renta neta media por hogar;2016;36.853
08046 Cardedeu;;;Renta neta media por hogar;2015;35.748
08047 Cardona;;;Renta neta media por hogar;2023;38.192
08047 Cardona;;;Renta neta media por hogar;2022;37.414
08047 Cardona;;;Renta neta media por hogar;2021;36.319
08047 Cardona;;;Renta neta media por hogar;2020;34.976
08047 Cardona;;;Renta neta media por hogar;2019;35.135
08047 Cardona;;;Renta neta media por hogar;2018;33.580
08047 Cardona;;;Renta neta media por hogar;2017;33.076
08047 Cardona;;;Renta neta media por hogar;2016;31.683
08047 Cardona;;;Renta neta media por hogar;2015;31.150
08048 Carme;;;Renta neta media por hogar;2023;40.704
08048 Carme;;;Renta neta media por hogar;2022;38.632
08048 Carme;;;Renta neta media por hogar;2021;37.066
08048 Carme;;;Renta neta media por hogar;2020;35.889
08048 Carme;;;Renta neta media por hogar;2019;36.379
08048 Carme;;;Renta neta media por hogar;2018;34.560
08048 Carme;;;Renta neta media por hogar;2017;43.657
08048 Carme;;;Renta neta media por hogar;2016;33.584
08048 Carme;;;Renta neta media por hogar;2015;32.392
08049 Casserres;;;Renta neta media por hogar;2023;36.487
08049 Casserres;;;Renta neta media por hogar;2022;35.825
08049 Casserres;;;Renta neta media por hogar;2021;34.183
08049 Casserres;;;Renta neta media por hogar;2020;33.474
08049 Casserres;;;Renta neta media por hogar;2019;33.046
08049 Casserres;;;Renta neta media por hogar;2018;32.175
08049 Casserres;;;Renta neta media por hogar;2017;31.066
08049 Casserres;;;Renta neta media por hogar;2016;30.544
08049 Casserres;;;Renta neta media por hogar;2015;29.364
08050 Castellar del Riu;;;Renta neta media por hogar;2023;42.738
08050 Castellar del Riu;;;Renta neta media por hogar;2022;43.661
08050 Castellar del Riu;;;Renta neta media por hogar;2021;44.778
08050 Castellar del Riu;;;Renta neta media por hogar;2020;40.932
08050 Castellar del Riu;;;Renta neta media por hogar;2019;39.734
08050 Castellar del Riu;;;Renta neta media por hogar;2018;35.817
08050 Castellar del Riu;;;Renta neta media por hogar;2017;34.395
08050 Castellar del Riu;;;Renta neta media por hogar;2016;34.373
08050 Castellar del Riu;;;Renta neta media por hogar;2015;34.059
08051 Castellar del Vallès;;;Renta neta media por hogar;2023;47.263
08051 Castellar del Vallès;;;Renta neta media por hogar;2022;44.583
08051 Castellar del Vallès;;;Renta neta media por hogar;2021;43.199
08051 Castellar del Vallès;;;Renta neta media por hogar;2020;41.160
08051 Castellar del Vallès;;;Renta neta media por hogar;2019;40.998
08051 Castellar del Vallès;;;Renta neta media por hogar;2018;39.283
08051 Castellar del Vallès;;;Renta neta media por hogar;2017;37.568
08051 Castellar del Vallès;;;Renta neta media por hogar;2016;36.540
08051 Castellar del Vallès;;;Renta neta media por hogar;2015;35.086
08052 Castellar de n'Hug;;;Renta neta media por hogar;2023;39.771
08052 Castellar de n'Hug;;;Renta neta media por hogar;2022;35.931
08052 Castellar de n'Hug;;;Renta neta media por hogar;2021;37.426
08052 Castellar de n'Hug;;;Renta neta media por hogar;2020;32.329
08052 Castellar de n'Hug;;;Renta neta media por hogar;2019;33.183
08052 Castellar de n'Hug;;;Renta neta media por hogar;2018;31.953
08052 Castellar de n'Hug;;;Renta neta media por hogar;2017;28.144
08052 Castellar de n'Hug;;;Renta neta media por hogar;2016;27.337
08052 Castellar de n'Hug;;;Renta neta media por hogar;2015;24.378
08053 Castellbell i el Vilar;;;Renta neta media por hogar;2023;37.495
08053 Castellbell i el Vilar;;;Renta neta media por hogar;2022;34.711
08053 Castellbell i el Vilar;;;Renta neta media por hogar;2021;32.759
08053 Castellbell i el Vilar;;;Renta neta media por hogar;2020;31.733
08053 Castellbell i el Vilar;;;Renta neta media por hogar;2019;31.670
08053 Castellbell i el Vilar;;;Renta neta media por hogar;2018;30.758
08053 Castellbell i el Vilar;;;Renta neta media por hogar;2017;29.057
08053 Castellbell i el Vilar;;;Renta neta media por hogar;2016;29.374
08053 Castellbell i el Vilar;;;Renta neta media por hogar;2015;28.362
08054 Castellbisbal;;;Renta neta media por hogar;2023;48.579
08054 Castellbisbal;;;Renta neta media por hogar;2022;45.283
08054 Castellbisbal;;;Renta neta media por hogar;2021;42.753
08054 Castellbisbal;;;Renta neta media por hogar;2020;41.590
08054 Castellbisbal;;;Renta neta media por hogar;2019;41.222
08054 Castellbisbal;;;Renta neta media por hogar;2018;39.665
08054 Castellbisbal;;;Renta neta media por hogar;2017;38.386
08054 Castellbisbal;;;Renta neta media por hogar;2016;37.207
08054 Castellbisbal;;;Renta neta media por hogar;2015;35.836
08055 Castellcir;;;Renta neta media por hogar;2023;44.515
08055 Castellcir;;;Renta neta media por hogar;2022;41.470
08055 Castellcir;;;Renta neta media por hogar;2021;39.756
08055 Castellcir;;;Renta neta media por hogar;2020;37.837
08055 Castellcir;;;Renta neta media por hogar;2019;37.236
08055 Castellcir;;;Renta neta media por hogar;2018;36.187
08055 Castellcir;;;Renta neta media por hogar;2017;22.236
08055 Castellcir;;;Renta neta media por hogar;2016;31.317
08055 Castellcir;;;Renta neta media por hogar;2015;34.607
08056 Castelldefels;;;Renta neta media por hogar;2023;51.814
08056 Castelldefels;;;Renta neta media por hogar;2022;48.586
08056 Castelldefels;;;Renta neta media por hogar;2021;45.832
08056 Castelldefels;;;Renta neta media por hogar;2020;43.718
08056 Castelldefels;;;Renta neta media por hogar;2019;44.232
08056 Castelldefels;;;Renta neta media por hogar;2018;47.640
08056 Castelldefels;;;Renta neta media por hogar;2017;45.885
08056 Castelldefels;;;Renta neta media por hogar;2016;42.164
08056 Castelldefels;;;Renta neta media por hogar;2015;39.307
08057 Castell de l'Areny;;;Renta neta media por hogar;2023;38.680
08057 Castell de l'Areny;;;Renta neta media por hogar;2022;37.179
08057 Castell de l'Areny;;;Renta neta media por hogar;2021;37.098
08057 Castell de l'Areny;;;Renta neta media por hogar;2020;35.486
08057 Castell de l'Areny;;;Renta neta media por hogar;2019;.
08057 Castell de l'Areny;;;Renta neta media por hogar;2018;.
08057 Castell de l'Areny;;;Renta neta media por hogar;2017;.
08057 Castell de l'Areny;;;Renta neta media por hogar;2016;.
08057 Castell de l'Areny;;;Renta neta media por hogar;2015;.
08058 Castellet i la Gornal;;;Renta neta media por hogar;2023;37.603
08058 Castellet i la Gornal;;;Renta neta media por hogar;2022;35.893
08058 Castellet i la Gornal;;;Renta neta media por hogar;2021;33.853
08058 Castellet i la Gornal;;;Renta neta media por hogar;2020;32.488
08058 Castellet i la Gornal;;;Renta neta media por hogar;2019;32.660
08058 Castellet i la Gornal;;;Renta neta media por hogar;2018;31.303
08058 Castellet i la Gornal;;;Renta neta media por hogar;2017;29.751
08058 Castellet i la Gornal;;;Renta neta media por hogar;2016;29.368
08058 Castellet i la Gornal;;;Renta neta media por hogar;2015;27.908
08059 Castellfollit del Boix;;;Renta neta media por hogar;2023;49.157
08059 Castellfollit del Boix;;;Renta neta media por hogar;2022;48.901
08059 Castellfollit del Boix;;;Renta neta media por hogar;2021;39.280
08059 Castellfollit del Boix;;;Renta neta media por hogar;2020;35.830
08059 Castellfollit del Boix;;;Renta neta media por hogar;2019;36.208
08059 Castellfollit del Boix;;;Renta neta media por hogar;2018;35.736
08059 Castellfollit del Boix;;;Renta neta media por hogar;2017;34.435
08059 Castellfollit del Boix;;;Renta neta media por hogar;2016;33.387
08059 Castellfollit del Boix;;;Renta neta media por hogar;2015;32.559
08060 Castellfollit de Riubregós;;;Renta neta media por hogar;2023;34.530
08060 Castellfollit de Riubregós;;;Renta neta media por hogar;2022;35.069
08060 Castellfollit de Riubregós;;;Renta neta media por hogar;2021;35.692
08060 Castellfollit de Riubregós;;;Renta neta media por hogar;2020;30.968
08060 Castellfollit de Riubregós;;;Renta neta media por hogar;2019;33.836
08060 Castellfollit de Riubregós;;;Renta neta media por hogar;2018;33.486
08060 Castellfollit de Riubregós;;;Renta neta media por hogar;2017;30.351
08060 Castellfollit de Riubregós;;;Renta neta media por hogar;2016;31.676
08060 Castellfollit de Riubregós;;;Renta neta media por hogar;2015;29.663
08061 Castellgalí;;;Renta neta media por hogar;2023;43.529
08061 Castellgalí;;;Renta neta media por hogar;2022;40.728
08061 Castellgalí;;;Renta neta media por hogar;2021;39.180
08061 Castellgalí;;;Renta neta media por hogar;2020;37.499
08061 Castellgalí;;;Renta neta media por hogar;2019;36.562
08061 Castellgalí;;;Renta neta media por hogar;2018;35.059
08061 Castellgalí;;;Renta neta media por hogar;2017;33.175
08061 Castellgalí;;;Renta neta media por hogar;2016;32.037
08061 Castellgalí;;;Renta neta media por hogar;2015;30.805
08062 Castellnou de Bages;;;Renta neta media por hogar;2023;51.578
08062 Castellnou de Bages;;;Renta neta media por hogar;2022;49.633
08062 Castellnou de Bages;;;Renta neta media por hogar;2021;45.435
08062 Castellnou de Bages;;;Renta neta media por hogar;2020;43.795
08062 Castellnou de Bages;;;Renta neta media por hogar;2019;44.079
08062 Castellnou de Bages;;;Renta neta media por hogar;2018;40.393
08062 Castellnou de Bages;;;Renta neta media por hogar;2017;40.922
08062 Castellnou de Bages;;;Renta neta media por hogar;2016;39.396
08062 Castellnou de Bages;;;Renta neta media por hogar;2015;36.879
08063 Castellolí;;;Renta neta media por hogar;2023;53.863
08063 Castellolí;;;Renta neta media por hogar;2022;52.527
08063 Castellolí;;;Renta neta media por hogar;2021;48.096
08063 Castellolí;;;Renta neta media por hogar;2020;46.579
08063 Castellolí;;;Renta neta media por hogar;2019;47.542
08063 Castellolí;;;Renta neta media por hogar;2018;44.402
08063 Castellolí;;;Renta neta media por hogar;2017;43.621
08063 Castellolí;;;Renta neta media por hogar;2016;41.501
08063 Castellolí;;;Renta neta media por hogar;2015;40.293
08064 Castellterçol;;;Renta neta media por hogar;2023;39.606
08064 Castellterçol;;;Renta neta media por hogar;2022;36.929
08064 Castellterçol;;;Renta neta media por hogar;2021;35.699
08064 Castellterçol;;;Renta neta media por hogar;2020;33.645
08064 Castellterçol;;;Renta neta media por hogar;2019;33.428
08064 Castellterçol;;;Renta neta media por hogar;2018;32.111
08064 Castellterçol;;;Renta neta media por hogar;2017;31.599
08064 Castellterçol;;;Renta neta media por hogar;2016;31.243
08064 Castellterçol;;;Renta neta media por hogar;2015;26.134
08065 Castellví de la Marca;;;Renta neta media por hogar;2023;42.621
08065 Castellví de la Marca;;;Renta neta media por hogar;2022;39.938
08065 Castellví de la Marca;;;Renta neta media por hogar;2021;38.942
08065 Castellví de la Marca;;;Renta neta media por hogar;2020;36.051
08065 Castellví de la Marca;;;Renta neta media por hogar;2019;35.549
08065 Castellví de la Marca;;;Renta neta media por hogar;2018;34.344
08065 Castellví de la Marca;;;Renta neta media por hogar;2017;32.261
08065 Castellví de la Marca;;;Renta neta media por hogar;2016;31.346
08065 Castellví de la Marca;;;Renta neta media por hogar;2015;30.358
08066 Castellví de Rosanes;;;Renta neta media por hogar;2023;55.458
08066 Castellví de Rosanes;;;Renta neta media por hogar;2022;51.478
08066 Castellví de Rosanes;;;Renta neta media por hogar;2021;49.888
08066 Castellví de Rosanes;;;Renta neta media por hogar;2020;48.613
08066 Castellví de Rosanes;;;Renta neta media por hogar;2019;48.645
08066 Castellví de Rosanes;;;Renta neta media por hogar;2018;46.455
08066 Castellví de Rosanes;;;Renta neta media por hogar;2017;42.048
08066 Castellví de Rosanes;;;Renta neta media por hogar;2016;42.103
08066 Castellví de Rosanes;;;Renta neta media por hogar;2015;40.586
08067 Centelles;;;Renta neta media por hogar;2023;40.568
08067 Centelles;;;Renta neta media por hogar;2022;38.215
08067 Centelles;;;Renta neta media por hogar;2021;36.359
08067 Centelles;;;Renta neta media por hogar;2020;35.179
08067 Centelles;;;Renta neta media por hogar;2019;35.207
08067 Centelles;;;Renta neta media por hogar;2018;33.619
08067 Centelles;;;Renta neta media por hogar;2017;32.752
08067 Centelles;;;Renta neta media por hogar;2016;31.694
08067 Centelles;;;Renta neta media por hogar;2015;30.590
08068 Cervelló;;;Renta neta media por hogar;2023;51.958
08068 Cervelló;;;Renta neta media por hogar;2022;48.072
08068 Cervelló;;;Renta neta media por hogar;2021;45.654
08068 Cervelló;;;Renta neta media por hogar;2020;44.282
08068 Cervelló;;;Renta neta media por hogar;2019;44.538
08068 Cervelló;;;Renta neta media por hogar;2018;42.269
08068 Cervelló;;;Renta neta media por hogar;2017;40.847
08068 Cervelló;;;Renta neta media por hogar;2016;41.348
08068 Cervelló;;;Renta neta media por hogar;2015;37.978
08069 Collbató;;;Renta neta media por hogar;2023;57.999
08069 Collbató;;;Renta neta media por hogar;2022;56.997
08069 Collbató;;;Renta neta media por hogar;2021;52.048
08069 Collbató;;;Renta neta media por hogar;2020;50.748
08069 Collbató;;;Renta neta media por hogar;2019;48.984
08069 Collbató;;;Renta neta media por hogar;2018;46.845
08069 Collbató;;;Renta neta media por hogar;2017;44.749
08069 Collbató;;;Renta neta media por hogar;2016;44.466
08069 Collbató;;;Renta neta media por hogar;2015;42.251
08070 Collsuspina;;;Renta neta media por hogar;2023;44.119
08070 Collsuspina;;;Renta neta media por hogar;2022;40.081
08070 Collsuspina;;;Renta neta media por hogar;2021;37.849
08070 Collsuspina;;;Renta neta media por hogar;2020;25.237
08070 Collsuspina;;;Renta neta media por hogar;2019;44.057
08070 Collsuspina;;;Renta neta media por hogar;2018;37.841
08070 Collsuspina;;;Renta neta media por hogar;2017;35.959
08070 Collsuspina;;;Renta neta media por hogar;2016;35.888
08070 Collsuspina;;;Renta neta media por hogar;2015;36.394
08071 Copons;;;Renta neta media por hogar;2023;43.134
08071 Copons;;;Renta neta media por hogar;2022;41.888
08071 Copons;;;Renta neta media por hogar;2021;40.962
08071 Copons;;;Renta neta media por hogar;2020;40.220
08071 Copons;;;Renta neta media por hogar;2019;38.497
08071 Copons;;;Renta neta media por hogar;2018;35.386
08071 Copons;;;Renta neta media por hogar;2017;34.954
08071 Copons;;;Renta neta media por hogar;2016;33.448
08071 Copons;;;Renta neta media por hogar;2015;31.961
08072 Corbera de Llobregat;;;Renta neta media por hogar;2023;50.877
08072 Corbera de Llobregat;;;Renta neta media por hogar;2022;48.038
08072 Corbera de Llobregat;;;Renta neta media por hogar;2021;45.440
08072 Corbera de Llobregat;;;Renta neta media por hogar;2020;42.603
08072 Corbera de Llobregat;;;Renta neta media por hogar;2019;42.827
08072 Corbera de Llobregat;;;Renta neta media por hogar;2018;41.787
08072 Corbera de Llobregat;;;Renta neta media por hogar;2017;40.021
08072 Corbera de Llobregat;;;Renta neta media por hogar;2016;38.623
08072 Corbera de Llobregat;;;Renta neta media por hogar;2015;37.279
08073 Cornellà de Llobregat;;;Renta neta media por hogar;2023;38.322
08073 Cornellà de Llobregat;;;Renta neta media por hogar;2022;36.173
08073 Cornellà de Llobregat;;;Renta neta media por hogar;2021;34.743
08073 Cornellà de Llobregat;;;Renta neta media por hogar;2020;33.806
08073 Cornellà de Llobregat;;;Renta neta media por hogar;2019;34.025
08073 Cornellà de Llobregat;;;Renta neta media por hogar;2018;32.639
08073 Cornellà de Llobregat;;;Renta neta media por hogar;2017;31.139
08073 Cornellà de Llobregat;;;Renta neta media por hogar;2016;30.281
08073 Cornellà de Llobregat;;;Renta neta media por hogar;2015;29.401
08074 Cubelles;;;Renta neta media por hogar;2023;39.572
08074 Cubelles;;;Renta neta media por hogar;2022;37.483
08074 Cubelles;;;Renta neta media por hogar;2021;35.301
08074 Cubelles;;;Renta neta media por hogar;2020;34.148
08074 Cubelles;;;Renta neta media por hogar;2019;33.700
08074 Cubelles;;;Renta neta media por hogar;2018;32.469
08074 Cubelles;;;Renta neta media por hogar;2017;31.488
08074 Cubelles;;;Renta neta media por hogar;2016;30.455
08074 Cubelles;;;Renta neta media por hogar;2015;29.648
08075 Dosrius;;;Renta neta media por hogar;2023;47.426
08075 Dosrius;;;Renta neta media por hogar;2022;44.649
08075 Dosrius;;;Renta neta media por hogar;2021;41.756
08075 Dosrius;;;Renta neta media por hogar;2020;39.554
08075 Dosrius;;;Renta neta media por hogar;2019;39.355
08075 Dosrius;;;Renta neta media por hogar;2018;37.880
08075 Dosrius;;;Renta neta media por hogar;2017;36.346
08075 Dosrius;;;Renta neta media por hogar;2016;34.939
08075 Dosrius;;;Renta neta media por hogar;2015;33.625
08076 Esparreguera;;;Renta neta media por hogar;2023;41.955
08076 Esparreguera;;;Renta neta media por hogar;2022;39.404
08076 Esparreguera;;;Renta neta media por hogar;2021;37.249
08076 Esparreguera;;;Renta neta media por hogar;2020;37.074
08076 Esparreguera;;;Renta neta media por hogar;2019;36.932
08076 Esparreguera;;;Renta neta media por hogar;2018;35.464
08076 Esparreguera;;;Renta neta media por hogar;2017;34.130
08076 Esparreguera;;;Renta neta media por hogar;2016;33.193
08076 Esparreguera;;;Renta neta media por hogar;2015;32.459
08077 Esplugues de Llobregat;;;Renta neta media por hogar;2023;47.034
08077 Esplugues de Llobregat;;;Renta neta media por hogar;2022;45.145
08077 Esplugues de Llobregat;;;Renta neta media por hogar;2021;43.224
08077 Esplugues de Llobregat;;;Renta neta media por hogar;2020;41.369
08077 Esplugues de Llobregat;;;Renta neta media por hogar;2019;41.973
08077 Esplugues de Llobregat;;;Renta neta media por hogar;2018;42.628
08077 Esplugues de Llobregat;;;Renta neta media por hogar;2017;39.457
08077 Esplugues de Llobregat;;;Renta neta media por hogar;2016;38.952
08077 Esplugues de Llobregat;;;Renta neta media por hogar;2015;36.753
08078 Espunyola, L';;;Renta neta media por hogar;2023;46.404
08078 Espunyola, L';;;Renta neta media por hogar;2022;47.740
08078 Espunyola, L';;;Renta neta media por hogar;2021;39.876
08078 Espunyola, L';;;Renta neta media por hogar;2020;39.148
08078 Espunyola, L';;;Renta neta media por hogar;2019;36.346
08078 Espunyola, L';;;Renta neta media por hogar;2018;34.199
08078 Espunyola, L';;;Renta neta media por hogar;2017;31.528
08078 Espunyola, L';;;Renta neta media por hogar;2016;32.299
08078 Espunyola, L';;;Renta neta media por hogar;2015;31.285
08079 Estany, L';;;Renta neta media por hogar;2023;40.749
08079 Estany, L';;;Renta neta media por hogar;2022;35.613
08079 Estany, L';;;Renta neta media por hogar;2021;37.543
08079 Estany, L';;;Renta neta media por hogar;2020;37.532
08079 Estany, L';;;Renta neta media por hogar;2019;35.470
08079 Estany, L';;;Renta neta media por hogar;2018;34.887
08079 Estany, L';;;Renta neta media por hogar;2017;34.469
08079 Estany, L';;;Renta neta media por hogar;2016;34.080
08079 Estany, L';;;Renta neta media por hogar;2015;33.849
08080 Fígols;;;Renta neta media por hogar;2023;38.680
08080 Fígols;;;Renta neta media por hogar;2022;37.179
08080 Fígols;;;Renta neta media por hogar;2021;37.098
08080 Fígols;;;Renta neta media por hogar;2020;35.486
08080 Fígols;;;Renta neta media por hogar;2019;.
08080 Fígols;;;Renta neta media por hogar;2018;.
08080 Fígols;;;Renta neta media por hogar;2017;.
08080 Fígols;;;Renta neta media por hogar;2016;.
08080 Fígols;;;Renta neta media por hogar;2015;.
08081 Fogars de Montclús;;;Renta neta media por hogar;2023;46.537
08081 Fogars de Montclús;;;Renta neta media por hogar;2022;40.764
08081 Fogars de Montclús;;;Renta neta media por hogar;2021;38.261
08081 Fogars de Montclús;;;Renta neta media por hogar;2020;35.899
08081 Fogars de Montclús;;;Renta neta media por hogar;2019;34.556
08081 Fogars de Montclús;;;Renta neta media por hogar;2018;35.130
08081 Fogars de Montclús;;;Renta neta media por hogar;2017;37.350
08081 Fogars de Montclús;;;Renta neta media por hogar;2016;36.110
08081 Fogars de Montclús;;;Renta neta media por hogar;2015;32.102
08082 Fogars de la Selva;;;Renta neta media por hogar;2023;39.785
08082 Fogars de la Selva;;;Renta neta media por hogar;2022;37.702
08082 Fogars de la Selva;;;Renta neta media por hogar;2021;35.880
08082 Fogars de la Selva;;;Renta neta media por hogar;2020;34.137
08082 Fogars de la Selva;;;Renta neta media por hogar;2019;32.986
08082 Fogars de la Selva;;;Renta neta media por hogar;2018;31.131
08082 Fogars de la Selva;;;Renta neta media por hogar;2017;30.390
08082 Fogars de la Selva;;;Renta neta media por hogar;2016;29.054
08082 Fogars de la Selva;;;Renta neta media por hogar;2015;28.792
08083 Folgueroles;;;Renta neta media por hogar;2023;52.013
08083 Folgueroles;;;Renta neta media por hogar;2022;48.980
08083 Folgueroles;;;Renta neta media por hogar;2021;46.432
08083 Folgueroles;;;Renta neta media por hogar;2020;44.457
08083 Folgueroles;;;Renta neta media por hogar;2019;43.779
08083 Folgueroles;;;Renta neta media por hogar;2018;41.747
08083 Folgueroles;;;Renta neta media por hogar;2017;40.591
08083 Folgueroles;;;Renta neta media por hogar;2016;39.130
08083 Folgueroles;;;Renta neta media por hogar;2015;36.989
08084 Fonollosa;;;Renta neta media por hogar;2023;46.788
08084 Fonollosa;;;Renta neta media por hogar;2022;44.582
08084 Fonollosa;;;Renta neta media por hogar;2021;41.800
08084 Fonollosa;;;Renta neta media por hogar;2020;41.131
08084 Fonollosa;;;Renta neta media por hogar;2019;39.949
08084 Fonollosa;;;Renta neta media por hogar;2018;38.450
08084 Fonollosa;;;Renta neta media por hogar;2017;36.745
08084 Fonollosa;;;Renta neta media por hogar;2016;35.381
08084 Fonollosa;;;Renta neta media por hogar;2015;34.218
08085 Font-rubí;;;Renta neta media por hogar;2023;43.902
08085 Font-rubí;;;Renta neta media por hogar;2022;41.618
08085 Font-rubí;;;Renta neta media por hogar;2021;37.246
08085 Font-rubí;;;Renta neta media por hogar;2020;36.190
08085 Font-rubí;;;Renta neta media por hogar;2019;37.020
08085 Font-rubí;;;Renta neta media por hogar;2018;36.235
08085 Font-rubí;;;Renta neta media por hogar;2017;35.155
08085 Font-rubí;;;Renta neta media por hogar;2016;33.748
08085 Font-rubí;;;Renta neta media por hogar;2015;33.421
08086 Franqueses del Vallès, Les;;;Renta neta media por hogar;2023;42.688
08086 Franqueses del Vallès, Les;;;Renta neta media por hogar;2022;40.942
08086 Franqueses del Vallès, Les;;;Renta neta media por hogar;2021;38.818
08086 Franqueses del Vallès, Les;;;Renta neta media por hogar;2020;37.960
08086 Franqueses del Vallès, Les;;;Renta neta media por hogar;2019;36.715
08086 Franqueses del Vallès, Les;;;Renta neta media por hogar;2018;36.332
08086 Franqueses del Vallès, Les;;;Renta neta media por hogar;2017;34.589
08086 Franqueses del Vallès, Les;;;Renta neta media por hogar;2016;34.038
08086 Franqueses del Vallès, Les;;;Renta neta media por hogar;2015;32.533
08087 Gallifa;;;Renta neta media por hogar;2023;56.837
08087 Gallifa;;;Renta neta media por hogar;2022;54.233
08087 Gallifa;;;Renta neta media por hogar;2021;51.774
08087 Gallifa;;;Renta neta media por hogar;2020;59.082
08087 Gallifa;;;Renta neta media por hogar;2019;49.306
08087 Gallifa;;;Renta neta media por hogar;2018;43.032
08087 Gallifa;;;Renta neta media por hogar;2017;44.702
08087 Gallifa;;;Renta neta media por hogar;2016;41.937
08087 Gallifa;;;Renta neta media por hogar;2015;44.444
08088 Garriga, La;;;Renta neta media por hogar;2023;48.544
08088 Garriga, La;;;Renta neta media por hogar;2022;45.701
08088 Garriga, La;;;Renta neta media por hogar;2021;43.538
08088 Garriga, La;;;Renta neta media por hogar;2020;41.566
08088 Garriga, La;;;Renta neta media por hogar;2019;41.238
08088 Garriga, La;;;Renta neta media por hogar;2018;39.826
08088 Garriga, La;;;Renta neta media por hogar;2017;38.100
08088 Garriga, La;;;Renta neta media por hogar;2016;37.074
08088 Garriga, La;;;Renta neta media por hogar;2015;35.645
08089 Gavà;;;Renta neta media por hogar;2023;45.669
08089 Gavà;;;Renta neta media por hogar;2022;42.878
08089 Gavà;;;Renta neta media por hogar;2021;40.562
08089 Gavà;;;Renta neta media por hogar;2020;39.233
08089 Gavà;;;Renta neta media por hogar;2019;39.069
08089 Gavà;;;Renta neta media por hogar;2018;37.999
08089 Gavà;;;Renta neta media por hogar;2017;37.370
08089 Gavà;;;Renta neta media por hogar;2016;36.784
08089 Gavà;;;Renta neta media por hogar;2015;34.582
08090 Gaià;;;Renta neta media por hogar;2023;46.768
08090 Gaià;;;Renta neta media por hogar;2022;48.231
08090 Gaià;;;Renta neta media por hogar;2021;40.874
08090 Gaià;;;Renta neta media por hogar;2020;40.167
08090 Gaià;;;Renta neta media por hogar;2019;36.622
08090 Gaià;;;Renta neta media por hogar;2018;37.690
08090 Gaià;;;Renta neta media por hogar;2017;33.982
08090 Gaià;;;Renta neta media por hogar;2016;33.580
08090 Gaià;;;Renta neta media por hogar;2015;30.957
08091 Gelida;;;Renta neta media por hogar;2023;42.081
08091 Gelida;;;Renta neta media por hogar;2022;39.549
08091 Gelida;;;Renta neta media por hogar;2021;38.471
08091 Gelida;;;Renta neta media por hogar;2020;36.496
08091 Gelida;;;Renta neta media por hogar;2019;36.580
08091 Gelida;;;Renta neta media por hogar;2018;35.517
08091 Gelida;;;Renta neta media por hogar;2017;34.517
08091 Gelida;;;Renta neta media por hogar;2016;34.033
08091 Gelida;;;Renta neta media por hogar;2015;32.681
08092 Gironella;;;Renta neta media por hogar;2023;36.881
08092 Gironella;;;Renta neta media por hogar;2022;35.010
08092 Gironella;;;Renta neta media por hogar;2021;33.881
08092 Gironella;;;Renta neta media por hogar;2020;33.007
08092 Gironella;;;Renta neta media por hogar;2019;32.838
08092 Gironella;;;Renta neta media por hogar;2018;31.885
08092 Gironella;;;Renta neta media por hogar;2017;30.035
08092 Gironella;;;Renta neta media por hogar;2016;30.022
08092 Gironella;;;Renta neta media por hogar;2015;29.208
08093 Gisclareny;;;Renta neta media por hogar;2023;38.680
08093 Gisclareny;;;Renta neta media por hogar;2022;37.179
08093 Gisclareny;;;Renta neta media por hogar;2021;37.098
08093 Gisclareny;;;Renta neta media por hogar;2020;35.486
08093 Gisclareny;;;Renta neta media por hogar;2019;.
08093 Gisclareny;;;Renta neta media por hogar;2018;.
08093 Gisclareny;;;Renta neta media por hogar;2017;.
08093 Gisclareny;;;Renta neta media por hogar;2016;.
08093 Gisclareny;;;Renta neta media por hogar;2015;.
08094 Granada, La;;;Renta neta media por hogar;2023;44.787
08094 Granada, La;;;Renta neta media por hogar;2022;41.455
08094 Granada, La;;;Renta neta media por hogar;2021;39.717
08094 Granada, La;;;Renta neta media por hogar;2020;39.656
08094 Granada, La;;;Renta neta media por hogar;2019;38.820
08094 Granada, La;;;Renta neta media por hogar;2018;37.587
08094 Granada, La;;;Renta neta media por hogar;2017;35.050
08094 Granada, La;;;Renta neta media por hogar;2016;33.461
08094 Granada, La;;;Renta neta media por hogar;2015;32.680
08095 Granera;;;Renta neta media por hogar;2023;.
08095 Granera;;;Renta neta media por hogar;2022;.
08095 Granera;;;Renta neta media por hogar;2021;37.098
08095 Granera;;;Renta neta media por hogar;2020;35.486
08095 Granera;;;Renta neta media por hogar;2019;.
08095 Granera;;;Renta neta media por hogar;2018;.
08095 Granera;;;Renta neta media por hogar;2017;.
08095 Granera;;;Renta neta media por hogar;2016;.
08095 Granera;;;Renta neta media por hogar;2015;.
08096 Granollers;;;Renta neta media por hogar;2023;42.757
08096 Granollers;;;Renta neta media por hogar;2022;40.540
08096 Granollers;;;Renta neta media por hogar;2021;38.749
08096 Granollers;;;Renta neta media por hogar;2020;37.867
08096 Granollers;;;Renta neta media por hogar;2019;36.987
08096 Granollers;;;Renta neta media por hogar;2018;35.925
08096 Granollers;;;Renta neta media por hogar;2017;34.496
08096 Granollers;;;Renta neta media por hogar;2016;33.660
08096 Granollers;;;Renta neta media por hogar;2015;32.487
08097 Gualba;;;Renta neta media por hogar;2023;46.010
08097 Gualba;;;Renta neta media por hogar;2022;42.460
08097 Gualba;;;Renta neta media por hogar;2021;40.368
08097 Gualba;;;Renta neta media por hogar;2020;39.234
08097 Gualba;;;Renta neta media por hogar;2019;39.074
08097 Gualba;;;Renta neta media por hogar;2018;37.942
08097 Gualba;;;Renta neta media por hogar;2017;36.049
08097 Gualba;;;Renta neta media por hogar;2016;34.182
08097 Gualba;;;Renta neta media por hogar;2015;34.076
08098 Sant Salvador de Guardiola;;;Renta neta media por hogar;2023;44.959
08098 Sant Salvador de Guardiola;;;Renta neta media por hogar;2022;42.378
08098 Sant Salvador de Guardiola;;;Renta neta media por hogar;2021;39.129
08098 Sant Salvador de Guardiola;;;Renta neta media por hogar;2020;38.618
08098 Sant Salvador de Guardiola;;;Renta neta media por hogar;2019;37.875
08098 Sant Salvador de Guardiola;;;Renta neta media por hogar;2018;37.026
08098 Sant Salvador de Guardiola;;;Renta neta media por hogar;2017;35.035
08098 Sant Salvador de Guardiola;;;Renta neta media por hogar;2016;34.155
08098 Sant Salvador de Guardiola;;;Renta neta media por hogar;2015;32.844
08099 Guardiola de Berguedà;;;Renta neta media por hogar;2023;32.463
08099 Guardiola de Berguedà;;;Renta neta media por hogar;2022;31.200
08099 Guardiola de Berguedà;;;Renta neta media por hogar;2021;29.965
08099 Guardiola de Berguedà;;;Renta neta media por hogar;2020;29.262
08099 Guardiola de Berguedà;;;Renta neta media por hogar;2019;27.151
08099 Guardiola de Berguedà;;;Renta neta media por hogar;2018;27.159
08099 Guardiola de Berguedà;;;Renta neta media por hogar;2017;26.758
08099 Guardiola de Berguedà;;;Renta neta media por hogar;2016;26.699
08099 Guardiola de Berguedà;;;Renta neta media por hogar;2015;26.037
08100 Gurb;;;Renta neta media por hogar;2023;73.732
08100 Gurb;;;Renta neta media por hogar;2022;69.647
08100 Gurb;;;Renta neta media por hogar;2021;65.518
08100 Gurb;;;Renta neta media por hogar;2020;63.653
08100 Gurb;;;Renta neta media por hogar;2019;64.230
08100 Gurb;;;Renta neta media por hogar;2018;58.958
08100 Gurb;;;Renta neta media por hogar;2017;57.370
08100 Gurb;;;Renta neta media por hogar;2016;54.367
08100 Gurb;;;Renta neta media por hogar;2015;50.037
08101 Hospitalet de Llobregat, L';;;Renta neta media por hogar;2023;36.526
08101 Hospitalet de Llobregat, L';;;Renta neta media por hogar;2022;34.449
08101 Hospitalet de Llobregat, L';;;Renta neta media por hogar;2021;32.722
08101 Hospitalet de Llobregat, L';;;Renta neta media por hogar;2020;31.358
08101 Hospitalet de Llobregat, L';;;Renta neta media por hogar;2019;31.645
08101 Hospitalet de Llobregat, L';;;Renta neta media por hogar;2018;30.411
08101 Hospitalet de Llobregat, L';;;Renta neta media por hogar;2017;28.985
08101 Hospitalet de Llobregat, L';;;Renta neta media por hogar;2016;28.438
08101 Hospitalet de Llobregat, L';;;Renta neta media por hogar;2015;27.680
08102 Igualada;;;Renta neta media por hogar;2023;40.560
08102 Igualada;;;Renta neta media por hogar;2022;38.404
08102 Igualada;;;Renta neta media por hogar;2021;36.602
08102 Igualada;;;Renta neta media por hogar;2020;35.232
08102 Igualada;;;Renta neta media por hogar;2019;35.309
08102 Igualada;;;Renta neta media por hogar;2018;33.796
08102 Igualada;;;Renta neta media por hogar;2017;32.369
08102 Igualada;;;Renta neta media por hogar;2016;31.823
08102 Igualada;;;Renta neta media por hogar;2015;30.715
08103 Jorba;;;Renta neta media por hogar;2023;42.873
08103 Jorba;;;Renta neta media por hogar;2022;41.289
08103 Jorba;;;Renta neta media por hogar;2021;38.748
08103 Jorba;;;Renta neta media por hogar;2020;37.407
08103 Jorba;;;Renta neta media por hogar;2019;38.003
08103 Jorba;;;Renta neta media por hogar;2018;36.015
08103 Jorba;;;Renta neta media por hogar;2017;35.763
08103 Jorba;;;Renta neta media por hogar;2016;33.027
08103 Jorba;;;Renta neta media por hogar;2015;32.811
08104 Llacuna, La;;;Renta neta media por hogar;2023;39.000
08104 Llacuna, La;;;Renta neta media por hogar;2022;36.459
08104 Llacuna, La;;;Renta neta media por hogar;2021;35.568
08104 Llacuna, La;;;Renta neta media por hogar;2020;34.379
08104 Llacuna, La;;;Renta neta media por hogar;2019;33.161
08104 Llacuna, La;;;Renta neta media por hogar;2018;32.204
08104 Llacuna, La;;;Renta neta media por hogar;2017;29.424
08104 Llacuna, La;;;Renta neta media por hogar;2016;30.957
08104 Llacuna, La;;;Renta neta media por hogar;2015;29.925
08105 Llagosta, La;;;Renta neta media por hogar;2023;36.148
08105 Llagosta, La;;;Renta neta media por hogar;2022;34.788
08105 Llagosta, La;;;Renta neta media por hogar;2021;33.181
08105 Llagosta, La;;;Renta neta media por hogar;2020;31.718
08105 Llagosta, La;;;Renta neta media por hogar;2019;31.920
08105 Llagosta, La;;;Renta neta media por hogar;2018;30.547
08105 Llagosta, La;;;Renta neta media por hogar;2017;29.410
08105 Llagosta, La;;;Renta neta media por hogar;2016;28.710
08105 Llagosta, La;;;Renta neta media por hogar;2015;27.828
08106 Llinars del Vallès;;;Renta neta media por hogar;2023;45.776
08106 Llinars del Vallès;;;Renta neta media por hogar;2022;43.100
08106 Llinars del Vallès;;;Renta neta media por hogar;2021;40.804
08106 Llinars del Vallès;;;Renta neta media por hogar;2020;39.236
08106 Llinars del Vallès;;;Renta neta media por hogar;2019;38.623
08106 Llinars del Vallès;;;Renta neta media por hogar;2018;37.039
08106 Llinars del Vallès;;;Renta neta media por hogar;2017;35.332
08106 Llinars del Vallès;;;Renta neta media por hogar;2016;34.535
08106 Llinars del Vallès;;;Renta neta media por hogar;2015;33.171
08107 Lliçà d'Amunt;;;Renta neta media por hogar;2023;49.141
08107 Lliçà d'Amunt;;;Renta neta media por hogar;2022;47.194
08107 Lliçà d'Amunt;;;Renta neta media por hogar;2021;44.091
08107 Lliçà d'Amunt;;;Renta neta media por hogar;2020;41.727
08107 Lliçà d'Amunt;;;Renta neta media por hogar;2019;41.801
08107 Lliçà d'Amunt;;;Renta neta media por hogar;2018;39.930
08107 Lliçà d'Amunt;;;Renta neta media por hogar;2017;38.388
08107 Lliçà d'Amunt;;;Renta neta media por hogar;2016;37.686
08107 Lliçà d'Amunt;;;Renta neta media por hogar;2015;35.970
08108 Lliçà de Vall;;;Renta neta media por hogar;2023;46.180
08108 Lliçà de Vall;;;Renta neta media por hogar;2022;51.141
08108 Lliçà de Vall;;;Renta neta media por hogar;2021;48.720
08108 Lliçà de Vall;;;Renta neta media por hogar;2020;47.543
08108 Lliçà de Vall;;;Renta neta media por hogar;2019;45.511
08108 Lliçà de Vall;;;Renta neta media por hogar;2018;43.274
08108 Lliçà de Vall;;;Renta neta media por hogar;2017;42.199
08108 Lliçà de Vall;;;Renta neta media por hogar;2016;40.721
08108 Lliçà de Vall;;;Renta neta media por hogar;2015;38.461
08109 Lluçà;;;Renta neta media por hogar;2023;39.606
08109 Lluçà;;;Renta neta media por hogar;2022;37.230
08109 Lluçà;;;Renta neta media por hogar;2021;35.758
08109 Lluçà;;;Renta neta media por hogar;2020;34.709
08109 Lluçà;;;Renta neta media por hogar;2019;35.534
08109 Lluçà;;;Renta neta media por hogar;2018;34.050
08109 Lluçà;;;Renta neta media por hogar;2017;32.269
08109 Lluçà;;;Renta neta media por hogar;2016;31.786
08109 Lluçà;;;Renta neta media por hogar;2015;29.753
08110 Malgrat de Mar;;;Renta neta media por hogar;2023;36.135
08110 Malgrat de Mar;;;Renta neta media por hogar;2022;34.024
08110 Malgrat de Mar;;;Renta neta media por hogar;2021;32.132
08110 Malgrat de Mar;;;Renta neta media por hogar;2020;30.487
08110 Malgrat de Mar;;;Renta neta media por hogar;2019;31.011
08110 Malgrat de Mar;;;Renta neta media por hogar;2018;30.005
08110 Malgrat de Mar;;;Renta neta media por hogar;2017;28.985
08110 Malgrat de Mar;;;Renta neta media por hogar;2016;28.235
08110 Malgrat de Mar;;;Renta neta media por hogar;2015;27.443
08111 Malla;;;Renta neta media por hogar;2023;70.306
08111 Malla;;;Renta neta media por hogar;2022;63.734
08111 Malla;;;Renta neta media por hogar;2021;64.149
08111 Malla;;;Renta neta media por hogar;2020;56.259
08111 Malla;;;Renta neta media por hogar;2019;55.555
08111 Malla;;;Renta neta media por hogar;2018;60.229
08111 Malla;;;Renta neta media por hogar;2017;47.171
08111 Malla;;;Renta neta media por hogar;2016;47.556
08111 Malla;;;Renta neta media por hogar;2015;45.838
08112 Manlleu;;;Renta neta media por hogar;2023;38.909
08112 Manlleu;;;Renta neta media por hogar;2022;37.086
08112 Manlleu;;;Renta neta media por hogar;2021;35.603
08112 Manlleu;;;Renta neta media por hogar;2020;35.700
08112 Manlleu;;;Renta neta media por hogar;2019;34.103
08112 Manlleu;;;Renta neta media por hogar;2018;33.122
08112 Manlleu;;;Renta neta media por hogar;2017;31.866
08112 Manlleu;;;Renta neta media por hogar;2016;31.590
08112 Manlleu;;;Renta neta media por hogar;2015;30.214
08113 Manresa;;;Renta neta media por hogar;2023;37.680
08113 Manresa;;;Renta neta media por hogar;2022;35.516
08113 Manresa;;;Renta neta media por hogar;2021;34.295
08113 Manresa;;;Renta neta media por hogar;2020;33.705
08113 Manresa;;;Renta neta media por hogar;2019;33.624
08113 Manresa;;;Renta neta media por hogar;2018;32.576
08113 Manresa;;;Renta neta media por hogar;2017;31.422
08113 Manresa;;;Renta neta media por hogar;2016;30.555
08113 Manresa;;;Renta neta media por hogar;2015;29.551
08114 Martorell;;;Renta neta media por hogar;2023;42.058
08114 Martorell;;;Renta neta media por hogar;2022;39.573
08114 Martorell;;;Renta neta media por hogar;2021;37.892
08114 Martorell;;;Renta neta media por hogar;2020;36.806
08114 Martorell;;;Renta neta media por hogar;2019;36.988
08114 Martorell;;;Renta neta media por hogar;2018;35.520
08114 Martorell;;;Renta neta media por hogar;2017;34.056
08114 Martorell;;;Renta neta media por hogar;2016;32.889
08114 Martorell;;;Renta neta media por hogar;2015;32.151
08115 Martorelles;;;Renta neta media por hogar;2023;44.400
08115 Martorelles;;;Renta neta media por hogar;2022;41.231
08115 Martorelles;;;Renta neta media por hogar;2021;39.238
08115 Martorelles;;;Renta neta media por hogar;2020;38.104
08115 Martorelles;;;Renta neta media por hogar;2019;37.862
08115 Martorelles;;;Renta neta media por hogar;2018;36.864
08115 Martorelles;;;Renta neta media por hogar;2017;35.376
08115 Martorelles;;;Renta neta media por hogar;2016;34.115
08115 Martorelles;;;Renta neta media por hogar;2015;43.171
08116 Masies de Roda, Les;;;Renta neta media por hogar;2023;47.794
08116 Masies de Roda, Les;;;Renta neta media por hogar;2022;47.303
08116 Masies de Roda, Les;;;Renta neta media por hogar;2021;44.452
08116 Masies de Roda, Les;;;Renta neta media por hogar;2020;44.247
08116 Masies de Roda, Les;;;Renta neta media por hogar;2019;42.265
08116 Masies de Roda, Les;;;Renta neta media por hogar;2018;42.274
08116 Masies de Roda, Les;;;Renta neta media por hogar;2017;38.954
08116 Masies de Roda, Les;;;Renta neta media por hogar;2016;38.585
08116 Masies de Roda, Les;;;Renta neta media por hogar;2015;38.324
08117 Masies de Voltregà, Les;;;Renta neta media por hogar;2023;45.839
08117 Masies de Voltregà, Les;;;Renta neta media por hogar;2022;43.058
08117 Masies de Voltregà, Les;;;Renta neta media por hogar;2021;40.522
08117 Masies de Voltregà, Les;;;Renta neta media por hogar;2020;40.359
08117 Masies de Voltregà, Les;;;Renta neta media por hogar;2019;38.089
08117 Masies de Voltregà, Les;;;Renta neta media por hogar;2018;36.743
08117 Masies de Voltregà, Les;;;Renta neta media por hogar;2017;35.804
08117 Masies de Voltregà, Les;;;Renta neta media por hogar;2016;34.451
08117 Masies de Voltregà, Les;;;Renta neta media por hogar;2015;33.349
08118 Masnou, El;;;Renta neta media por hogar;2023;49.645
08118 Masnou, El;;;Renta neta media por hogar;2022;47.049
08118 Masnou, El;;;Renta neta media por hogar;2021;44.634
08118 Masnou, El;;;Renta neta media por hogar;2020;43.266
08118 Masnou, El;;;Renta neta media por hogar;2019;43.164
08118 Masnou, El;;;Renta neta media por hogar;2018;41.583
08118 Masnou, El;;;Renta neta media por hogar;2017;39.690
08118 Masnou, El;;;Renta neta media por hogar;2016;38.872
08118 Masnou, El;;;Renta neta media por hogar;2015;38.074
08119 Masquefa;;;Renta neta media por hogar;2023;42.794
08119 Masquefa;;;Renta neta media por hogar;2022;39.669
08119 Masquefa;;;Renta neta media por hogar;2021;38.477
08119 Masquefa;;;Renta neta media por hogar;2020;36.732
08119 Masquefa;;;Renta neta media por hogar;2019;36.541
08119 Masquefa;;;Renta neta media por hogar;2018;35.329
08119 Masquefa;;;Renta neta media por hogar;2017;33.903
08119 Masquefa;;;Renta neta media por hogar;2016;32.366
08119 Masquefa;;;Renta neta media por hogar;2015;31.192
08120 Matadepera;;;Renta neta media por hogar;2023;85.692
08120 Matadepera;;;Renta neta media por hogar;2022;79.553
08120 Matadepera;;;Renta neta media por hogar;2021;76.717
08120 Matadepera;;;Renta neta media por hogar;2020;73.201
08120 Matadepera;;;Renta neta media por hogar;2019;62.824
08120 Matadepera;;;Renta neta media por hogar;2018;79.632
08120 Matadepera;;;Renta neta media por hogar;2017;70.071
08120 Matadepera;;;Renta neta media por hogar;2016;68.286
08120 Matadepera;;;Renta neta media por hogar;2015;65.219
08121 Mataró;;;Renta neta media por hogar;2023;38.499
08121 Mataró;;;Renta neta media por hogar;2022;36.490
08121 Mataró;;;Renta neta media por hogar;2021;34.603
08121 Mataró;;;Renta neta media por hogar;2020;33.263
08121 Mataró;;;Renta neta media por hogar;2019;33.144
08121 Mataró;;;Renta neta media por hogar;2018;31.764
08121 Mataró;;;Renta neta media por hogar;2017;30.250
08121 Mataró;;;Renta neta media por hogar;2016;29.515
08121 Mataró;;;Renta neta media por hogar;2015;28.315
08122 Mediona;;;Renta neta media por hogar;2023;34.999
08122 Mediona;;;Renta neta media por hogar;2022;34.133
08122 Mediona;;;Renta neta media por hogar;2021;31.780
08122 Mediona;;;Renta neta media por hogar;2020;30.503
08122 Mediona;;;Renta neta media por hogar;2019;29.739
08122 Mediona;;;Renta neta media por hogar;2018;28.711
08122 Mediona;;;Renta neta media por hogar;2017;27.846
08122 Mediona;;;Renta neta media por hogar;2016;28.261
08122 Mediona;;;Renta neta media por hogar;2015;26.185
08123 Molins de Rei;;;Renta neta media por hogar;2023;47.436
08123 Molins de Rei;;;Renta neta media por hogar;2022;45.146
08123 Molins de Rei;;;Renta neta media por hogar;2021;43.485
08123 Molins de Rei;;;Renta neta media por hogar;2020;41.845
08123 Molins de Rei;;;Renta neta media por hogar;2019;42.243
08123 Molins de Rei;;;Renta neta media por hogar;2018;40.051
08123 Molins de Rei;;;Renta neta media por hogar;2017;39.079
08123 Molins de Rei;;;Renta neta media por hogar;2016;37.903
08123 Molins de Rei;;;Renta neta media por hogar;2015;37.508
08124 Mollet del Vallès;;;Renta neta media por hogar;2023;39.648
08124 Mollet del Vallès;;;Renta neta media por hogar;2022;37.549
08124 Mollet del Vallès;;;Renta neta media por hogar;2021;36.486
08124 Mollet del Vallès;;;Renta neta media por hogar;2020;35.187
08124 Mollet del Vallès;;;Renta neta media por hogar;2019;35.177
08124 Mollet del Vallès;;;Renta neta media por hogar;2018;33.637
08124 Mollet del Vallès;;;Renta neta media por hogar;2017;32.350
08124 Mollet del Vallès;;;Renta neta media por hogar;2016;31.539
08124 Mollet del Vallès;;;Renta neta media por hogar;2015;30.779
08125 Montcada i Reixac;;;Renta neta media por hogar;2023;39.356
08125 Montcada i Reixac;;;Renta neta media por hogar;2022;37.122
08125 Montcada i Reixac;;;Renta neta media por hogar;2021;36.267
08125 Montcada i Reixac;;;Renta neta media por hogar;2020;34.324
08125 Montcada i Reixac;;;Renta neta media por hogar;2019;34.248
08125 Montcada i Reixac;;;Renta neta media por hogar;2018;32.872
08125 Montcada i Reixac;;;Renta neta media por hogar;2017;31.229
08125 Montcada i Reixac;;;Renta neta media por hogar;2016;30.427
08125 Montcada i Reixac;;;Renta neta media por hogar;2015;29.584
08126 Montgat;;;Renta neta media por hogar;2023;46.935
08126 Montgat;;;Renta neta media por hogar;2022;44.855
08126 Montgat;;;Renta neta media por hogar;2021;42.514
08126 Montgat;;;Renta neta media por hogar;2020;40.530
08126 Montgat;;;Renta neta media por hogar;2019;40.382
08126 Montgat;;;Renta neta media por hogar;2018;38.556
08126 Montgat;;;Renta neta media por hogar;2017;37.657
08126 Montgat;;;Renta neta media por hogar;2016;36.954
08126 Montgat;;;Renta neta media por hogar;2015;35.778
08127 Monistrol de Montserrat;;;Renta neta media por hogar;2023;35.807
08127 Monistrol de Montserrat;;;Renta neta media por hogar;2022;33.797
08127 Monistrol de Montserrat;;;Renta neta media por hogar;2021;31.971
08127 Monistrol de Montserrat;;;Renta neta media por hogar;2020;31.510
08127 Monistrol de Montserrat;;;Renta neta media por hogar;2019;31.806
08127 Monistrol de Montserrat;;;Renta neta media por hogar;2018;30.130
08127 Monistrol de Montserrat;;;Renta neta media por hogar;2017;29.109
08127 Monistrol de Montserrat;;;Renta neta media por hogar;2016;29.062
08127 Monistrol de Montserrat;;;Renta neta media por hogar;2015;27.831
08128 Monistrol de Calders;;;Renta neta media por hogar;2023;36.369
08128 Monistrol de Calders;;;Renta neta media por hogar;2022;35.148
08128 Monistrol de Calders;;;Renta neta media por hogar;2021;32.055
08128 Monistrol de Calders;;;Renta neta media por hogar;2020;32.070
08128 Monistrol de Calders;;;Renta neta media por hogar;2019;30.362
08128 Monistrol de Calders;;;Renta neta media por hogar;2018;30.060
08128 Monistrol de Calders;;;Renta neta media por hogar;2017;28.950
08128 Monistrol de Calders;;;Renta neta media por hogar;2016;28.266
08128 Monistrol de Calders;;;Renta neta media por hogar;2015;27.642
08129 Muntanyola;;;Renta neta media por hogar;2023;52.416
08129 Muntanyola;;;Renta neta media por hogar;2022;45.143
08129 Muntanyola;;;Renta neta media por hogar;2021;42.844
08129 Muntanyola;;;Renta neta media por hogar;2020;42.695
08129 Muntanyola;;;Renta neta media por hogar;2019;38.029
08129 Muntanyola;;;Renta neta media por hogar;2018;36.670
08129 Muntanyola;;;Renta neta media por hogar;2017;34.734
08129 Muntanyola;;;Renta neta media por hogar;2016;32.663
08129 Muntanyola;;;Renta neta media por hogar;2015;33.184
08130 Montclar;;;Renta neta media por hogar;2023;41.218
08130 Montclar;;;Renta neta media por hogar;2022;39.040
08130 Montclar;;;Renta neta media por hogar;2021;37.862
08130 Montclar;;;Renta neta media por hogar;2020;37.954
08130 Montclar;;;Renta neta media por hogar;2019;36.972
08130 Montclar;;;Renta neta media por hogar;2018;35.371
08130 Montclar;;;Renta neta media por hogar;2017;34.461
08130 Montclar;;;Renta neta media por hogar;2016;34.914
08130 Montclar;;;Renta neta media por hogar;2015;32.350
08131 Montesquiu;;;Renta neta media por hogar;2023;33.568
08131 Montesquiu;;;Renta neta media por hogar;2022;33.745
08131 Montesquiu;;;Renta neta media por hogar;2021;30.836
08131 Montesquiu;;;Renta neta media por hogar;2020;29.565
08131 Montesquiu;;;Renta neta media por hogar;2019;29.535
08131 Montesquiu;;;Renta neta media por hogar;2018;29.462
08131 Montesquiu;;;Renta neta media por hogar;2017;28.166
08131 Montesquiu;;;Renta neta media por hogar;2016;28.082
08131 Montesquiu;;;Renta neta media por hogar;2015;27.430
08132 Montmajor;;;Renta neta media por hogar;2023;39.683
08132 Montmajor;;;Renta neta media por hogar;2022;37.278
08132 Montmajor;;;Renta neta media por hogar;2021;36.304
08132 Montmajor;;;Renta neta media por hogar;2020;36.640
08132 Montmajor;;;Renta neta media por hogar;2019;38.155
08132 Montmajor;;;Renta neta media por hogar;2018;33.680
08132 Montmajor;;;Renta neta media por hogar;2017;33.670
08132 Montmajor;;;Renta neta media por hogar;2016;31.889
08132 Montmajor;;;Renta neta media por hogar;2015;30.453
08133 Montmaneu;;;Renta neta media por hogar;2023;45.956
08133 Montmaneu;;;Renta neta media por hogar;2022;45.294
08133 Montmaneu;;;Renta neta media por hogar;2021;42.250
08133 Montmaneu;;;Renta neta media por hogar;2020;41.629
08133 Montmaneu;;;Renta neta media por hogar;2019;47.439
08133 Montmaneu;;;Renta neta media por hogar;2018;42.273
08133 Montmaneu;;;Renta neta media por hogar;2017;43.717
08133 Montmaneu;;;Renta neta media por hogar;2016;42.538
08133 Montmaneu;;;Renta neta media por hogar;2015;42.485
08134 Figaró-Montmany;;;Renta neta media por hogar;2023;38.317
08134 Figaró-Montmany;;;Renta neta media por hogar;2022;37.388
08134 Figaró-Montmany;;;Renta neta media por hogar;2021;35.457
08134 Figaró-Montmany;;;Renta neta media por hogar;2020;33.529
08134 Figaró-Montmany;;;Renta neta media por hogar;2019;33.723
08134 Figaró-Montmany;;;Renta neta media por hogar;2018;32.932
08134 Figaró-Montmany;;;Renta neta media por hogar;2017;30.896
08134 Figaró-Montmany;;;Renta neta media por hogar;2016;29.764
08134 Figaró-Montmany;;;Renta neta media por hogar;2015;29.079
08135 Montmeló;;;Renta neta media por hogar;2023;41.588
08135 Montmeló;;;Renta neta media por hogar;2022;39.411
08135 Montmeló;;;Renta neta media por hogar;2021;37.658
08135 Montmeló;;;Renta neta media por hogar;2020;36.891
08135 Montmeló;;;Renta neta media por hogar;2019;36.656
08135 Montmeló;;;Renta neta media por hogar;2018;35.544
08135 Montmeló;;;Renta neta media por hogar;2017;33.938
08135 Montmeló;;;Renta neta media por hogar;2016;32.824
08135 Montmeló;;;Renta neta media por hogar;2015;32.075
08136 Montornès del Vallès;;;Renta neta media por hogar;2023;41.298
08136 Montornès del Vallès;;;Renta neta media por hogar;2022;38.888
08136 Montornès del Vallès;;;Renta neta media por hogar;2021;37.491
08136 Montornès del Vallès;;;Renta neta media por hogar;2020;35.845
08136 Montornès del Vallès;;;Renta neta media por hogar;2019;35.802
08136 Montornès del Vallès;;;Renta neta media por hogar;2018;34.313
08136 Montornès del Vallès;;;Renta neta media por hogar;2017;32.642
08136 Montornès del Vallès;;;Renta neta media por hogar;2016;31.943
08136 Montornès del Vallès;;;Renta neta media por hogar;2015;30.764
08137 Montseny;;;Renta neta media por hogar;2023;46.810
08137 Montseny;;;Renta neta media por hogar;2022;44.358
08137 Montseny;;;Renta neta media por hogar;2021;38.405
08137 Montseny;;;Renta neta media por hogar;2020;33.876
08137 Montseny;;;Renta neta media por hogar;2019;35.255
08137 Montseny;;;Renta neta media por hogar;2018;33.300
08137 Montseny;;;Renta neta media por hogar;2017;33.499
08137 Montseny;;;Renta neta media por hogar;2016;33.855
08137 Montseny;;;Renta neta media por hogar;2015;32.645
08138 Moià;;;Renta neta media por hogar;2023;40.791
08138 Moià;;;Renta neta media por hogar;2022;38.456
08138 Moià;;;Renta neta media por hogar;2021;36.325
08138 Moià;;;Renta neta media por hogar;2020;35.749
08138 Moià;;;Renta neta media por hogar;2019;34.643
08138 Moià;;;Renta neta media por hogar;2018;33.864
08138 Moià;;;Renta neta media por hogar;2017;32.858
08138 Moià;;;Renta neta media por hogar;2016;31.702
08138 Moià;;;Renta neta media por hogar;2015;30.609
08139 Mura;;;Renta neta media por hogar;2023;39.581
08139 Mura;;;Renta neta media por hogar;2022;38.011
08139 Mura;;;Renta neta media por hogar;2021;35.671
08139 Mura;;;Renta neta media por hogar;2020;35.573
08139 Mura;;;Renta neta media por hogar;2019;33.927
08139 Mura;;;Renta neta media por hogar;2018;33.815
08139 Mura;;;Renta neta media por hogar;2017;33.829
08139 Mura;;;Renta neta media por hogar;2016;32.211
08139 Mura;;;Renta neta media por hogar;2015;31.000
08140 Navarcles;;;Renta neta media por hogar;2023;41.189
08140 Navarcles;;;Renta neta media por hogar;2022;39.361
08140 Navarcles;;;Renta neta media por hogar;2021;37.028
08140 Navarcles;;;Renta neta media por hogar;2020;36.231
08140 Navarcles;;;Renta neta media por hogar;2019;36.802
08140 Navarcles;;;Renta neta media por hogar;2018;34.587
08140 Navarcles;;;Renta neta media por hogar;2017;33.176
08140 Navarcles;;;Renta neta media por hogar;2016;32.775
08140 Navarcles;;;Renta neta media por hogar;2015;31.041
08141 Navàs;;;Renta neta media por hogar;2023;38.996
08141 Navàs;;;Renta neta media por hogar;2022;36.669
08141 Navàs;;;Renta neta media por hogar;2021;34.822
08141 Navàs;;;Renta neta media por hogar;2020;33.910
08141 Navàs;;;Renta neta media por hogar;2019;33.671
08141 Navàs;;;Renta neta media por hogar;2018;32.291
08141 Navàs;;;Renta neta media por hogar;2017;30.979
08141 Navàs;;;Renta neta media por hogar;2016;29.798
08141 Navàs;;;Renta neta media por hogar;2015;29.035
08142 Nou de Berguedà, La;;;Renta neta media por hogar;2023;44.731
08142 Nou de Berguedà, La;;;Renta neta media por hogar;2022;36.288
08142 Nou de Berguedà, La;;;Renta neta media por hogar;2021;34.551
08142 Nou de Berguedà, La;;;Renta neta media por hogar;2020;37.094
08142 Nou de Berguedà, La;;;Renta neta media por hogar;2019;36.271
08142 Nou de Berguedà, La;;;Renta neta media por hogar;2018;36.238
08142 Nou de Berguedà, La;;;Renta neta media por hogar;2017;34.203
08142 Nou de Berguedà, La;;;Renta neta media por hogar;2016;33.299
08142 Nou de Berguedà, La;;;Renta neta media por hogar;2015;33.065
08143 Òdena;;;Renta neta media por hogar;2023;40.825
08143 Òdena;;;Renta neta media por hogar;2022;38.532
08143 Òdena;;;Renta neta media por hogar;2021;36.495
08143 Òdena;;;Renta neta media por hogar;2020;35.478
08143 Òdena;;;Renta neta media por hogar;2019;35.673
08143 Òdena;;;Renta neta media por hogar;2018;34.202
08143 Òdena;;;Renta neta media por hogar;2017;33.444
08143 Òdena;;;Renta neta media por hogar;2016;32.844
08143 Òdena;;;Renta neta media por hogar;2015;31.027
08144 Olvan;;;Renta neta media por hogar;2023;36.827
08144 Olvan;;;Renta neta media por hogar;2022;35.552
08144 Olvan;;;Renta neta media por hogar;2021;34.341
08144 Olvan;;;Renta neta media por hogar;2020;32.467
08144 Olvan;;;Renta neta media por hogar;2019;31.416
08144 Olvan;;;Renta neta media por hogar;2018;29.731
08144 Olvan;;;Renta neta media por hogar;2017;29.308
08144 Olvan;;;Renta neta media por hogar;2016;28.371
08144 Olvan;;;Renta neta media por hogar;2015;27.230
08145 Olèrdola;;;Renta neta media por hogar;2023;47.132
08145 Olèrdola;;;Renta neta media por hogar;2022;43.343
08145 Olèrdola;;;Renta neta media por hogar;2021;41.462
08145 Olèrdola;;;Renta neta media por hogar;2020;38.843
08145 Olèrdola;;;Renta neta media por hogar;2019;38.754
08145 Olèrdola;;;Renta neta media por hogar;2018;37.212
08145 Olèrdola;;;Renta neta media por hogar;2017;35.964
08145 Olèrdola;;;Renta neta media por hogar;2016;34.862
08145 Olèrdola;;;Renta neta media por hogar;2015;34.045
08146 Olesa de Bonesvalls;;;Renta neta media por hogar;2023;44.244
08146 Olesa de Bonesvalls;;;Renta neta media por hogar;2022;41.430
08146 Olesa de Bonesvalls;;;Renta neta media por hogar;2021;40.160
08146 Olesa de Bonesvalls;;;Renta neta media por hogar;2020;37.044
08146 Olesa de Bonesvalls;;;Renta neta media por hogar;2019;36.429
08146 Olesa de Bonesvalls;;;Renta neta media por hogar;2018;35.390
08146 Olesa de Bonesvalls;;;Renta neta media por hogar;2017;33.280
08146 Olesa de Bonesvalls;;;Renta neta media por hogar;2016;32.163
08146 Olesa de Bonesvalls;;;Renta neta media por hogar;2015;30.368
08147 Olesa de Montserrat;;;Renta neta media por hogar;2023;42.035
08147 Olesa de Montserrat;;;Renta neta media por hogar;2022;39.688
08147 Olesa de Montserrat;;;Renta neta media por hogar;2021;37.766
08147 Olesa de Montserrat;;;Renta neta media por hogar;2020;36.656
08147 Olesa de Montserrat;;;Renta neta media por hogar;2019;36.379
08147 Olesa de Montserrat;;;Renta neta media por hogar;2018;34.999
08147 Olesa de Montserrat;;;Renta neta media por hogar;2017;33.367
08147 Olesa de Montserrat;;;Renta neta media por hogar;2016;32.424
08147 Olesa de Montserrat;;;Renta neta media por hogar;2015;31.802
08148 Olivella;;;Renta neta media por hogar;2023;45.000
08148 Olivella;;;Renta neta media por hogar;2022;40.176
08148 Olivella;;;Renta neta media por hogar;2021;38.069
08148 Olivella;;;Renta neta media por hogar;2020;36.443
08148 Olivella;;;Renta neta media por hogar;2019;35.892
08148 Olivella;;;Renta neta media por hogar;2018;34.127
08148 Olivella;;;Renta neta media por hogar;2017;32.348
08148 Olivella;;;Renta neta media por hogar;2016;32.311
08148 Olivella;;;Renta neta media por hogar;2015;31.463
08149 Olost;;;Renta neta media por hogar;2023;45.110
08149 Olost;;;Renta neta media por hogar;2022;43.255
08149 Olost;;;Renta neta media por hogar;2021;39.838
08149 Olost;;;Renta neta media por hogar;2020;38.093
08149 Olost;;;Renta neta media por hogar;2019;37.336
08149 Olost;;;Renta neta media por hogar;2018;35.488
08149 Olost;;;Renta neta media por hogar;2017;33.377
08149 Olost;;;Renta neta media por hogar;2016;33.591
08149 Olost;;;Renta neta media por hogar;2015;32.978
08150 Orís;;;Renta neta media por hogar;2023;55.365
08150 Orís;;;Renta neta media por hogar;2022;50.215
08150 Orís;;;Renta neta media por hogar;2021;46.378
08150 Orís;;;Renta neta media por hogar;2020;44.998
08150 Orís;;;Renta neta media por hogar;2019;40.767
08150 Orís;;;Renta neta media por hogar;2018;38.746
08150 Orís;;;Renta neta media por hogar;2017;36.164
08150 Orís;;;Renta neta media por hogar;2016;35.414
08150 Orís;;;Renta neta media por hogar;2015;33.042
08151 Oristà;;;Renta neta media por hogar;2023;45.523
08151 Oristà;;;Renta neta media por hogar;2022;43.733
08151 Oristà;;;Renta neta media por hogar;2021;41.236
08151 Oristà;;;Renta neta media por hogar;2020;39.852
08151 Oristà;;;Renta neta media por hogar;2019;40.665
08151 Oristà;;;Renta neta media por hogar;2018;40.500
08151 Oristà;;;Renta neta media por hogar;2017;39.089
08151 Oristà;;;Renta neta media por hogar;2016;37.876
08151 Oristà;;;Renta neta media por hogar;2015;35.528
08152 Orpí;;;Renta neta media por hogar;2023;44.450
08152 Orpí;;;Renta neta media por hogar;2022;41.855
08152 Orpí;;;Renta neta media por hogar;2021;42.661
08152 Orpí;;;Renta neta media por hogar;2020;38.958
08152 Orpí;;;Renta neta media por hogar;2019;39.730
08152 Orpí;;;Renta neta media por hogar;2018;37.226
08152 Orpí;;;Renta neta media por hogar;2017;34.142
08152 Orpí;;;Renta neta media por hogar;2016;32.618
08152 Orpí;;;Renta neta media por hogar;2015;30.704
08153 Òrrius;;;Renta neta media por hogar;2023;47.709
08153 Òrrius;;;Renta neta media por hogar;2022;45.125
08153 Òrrius;;;Renta neta media por hogar;2021;42.862
08153 Òrrius;;;Renta neta media por hogar;2020;40.607
08153 Òrrius;;;Renta neta media por hogar;2019;39.849
08153 Òrrius;;;Renta neta media por hogar;2018;37.317
08153 Òrrius;;;Renta neta media por hogar;2017;37.254
08153 Òrrius;;;Renta neta media por hogar;2016;37.464
08153 Òrrius;;;Renta neta media por hogar;2015;36.209
08154 Pacs del Penedès;;;Renta neta media por hogar;2023;64.813
08154 Pacs del Penedès;;;Renta neta media por hogar;2022;55.356
08154 Pacs del Penedès;;;Renta neta media por hogar;2021;54.939
08154 Pacs del Penedès;;;Renta neta media por hogar;2020;53.059
08154 Pacs del Penedès;;;Renta neta media por hogar;2019;51.492
08154 Pacs del Penedès;;;Renta neta media por hogar;2018;81.672
08154 Pacs del Penedès;;;Renta neta media por hogar;2017;50.240
08154 Pacs del Penedès;;;Renta neta media por hogar;2016;46.928
08154 Pacs del Penedès;;;Renta neta media por hogar;2015;46.692
08155 Palafolls;;;Renta neta media por hogar;2023;37.689
08155 Palafolls;;;Renta neta media por hogar;2022;35.568
08155 Palafolls;;;Renta neta media por hogar;2021;33.482
08155 Palafolls;;;Renta neta media por hogar;2020;32.287
08155 Palafolls;;;Renta neta media por hogar;2019;32.620
08155 Palafolls;;;Renta neta media por hogar;2018;31.142
08155 Palafolls;;;Renta neta media por hogar;2017;29.637
08155 Palafolls;;;Renta neta media por hogar;2016;29.216
08155 Palafolls;;;Renta neta media por hogar;2015;28.307
08156 Palau-solità i Plegamans;;;Renta neta media por hogar;2023;50.431
08156 Palau-solità i Plegamans;;;Renta neta media por hogar;2022;47.884
08156 Palau-solità i Plegamans;;;Renta neta media por hogar;2021;45.262
08156 Palau-solità i Plegamans;;;Renta neta media por hogar;2020;43.380
08156 Palau-solità i Plegamans;;;Renta neta media por hogar;2019;43.621
08156 Palau-solità i Plegamans;;;Renta neta media por hogar;2018;41.324
08156 Palau-solità i Plegamans;;;Renta neta media por hogar;2017;39.722
08156 Palau-solità i Plegamans;;;Renta neta media por hogar;2016;38.612
08156 Palau-solità i Plegamans;;;Renta neta media por hogar;2015;37.089
08157 Pallejà;;;Renta neta media por hogar;2023;50.046
08157 Pallejà;;;Renta neta media por hogar;2022;47.033
08157 Pallejà;;;Renta neta media por hogar;2021;44.987
08157 Pallejà;;;Renta neta media por hogar;2020;43.388
08157 Pallejà;;;Renta neta media por hogar;2019;43.768
08157 Pallejà;;;Renta neta media por hogar;2018;41.444
08157 Pallejà;;;Renta neta media por hogar;2017;39.728
08157 Pallejà;;;Renta neta media por hogar;2016;38.423
08157 Pallejà;;;Renta neta media por hogar;2015;37.267
08158 Papiol, El;;;Renta neta media por hogar;2023;45.986
08158 Papiol, El;;;Renta neta media por hogar;2022;43.560
08158 Papiol, El;;;Renta neta media por hogar;2021;40.187
08158 Papiol, El;;;Renta neta media por hogar;2020;39.398
08158 Papiol, El;;;Renta neta media por hogar;2019;40.331
08158 Papiol, El;;;Renta neta media por hogar;2018;39.875
08158 Papiol, El;;;Renta neta media por hogar;2017;37.167
08158 Papiol, El;;;Renta neta media por hogar;2016;35.039
08158 Papiol, El;;;Renta neta media por hogar;2015;34.380
08159 Parets del Vallès;;;Renta neta media por hogar;2023;45.927
08159 Parets del Vallès;;;Renta neta media por hogar;2022;44.235
08159 Parets del Vallès;;;Renta neta media por hogar;2021;42.087
08159 Parets del Vallès;;;Renta neta media por hogar;2020;40.185
08159 Parets del Vallès;;;Renta neta media por hogar;2019;40.170
08159 Parets del Vallès;;;Renta neta media por hogar;2018;38.487
08159 Parets del Vallès;;;Renta neta media por hogar;2017;37.040
08159 Parets del Vallès;;;Renta neta media por hogar;2016;35.802
08159 Parets del Vallès;;;Renta neta media por hogar;2015;34.600
08160 Perafita;;;Renta neta media por hogar;2023;43.368
08160 Perafita;;;Renta neta media por hogar;2022;40.832
08160 Perafita;;;Renta neta media por hogar;2021;40.184
08160 Perafita;;;Renta neta media por hogar;2020;38.108
08160 Perafita;;;Renta neta media por hogar;2019;37.685
08160 Perafita;;;Renta neta media por hogar;2018;36.836
08160 Perafita;;;Renta neta media por hogar;2017;35.929
08160 Perafita;;;Renta neta media por hogar;2016;32.792
08160 Perafita;;;Renta neta media por hogar;2015;32.156
08161 Piera;;;Renta neta media por hogar;2023;39.233
08161 Piera;;;Renta neta media por hogar;2022;36.741
08161 Piera;;;Renta neta media por hogar;2021;34.967
08161 Piera;;;Renta neta media por hogar;2020;33.696
08161 Piera;;;Renta neta media por hogar;2019;33.260
08161 Piera;;;Renta neta media por hogar;2018;31.816
08161 Piera;;;Renta neta media por hogar;2017;30.464
08161 Piera;;;Renta neta media por hogar;2016;29.608
08161 Piera;;;Renta neta media por hogar;2015;28.754
08162 Hostalets de Pierola, Els;;;Renta neta media por hogar;2023;42.109
08162 Hostalets de Pierola, Els;;;Renta neta media por hogar;2022;39.013
08162 Hostalets de Pierola, Els;;;Renta neta media por hogar;2021;37.243
08162 Hostalets de Pierola, Els;;;Renta neta media por hogar;2020;35.550
08162 Hostalets de Pierola, Els;;;Renta neta media por hogar;2019;35.695
08162 Hostalets de Pierola, Els;;;Renta neta media por hogar;2018;34.129
08162 Hostalets de Pierola, Els;;;Renta neta media por hogar;2017;32.738
08162 Hostalets de Pierola, Els;;;Renta neta media por hogar;2016;32.377
08162 Hostalets de Pierola, Els;;;Renta neta media por hogar;2015;31.315
08163 Pineda de Mar;;;Renta neta media por hogar;2023;34.538
08163 Pineda de Mar;;;Renta neta media por hogar;2022;31.857
08163 Pineda de Mar;;;Renta neta media por hogar;2021;29.800
08163 Pineda de Mar;;;Renta neta media por hogar;2020;28.372
08163 Pineda de Mar;;;Renta neta media por hogar;2019;29.126
08163 Pineda de Mar;;;Renta neta media por hogar;2018;27.056
08163 Pineda de Mar;;;Renta neta media por hogar;2017;26.390
08163 Pineda de Mar;;;Renta neta media por hogar;2016;25.710
08163 Pineda de Mar;;;Renta neta media por hogar;2015;24.759
08164 Pla del Penedès, El;;;Renta neta media por hogar;2023;36.446
08164 Pla del Penedès, El;;;Renta neta media por hogar;2022;34.660
08164 Pla del Penedès, El;;;Renta neta media por hogar;2021;32.207
08164 Pla del Penedès, El;;;Renta neta media por hogar;2020;31.909
08164 Pla del Penedès, El;;;Renta neta media por hogar;2019;31.249
08164 Pla del Penedès, El;;;Renta neta media por hogar;2018;30.467
08164 Pla del Penedès, El;;;Renta neta media por hogar;2017;29.223
08164 Pla del Penedès, El;;;Renta neta media por hogar;2016;27.704
08164 Pla del Penedès, El;;;Renta neta media por hogar;2015;27.478
08165 Pobla de Claramunt, La;;;Renta neta media por hogar;2023;43.048
08165 Pobla de Claramunt, La;;;Renta neta media por hogar;2022;40.052
08165 Pobla de Claramunt, La;;;Renta neta media por hogar;2021;36.977
08165 Pobla de Claramunt, La;;;Renta neta media por hogar;2020;35.636
08165 Pobla de Claramunt, La;;;Renta neta media por hogar;2019;35.484
08165 Pobla de Claramunt, La;;;Renta neta media por hogar;2018;33.850
08165 Pobla de Claramunt, La;;;Renta neta media por hogar;2017;32.825
08165 Pobla de Claramunt, La;;;Renta neta media por hogar;2016;31.859
08165 Pobla de Claramunt, La;;;Renta neta media por hogar;2015;31.552
08166 Pobla de Lillet, La;;;Renta neta media por hogar;2023;34.787
08166 Pobla de Lillet, La;;;Renta neta media por hogar;2022;33.909
08166 Pobla de Lillet, La;;;Renta neta media por hogar;2021;33.369
08166 Pobla de Lillet, La;;;Renta neta media por hogar;2020;30.618
08166 Pobla de Lillet, La;;;Renta neta media por hogar;2019;31.462
08166 Pobla de Lillet, La;;;Renta neta media por hogar;2018;29.433
08166 Pobla de Lillet, La;;;Renta neta media por hogar;2017;30.247
08166 Pobla de Lillet, La;;;Renta neta media por hogar;2016;29.012
08166 Pobla de Lillet, La;;;Renta neta media por hogar;2015;29.439
08167 Polinyà;;;Renta neta media por hogar;2023;44.221
08167 Polinyà;;;Renta neta media por hogar;2022;41.805
08167 Polinyà;;;Renta neta media por hogar;2021;40.360
08167 Polinyà;;;Renta neta media por hogar;2020;38.693
08167 Polinyà;;;Renta neta media por hogar;2019;38.822
08167 Polinyà;;;Renta neta media por hogar;2018;37.242
08167 Polinyà;;;Renta neta media por hogar;2017;36.084
08167 Polinyà;;;Renta neta media por hogar;2016;34.725
08167 Polinyà;;;Renta neta media por hogar;2015;33.732
08168 Pontons;;;Renta neta media por hogar;2023;30.439
08168 Pontons;;;Renta neta media por hogar;2022;29.482
08168 Pontons;;;Renta neta media por hogar;2021;29.047
08168 Pontons;;;Renta neta media por hogar;2020;27.526
08168 Pontons;;;Renta neta media por hogar;2019;27.697
08168 Pontons;;;Renta neta media por hogar;2018;27.734
08168 Pontons;;;Renta neta media por hogar;2017;26.594
08168 Pontons;;;Renta neta media por hogar;2016;25.688
08168 Pontons;;;Renta neta media por hogar;2015;23.914
08169 Prat de Llobregat, El;;;Renta neta media por hogar;2023;41.138
08169 Prat de Llobregat, El;;;Renta neta media por hogar;2022;38.952
08169 Prat de Llobregat, El;;;Renta neta media por hogar;2021;37.240
08169 Prat de Llobregat, El;;;Renta neta media por hogar;2020;35.752
08169 Prat de Llobregat, El;;;Renta neta media por hogar;2019;35.994
08169 Prat de Llobregat, El;;;Renta neta media por hogar;2018;34.558
08169 Prat de Llobregat, El;;;Renta neta media por hogar;2017;33.106
08169 Prat de Llobregat, El;;;Renta neta media por hogar;2016;32.304
08169 Prat de Llobregat, El;;;Renta neta media por hogar;2015;31.511
08170 Prats de Rei, Els;;;Renta neta media por hogar;2023;38.604
08170 Prats de Rei, Els;;;Renta neta media por hogar;2022;36.471
08170 Prats de Rei, Els;;;Renta neta media por hogar;2021;34.215
08170 Prats de Rei, Els;;;Renta neta media por hogar;2020;34.730
08170 Prats de Rei, Els;;;Renta neta media por hogar;2019;32.258
08170 Prats de Rei, Els;;;Renta neta media por hogar;2018;33.074
08170 Prats de Rei, Els;;;Renta neta media por hogar;2017;29.863
08170 Prats de Rei, Els;;;Renta neta media por hogar;2016;29.629
08170 Prats de Rei, Els;;;Renta neta media por hogar;2015;28.408
08171 Prats de Lluçanès;;;Renta neta media por hogar;2023;41.607
08171 Prats de Lluçanès;;;Renta neta media por hogar;2022;39.107
08171 Prats de Lluçanès;;;Renta neta media por hogar;2021;37.952
08171 Prats de Lluçanès;;;Renta neta media por hogar;2020;36.677
08171 Prats de Lluçanès;;;Renta neta media por hogar;2019;35.983
08171 Prats de Lluçanès;;;Renta neta media por hogar;2018;34.273
08171 Prats de Lluçanès;;;Renta neta media por hogar;2017;33.384
08171 Prats de Lluçanès;;;Renta neta media por hogar;2016;32.501
08171 Prats de Lluçanès;;;Renta neta media por hogar;2015;31.228
08172 Premià de Mar;;;Renta neta media por hogar;2023;42.499
08172 Premià de Mar;;;Renta neta media por hogar;2022;40.315
08172 Premià de Mar;;;Renta neta media por hogar;2021;38.349
08172 Premià de Mar;;;Renta neta media por hogar;2020;37.354
08172 Premià de Mar;;;Renta neta media por hogar;2019;37.197
08172 Premià de Mar;;;Renta neta media por hogar;2018;36.202
08172 Premià de Mar;;;Renta neta media por hogar;2017;34.367
08172 Premià de Mar;;;Renta neta media por hogar;2016;33.278
08172 Premià de Mar;;;Renta neta media por hogar;2015;32.356
08174 Puigdàlber;;;Renta neta media por hogar;2023;43.758
08174 Puigdàlber;;;Renta neta media por hogar;2022;41.157
08174 Puigdàlber;;;Renta neta media por hogar;2021;38.240
08174 Puigdàlber;;;Renta neta media por hogar;2020;37.312
08174 Puigdàlber;;;Renta neta media por hogar;2019;36.489
08174 Puigdàlber;;;Renta neta media por hogar;2018;37.238
08174 Puigdàlber;;;Renta neta media por hogar;2017;34.520
08174 Puigdàlber;;;Renta neta media por hogar;2016;32.089
08174 Puigdàlber;;;Renta neta media por hogar;2015;37.443
08175 Puig-reig;;;Renta neta media por hogar;2023;37.076
08175 Puig-reig;;;Renta neta media por hogar;2022;34.876
08175 Puig-reig;;;Renta neta media por hogar;2021;33.886
08175 Puig-reig;;;Renta neta media por hogar;2020;32.419
08175 Puig-reig;;;Renta neta media por hogar;2019;32.246
08175 Puig-reig;;;Renta neta media por hogar;2018;31.118
08175 Puig-reig;;;Renta neta media por hogar;2017;30.267
08175 Puig-reig;;;Renta neta media por hogar;2016;29.705
08175 Puig-reig;;;Renta neta media por hogar;2015;28.700
08176 Pujalt;;;Renta neta media por hogar;2023;48.766
08176 Pujalt;;;Renta neta media por hogar;2022;43.414
08176 Pujalt;;;Renta neta media por hogar;2021;46.164
08176 Pujalt;;;Renta neta media por hogar;2020;49.529
08176 Pujalt;;;Renta neta media por hogar;2019;45.807
08176 Pujalt;;;Renta neta media por hogar;2018;42.904
08176 Pujalt;;;Renta neta media por hogar;2017;43.842
08176 Pujalt;;;Renta neta media por hogar;2016;40.117
08176 Pujalt;;;Renta neta media por hogar;2015;37.961
08177 Quar, La;;;Renta neta media por hogar;2023;38.680
08177 Quar, La;;;Renta neta media por hogar;2022;37.179
08177 Quar, La;;;Renta neta media por hogar;2021;37.098
08177 Quar, La;;;Renta neta media por hogar;2020;35.486
08177 Quar, La;;;Renta neta media por hogar;2019;.
08177 Quar, La;;;Renta neta media por hogar;2018;.
08177 Quar, La;;;Renta neta media por hogar;2017;.
08177 Quar, La;;;Renta neta media por hogar;2016;.
08177 Quar, La;;;Renta neta media por hogar;2015;.
08178 Rajadell;;;Renta neta media por hogar;2023;54.313
08178 Rajadell;;;Renta neta media por hogar;2022;51.854
08178 Rajadell;;;Renta neta media por hogar;2021;58.254
08178 Rajadell;;;Renta neta media por hogar;2020;48.009
08178 Rajadell;;;Renta neta media por hogar;2019;63.112
08178 Rajadell;;;Renta neta media por hogar;2018;63.861
08178 Rajadell;;;Renta neta media por hogar;2017;47.643
08178 Rajadell;;;Renta neta media por hogar;2016;48.867
08178 Rajadell;;;Renta neta media por hogar;2015;11.388
08179 Rellinars;;;Renta neta media por hogar;2023;43.117
08179 Rellinars;;;Renta neta media por hogar;2022;40.737
08179 Rellinars;;;Renta neta media por hogar;2021;39.062
08179 Rellinars;;;Renta neta media por hogar;2020;37.981
08179 Rellinars;;;Renta neta media por hogar;2019;36.356
08179 Rellinars;;;Renta neta media por hogar;2018;33.911
08179 Rellinars;;;Renta neta media por hogar;2017;31.354
08179 Rellinars;;;Renta neta media por hogar;2016;30.832
08179 Rellinars;;;Renta neta media por hogar;2015;28.336
08180 Ripollet;;;Renta neta media por hogar;2023;37.926
08180 Ripollet;;;Renta neta media por hogar;2022;35.934
08180 Ripollet;;;Renta neta media por hogar;2021;34.577
08180 Ripollet;;;Renta neta media por hogar;2020;33.645
08180 Ripollet;;;Renta neta media por hogar;2019;33.156
08180 Ripollet;;;Renta neta media por hogar;2018;31.786
08180 Ripollet;;;Renta neta media por hogar;2017;30.524
08180 Ripollet;;;Renta neta media por hogar;2016;29.827
08180 Ripollet;;;Renta neta media por hogar;2015;28.666
08181 Roca del Vallès, La;;;Renta neta media por hogar;2023;50.856
08181 Roca del Vallès, La;;;Renta neta media por hogar;2022;48.015
08181 Roca del Vallès, La;;;Renta neta media por hogar;2021;45.573
08181 Roca del Vallès, La;;;Renta neta media por hogar;2020;43.298
08181 Roca del Vallès, La;;;Renta neta media por hogar;2019;42.672
08181 Roca del Vallès, La;;;Renta neta media por hogar;2018;40.853
08181 Roca del Vallès, La;;;Renta neta media por hogar;2017;39.241
08181 Roca del Vallès, La;;;Renta neta media por hogar;2016;38.178
08181 Roca del Vallès, La;;;Renta neta media por hogar;2015;37.092
08182 Pont de Vilomara i Rocafort, El;;;Renta neta media por hogar;2023;38.625
08182 Pont de Vilomara i Rocafort, El;;;Renta neta media por hogar;2022;36.398
08182 Pont de Vilomara i Rocafort, El;;;Renta neta media por hogar;2021;33.770
08182 Pont de Vilomara i Rocafort, El;;;Renta neta media por hogar;2020;33.266
08182 Pont de Vilomara i Rocafort, El;;;Renta neta media por hogar;2019;33.014
08182 Pont de Vilomara i Rocafort, El;;;Renta neta media por hogar;2018;31.357
08182 Pont de Vilomara i Rocafort, El;;;Renta neta media por hogar;2017;30.307
08182 Pont de Vilomara i Rocafort, El;;;Renta neta media por hogar;2016;29.727
08182 Pont de Vilomara i Rocafort, El;;;Renta neta media por hogar;2015;28.532
08183 Roda de Ter;;;Renta neta media por hogar;2023;40.553
08183 Roda de Ter;;;Renta neta media por hogar;2022;38.365
08183 Roda de Ter;;;Renta neta media por hogar;2021;36.971
08183 Roda de Ter;;;Renta neta media por hogar;2020;36.914
08183 Roda de Ter;;;Renta neta media por hogar;2019;35.979
08183 Roda de Ter;;;Renta neta media por hogar;2018;34.676
08183 Roda de Ter;;;Renta neta media por hogar;2017;33.582
08183 Roda de Ter;;;Renta neta media por hogar;2016;32.708
08183 Roda de Ter;;;Renta neta media por hogar;2015;31.512
08184 Rubí;;;Renta neta media por hogar;2023;40.881
08184 Rubí;;;Renta neta media por hogar;2022;38.512
08184 Rubí;;;Renta neta media por hogar;2021;37.632
08184 Rubí;;;Renta neta media por hogar;2020;35.426
08184 Rubí;;;Renta neta media por hogar;2019;35.428
08184 Rubí;;;Renta neta media por hogar;2018;34.113
08184 Rubí;;;Renta neta media por hogar;2017;32.571
08184 Rubí;;;Renta neta media por hogar;2016;31.875
08184 Rubí;;;Renta neta media por hogar;2015;30.580
08185 Rubió;;;Renta neta media por hogar;2023;51.201
08185 Rubió;;;Renta neta media por hogar;2022;51.062
08185 Rubió;;;Renta neta media por hogar;2021;47.292
08185 Rubió;;;Renta neta media por hogar;2020;48.075
08185 Rubió;;;Renta neta media por hogar;2019;48.546
08185 Rubió;;;Renta neta media por hogar;2018;45.993
08185 Rubió;;;Renta neta media por hogar;2017;45.268
08185 Rubió;;;Renta neta media por hogar;2016;46.555
08185 Rubió;;;Renta neta media por hogar;2015;45.827
08187 Sabadell;;;Renta neta media por hogar;2023;40.323
08187 Sabadell;;;Renta neta media por hogar;2022;38.208
08187 Sabadell;;;Renta neta media por hogar;2021;36.428
08187 Sabadell;;;Renta neta media por hogar;2020;35.249
08187 Sabadell;;;Renta neta media por hogar;2019;35.200
08187 Sabadell;;;Renta neta media por hogar;2018;33.876
08187 Sabadell;;;Renta neta media por hogar;2017;32.494
08187 Sabadell;;;Renta neta media por hogar;2016;31.601
08187 Sabadell;;;Renta neta media por hogar;2015;30.507
08188 Sagàs;;;Renta neta media por hogar;2023;62.129
08188 Sagàs;;;Renta neta media por hogar;2022;58.110
08188 Sagàs;;;Renta neta media por hogar;2021;54.183
08188 Sagàs;;;Renta neta media por hogar;2020;48.683
08188 Sagàs;;;Renta neta media por hogar;2019;50.517
08188 Sagàs;;;Renta neta media por hogar;2018;47.781
08188 Sagàs;;;Renta neta media por hogar;2017;46.189
08188 Sagàs;;;Renta neta media por hogar;2016;46.495
08188 Sagàs;;;Renta neta media por hogar;2015;45.911
08189 Sant Pere Sallavinera;;;Renta neta media por hogar;2023;54.316
08189 Sant Pere Sallavinera;;;Renta neta media por hogar;2022;52.822
08189 Sant Pere Sallavinera;;;Renta neta media por hogar;2021;52.815
08189 Sant Pere Sallavinera;;;Renta neta media por hogar;2020;45.980
08189 Sant Pere Sallavinera;;;Renta neta media por hogar;2019;47.861
08189 Sant Pere Sallavinera;;;Renta neta media por hogar;2018;45.814
08189 Sant Pere Sallavinera;;;Renta neta media por hogar;2017;41.046
08189 Sant Pere Sallavinera;;;Renta neta media por hogar;2016;43.845
08189 Sant Pere Sallavinera;;;Renta neta media por hogar;2015;41.036
08190 Saldes;;;Renta neta media por hogar;2023;40.271
08190 Saldes;;;Renta neta media por hogar;2022;42.713
08190 Saldes;;;Renta neta media por hogar;2021;42.132
08190 Saldes;;;Renta neta media por hogar;2020;40.030
08190 Saldes;;;Renta neta media por hogar;2019;42.671
08190 Saldes;;;Renta neta media por hogar;2018;40.453
08190 Saldes;;;Renta neta media por hogar;2017;41.617
08190 Saldes;;;Renta neta media por hogar;2016;43.374
08190 Saldes;;;Renta neta media por hogar;2015;42.051
08191 Sallent;;;Renta neta media por hogar;2023;38.301
08191 Sallent;;;Renta neta media por hogar;2022;36.474
08191 Sallent;;;Renta neta media por hogar;2021;34.847
08191 Sallent;;;Renta neta media por hogar;2020;34.451
08191 Sallent;;;Renta neta media por hogar;2019;34.310
08191 Sallent;;;Renta neta media por hogar;2018;32.873
08191 Sallent;;;Renta neta media por hogar;2017;32.084
08191 Sallent;;;Renta neta media por hogar;2016;31.216
08191 Sallent;;;Renta neta media por hogar;2015;30.346
08192 Santpedor;;;Renta neta media por hogar;2023;47.067
08192 Santpedor;;;Renta neta media por hogar;2022;44.396
08192 Santpedor;;;Renta neta media por hogar;2021;40.864
08192 Santpedor;;;Renta neta media por hogar;2020;41.194
08192 Santpedor;;;Renta neta media por hogar;2019;41.349
08192 Santpedor;;;Renta neta media por hogar;2018;39.736
08192 Santpedor;;;Renta neta media por hogar;2017;38.314
08192 Santpedor;;;Renta neta media por hogar;2016;37.162
08192 Santpedor;;;Renta neta media por hogar;2015;36.527
08193 Sant Iscle de Vallalta;;;Renta neta media por hogar;2023;42.920
08193 Sant Iscle de Vallalta;;;Renta neta media por hogar;2022;39.712
08193 Sant Iscle de Vallalta;;;Renta neta media por hogar;2021;36.538
08193 Sant Iscle de Vallalta;;;Renta neta media por hogar;2020;35.693
08193 Sant Iscle de Vallalta;;;Renta neta media por hogar;2019;34.024
08193 Sant Iscle de Vallalta;;;Renta neta media por hogar;2018;32.283
08193 Sant Iscle de Vallalta;;;Renta neta media por hogar;2017;31.098
08193 Sant Iscle de Vallalta;;;Renta neta media por hogar;2016;30.059
08193 Sant Iscle de Vallalta;;;Renta neta media por hogar;2015;29.145
08194 Sant Adrià de Besòs;;;Renta neta media por hogar;2023;36.148
08194 Sant Adrià de Besòs;;;Renta neta media por hogar;2022;33.979
08194 Sant Adrià de Besòs;;;Renta neta media por hogar;2021;31.990
08194 Sant Adrià de Besòs;;;Renta neta media por hogar;2020;31.090
08194 Sant Adrià de Besòs;;;Renta neta media por hogar;2019;31.077
08194 Sant Adrià de Besòs;;;Renta neta media por hogar;2018;29.807
08194 Sant Adrià de Besòs;;;Renta neta media por hogar;2017;28.845
08194 Sant Adrià de Besòs;;;Renta neta media por hogar;2016;28.424
08194 Sant Adrià de Besòs;;;Renta neta media por hogar;2015;27.603
08195 Sant Agustí de Lluçanès;;;Renta neta media por hogar;2023;44.900
08195 Sant Agustí de Lluçanès;;;Renta neta media por hogar;2022;40.861
08195 Sant Agustí de Lluçanès;;;Renta neta media por hogar;2021;37.098
08195 Sant Agustí de Lluçanès;;;Renta neta media por hogar;2020;35.486
08195 Sant Agustí de Lluçanès;;;Renta neta media por hogar;2019;.
08195 Sant Agustí de Lluçanès;;;Renta neta media por hogar;2018;.
08195 Sant Agustí de Lluçanès;;;Renta neta media por hogar;2017;.
08195 Sant Agustí de Lluçanès;;;Renta neta media por hogar;2016;.
08195 Sant Agustí de Lluçanès;;;Renta neta media por hogar;2015;.
08196 Sant Andreu de la Barca;;;Renta neta media por hogar;2023;41.760
08196 Sant Andreu de la Barca;;;Renta neta media por hogar;2022;39.548
08196 Sant Andreu de la Barca;;;Renta neta media por hogar;2021;37.824
08196 Sant Andreu de la Barca;;;Renta neta media por hogar;2020;36.436
08196 Sant Andreu de la Barca;;;Renta neta media por hogar;2019;36.457
08196 Sant Andreu de la Barca;;;Renta neta media por hogar;2018;35.236
08196 Sant Andreu de la Barca;;;Renta neta media por hogar;2017;33.619
08196 Sant Andreu de la Barca;;;Renta neta media por hogar;2016;32.405
08196 Sant Andreu de la Barca;;;Renta neta media por hogar;2015;31.469
08197 Sant Andreu de Llavaneres;;;Renta neta media por hogar;2023;54.390
08197 Sant Andreu de Llavaneres;;;Renta neta media por hogar;2022;51.741
08197 Sant Andreu de Llavaneres;;;Renta neta media por hogar;2021;48.527
08197 Sant Andreu de Llavaneres;;;Renta neta media por hogar;2020;47.120
08197 Sant Andreu de Llavaneres;;;Renta neta media por hogar;2019;45.294
08197 Sant Andreu de Llavaneres;;;Renta neta media por hogar;2018;45.502
08197 Sant Andreu de Llavaneres;;;Renta neta media por hogar;2017;43.884
08197 Sant Andreu de Llavaneres;;;Renta neta media por hogar;2016;42.692
08197 Sant Andreu de Llavaneres;;;Renta neta media por hogar;2015;41.522
08198 Sant Antoni de Vilamajor;;;Renta neta media por hogar;2023;48.620
08198 Sant Antoni de Vilamajor;;;Renta neta media por hogar;2022;46.092
08198 Sant Antoni de Vilamajor;;;Renta neta media por hogar;2021;42.580
08198 Sant Antoni de Vilamajor;;;Renta neta media por hogar;2020;42.361
08198 Sant Antoni de Vilamajor;;;Renta neta media por hogar;2019;41.882
08198 Sant Antoni de Vilamajor;;;Renta neta media por hogar;2018;39.675
08198 Sant Antoni de Vilamajor;;;Renta neta media por hogar;2017;38.069
08198 Sant Antoni de Vilamajor;;;Renta neta media por hogar;2016;36.981
08198 Sant Antoni de Vilamajor;;;Renta neta media por hogar;2015;35.908
08199 Sant Bartomeu del Grau;;;Renta neta media por hogar;2023;42.158
08199 Sant Bartomeu del Grau;;;Renta neta media por hogar;2022;39.984
08199 Sant Bartomeu del Grau;;;Renta neta media por hogar;2021;39.328
08199 Sant Bartomeu del Grau;;;Renta neta media por hogar;2020;37.786
08199 Sant Bartomeu del Grau;;;Renta neta media por hogar;2019;36.189
08199 Sant Bartomeu del Grau;;;Renta neta media por hogar;2018;34.635
08199 Sant Bartomeu del Grau;;;Renta neta media por hogar;2017;33.950
08199 Sant Bartomeu del Grau;;;Renta neta media por hogar;2016;34.047
08199 Sant Bartomeu del Grau;;;Renta neta media por hogar;2015;32.992
08200 Sant Boi de Llobregat;;;Renta neta media por hogar;2023;40.324
08200 Sant Boi de Llobregat;;;Renta neta media por hogar;2022;38.137
08200 Sant Boi de Llobregat;;;Renta neta media por hogar;2021;36.460
08200 Sant Boi de Llobregat;;;Renta neta media por hogar;2020;35.370
08200 Sant Boi de Llobregat;;;Renta neta media por hogar;2019;35.523
08200 Sant Boi de Llobregat;;;Renta neta media por hogar;2018;33.892
08200 Sant Boi de Llobregat;;;Renta neta media por hogar;2017;32.501
08200 Sant Boi de Llobregat;;;Renta neta media por hogar;2016;31.692
08200 Sant Boi de Llobregat;;;Renta neta media por hogar;2015;30.827
08201 Sant Boi de Lluçanès;;;Renta neta media por hogar;2023;39.657
08201 Sant Boi de Lluçanès;;;Renta neta media por hogar;2022;37.249
08201 Sant Boi de Lluçanès;;;Renta neta media por hogar;2021;37.835
08201 Sant Boi de Lluçanès;;;Renta neta media por hogar;2020;38.106
08201 Sant Boi de Lluçanès;;;Renta neta media por hogar;2019;35.924
08201 Sant Boi de Lluçanès;;;Renta neta media por hogar;2018;34.787
08201 Sant Boi de Lluçanès;;;Renta neta media por hogar;2017;32.730
08201 Sant Boi de Lluçanès;;;Renta neta media por hogar;2016;33.453
08201 Sant Boi de Lluçanès;;;Renta neta media por hogar;2015;32.859
08202 Sant Celoni;;;Renta neta media por hogar;2023;41.656
08202 Sant Celoni;;;Renta neta media por hogar;2022;39.215
08202 Sant Celoni;;;Renta neta media por hogar;2021;37.184
08202 Sant Celoni;;;Renta neta media por hogar;2020;35.975
08202 Sant Celoni;;;Renta neta media por hogar;2019;35.949
08202 Sant Celoni;;;Renta neta media por hogar;2018;34.259
08202 Sant Celoni;;;Renta neta media por hogar;2017;33.150
08202 Sant Celoni;;;Renta neta media por hogar;2016;32.087
08202 Sant Celoni;;;Renta neta media por hogar;2015;31.014
08203 Sant Cebrià de Vallalta;;;Renta neta media por hogar;2023;41.577
08203 Sant Cebrià de Vallalta;;;Renta neta media por hogar;2022;38.934
08203 Sant Cebrià de Vallalta;;;Renta neta media por hogar;2021;35.687
08203 Sant Cebrià de Vallalta;;;Renta neta media por hogar;2020;33.676
08203 Sant Cebrià de Vallalta;;;Renta neta media por hogar;2019;34.078
08203 Sant Cebrià de Vallalta;;;Renta neta media por hogar;2018;33.388
08203 Sant Cebrià de Vallalta;;;Renta neta media por hogar;2017;31.784
08203 Sant Cebrià de Vallalta;;;Renta neta media por hogar;2016;30.730
08203 Sant Cebrià de Vallalta;;;Renta neta media por hogar;2015;30.156
08204 Sant Climent de Llobregat;;;Renta neta media por hogar;2023;49.754
08204 Sant Climent de Llobregat;;;Renta neta media por hogar;2022;46.361
08204 Sant Climent de Llobregat;;;Renta neta media por hogar;2021;44.805
08204 Sant Climent de Llobregat;;;Renta neta media por hogar;2020;42.488
08204 Sant Climent de Llobregat;;;Renta neta media por hogar;2019;43.090
08204 Sant Climent de Llobregat;;;Renta neta media por hogar;2018;40.658
08204 Sant Climent de Llobregat;;;Renta neta media por hogar;2017;38.892
08204 Sant Climent de Llobregat;;;Renta neta media por hogar;2016;38.169
08204 Sant Climent de Llobregat;;;Renta neta media por hogar;2015;36.413
08205 Sant Cugat del Vallès;;;Renta neta media por hogar;2023;74.951
08205 Sant Cugat del Vallès;;;Renta neta media por hogar;2022;70.875
08205 Sant Cugat del Vallès;;;Renta neta media por hogar;2021;66.360
08205 Sant Cugat del Vallès;;;Renta neta media por hogar;2020;64.848
08205 Sant Cugat del Vallès;;;Renta neta media por hogar;2019;64.376
08205 Sant Cugat del Vallès;;;Renta neta media por hogar;2018;62.246
08205 Sant Cugat del Vallès;;;Renta neta media por hogar;2017;59.606
08205 Sant Cugat del Vallès;;;Renta neta media por hogar;2016;58.164
08205 Sant Cugat del Vallès;;;Renta neta media por hogar;2015;55.467
08206 Sant Cugat Sesgarrigues;;;Renta neta media por hogar;2023;48.642
08206 Sant Cugat Sesgarrigues;;;Renta neta media por hogar;2022;45.949
08206 Sant Cugat Sesgarrigues;;;Renta neta media por hogar;2021;42.508
08206 Sant Cugat Sesgarrigues;;;Renta neta media por hogar;2020;39.359
08206 Sant Cugat Sesgarrigues;;;Renta neta media por hogar;2019;39.061
08206 Sant Cugat Sesgarrigues;;;Renta neta media por hogar;2018;38.153
08206 Sant Cugat Sesgarrigues;;;Renta neta media por hogar;2017;36.772
08206 Sant Cugat Sesgarrigues;;;Renta neta media por hogar;2016;35.846
08206 Sant Cugat Sesgarrigues;;;Renta neta media por hogar;2015;35.831
08207 Sant Esteve de Palautordera;;;Renta neta media por hogar;2023;51.151
08207 Sant Esteve de Palautordera;;;Renta neta media por hogar;2022;48.107
08207 Sant Esteve de Palautordera;;;Renta neta media por hogar;2021;45.897
08207 Sant Esteve de Palautordera;;;Renta neta media por hogar;2020;45.273
08207 Sant Esteve de Palautordera;;;Renta neta media por hogar;2019;44.192
08207 Sant Esteve de Palautordera;;;Renta neta media por hogar;2018;41.976
08207 Sant Esteve de Palautordera;;;Renta neta media por hogar;2017;41.493
08207 Sant Esteve de Palautordera;;;Renta neta media por hogar;2016;38.558
08207 Sant Esteve de Palautordera;;;Renta neta media por hogar;2015;37.277
08208 Sant Esteve Sesrovires;;;Renta neta media por hogar;2023;53.283
08208 Sant Esteve Sesrovires;;;Renta neta media por hogar;2022;50.129
08208 Sant Esteve Sesrovires;;;Renta neta media por hogar;2021;48.420
08208 Sant Esteve Sesrovires;;;Renta neta media por hogar;2020;46.179
08208 Sant Esteve Sesrovires;;;Renta neta media por hogar;2019;44.398
08208 Sant Esteve Sesrovires;;;Renta neta media por hogar;2018;44.593
08208 Sant Esteve Sesrovires;;;Renta neta media por hogar;2017;42.402
08208 Sant Esteve Sesrovires;;;Renta neta media por hogar;2016;41.625
08208 Sant Esteve Sesrovires;;;Renta neta media por hogar;2015;40.845
08209 Sant Fost de Campsentelles;;;Renta neta media por hogar;2023;53.018
08209 Sant Fost de Campsentelles;;;Renta neta media por hogar;2022;49.511
08209 Sant Fost de Campsentelles;;;Renta neta media por hogar;2021;47.280
08209 Sant Fost de Campsentelles;;;Renta neta media por hogar;2020;45.405
08209 Sant Fost de Campsentelles;;;Renta neta media por hogar;2019;45.625
08209 Sant Fost de Campsentelles;;;Renta neta media por hogar;2018;43.354
08209 Sant Fost de Campsentelles;;;Renta neta media por hogar;2017;41.532
08209 Sant Fost de Campsentelles;;;Renta neta media por hogar;2016;40.239
08209 Sant Fost de Campsentelles;;;Renta neta media por hogar;2015;38.637
08210 Sant Feliu de Codines;;;Renta neta media por hogar;2023;41.251
08210 Sant Feliu de Codines;;;Renta neta media por hogar;2022;38.917
08210 Sant Feliu de Codines;;;Renta neta media por hogar;2021;36.922
08210 Sant Feliu de Codines;;;Renta neta media por hogar;2020;35.733
08210 Sant Feliu de Codines;;;Renta neta media por hogar;2019;35.581
08210 Sant Feliu de Codines;;;Renta neta media por hogar;2018;33.555
08210 Sant Feliu de Codines;;;Renta neta media por hogar;2017;32.034
08210 Sant Feliu de Codines;;;Renta neta media por hogar;2016;31.078
08210 Sant Feliu de Codines;;;Renta neta media por hogar;2015;30.256
08211 Sant Feliu de Llobregat;;;Renta neta media por hogar;2023;46.453
08211 Sant Feliu de Llobregat;;;Renta neta media por hogar;2022;44.246
08211 Sant Feliu de Llobregat;;;Renta neta media por hogar;2021;42.037
08211 Sant Feliu de Llobregat;;;Renta neta media por hogar;2020;40.464
08211 Sant Feliu de Llobregat;;;Renta neta media por hogar;2019;40.612
08211 Sant Feliu de Llobregat;;;Renta neta media por hogar;2018;38.773
08211 Sant Feliu de Llobregat;;;Renta neta media por hogar;2017;37.265
08211 Sant Feliu de Llobregat;;;Renta neta media por hogar;2016;36.114
08211 Sant Feliu de Llobregat;;;Renta neta media por hogar;2015;35.002
08212 Sant Feliu Sasserra;;;Renta neta media por hogar;2023;42.196
08212 Sant Feliu Sasserra;;;Renta neta media por hogar;2022;38.475
08212 Sant Feliu Sasserra;;;Renta neta media por hogar;2021;38.032
08212 Sant Feliu Sasserra;;;Renta neta media por hogar;2020;36.958
08212 Sant Feliu Sasserra;;;Renta neta media por hogar;2019;36.516
08212 Sant Feliu Sasserra;;;Renta neta media por hogar;2018;32.954
08212 Sant Feliu Sasserra;;;Renta neta media por hogar;2017;34.646
08212 Sant Feliu Sasserra;;;Renta neta media por hogar;2016;34.529
08212 Sant Feliu Sasserra;;;Renta neta media por hogar;2015;32.233
08213 Sant Fruitós de Bages;;;Renta neta media por hogar;2023;48.609
08213 Sant Fruitós de Bages;;;Renta neta media por hogar;2022;45.217
08213 Sant Fruitós de Bages;;;Renta neta media por hogar;2021;43.364
08213 Sant Fruitós de Bages;;;Renta neta media por hogar;2020;41.011
08213 Sant Fruitós de Bages;;;Renta neta media por hogar;2019;42.279
08213 Sant Fruitós de Bages;;;Renta neta media por hogar;2018;40.938
08213 Sant Fruitós de Bages;;;Renta neta media por hogar;2017;38.195
08213 Sant Fruitós de Bages;;;Renta neta media por hogar;2016;37.274
08213 Sant Fruitós de Bages;;;Renta neta media por hogar;2015;38.083
08214 Vilassar de Dalt;;;Renta neta media por hogar;2023;51.896
08214 Vilassar de Dalt;;;Renta neta media por hogar;2022;49.330
08214 Vilassar de Dalt;;;Renta neta media por hogar;2021;47.530
08214 Vilassar de Dalt;;;Renta neta media por hogar;2020;46.854
08214 Vilassar de Dalt;;;Renta neta media por hogar;2019;46.395
08214 Vilassar de Dalt;;;Renta neta media por hogar;2018;44.649
08214 Vilassar de Dalt;;;Renta neta media por hogar;2017;42.116
08214 Vilassar de Dalt;;;Renta neta media por hogar;2016;42.187
08214 Vilassar de Dalt;;;Renta neta media por hogar;2015;40.130
08215 Sant Hipòlit de Voltregà;;;Renta neta media por hogar;2023;42.229
08215 Sant Hipòlit de Voltregà;;;Renta neta media por hogar;2022;40.422
08215 Sant Hipòlit de Voltregà;;;Renta neta media por hogar;2021;38.799
08215 Sant Hipòlit de Voltregà;;;Renta neta media por hogar;2020;39.075
08215 Sant Hipòlit de Voltregà;;;Renta neta media por hogar;2019;36.861
08215 Sant Hipòlit de Voltregà;;;Renta neta media por hogar;2018;35.125
08215 Sant Hipòlit de Voltregà;;;Renta neta media por hogar;2017;33.997
08215 Sant Hipòlit de Voltregà;;;Renta neta media por hogar;2016;32.731
08215 Sant Hipòlit de Voltregà;;;Renta neta media por hogar;2015;31.910
08216 Sant Jaume de Frontanyà;;;Renta neta media por hogar;2023;38.680
08216 Sant Jaume de Frontanyà;;;Renta neta media por hogar;2022;37.179
08216 Sant Jaume de Frontanyà;;;Renta neta media por hogar;2021;37.098
08216 Sant Jaume de Frontanyà;;;Renta neta media por hogar;2020;35.486
08216 Sant Jaume de Frontanyà;;;Renta neta media por hogar;2019;.
08216 Sant Jaume de Frontanyà;;;Renta neta media por hogar;2018;.
08216 Sant Jaume de Frontanyà;;;Renta neta media por hogar;2017;.
08216 Sant Jaume de Frontanyà;;;Renta neta media por hogar;2016;.
08216 Sant Jaume de Frontanyà;;;Renta neta media por hogar;2015;.
08217 Sant Joan Despí;;;Renta neta media por hogar;2023;48.757
08217 Sant Joan Despí;;;Renta neta media por hogar;2022;46.031
08217 Sant Joan Despí;;;Renta neta media por hogar;2021;44.608
08217 Sant Joan Despí;;;Renta neta media por hogar;2020;43.031
08217 Sant Joan Despí;;;Renta neta media por hogar;2019;43.071
08217 Sant Joan Despí;;;Renta neta media por hogar;2018;41.457
08217 Sant Joan Despí;;;Renta neta media por hogar;2017;39.846
08217 Sant Joan Despí;;;Renta neta media por hogar;2016;38.844
08217 Sant Joan Despí;;;Renta neta media por hogar;2015;37.705
08218 Sant Joan de Vilatorrada;;;Renta neta media por hogar;2023;40.662
08218 Sant Joan de Vilatorrada;;;Renta neta media por hogar;2022;39.008
08218 Sant Joan de Vilatorrada;;;Renta neta media por hogar;2021;37.106
08218 Sant Joan de Vilatorrada;;;Renta neta media por hogar;2020;35.987
08218 Sant Joan de Vilatorrada;;;Renta neta media por hogar;2019;35.664
08218 Sant Joan de Vilatorrada;;;Renta neta media por hogar;2018;34.218
08218 Sant Joan de Vilatorrada;;;Renta neta media por hogar;2017;33.037
08218 Sant Joan de Vilatorrada;;;Renta neta media por hogar;2016;32.056
08218 Sant Joan de Vilatorrada;;;Renta neta media por hogar;2015;31.121
08219 Vilassar de Mar;;;Renta neta media por hogar;2023;51.548
08219 Vilassar de Mar;;;Renta neta media por hogar;2022;49.820
08219 Vilassar de Mar;;;Renta neta media por hogar;2021;46.791
08219 Vilassar de Mar;;;Renta neta media por hogar;2020;45.967
08219 Vilassar de Mar;;;Renta neta media por hogar;2019;45.355
08219 Vilassar de Mar;;;Renta neta media por hogar;2018;43.623
08219 Vilassar de Mar;;;Renta neta media por hogar;2017;42.268
08219 Vilassar de Mar;;;Renta neta media por hogar;2016;41.085
08219 Vilassar de Mar;;;Renta neta media por hogar;2015;39.748
08220 Sant Julià de Vilatorta;;;Renta neta media por hogar;2023;58.046
08220 Sant Julià de Vilatorta;;;Renta neta media por hogar;2022;54.630
08220 Sant Julià de Vilatorta;;;Renta neta media por hogar;2021;54.062
08220 Sant Julià de Vilatorta;;;Renta neta media por hogar;2020;52.319
08220 Sant Julià de Vilatorta;;;Renta neta media por hogar;2019;50.749
08220 Sant Julià de Vilatorta;;;Renta neta media por hogar;2018;48.075
08220 Sant Julià de Vilatorta;;;Renta neta media por hogar;2017;45.974
08220 Sant Julià de Vilatorta;;;Renta neta media por hogar;2016;44.486
08220 Sant Julià de Vilatorta;;;Renta neta media por hogar;2015;42.732
08221 Sant Just Desvern;;;Renta neta media por hogar;2023;67.583
08221 Sant Just Desvern;;;Renta neta media por hogar;2022;63.487
08221 Sant Just Desvern;;;Renta neta media por hogar;2021;59.397
08221 Sant Just Desvern;;;Renta neta media por hogar;2020;57.804
08221 Sant Just Desvern;;;Renta neta media por hogar;2019;60.306
08221 Sant Just Desvern;;;Renta neta media por hogar;2018;64.177
08221 Sant Just Desvern;;;Renta neta media por hogar;2017;54.474
08221 Sant Just Desvern;;;Renta neta media por hogar;2016;54.050
08221 Sant Just Desvern;;;Renta neta media por hogar;2015;54.466
08222 Sant Llorenç d'Hortons;;;Renta neta media por hogar;2023;44.716
08222 Sant Llorenç d'Hortons;;;Renta neta media por hogar;2022;41.911
08222 Sant Llorenç d'Hortons;;;Renta neta media por hogar;2021;40.323
08222 Sant Llorenç d'Hortons;;;Renta neta media por hogar;2020;39.398
08222 Sant Llorenç d'Hortons;;;Renta neta media por hogar;2019;39.377
08222 Sant Llorenç d'Hortons;;;Renta neta media por hogar;2018;38.062
08222 Sant Llorenç d'Hortons;;;Renta neta media por hogar;2017;36.530
08222 Sant Llorenç d'Hortons;;;Renta neta media por hogar;2016;37.237
08222 Sant Llorenç d'Hortons;;;Renta neta media por hogar;2015;34.489
08223 Sant Llorenç Savall;;;Renta neta media por hogar;2023;37.826
08223 Sant Llorenç Savall;;;Renta neta media por hogar;2022;35.927
08223 Sant Llorenç Savall;;;Renta neta media por hogar;2021;34.658
08223 Sant Llorenç Savall;;;Renta neta media por hogar;2020;32.707
08223 Sant Llorenç Savall;;;Renta neta media por hogar;2019;32.753
08223 Sant Llorenç Savall;;;Renta neta media por hogar;2018;31.609
08223 Sant Llorenç Savall;;;Renta neta media por hogar;2017;31.169
08223 Sant Llorenç Savall;;;Renta neta media por hogar;2016;29.926
08223 Sant Llorenç Savall;;;Renta neta media por hogar;2015;29.543
08224 Sant Martí de Centelles;;;Renta neta media por hogar;2023;38.437
08224 Sant Martí de Centelles;;;Renta neta media por hogar;2022;35.676
08224 Sant Martí de Centelles;;;Renta neta media por hogar;2021;33.817
08224 Sant Martí de Centelles;;;Renta neta media por hogar;2020;32.802
08224 Sant Martí de Centelles;;;Renta neta media por hogar;2019;32.379
08224 Sant Martí de Centelles;;;Renta neta media por hogar;2018;31.774
08224 Sant Martí de Centelles;;;Renta neta media por hogar;2017;30.189
08224 Sant Martí de Centelles;;;Renta neta media por hogar;2016;29.286
08224 Sant Martí de Centelles;;;Renta neta media por hogar;2015;29.904
08225 Sant Martí d'Albars;;;Renta neta media por hogar;2023;51.793
08225 Sant Martí d'Albars;;;Renta neta media por hogar;2022;47.498
08225 Sant Martí d'Albars;;;Renta neta media por hogar;2021;47.154
08225 Sant Martí d'Albars;;;Renta neta media por hogar;2020;46.105
08225 Sant Martí d'Albars;;;Renta neta media por hogar;2019;42.335
08225 Sant Martí d'Albars;;;Renta neta media por hogar;2018;40.416
08225 Sant Martí d'Albars;;;Renta neta media por hogar;2017;40.233
08225 Sant Martí d'Albars;;;Renta neta media por hogar;2016;46.029
08225 Sant Martí d'Albars;;;Renta neta media por hogar;2015;42.784
08226 Sant Martí de Tous;;;Renta neta media por hogar;2023;46.684
08226 Sant Martí de Tous;;;Renta neta media por hogar;2022;45.867
08226 Sant Martí de Tous;;;Renta neta media por hogar;2021;42.539
08226 Sant Martí de Tous;;;Renta neta media por hogar;2020;40.634
08226 Sant Martí de Tous;;;Renta neta media por hogar;2019;39.067
08226 Sant Martí de Tous;;;Renta neta media por hogar;2018;38.406
08226 Sant Martí de Tous;;;Renta neta media por hogar;2017;35.945
08226 Sant Martí de Tous;;;Renta neta media por hogar;2016;34.527
08226 Sant Martí de Tous;;;Renta neta media por hogar;2015;33.007
08227 Sant Martí Sarroca;;;Renta neta media por hogar;2023;40.720
08227 Sant Martí Sarroca;;;Renta neta media por hogar;2022;38.359
08227 Sant Martí Sarroca;;;Renta neta media por hogar;2021;36.995
08227 Sant Martí Sarroca;;;Renta neta media por hogar;2020;35.256
08227 Sant Martí Sarroca;;;Renta neta media por hogar;2019;35.168
08227 Sant Martí Sarroca;;;Renta neta media por hogar;2018;33.867
08227 Sant Martí Sarroca;;;Renta neta media por hogar;2017;32.784
08227 Sant Martí Sarroca;;;Renta neta media por hogar;2016;32.498
08227 Sant Martí Sarroca;;;Renta neta media por hogar;2015;31.352
08228 Sant Martí Sesgueioles;;;Renta neta media por hogar;2023;40.224
08228 Sant Martí Sesgueioles;;;Renta neta media por hogar;2022;39.235
08228 Sant Martí Sesgueioles;;;Renta neta media por hogar;2021;36.321
08228 Sant Martí Sesgueioles;;;Renta neta media por hogar;2020;36.616
08228 Sant Martí Sesgueioles;;;Renta neta media por hogar;2019;36.536
08228 Sant Martí Sesgueioles;;;Renta neta media por hogar;2018;33.473
08228 Sant Martí Sesgueioles;;;Renta neta media por hogar;2017;31.474
08228 Sant Martí Sesgueioles;;;Renta neta media por hogar;2016;30.556
08228 Sant Martí Sesgueioles;;;Renta neta media por hogar;2015;29.959
08229 Sant Mateu de Bages;;;Renta neta media por hogar;2023;42.935
08229 Sant Mateu de Bages;;;Renta neta media por hogar;2022;39.260
08229 Sant Mateu de Bages;;;Renta neta media por hogar;2021;38.610
08229 Sant Mateu de Bages;;;Renta neta media por hogar;2020;36.236
08229 Sant Mateu de Bages;;;Renta neta media por hogar;2019;36.999
08229 Sant Mateu de Bages;;;Renta neta media por hogar;2018;34.947
08229 Sant Mateu de Bages;;;Renta neta media por hogar;2017;34.008
08229 Sant Mateu de Bages;;;Renta neta media por hogar;2016;34.161
08229 Sant Mateu de Bages;;;Renta neta media por hogar;2015;31.926
08230 Premià de Dalt;;;Renta neta media por hogar;2023;57.119
08230 Premià de Dalt;;;Renta neta media por hogar;2022;53.971
08230 Premià de Dalt;;;Renta neta media por hogar;2021;50.848
08230 Premià de Dalt;;;Renta neta media por hogar;2020;48.959
08230 Premià de Dalt;;;Renta neta media por hogar;2019;49.091
08230 Premià de Dalt;;;Renta neta media por hogar;2018;46.843
08230 Premià de Dalt;;;Renta neta media por hogar;2017;45.692
08230 Premià de Dalt;;;Renta neta media por hogar;2016;44.132
08230 Premià de Dalt;;;Renta neta media por hogar;2015;42.529
08231 Sant Pere de Ribes;;;Renta neta media por hogar;2023;41.892
08231 Sant Pere de Ribes;;;Renta neta media por hogar;2022;39.275
08231 Sant Pere de Ribes;;;Renta neta media por hogar;2021;37.437
08231 Sant Pere de Ribes;;;Renta neta media por hogar;2020;35.819
08231 Sant Pere de Ribes;;;Renta neta media por hogar;2019;35.773
08231 Sant Pere de Ribes;;;Renta neta media por hogar;2018;34.418
08231 Sant Pere de Ribes;;;Renta neta media por hogar;2017;32.766
08231 Sant Pere de Ribes;;;Renta neta media por hogar;2016;31.837
08231 Sant Pere de Ribes;;;Renta neta media por hogar;2015;30.772
08232 Sant Pere de Riudebitlles;;;Renta neta media por hogar;2023;40.729
08232 Sant Pere de Riudebitlles;;;Renta neta media por hogar;2022;38.269
08232 Sant Pere de Riudebitlles;;;Renta neta media por hogar;2021;36.257
08232 Sant Pere de Riudebitlles;;;Renta neta media por hogar;2020;35.522
08232 Sant Pere de Riudebitlles;;;Renta neta media por hogar;2019;35.254
08232 Sant Pere de Riudebitlles;;;Renta neta media por hogar;2018;34.102
08232 Sant Pere de Riudebitlles;;;Renta neta media por hogar;2017;32.240
08232 Sant Pere de Riudebitlles;;;Renta neta media por hogar;2016;31.386
08232 Sant Pere de Riudebitlles;;;Renta neta media por hogar;2015;30.654
08233 Sant Pere de Torelló;;;Renta neta media por hogar;2023;41.616
08233 Sant Pere de Torelló;;;Renta neta media por hogar;2022;39.417
08233 Sant Pere de Torelló;;;Renta neta media por hogar;2021;38.132
08233 Sant Pere de Torelló;;;Renta neta media por hogar;2020;36.479
08233 Sant Pere de Torelló;;;Renta neta media por hogar;2019;36.187
08233 Sant Pere de Torelló;;;Renta neta media por hogar;2018;34.350
08233 Sant Pere de Torelló;;;Renta neta media por hogar;2017;33.394
08233 Sant Pere de Torelló;;;Renta neta media por hogar;2016;32.610
08233 Sant Pere de Torelló;;;Renta neta media por hogar;2015;31.792
08234 Sant Pere de Vilamajor;;;Renta neta media por hogar;2023;47.116
08234 Sant Pere de Vilamajor;;;Renta neta media por hogar;2022;42.684
08234 Sant Pere de Vilamajor;;;Renta neta media por hogar;2021;41.265
08234 Sant Pere de Vilamajor;;;Renta neta media por hogar;2020;39.140
08234 Sant Pere de Vilamajor;;;Renta neta media por hogar;2019;39.318
08234 Sant Pere de Vilamajor;;;Renta neta media por hogar;2018;36.983
08234 Sant Pere de Vilamajor;;;Renta neta media por hogar;2017;36.157
08234 Sant Pere de Vilamajor;;;Renta neta media por hogar;2016;34.831
08234 Sant Pere de Vilamajor;;;Renta neta media por hogar;2015;33.483
08235 Sant Pol de Mar;;;Renta neta media por hogar;2023;47.301
08235 Sant Pol de Mar;;;Renta neta media por hogar;2022;43.249
08235 Sant Pol de Mar;;;Renta neta media por hogar;2021;40.631
08235 Sant Pol de Mar;;;Renta neta media por hogar;2020;39.281
08235 Sant Pol de Mar;;;Renta neta media por hogar;2019;39.401
08235 Sant Pol de Mar;;;Renta neta media por hogar;2018;38.145
08235 Sant Pol de Mar;;;Renta neta media por hogar;2017;36.882
08235 Sant Pol de Mar;;;Renta neta media por hogar;2016;35.778
08235 Sant Pol de Mar;;;Renta neta media por hogar;2015;35.184
08236 Sant Quintí de Mediona;;;Renta neta media por hogar;2023;36.161
08236 Sant Quintí de Mediona;;;Renta neta media por hogar;2022;33.990
08236 Sant Quintí de Mediona;;;Renta neta media por hogar;2021;31.922
08236 Sant Quintí de Mediona;;;Renta neta media por hogar;2020;30.970
08236 Sant Quintí de Mediona;;;Renta neta media por hogar;2019;31.072
08236 Sant Quintí de Mediona;;;Renta neta media por hogar;2018;29.330
08236 Sant Quintí de Mediona;;;Renta neta media por hogar;2017;28.460
08236 Sant Quintí de Mediona;;;Renta neta media por hogar;2016;27.761
08236 Sant Quintí de Mediona;;;Renta neta media por hogar;2015;27.248
08237 Sant Quirze de Besora;;;Renta neta media por hogar;2023;40.215
08237 Sant Quirze de Besora;;;Renta neta media por hogar;2022;37.895
08237 Sant Quirze de Besora;;;Renta neta media por hogar;2021;37.002
08237 Sant Quirze de Besora;;;Renta neta media por hogar;2020;36.018
08237 Sant Quirze de Besora;;;Renta neta media por hogar;2019;35.467
08237 Sant Quirze de Besora;;;Renta neta media por hogar;2018;33.730
08237 Sant Quirze de Besora;;;Renta neta media por hogar;2017;32.332
08237 Sant Quirze de Besora;;;Renta neta media por hogar;2016;31.128
08237 Sant Quirze de Besora;;;Renta neta media por hogar;2015;30.229
08238 Sant Quirze del Vallès;;;Renta neta media por hogar;2023;62.048
08238 Sant Quirze del Vallès;;;Renta neta media por hogar;2022;59.745
08238 Sant Quirze del Vallès;;;Renta neta media por hogar;2021;56.173
08238 Sant Quirze del Vallès;;;Renta neta media por hogar;2020;54.275
08238 Sant Quirze del Vallès;;;Renta neta media por hogar;2019;54.782
08238 Sant Quirze del Vallès;;;Renta neta media por hogar;2018;52.562
08238 Sant Quirze del Vallès;;;Renta neta media por hogar;2017;52.502
08238 Sant Quirze del Vallès;;;Renta neta media por hogar;2016;50.483
08238 Sant Quirze del Vallès;;;Renta neta media por hogar;2015;48.526
08239 Sant Quirze Safaja;;;Renta neta media por hogar;2023;53.632
08239 Sant Quirze Safaja;;;Renta neta media por hogar;2022;51.078
08239 Sant Quirze Safaja;;;Renta neta media por hogar;2021;45.597
08239 Sant Quirze Safaja;;;Renta neta media por hogar;2020;44.497
08239 Sant Quirze Safaja;;;Renta neta media por hogar;2019;48.427
08239 Sant Quirze Safaja;;;Renta neta media por hogar;2018;47.561
08239 Sant Quirze Safaja;;;Renta neta media por hogar;2017;48.644
08239 Sant Quirze Safaja;;;Renta neta media por hogar;2016;44.041
08239 Sant Quirze Safaja;;;Renta neta media por hogar;2015;43.796
08240 Sant Sadurní d'Anoia;;;Renta neta media por hogar;2023;46.009
08240 Sant Sadurní d'Anoia;;;Renta neta media por hogar;2022;43.501
08240 Sant Sadurní d'Anoia;;;Renta neta media por hogar;2021;41.404
08240 Sant Sadurní d'Anoia;;;Renta neta media por hogar;2020;40.005
08240 Sant Sadurní d'Anoia;;;Renta neta media por hogar;2019;39.442
08240 Sant Sadurní d'Anoia;;;Renta neta media por hogar;2018;38.321
08240 Sant Sadurní d'Anoia;;;Renta neta media por hogar;2017;36.700
08240 Sant Sadurní d'Anoia;;;Renta neta media por hogar;2016;36.692
08240 Sant Sadurní d'Anoia;;;Renta neta media por hogar;2015;35.085
08241 Sant Sadurní d'Osormort;;;Renta neta media por hogar;2023;.
08241 Sant Sadurní d'Osormort;;;Renta neta media por hogar;2022;.
08241 Sant Sadurní d'Osormort;;;Renta neta media por hogar;2021;37.098
08241 Sant Sadurní d'Osormort;;;Renta neta media por hogar;2020;35.486
08241 Sant Sadurní d'Osormort;;;Renta neta media por hogar;2019;.
08241 Sant Sadurní d'Osormort;;;Renta neta media por hogar;2018;.
08241 Sant Sadurní d'Osormort;;;Renta neta media por hogar;2017;.
08241 Sant Sadurní d'Osormort;;;Renta neta media por hogar;2016;.
08241 Sant Sadurní d'Osormort;;;Renta neta media por hogar;2015;.
08242 Marganell;;;Renta neta media por hogar;2023;34.850
08242 Marganell;;;Renta neta media por hogar;2022;32.736
08242 Marganell;;;Renta neta media por hogar;2021;31.771
08242 Marganell;;;Renta neta media por hogar;2020;30.270
08242 Marganell;;;Renta neta media por hogar;2019;29.310
08242 Marganell;;;Renta neta media por hogar;2018;26.641
08242 Marganell;;;Renta neta media por hogar;2017;26.588
08242 Marganell;;;Renta neta media por hogar;2016;27.053
08242 Marganell;;;Renta neta media por hogar;2015;27.424
08243 Santa Cecília de Voltregà;;;Renta neta media por hogar;2023;66.585
08243 Santa Cecília de Voltregà;;;Renta neta media por hogar;2022;71.607
08243 Santa Cecília de Voltregà;;;Renta neta media por hogar;2021;62.704
08243 Santa Cecília de Voltregà;;;Renta neta media por hogar;2020;57.782
08243 Santa Cecília de Voltregà;;;Renta neta media por hogar;2019;56.037
08243 Santa Cecília de Voltregà;;;Renta neta media por hogar;2018;71.455
08243 Santa Cecília de Voltregà;;;Renta neta media por hogar;2017;53.480
08243 Santa Cecília de Voltregà;;;Renta neta media por hogar;2016;57.818
08243 Santa Cecília de Voltregà;;;Renta neta media por hogar;2015;49.290
08244 Santa Coloma de Cervelló;;;Renta neta media por hogar;2023;52.238
08244 Santa Coloma de Cervelló;;;Renta neta media por hogar;2022;49.723
08244 Santa Coloma de Cervelló;;;Renta neta media por hogar;2021;48.364
08244 Santa Coloma de Cervelló;;;Renta neta media por hogar;2020;46.058
08244 Santa Coloma de Cervelló;;;Renta neta media por hogar;2019;45.136
08244 Santa Coloma de Cervelló;;;Renta neta media por hogar;2018;43.887
08244 Santa Coloma de Cervelló;;;Renta neta media por hogar;2017;42.140
08244 Santa Coloma de Cervelló;;;Renta neta media por hogar;2016;41.253
08244 Santa Coloma de Cervelló;;;Renta neta media por hogar;2015;39.595
08245 Santa Coloma de Gramenet;;;Renta neta media por hogar;2023;34.161
08245 Santa Coloma de Gramenet;;;Renta neta media por hogar;2022;32.642
08245 Santa Coloma de Gramenet;;;Renta neta media por hogar;2021;31.195
08245 Santa Coloma de Gramenet;;;Renta neta media por hogar;2020;29.891
08245 Santa Coloma de Gramenet;;;Renta neta media por hogar;2019;30.063
08245 Santa Coloma de Gramenet;;;Renta neta media por hogar;2018;28.830
08245 Santa Coloma de Gramenet;;;Renta neta media por hogar;2017;27.520
08245 Santa Coloma de Gramenet;;;Renta neta media por hogar;2016;26.874
08245 Santa Coloma de Gramenet;;;Renta neta media por hogar;2015;26.122
08246 Santa Eugènia de Berga;;;Renta neta media por hogar;2023;42.375
08246 Santa Eugènia de Berga;;;Renta neta media por hogar;2022;40.183
08246 Santa Eugènia de Berga;;;Renta neta media por hogar;2021;38.798
08246 Santa Eugènia de Berga;;;Renta neta media por hogar;2020;37.392
08246 Santa Eugènia de Berga;;;Renta neta media por hogar;2019;37.342
08246 Santa Eugènia de Berga;;;Renta neta media por hogar;2018;35.959
08246 Santa Eugènia de Berga;;;Renta neta media por hogar;2017;34.267
08246 Santa Eugènia de Berga;;;Renta neta media por hogar;2016;34.149
08246 Santa Eugènia de Berga;;;Renta neta media por hogar;2015;33.046
08247 Santa Eulàlia de Riuprimer;;;Renta neta media por hogar;2023;45.769
08247 Santa Eulàlia de Riuprimer;;;Renta neta media por hogar;2022;43.934
08247 Santa Eulàlia de Riuprimer;;;Renta neta media por hogar;2021;41.316
08247 Santa Eulàlia de Riuprimer;;;Renta neta media por hogar;2020;39.930
08247 Santa Eulàlia de Riuprimer;;;Renta neta media por hogar;2019;40.042
08247 Santa Eulàlia de Riuprimer;;;Renta neta media por hogar;2018;39.241
08247 Santa Eulàlia de Riuprimer;;;Renta neta media por hogar;2017;37.620
08247 Santa Eulàlia de Riuprimer;;;Renta neta media por hogar;2016;35.422
08247 Santa Eulàlia de Riuprimer;;;Renta neta media por hogar;2015;34.014
08248 Santa Eulàlia de Ronçana;;;Renta neta media por hogar;2023;47.380
08248 Santa Eulàlia de Ronçana;;;Renta neta media por hogar;2022;45.883
08248 Santa Eulàlia de Ronçana;;;Renta neta media por hogar;2021;42.638
08248 Santa Eulàlia de Ronçana;;;Renta neta media por hogar;2020;41.387
08248 Santa Eulàlia de Ronçana;;;Renta neta media por hogar;2019;41.023
08248 Santa Eulàlia de Ronçana;;;Renta neta media por hogar;2018;39.941
08248 Santa Eulàlia de Ronçana;;;Renta neta media por hogar;2017;37.517
08248 Santa Eulàlia de Ronçana;;;Renta neta media por hogar;2016;36.558
08248 Santa Eulàlia de Ronçana;;;Renta neta media por hogar;2015;35.432
08249 Santa Fe del Penedès;;;Renta neta media por hogar;2023;48.584
08249 Santa Fe del Penedès;;;Renta neta media por hogar;2022;46.579
08249 Santa Fe del Penedès;;;Renta neta media por hogar;2021;43.861
08249 Santa Fe del Penedès;;;Renta neta media por hogar;2020;42.024
08249 Santa Fe del Penedès;;;Renta neta media por hogar;2019;40.578
08249 Santa Fe del Penedès;;;Renta neta media por hogar;2018;43.063
08249 Santa Fe del Penedès;;;Renta neta media por hogar;2017;40.104
08249 Santa Fe del Penedès;;;Renta neta media por hogar;2016;41.318
08249 Santa Fe del Penedès;;;Renta neta media por hogar;2015;38.630
08250 Santa Margarida de Montbui;;;Renta neta media por hogar;2023;34.014
08250 Santa Margarida de Montbui;;;Renta neta media por hogar;2022;32.318
08250 Santa Margarida de Montbui;;;Renta neta media por hogar;2021;30.844
08250 Santa Margarida de Montbui;;;Renta neta media por hogar;2020;30.044
08250 Santa Margarida de Montbui;;;Renta neta media por hogar;2019;29.560
08250 Santa Margarida de Montbui;;;Renta neta media por hogar;2018;28.288
08250 Santa Margarida de Montbui;;;Renta neta media por hogar;2017;27.060
08250 Santa Margarida de Montbui;;;Renta neta media por hogar;2016;26.794
08250 Santa Margarida de Montbui;;;Renta neta media por hogar;2015;25.801
08251 Santa Margarida i els Monjos;;;Renta neta media por hogar;2023;38.226
08251 Santa Margarida i els Monjos;;;Renta neta media por hogar;2022;36.012
08251 Santa Margarida i els Monjos;;;Renta neta media por hogar;2021;35.692
08251 Santa Margarida i els Monjos;;;Renta neta media por hogar;2020;33.662
08251 Santa Margarida i els Monjos;;;Renta neta media por hogar;2019;33.590
08251 Santa Margarida i els Monjos;;;Renta neta media por hogar;2018;32.239
08251 Santa Margarida i els Monjos;;;Renta neta media por hogar;2017;31.233
08251 Santa Margarida i els Monjos;;;Renta neta media por hogar;2016;29.908
08251 Santa Margarida i els Monjos;;;Renta neta media por hogar;2015;29.160
08252 Barberà del Vallès;;;Renta neta media por hogar;2023;43.314
08252 Barberà del Vallès;;;Renta neta media por hogar;2022;41.105
08252 Barberà del Vallès;;;Renta neta media por hogar;2021;39.246
08252 Barberà del Vallès;;;Renta neta media por hogar;2020;37.693
08252 Barberà del Vallès;;;Renta neta media por hogar;2019;37.707
08252 Barberà del Vallès;;;Renta neta media por hogar;2018;35.926
08252 Barberà del Vallès;;;Renta neta media por hogar;2017;34.751
08252 Barberà del Vallès;;;Renta neta media por hogar;2016;33.757
08252 Barberà del Vallès;;;Renta neta media por hogar;2015;32.663
08253 Santa Maria de Besora;;;Renta neta media por hogar;2023;32.907
08253 Santa Maria de Besora;;;Renta neta media por hogar;2022;32.252
08253 Santa Maria de Besora;;;Renta neta media por hogar;2021;31.830
08253 Santa Maria de Besora;;;Renta neta media por hogar;2020;32.613
08253 Santa Maria de Besora;;;Renta neta media por hogar;2019;32.163
08253 Santa Maria de Besora;;;Renta neta media por hogar;2018;30.143
08253 Santa Maria de Besora;;;Renta neta media por hogar;2017;28.273
08253 Santa Maria de Besora;;;Renta neta media por hogar;2016;26.656
08253 Santa Maria de Besora;;;Renta neta media por hogar;2015;27.721
08254 Esquirol, L';;;Renta neta media por hogar;2023;42.170
08254 Esquirol, L';;;Renta neta media por hogar;2022;40.601
08254 Esquirol, L';;;Renta neta media por hogar;2021;39.279
08254 Esquirol, L';;;Renta neta media por hogar;2020;38.300
08254 Esquirol, L';;;Renta neta media por hogar;2019;38.612
08254 Esquirol, L';;;Renta neta media por hogar;2018;37.088
08254 Esquirol, L';;;Renta neta media por hogar;2017;36.786
08254 Esquirol, L';;;Renta neta media por hogar;2016;35.450
08254 Esquirol, L';;;Renta neta media por hogar;2015;33.557
08255 Santa Maria de Merlès;;;Renta neta media por hogar;2023;60.699
08255 Santa Maria de Merlès;;;Renta neta media por hogar;2022;48.681
08255 Santa Maria de Merlès;;;Renta neta media por hogar;2021;48.813
08255 Santa Maria de Merlès;;;Renta neta media por hogar;2020;41.471
08255 Santa Maria de Merlès;;;Renta neta media por hogar;2019;43.307
08255 Santa Maria de Merlès;;;Renta neta media por hogar;2018;45.884
08255 Santa Maria de Merlès;;;Renta neta media por hogar;2017;43.936
08255 Santa Maria de Merlès;;;Renta neta media por hogar;2016;43.526
08255 Santa Maria de Merlès;;;Renta neta media por hogar;2015;41.655
08256 Santa Maria de Martorelles;;;Renta neta media por hogar;2023;49.907
08256 Santa Maria de Martorelles;;;Renta neta media por hogar;2022;47.495
08256 Santa Maria de Martorelles;;;Renta neta media por hogar;2021;45.309
08256 Santa Maria de Martorelles;;;Renta neta media por hogar;2020;41.591
08256 Santa Maria de Martorelles;;;Renta neta media por hogar;2019;41.824
08256 Santa Maria de Martorelles;;;Renta neta media por hogar;2018;40.487
08256 Santa Maria de Martorelles;;;Renta neta media por hogar;2017;37.909
08256 Santa Maria de Martorelles;;;Renta neta media por hogar;2016;37.318
08256 Santa Maria de Martorelles;;;Renta neta media por hogar;2015;36.188
08257 Santa Maria de Miralles;;;Renta neta media por hogar;2023;40.709
08257 Santa Maria de Miralles;;;Renta neta media por hogar;2022;36.541
08257 Santa Maria de Miralles;;;Renta neta media por hogar;2021;35.749
08257 Santa Maria de Miralles;;;Renta neta media por hogar;2020;34.022
08257 Santa Maria de Miralles;;;Renta neta media por hogar;2019;34.354
08257 Santa Maria de Miralles;;;Renta neta media por hogar;2018;33.535
08257 Santa Maria de Miralles;;;Renta neta media por hogar;2017;34.583
08257 Santa Maria de Miralles;;;Renta neta media por hogar;2016;38.331
08257 Santa Maria de Miralles;;;Renta neta media por hogar;2015;37.184
08258 Santa Maria d'Oló;;;Renta neta media por hogar;2023;38.690
08258 Santa Maria d'Oló;;;Renta neta media por hogar;2022;37.872
08258 Santa Maria d'Oló;;;Renta neta media por hogar;2021;36.417
08258 Santa Maria d'Oló;;;Renta neta media por hogar;2020;35.163
08258 Santa Maria d'Oló;;;Renta neta media por hogar;2019;34.671
08258 Santa Maria d'Oló;;;Renta neta media por hogar;2018;32.501
08258 Santa Maria d'Oló;;;Renta neta media por hogar;2017;31.029
08258 Santa Maria d'Oló;;;Renta neta media por hogar;2016;31.138
08258 Santa Maria d'Oló;;;Renta neta media por hogar;2015;30.484
08259 Santa Maria de Palautordera;;;Renta neta media por hogar;2023;44.311
08259 Santa Maria de Palautordera;;;Renta neta media por hogar;2022;41.545
08259 Santa Maria de Palautordera;;;Renta neta media por hogar;2021;40.070
08259 Santa Maria de Palautordera;;;Renta neta media por hogar;2020;37.899
08259 Santa Maria de Palautordera;;;Renta neta media por hogar;2019;37.809
08259 Santa Maria de Palautordera;;;Renta neta media por hogar;2018;35.965
08259 Santa Maria de Palautordera;;;Renta neta media por hogar;2017;34.642
08259 Santa Maria de Palautordera;;;Renta neta media por hogar;2016;32.772
08259 Santa Maria de Palautordera;;;Renta neta media por hogar;2015;32.340
08260 Santa Perpètua de Mogoda;;;Renta neta media por hogar;2023;43.064
08260 Santa Perpètua de Mogoda;;;Renta neta media por hogar;2022;40.687
08260 Santa Perpètua de Mogoda;;;Renta neta media por hogar;2021;39.180
08260 Santa Perpètua de Mogoda;;;Renta neta media por hogar;2020;37.403
08260 Santa Perpètua de Mogoda;;;Renta neta media por hogar;2019;37.132
08260 Santa Perpètua de Mogoda;;;Renta neta media por hogar;2018;35.925
08260 Santa Perpètua de Mogoda;;;Renta neta media por hogar;2017;34.531
08260 Santa Perpètua de Mogoda;;;Renta neta media por hogar;2016;33.298
08260 Santa Perpètua de Mogoda;;;Renta neta media por hogar;2015;32.381
08261 Santa Susanna;;;Renta neta media por hogar;2023;43.796
08261 Santa Susanna;;;Renta neta media por hogar;2022;40.196
08261 Santa Susanna;;;Renta neta media por hogar;2021;36.614
08261 Santa Susanna;;;Renta neta media por hogar;2020;38.168
08261 Santa Susanna;;;Renta neta media por hogar;2019;37.105
08261 Santa Susanna;;;Renta neta media por hogar;2018;35.111
08261 Santa Susanna;;;Renta neta media por hogar;2017;34.313
08261 Santa Susanna;;;Renta neta media por hogar;2016;32.292
08261 Santa Susanna;;;Renta neta media por hogar;2015;30.930
08262 Sant Vicenç de Castellet;;;Renta neta media por hogar;2023;36.506
08262 Sant Vicenç de Castellet;;;Renta neta media por hogar;2022;34.828
08262 Sant Vicenç de Castellet;;;Renta neta media por hogar;2021;33.260
08262 Sant Vicenç de Castellet;;;Renta neta media por hogar;2020;32.086
08262 Sant Vicenç de Castellet;;;Renta neta media por hogar;2019;31.869
08262 Sant Vicenç de Castellet;;;Renta neta media por hogar;2018;30.429
08262 Sant Vicenç de Castellet;;;Renta neta media por hogar;2017;29.320
08262 Sant Vicenç de Castellet;;;Renta neta media por hogar;2016;28.272
08262 Sant Vicenç de Castellet;;;Renta neta media por hogar;2015;27.623
08263 Sant Vicenç dels Horts;;;Renta neta media por hogar;2023;42.529
08263 Sant Vicenç dels Horts;;;Renta neta media por hogar;2022;39.649
08263 Sant Vicenç dels Horts;;;Renta neta media por hogar;2021;37.824
08263 Sant Vicenç dels Horts;;;Renta neta media por hogar;2020;36.425
08263 Sant Vicenç dels Horts;;;Renta neta media por hogar;2019;36.393
08263 Sant Vicenç dels Horts;;;Renta neta media por hogar;2018;34.991
08263 Sant Vicenç dels Horts;;;Renta neta media por hogar;2017;33.297
08263 Sant Vicenç dels Horts;;;Renta neta media por hogar;2016;32.727
08263 Sant Vicenç dels Horts;;;Renta neta media por hogar;2015;31.153
08264 Sant Vicenç de Montalt;;;Renta neta media por hogar;2023;66.063
08264 Sant Vicenç de Montalt;;;Renta neta media por hogar;2022;60.187
08264 Sant Vicenç de Montalt;;;Renta neta media por hogar;2021;53.954
08264 Sant Vicenç de Montalt;;;Renta neta media por hogar;2020;53.399
08264 Sant Vicenç de Montalt;;;Renta neta media por hogar;2019;57.698
08264 Sant Vicenç de Montalt;;;Renta neta media por hogar;2018;54.390
08264 Sant Vicenç de Montalt;;;Renta neta media por hogar;2017;51.112
08264 Sant Vicenç de Montalt;;;Renta neta media por hogar;2016;49.803
08264 Sant Vicenç de Montalt;;;Renta neta media por hogar;2015;47.963
08265 Sant Vicenç de Torelló;;;Renta neta media por hogar;2023;45.689
08265 Sant Vicenç de Torelló;;;Renta neta media por hogar;2022;43.041
08265 Sant Vicenç de Torelló;;;Renta neta media por hogar;2021;40.768
08265 Sant Vicenç de Torelló;;;Renta neta media por hogar;2020;39.581
08265 Sant Vicenç de Torelló;;;Renta neta media por hogar;2019;39.565
08265 Sant Vicenç de Torelló;;;Renta neta media por hogar;2018;41.081
08265 Sant Vicenç de Torelló;;;Renta neta media por hogar;2017;36.506
08265 Sant Vicenç de Torelló;;;Renta neta media por hogar;2016;36.981
08265 Sant Vicenç de Torelló;;;Renta neta media por hogar;2015;33.598
08266 Cerdanyola del Vallès;;;Renta neta media por hogar;2023;46.621
08266 Cerdanyola del Vallès;;;Renta neta media por hogar;2022;44.326
08266 Cerdanyola del Vallès;;;Renta neta media por hogar;2021;42.822
08266 Cerdanyola del Vallès;;;Renta neta media por hogar;2020;41.078
08266 Cerdanyola del Vallès;;;Renta neta media por hogar;2019;41.254
08266 Cerdanyola del Vallès;;;Renta neta media por hogar;2018;39.715
08266 Cerdanyola del Vallès;;;Renta neta media por hogar;2017;38.333
08266 Cerdanyola del Vallès;;;Renta neta media por hogar;2016;37.413
08266 Cerdanyola del Vallès;;;Renta neta media por hogar;2015;35.889
08267 Sentmenat;;;Renta neta media por hogar;2023;45.279
08267 Sentmenat;;;Renta neta media por hogar;2022;42.690
08267 Sentmenat;;;Renta neta media por hogar;2021;41.394
08267 Sentmenat;;;Renta neta media por hogar;2020;39.194
08267 Sentmenat;;;Renta neta media por hogar;2019;38.940
08267 Sentmenat;;;Renta neta media por hogar;2018;37.717
08267 Sentmenat;;;Renta neta media por hogar;2017;35.570
08267 Sentmenat;;;Renta neta media por hogar;2016;34.374
08267 Sentmenat;;;Renta neta media por hogar;2015;33.014
08268 Cercs;;;Renta neta media por hogar;2023;34.696
08268 Cercs;;;Renta neta media por hogar;2022;33.517
08268 Cercs;;;Renta neta media por hogar;2021;32.232
08268 Cercs;;;Renta neta media por hogar;2020;31.099
08268 Cercs;;;Renta neta media por hogar;2019;31.023
08268 Cercs;;;Renta neta media por hogar;2018;29.449
08268 Cercs;;;Renta neta media por hogar;2017;27.798
08268 Cercs;;;Renta neta media por hogar;2016;27.225
08268 Cercs;;;Renta neta media por hogar;2015;27.373
08269 Seva;;;Renta neta media por hogar;2023;49.171
08269 Seva;;;Renta neta media por hogar;2022;45.904
08269 Seva;;;Renta neta media por hogar;2021;43.127
08269 Seva;;;Renta neta media por hogar;2020;41.830
08269 Seva;;;Renta neta media por hogar;2019;40.001
08269 Seva;;;Renta neta media por hogar;2018;37.923
08269 Seva;;;Renta neta media por hogar;2017;36.428
08269 Seva;;;Renta neta media por hogar;2016;35.604
08269 Seva;;;Renta neta media por hogar;2015;34.471
08270 Sitges;;;Renta neta media por hogar;2023;51.676
08270 Sitges;;;Renta neta media por hogar;2022;47.800
08270 Sitges;;;Renta neta media por hogar;2021;44.670
08270 Sitges;;;Renta neta media por hogar;2020;42.710
08270 Sitges;;;Renta neta media por hogar;2019;42.967
08270 Sitges;;;Renta neta media por hogar;2018;42.166
08270 Sitges;;;Renta neta media por hogar;2017;39.373
08270 Sitges;;;Renta neta media por hogar;2016;37.935
08270 Sitges;;;Renta neta media por hogar;2015;36.383
08271 Sobremunt;;;Renta neta media por hogar;2023;.
08271 Sobremunt;;;Renta neta media por hogar;2022;.
08271 Sobremunt;;;Renta neta media por hogar;2021;37.098
08271 Sobremunt;;;Renta neta media por hogar;2020;35.486
08271 Sobremunt;;;Renta neta media por hogar;2019;.
08271 Sobremunt;;;Renta neta media por hogar;2018;.
08271 Sobremunt;;;Renta neta media por hogar;2017;.
08271 Sobremunt;;;Renta neta media por hogar;2016;.
08271 Sobremunt;;;Renta neta media por hogar;2015;.
08272 Sora;;;Renta neta media por hogar;2023;42.406
08272 Sora;;;Renta neta media por hogar;2022;39.399
08272 Sora;;;Renta neta media por hogar;2021;37.873
08272 Sora;;;Renta neta media por hogar;2020;35.056
08272 Sora;;;Renta neta media por hogar;2019;35.683
08272 Sora;;;Renta neta media por hogar;2018;34.126
08272 Sora;;;Renta neta media por hogar;2017;29.137
08272 Sora;;;Renta neta media por hogar;2016;27.482
08272 Sora;;;Renta neta media por hogar;2015;28.711
08273 Subirats;;;Renta neta media por hogar;2023;44.380
08273 Subirats;;;Renta neta media por hogar;2022;41.476
08273 Subirats;;;Renta neta media por hogar;2021;39.890
08273 Subirats;;;Renta neta media por hogar;2020;37.382
08273 Subirats;;;Renta neta media por hogar;2019;37.795
08273 Subirats;;;Renta neta media por hogar;2018;35.922
08273 Subirats;;;Renta neta media por hogar;2017;34.282
08273 Subirats;;;Renta neta media por hogar;2016;33.512
08273 Subirats;;;Renta neta media por hogar;2015;32.111
08274 Súria;;;Renta neta media por hogar;2023;40.971
08274 Súria;;;Renta neta media por hogar;2022;38.695
08274 Súria;;;Renta neta media por hogar;2021;37.140
08274 Súria;;;Renta neta media por hogar;2020;36.859
08274 Súria;;;Renta neta media por hogar;2019;36.599
08274 Súria;;;Renta neta media por hogar;2018;35.263
08274 Súria;;;Renta neta media por hogar;2017;34.174
08274 Súria;;;Renta neta media por hogar;2016;33.196
08274 Súria;;;Renta neta media por hogar;2015;32.826
08275 Tavèrnoles;;;Renta neta media por hogar;2023;60.281
08275 Tavèrnoles;;;Renta neta media por hogar;2022;56.286
08275 Tavèrnoles;;;Renta neta media por hogar;2021;53.951
08275 Tavèrnoles;;;Renta neta media por hogar;2020;52.488
08275 Tavèrnoles;;;Renta neta media por hogar;2019;53.066
08275 Tavèrnoles;;;Renta neta media por hogar;2018;47.673
08275 Tavèrnoles;;;Renta neta media por hogar;2017;47.657
08275 Tavèrnoles;;;Renta neta media por hogar;2016;48.547
08275 Tavèrnoles;;;Renta neta media por hogar;2015;43.375
08276 Tagamanent;;;Renta neta media por hogar;2023;44.671
08276 Tagamanent;;;Renta neta media por hogar;2022;42.678
08276 Tagamanent;;;Renta neta media por hogar;2021;39.422
08276 Tagamanent;;;Renta neta media por hogar;2020;38.485
08276 Tagamanent;;;Renta neta media por hogar;2019;35.242
08276 Tagamanent;;;Renta neta media por hogar;2018;34.621
08276 Tagamanent;;;Renta neta media por hogar;2017;31.837
08276 Tagamanent;;;Renta neta media por hogar;2016;31.460
08276 Tagamanent;;;Renta neta media por hogar;2015;32.093
08277 Talamanca;;;Renta neta media por hogar;2023;36.455
08277 Talamanca;;;Renta neta media por hogar;2022;34.433
08277 Talamanca;;;Renta neta media por hogar;2021;35.602
08277 Talamanca;;;Renta neta media por hogar;2020;34.854
08277 Talamanca;;;Renta neta media por hogar;2019;32.351
08277 Talamanca;;;Renta neta media por hogar;2018;33.871
08277 Talamanca;;;Renta neta media por hogar;2017;33.873
08277 Talamanca;;;Renta neta media por hogar;2016;35.108
08277 Talamanca;;;Renta neta media por hogar;2015;32.244
08278 Taradell;;;Renta neta media por hogar;2023;47.293
08278 Taradell;;;Renta neta media por hogar;2022;46.316
08278 Taradell;;;Renta neta media por hogar;2021;42.836
08278 Taradell;;;Renta neta media por hogar;2020;41.948
08278 Taradell;;;Renta neta media por hogar;2019;41.085
08278 Taradell;;;Renta neta media por hogar;2018;39.390
08278 Taradell;;;Renta neta media por hogar;2017;37.009
08278 Taradell;;;Renta neta media por hogar;2016;36.484
08278 Taradell;;;Renta neta media por hogar;2015;35.134
08279 Terrassa;;;Renta neta media por hogar;2023;40.058
08279 Terrassa;;;Renta neta media por hogar;2022;38.112
08279 Terrassa;;;Renta neta media por hogar;2021;36.656
08279 Terrassa;;;Renta neta media por hogar;2020;35.192
08279 Terrassa;;;Renta neta media por hogar;2019;35.132
08279 Terrassa;;;Renta neta media por hogar;2018;33.621
08279 Terrassa;;;Renta neta media por hogar;2017;32.184
08279 Terrassa;;;Renta neta media por hogar;2016;31.250
08279 Terrassa;;;Renta neta media por hogar;2015;30.321
08280 Tavertet;;;Renta neta media por hogar;2023;41.279
08280 Tavertet;;;Renta neta media por hogar;2022;37.859
08280 Tavertet;;;Renta neta media por hogar;2021;37.947
08280 Tavertet;;;Renta neta media por hogar;2020;33.368
08280 Tavertet;;;Renta neta media por hogar;2019;28.207
08280 Tavertet;;;Renta neta media por hogar;2018;26.809
08280 Tavertet;;;Renta neta media por hogar;2017;24.045
08280 Tavertet;;;Renta neta media por hogar;2016;24.944
08280 Tavertet;;;Renta neta media por hogar;2015;26.735
08281 Teià;;;Renta neta media por hogar;2023;65.106
08281 Teià;;;Renta neta media por hogar;2022;60.887
08281 Teià;;;Renta neta media por hogar;2021;53.286
08281 Teià;;;Renta neta media por hogar;2020;51.269
08281 Teià;;;Renta neta media por hogar;2019;53.686
08281 Teià;;;Renta neta media por hogar;2018;53.179
08281 Teià;;;Renta neta media por hogar;2017;50.044
08281 Teià;;;Renta neta media por hogar;2016;49.502
08281 Teià;;;Renta neta media por hogar;2015;47.821
08282 Tiana;;;Renta neta media por hogar;2023;65.678
08282 Tiana;;;Renta neta media por hogar;2022;61.831
08282 Tiana;;;Renta neta media por hogar;2021;57.562
08282 Tiana;;;Renta neta media por hogar;2020;57.159
08282 Tiana;;;Renta neta media por hogar;2019;58.206
08282 Tiana;;;Renta neta media por hogar;2018;56.155
08282 Tiana;;;Renta neta media por hogar;2017;55.627
08282 Tiana;;;Renta neta media por hogar;2016;52.993
08282 Tiana;;;Renta neta media por hogar;2015;50.444
08283 Tona;;;Renta neta media por hogar;2023;45.653
08283 Tona;;;Renta neta media por hogar;2022;43.584
08283 Tona;;;Renta neta media por hogar;2021;41.254
08283 Tona;;;Renta neta media por hogar;2020;39.859
08283 Tona;;;Renta neta media por hogar;2019;35.406
08283 Tona;;;Renta neta media por hogar;2018;37.444
08283 Tona;;;Renta neta media por hogar;2017;36.029
08283 Tona;;;Renta neta media por hogar;2016;35.206
08283 Tona;;;Renta neta media por hogar;2015;33.639
08284 Tordera;;;Renta neta media por hogar;2023;35.762
08284 Tordera;;;Renta neta media por hogar;2022;32.970
08284 Tordera;;;Renta neta media por hogar;2021;31.365
08284 Tordera;;;Renta neta media por hogar;2020;30.559
08284 Tordera;;;Renta neta media por hogar;2019;30.554
08284 Tordera;;;Renta neta media por hogar;2018;29.258
08284 Tordera;;;Renta neta media por hogar;2017;27.725
08284 Tordera;;;Renta neta media por hogar;2016;26.677
08284 Tordera;;;Renta neta media por hogar;2015;26.027
08285 Torelló;;;Renta neta media por hogar;2023;41.645
08285 Torelló;;;Renta neta media por hogar;2022;39.413
08285 Torelló;;;Renta neta media por hogar;2021;37.977
08285 Torelló;;;Renta neta media por hogar;2020;36.849
08285 Torelló;;;Renta neta media por hogar;2019;36.785
08285 Torelló;;;Renta neta media por hogar;2018;35.707
08285 Torelló;;;Renta neta media por hogar;2017;33.958
08285 Torelló;;;Renta neta media por hogar;2016;33.239
08285 Torelló;;;Renta neta media por hogar;2015;31.676
08286 Torre de Claramunt, La;;;Renta neta media por hogar;2023;39.400
08286 Torre de Claramunt, La;;;Renta neta media por hogar;2022;35.654
08286 Torre de Claramunt, La;;;Renta neta media por hogar;2021;35.420
08286 Torre de Claramunt, La;;;Renta neta media por hogar;2020;33.892
08286 Torre de Claramunt, La;;;Renta neta media por hogar;2019;33.690
08286 Torre de Claramunt, La;;;Renta neta media por hogar;2018;32.848
08286 Torre de Claramunt, La;;;Renta neta media por hogar;2017;31.340
08286 Torre de Claramunt, La;;;Renta neta media por hogar;2016;31.366
08286 Torre de Claramunt, La;;;Renta neta media por hogar;2015;30.562
08287 Torrelavit;;;Renta neta media por hogar;2023;46.601
08287 Torrelavit;;;Renta neta media por hogar;2022;42.079
08287 Torrelavit;;;Renta neta media por hogar;2021;40.103
08287 Torrelavit;;;Renta neta media por hogar;2020;37.814
08287 Torrelavit;;;Renta neta media por hogar;2019;37.963
08287 Torrelavit;;;Renta neta media por hogar;2018;36.524
08287 Torrelavit;;;Renta neta media por hogar;2017;34.105
08287 Torrelavit;;;Renta neta media por hogar;2016;33.771
08287 Torrelavit;;;Renta neta media por hogar;2015;33.098
08288 Torrelles de Foix;;;Renta neta media por hogar;2023;32.326
08288 Torrelles de Foix;;;Renta neta media por hogar;2022;29.936
08288 Torrelles de Foix;;;Renta neta media por hogar;2021;28.711
08288 Torrelles de Foix;;;Renta neta media por hogar;2020;27.671
08288 Torrelles de Foix;;;Renta neta media por hogar;2019;27.496
08288 Torrelles de Foix;;;Renta neta media por hogar;2018;26.393
08288 Torrelles de Foix;;;Renta neta media por hogar;2017;25.548
08288 Torrelles de Foix;;;Renta neta media por hogar;2016;24.882
08288 Torrelles de Foix;;;Renta neta media por hogar;2015;23.672
08289 Torrelles de Llobregat;;;Renta neta media por hogar;2023;51.668
08289 Torrelles de Llobregat;;;Renta neta media por hogar;2022;48.755
08289 Torrelles de Llobregat;;;Renta neta media por hogar;2021;46.994
08289 Torrelles de Llobregat;;;Renta neta media por hogar;2020;44.812
08289 Torrelles de Llobregat;;;Renta neta media por hogar;2019;44.335
08289 Torrelles de Llobregat;;;Renta neta media por hogar;2018;42.721
08289 Torrelles de Llobregat;;;Renta neta media por hogar;2017;41.676
08289 Torrelles de Llobregat;;;Renta neta media por hogar;2016;40.076
08289 Torrelles de Llobregat;;;Renta neta media por hogar;2015;38.428
08290 Ullastrell;;;Renta neta media por hogar;2023;51.173
08290 Ullastrell;;;Renta neta media por hogar;2022;48.808
08290 Ullastrell;;;Renta neta media por hogar;2021;45.790
08290 Ullastrell;;;Renta neta media por hogar;2020;43.174
08290 Ullastrell;;;Renta neta media por hogar;2019;42.496
08290 Ullastrell;;;Renta neta media por hogar;2018;41.453
08290 Ullastrell;;;Renta neta media por hogar;2017;40.113
08290 Ullastrell;;;Renta neta media por hogar;2016;38.916
08290 Ullastrell;;;Renta neta media por hogar;2015;38.094
08291 Vacarisses;;;Renta neta media por hogar;2023;46.087
08291 Vacarisses;;;Renta neta media por hogar;2022;43.177
08291 Vacarisses;;;Renta neta media por hogar;2021;40.521
08291 Vacarisses;;;Renta neta media por hogar;2020;38.955
08291 Vacarisses;;;Renta neta media por hogar;2019;38.313
08291 Vacarisses;;;Renta neta media por hogar;2018;36.455
08291 Vacarisses;;;Renta neta media por hogar;2017;34.721
08291 Vacarisses;;;Renta neta media por hogar;2016;33.863
08291 Vacarisses;;;Renta neta media por hogar;2015;32.403
08292 Vallbona d'Anoia;;;Renta neta media por hogar;2023;40.788
08292 Vallbona d'Anoia;;;Renta neta media por hogar;2022;38.530
08292 Vallbona d'Anoia;;;Renta neta media por hogar;2021;37.687
08292 Vallbona d'Anoia;;;Renta neta media por hogar;2020;36.938
08292 Vallbona d'Anoia;;;Renta neta media por hogar;2019;35.747
08292 Vallbona d'Anoia;;;Renta neta media por hogar;2018;35.955
08292 Vallbona d'Anoia;;;Renta neta media por hogar;2017;33.705
08292 Vallbona d'Anoia;;;Renta neta media por hogar;2016;32.588
08292 Vallbona d'Anoia;;;Renta neta media por hogar;2015;32.866
08293 Vallcebre;;;Renta neta media por hogar;2023;41.416
08293 Vallcebre;;;Renta neta media por hogar;2022;37.810
08293 Vallcebre;;;Renta neta media por hogar;2021;37.029
08293 Vallcebre;;;Renta neta media por hogar;2020;35.098
08293 Vallcebre;;;Renta neta media por hogar;2019;34.352
08293 Vallcebre;;;Renta neta media por hogar;2018;33.321
08293 Vallcebre;;;Renta neta media por hogar;2017;35.169
08293 Vallcebre;;;Renta neta media por hogar;2016;33.196
08293 Vallcebre;;;Renta neta media por hogar;2015;32.595
08294 Vallgorguina;;;Renta neta media por hogar;2023;43.967
08294 Vallgorguina;;;Renta neta media por hogar;2022;41.759
08294 Vallgorguina;;;Renta neta media por hogar;2021;40.349
08294 Vallgorguina;;;Renta neta media por hogar;2020;38.248
08294 Vallgorguina;;;Renta neta media por hogar;2019;38.217
08294 Vallgorguina;;;Renta neta media por hogar;2018;36.073
08294 Vallgorguina;;;Renta neta media por hogar;2017;33.947
08294 Vallgorguina;;;Renta neta media por hogar;2016;33.133
08294 Vallgorguina;;;Renta neta media por hogar;2015;32.966
08295 Vallirana;;;Renta neta media por hogar;2023;47.243
08295 Vallirana;;;Renta neta media por hogar;2022;43.936
08295 Vallirana;;;Renta neta media por hogar;2021;42.282
08295 Vallirana;;;Renta neta media por hogar;2020;40.546
08295 Vallirana;;;Renta neta media por hogar;2019;40.746
08295 Vallirana;;;Renta neta media por hogar;2018;38.710
08295 Vallirana;;;Renta neta media por hogar;2017;37.079
08295 Vallirana;;;Renta neta media por hogar;2016;35.735
08295 Vallirana;;;Renta neta media por hogar;2015;34.509
08296 Vallromanes;;;Renta neta media por hogar;2023;65.363
08296 Vallromanes;;;Renta neta media por hogar;2022;57.685
08296 Vallromanes;;;Renta neta media por hogar;2021;56.598
08296 Vallromanes;;;Renta neta media por hogar;2020;54.682
08296 Vallromanes;;;Renta neta media por hogar;2019;55.964
08296 Vallromanes;;;Renta neta media por hogar;2018;58.270
08296 Vallromanes;;;Renta neta media por hogar;2017;53.892
08296 Vallromanes;;;Renta neta media por hogar;2016;52.783
08296 Vallromanes;;;Renta neta media por hogar;2015;47.792
08297 Veciana;;;Renta neta media por hogar;2023;41.961
08297 Veciana;;;Renta neta media por hogar;2022;40.848
08297 Veciana;;;Renta neta media por hogar;2021;36.456
08297 Veciana;;;Renta neta media por hogar;2020;38.397
08297 Veciana;;;Renta neta media por hogar;2019;36.820
08297 Veciana;;;Renta neta media por hogar;2018;37.411
08297 Veciana;;;Renta neta media por hogar;2017;30.691
08297 Veciana;;;Renta neta media por hogar;2016;31.144
08297 Veciana;;;Renta neta media por hogar;2015;27.935
08298 Vic;;;Renta neta media por hogar;2023;42.616
08298 Vic;;;Renta neta media por hogar;2022;40.430
08298 Vic;;;Renta neta media por hogar;2021;38.359
08298 Vic;;;Renta neta media por hogar;2020;37.336
08298 Vic;;;Renta neta media por hogar;2019;37.321
08298 Vic;;;Renta neta media por hogar;2018;34.970
08298 Vic;;;Renta neta media por hogar;2017;34.720
08298 Vic;;;Renta neta media por hogar;2016;33.484
08298 Vic;;;Renta neta media por hogar;2015;32.022
08299 Vilada;;;Renta neta media por hogar;2023;36.826
08299 Vilada;;;Renta neta media por hogar;2022;34.445
08299 Vilada;;;Renta neta media por hogar;2021;34.773
08299 Vilada;;;Renta neta media por hogar;2020;34.008
08299 Vilada;;;Renta neta media por hogar;2019;31.747
08299 Vilada;;;Renta neta media por hogar;2018;31.775
08299 Vilada;;;Renta neta media por hogar;2017;30.324
08299 Vilada;;;Renta neta media por hogar;2016;29.165
08299 Vilada;;;Renta neta media por hogar;2015;29.537
08300 Viladecavalls;;;Renta neta media por hogar;2023;54.329
08300 Viladecavalls;;;Renta neta media por hogar;2022;51.702
08300 Viladecavalls;;;Renta neta media por hogar;2021;49.359
08300 Viladecavalls;;;Renta neta media por hogar;2020;47.061
08300 Viladecavalls;;;Renta neta media por hogar;2019;46.742
08300 Viladecavalls;;;Renta neta media por hogar;2018;44.616
08300 Viladecavalls;;;Renta neta media por hogar;2017;43.174
08300 Viladecavalls;;;Renta neta media por hogar;2016;41.212
08300 Viladecavalls;;;Renta neta media por hogar;2015;40.487
08301 Viladecans;;;Renta neta media por hogar;2023;42.887
08301 Viladecans;;;Renta neta media por hogar;2022;40.369
08301 Viladecans;;;Renta neta media por hogar;2021;38.945
08301 Viladecans;;;Renta neta media por hogar;2020;37.205
08301 Viladecans;;;Renta neta media por hogar;2019;37.220
08301 Viladecans;;;Renta neta media por hogar;2018;35.947
08301 Viladecans;;;Renta neta media por hogar;2017;34.165
08301 Viladecans;;;Renta neta media por hogar;2016;33.315
08301 Viladecans;;;Renta neta media por hogar;2015;32.125
08302 Vilanova del Camí;;;Renta neta media por hogar;2023;35.538
08302 Vilanova del Camí;;;Renta neta media por hogar;2022;33.545
08302 Vilanova del Camí;;;Renta neta media por hogar;2021;31.991
08302 Vilanova del Camí;;;Renta neta media por hogar;2020;30.883
08302 Vilanova del Camí;;;Renta neta media por hogar;2019;30.529
08302 Vilanova del Camí;;;Renta neta media por hogar;2018;29.449
08302 Vilanova del Camí;;;Renta neta media por hogar;2017;28.064
08302 Vilanova del Camí;;;Renta neta media por hogar;2016;27.351
08302 Vilanova del Camí;;;Renta neta media por hogar;2015;26.462
08303 Vilanova de Sau;;;Renta neta media por hogar;2023;39.089
08303 Vilanova de Sau;;;Renta neta media por hogar;2022;37.460
08303 Vilanova de Sau;;;Renta neta media por hogar;2021;37.251
08303 Vilanova de Sau;;;Renta neta media por hogar;2020;34.071
08303 Vilanova de Sau;;;Renta neta media por hogar;2019;34.277
08303 Vilanova de Sau;;;Renta neta media por hogar;2018;32.039
08303 Vilanova de Sau;;;Renta neta media por hogar;2017;31.149
08303 Vilanova de Sau;;;Renta neta media por hogar;2016;28.550
08303 Vilanova de Sau;;;Renta neta media por hogar;2015;28.531
08304 Vilobí del Penedès;;;Renta neta media por hogar;2023;49.730
08304 Vilobí del Penedès;;;Renta neta media por hogar;2022;47.432
08304 Vilobí del Penedès;;;Renta neta media por hogar;2021;43.897
08304 Vilobí del Penedès;;;Renta neta media por hogar;2020;42.814
08304 Vilobí del Penedès;;;Renta neta media por hogar;2019;42.492
08304 Vilobí del Penedès;;;Renta neta media por hogar;2018;39.893
08304 Vilobí del Penedès;;;Renta neta media por hogar;2017;38.561
08304 Vilobí del Penedès;;;Renta neta media por hogar;2016;38.405
08304 Vilobí del Penedès;;;Renta neta media por hogar;2015;37.954
08305 Vilafranca del Penedès;;;Renta neta media por hogar;2023;39.684
08305 Vilafranca del Penedès;;;Renta neta media por hogar;2022;37.018
08305 Vilafranca del Penedès;;;Renta neta media por hogar;2021;35.998
08305 Vilafranca del Penedès;;;Renta neta media por hogar;2020;34.405
08305 Vilafranca del Penedès;;;Renta neta media por hogar;2019;33.949
08305 Vilafranca del Penedès;;;Renta neta media por hogar;2018;32.969
08305 Vilafranca del Penedès;;;Renta neta media por hogar;2017;31.880
08305 Vilafranca del Penedès;;;Renta neta media por hogar;2016;30.696
08305 Vilafranca del Penedès;;;Renta neta media por hogar;2015;29.862
08306 Vilalba Sasserra;;;Renta neta media por hogar;2023;38.565
08306 Vilalba Sasserra;;;Renta neta media por hogar;2022;35.965
08306 Vilalba Sasserra;;;Renta neta media por hogar;2021;34.019
08306 Vilalba Sasserra;;;Renta neta media por hogar;2020;33.848
08306 Vilalba Sasserra;;;Renta neta media por hogar;2019;32.621
08306 Vilalba Sasserra;;;Renta neta media por hogar;2018;31.008
08306 Vilalba Sasserra;;;Renta neta media por hogar;2017;29.984
08306 Vilalba Sasserra;;;Renta neta media por hogar;2016;29.049
08306 Vilalba Sasserra;;;Renta neta media por hogar;2015;28.315
08307 Vilanova i la Geltrú;;;Renta neta media por hogar;2023;41.375
08307 Vilanova i la Geltrú;;;Renta neta media por hogar;2022;39.345
08307 Vilanova i la Geltrú;;;Renta neta media por hogar;2021;36.966
08307 Vilanova i la Geltrú;;;Renta neta media por hogar;2020;35.717
08307 Vilanova i la Geltrú;;;Renta neta media por hogar;2019;35.810
08307 Vilanova i la Geltrú;;;Renta neta media por hogar;2018;34.288
08307 Vilanova i la Geltrú;;;Renta neta media por hogar;2017;32.551
08307 Vilanova i la Geltrú;;;Renta neta media por hogar;2016;31.766
08307 Vilanova i la Geltrú;;;Renta neta media por hogar;2015;31.003
08308 Viver i Serrateix;;;Renta neta media por hogar;2023;64.436
08308 Viver i Serrateix;;;Renta neta media por hogar;2022;52.590
08308 Viver i Serrateix;;;Renta neta media por hogar;2021;51.864
08308 Viver i Serrateix;;;Renta neta media por hogar;2020;52.217
08308 Viver i Serrateix;;;Renta neta media por hogar;2019;52.788
08308 Viver i Serrateix;;;Renta neta media por hogar;2018;54.469
08308 Viver i Serrateix;;;Renta neta media por hogar;2017;47.074
08308 Viver i Serrateix;;;Renta neta media por hogar;2016;49.651
08308 Viver i Serrateix;;;Renta neta media por hogar;2015;44.394
08901 Rupit i Pruit;;;Renta neta media por hogar;2023;43.624
08901 Rupit i Pruit;;;Renta neta media por hogar;2022;39.166
08901 Rupit i Pruit;;;Renta neta media por hogar;2021;37.536
08901 Rupit i Pruit;;;Renta neta media por hogar;2020;39.423
08901 Rupit i Pruit;;;Renta neta media por hogar;2019;35.575
08901 Rupit i Pruit;;;Renta neta media por hogar;2018;33.675
08901 Rupit i Pruit;;;Renta neta media por hogar;2017;30.834
08901 Rupit i Pruit;;;Renta neta media por hogar;2016;31.719
08901 Rupit i Pruit;;;Renta neta media por hogar;2015;29.370
08902 Vilanova del Vallès;;;Renta neta media por hogar;2023;55.594
08902 Vilanova del Vallès;;;Renta neta media por hogar;2022;51.342
08902 Vilanova del Vallès;;;Renta neta media por hogar;2021;46.911
08902 Vilanova del Vallès;;;Renta neta media por hogar;2020;45.972
08902 Vilanova del Vallès;;;Renta neta media por hogar;2019;46.885
08902 Vilanova del Vallès;;;Renta neta media por hogar;2018;45.225
08902 Vilanova del Vallès;;;Renta neta media por hogar;2017;43.744
08902 Vilanova del Vallès;;;Renta neta media por hogar;2016;42.943
08902 Vilanova del Vallès;;;Renta neta media por hogar;2015;40.660
08903 Sant Julià de Cerdanyola;;;Renta neta media por hogar;2023;38.667
08903 Sant Julià de Cerdanyola;;;Renta neta media por hogar;2022;38.998
08903 Sant Julià de Cerdanyola;;;Renta neta media por hogar;2021;36.779
08903 Sant Julià de Cerdanyola;;;Renta neta media por hogar;2020;34.275
08903 Sant Julià de Cerdanyola;;;Renta neta media por hogar;2019;37.585
08903 Sant Julià de Cerdanyola;;;Renta neta media por hogar;2018;35.449
08903 Sant Julià de Cerdanyola;;;Renta neta media por hogar;2017;32.629
08903 Sant Julià de Cerdanyola;;;Renta neta media por hogar;2016;31.483
08903 Sant Julià de Cerdanyola;;;Renta neta media por hogar;2015;37.764
08904 Badia del Vallès;;;Renta neta media por hogar;2023;32.123
08904 Badia del Vallès;;;Renta neta media por hogar;2022;30.561
08904 Badia del Vallès;;;Renta neta media por hogar;2021;29.153
08904 Badia del Vallès;;;Renta neta media por hogar;2020;28.239
08904 Badia del Vallès;;;Renta neta media por hogar;2019;28.532
08904 Badia del Vallès;;;Renta neta media por hogar;2018;27.419
08904 Badia del Vallès;;;Renta neta media por hogar;2017;26.002
08904 Badia del Vallès;;;Renta neta media por hogar;2016;25.281
08904 Badia del Vallès;;;Renta neta media por hogar;2015;24.377
08905 Palma de Cervelló, La;;;Renta neta media por hogar;2023;49.631
08905 Palma de Cervelló, La;;;Renta neta media por hogar;2022;47.056
08905 Palma de Cervelló, La;;;Renta neta media por hogar;2021;45.963
08905 Palma de Cervelló, La;;;Renta neta media por hogar;2020;43.743
08905 Palma de Cervelló, La;;;Renta neta media por hogar;2019;42.941
08905 Palma de Cervelló, La;;;Renta neta media por hogar;2018;41.947
08905 Palma de Cervelló, La;;;Renta neta media por hogar;2017;41.061
08905 Palma de Cervelló, La;;;Renta neta media por hogar;2016;38.981
08905 Palma de Cervelló, La;;;Renta neta media por hogar;2015;38.053
