"pais","anio","region","region_id","tramo","contribucion_po","contribucion_vtas","ent_nr","ent_per_1000","n_muertes","n_nace","tm","tn","ts1","tasa_informalidad","tasa_pobreza","tasa_homicidios","tasa_desempleo","poblacion","km_2","densidad_poblacion","pib_regional","ingresos_promedio_per_capita","ingreso_medio_hogares","idh","gini","esperanza_vida_mujeres","esperanza_vida_hombres","aporte_pib","anios_educacion_promedio"
"Uruguay",2011,"Montevideo",1,"Micro",17.3617153,2.1328468,63992,46.5213805752683,9577,12502,14.9659332,19.5368171,85.0340668,20.51299994,16.8,NA,6.2,1375539.57360456,530,2595.35768604634,318058.2727,43062.2,90155.95938,0.830465058,0.409,80.1,72.8,50.28822159,10.35371488
"Uruguay",2011,"Montevideo",1,"Pequeña",19.2512722,3.6653535,13285,9.65802820575133,526,653,3.9593527,4.915318,96.0406473,20.51299994,16.8,NA,6.2,1375539.57360456,530,2595.35768604634,318058.2727,43062.2,90155.95938,0.830465058,0.409,80.1,72.8,50.28822159,10.35371488
"Uruguay",2011,"Montevideo",1,"Mediana",22.0827198,10.1487284,3078,2.23766735546124,65,87,2.1117609,2.8265107,97.8882391,20.51299994,16.8,NA,6.2,1375539.57360456,530,2595.35768604634,318058.2727,43062.2,90155.95938,0.830465058,0.409,80.1,72.8,50.28822159,10.35371488
"Uruguay",2011,"Montevideo",1,"Grandes",41.3042946,84.0530701,602,0.437646441841347,9,10,NA,NA,NA,20.51299994,16.8,NA,6.2,1375539.57360456,530,2595.35768604634,318058.2727,43062.2,90155.95938,0.830465058,0.409,80.1,72.8,50.28822159,10.35371488
"Uruguay",2012,"Montevideo",1,"Micro",17.4280567,2.1614623,65002,47.2444297323936,9990,12135,15.3687579,18.6686563,84.6312421,19.30094279,16.7,NA,6.5,1375865.90351901,530,2595.97340286605,331040.0472,40705.1,88948.57563,0.830554283,0.385,80.2,73,50.75571935,10.29762667
"Uruguay",2012,"Montevideo",1,"Pequeña",18.9714794,3.7103083,14952,10.8673381335767,657,666,4.394061,4.4542536,95.605939,19.30094279,16.7,NA,6.5,1375865.90351901,530,2595.97340286605,331040.0472,40705.1,88948.57563,0.830554283,0.385,80.2,73,50.75571935,10.29762667
"Uruguay",2012,"Montevideo",1,"Mediana",22.0953503,10.4884186,2939,2.13610933484362,83,45,2.8240898,1.531133,97.1759102,19.30094279,16.7,NA,6.5,1375865.90351901,530,2595.97340286605,331040.0472,40705.1,88948.57563,0.830554283,0.385,80.2,73,50.75571935,10.29762667
"Uruguay",2012,"Montevideo",1,"Grandes",41.5051117,83.6398163,604,0.438996270243466,21,4,NA,NA,NA,19.30094279,16.7,NA,6.5,1375865.90351901,530,2595.97340286605,331040.0472,40705.1,88948.57563,0.830554283,0.385,80.2,73,50.75571935,10.29762667
"Uruguay",2013,"Montevideo",1,"Micro",17.4764633,2.0726087,66438,48.3709737576006,10251,11708,15.4294229,17.622445,84.5705771,18.15208468,15.7,NA,6.5,1373509.6657954,530,2591.52767131207,345245.145032135,42789.3,93867.99587,0.833490264,0.398,80.3,73.2,50.10065481,10.36520204
"Uruguay",2013,"Montevideo",1,"Pequeña",18.8733139,3.500222,12656,9.21435088166702,525,687,4.1482301,5.4282554,95.8517699,18.15208468,15.7,NA,6.5,1373509.6657954,530,2591.52767131207,345245.145032135,42789.3,93867.99587,0.833490264,0.398,80.3,73.2,50.10065481,10.36520204
"Uruguay",2013,"Montevideo",1,"Mediana",22.350666,10.158061,5330,3.88056970601179,78,83,1.4634146,1.5572233,98.5365854,18.15208468,15.7,NA,6.5,1373509.6657954,530,2591.52767131207,345245.145032135,42789.3,93867.99587,0.833490264,0.398,80.3,73.2,50.10065481,10.36520204
"Uruguay",2013,"Montevideo",1,"Grandes",41.2995567,84.2691116,626,0.455766723445287,4,9,NA,NA,NA,18.15208468,15.7,NA,6.5,1373509.6657954,530,2591.52767131207,345245.145032135,42789.3,93867.99587,0.833490264,0.398,80.3,73.2,50.10065481,10.36520204
"Uruguay",2014,"Montevideo",1,"Micro",17.1172581,2.1371922,67926,49.5284804265977,10984,11004,16.1705385,16.1999823,83.8294615,17.7252173,13.1,NA,6.7,1371453.34189422,530,2587.64781489476,354477.379772581,45541.4,94693.51168,0.838727907,0.393,80.4,73.4,50.49152213,10.49780482
"Uruguay",2014,"Montevideo",1,"Pequeña",18.240963,3.6407025,13677,9.97263237632978,549,657,4.0140382,4.803685,95.9859618,17.7252173,13.1,NA,6.7,1371453.34189422,530,2587.64781489476,354477.379772581,45541.4,94693.51168,0.838727907,0.393,80.4,73.4,50.49152213,10.49780482
"Uruguay",2014,"Montevideo",1,"Mediana",22.1240196,10.7031298,3671,2.67672248691282,86,134,2.3426859,3.6502315,97.6573141,17.7252173,13.1,NA,6.7,1371453.34189422,530,2587.64781489476,354477.379772581,45541.4,94693.51168,0.838727907,0.393,80.4,73.4,50.49152213,10.49780482
"Uruguay",2014,"Montevideo",1,"Grandes",42.517765,83.5189819,800,0.583322797474872,33,51,NA,NA,NA,17.7252173,13.1,NA,6.7,1371453.34189422,530,2587.64781489476,354477.379772581,45541.4,94693.51168,0.838727907,0.393,80.4,73.4,50.49152213,10.49780482
"Uruguay",2015,"Montevideo",1,"Micro",17.5137711,2.1554527,70935,51.8038024443034,9772,11078,13.7759921,15.6171143,86.2240079,16.68084228,13.4,NA,7.8,1369301.02913325,530,2583.58684742122,NA,45600,96610.22007,0.841125504,0.396,80.6,73.6,NA,10.51400898
"Uruguay",2015,"Montevideo",1,"Pequeña",18.6215801,3.6485586,11093,8.10121351257711,372,441,3.3534661,3.97548,96.6465339,16.68084228,13.4,NA,7.8,1369301.02913325,530,2583.58684742122,NA,45600,96610.22007,0.841125504,0.396,80.6,73.6,NA,10.51400898
"Uruguay",2015,"Montevideo",1,"Mediana",22.3849277,10.8866539,3061,2.23544708933548,50,49,1.6334531,1.6007841,98.3665469,16.68084228,13.4,NA,7.8,1369301.02913325,530,2583.58684742122,NA,45600,96610.22007,0.841125504,0.396,80.6,73.6,NA,10.51400898
"Uruguay",2015,"Montevideo",1,"Grandes",41.4797211,83.3093338,644,0.470312945289792,8,3,NA,NA,NA,16.68084228,13.4,NA,7.8,1369301.02913325,530,2583.58684742122,NA,45600,96610.22007,0.841125504,0.396,80.6,73.6,NA,10.51400898
"Uruguay",2016,"Montevideo",1,"Micro",17.6346416,2.1547267,68402,50.0638569318522,10364,10087,15.1516038,14.7466448,84.8483962,17.69738165,12.9,NA,8.2,1366295.05179974,530,2577.91519207499,NA,45775.3,94768.16334,0.842753982,0.394,80.7,73.7,NA,10.46772383
"Uruguay",2016,"Montevideo",1,"Pequeña",18.7061501,3.5314002,13694,10.0227253124877,538,525,3.9287279,3.8337958,96.0712721,17.69738165,12.9,NA,8.2,1366295.05179974,530,2577.91519207499,NA,45775.3,94768.16334,0.842753982,0.394,80.7,73.7,NA,10.46772383
"Uruguay",2016,"Montevideo",1,"Mediana",22.3781872,10.1161232,3274,2.39626133146522,52,50,1.5882712,1.5271839,98.4117288,17.69738165,12.9,NA,8.2,1366295.05179974,530,2577.91519207499,NA,45775.3,94768.16334,0.842753982,0.394,80.7,73.7,NA,10.46772383
"Uruguay",2016,"Montevideo",1,"Grandes",41.2810249,84.1977463,646,0.472811490570108,8,5,NA,NA,NA,17.69738165,12.9,NA,8.2,1366295.05179974,530,2577.91519207499,NA,45775.3,94768.16334,0.842753982,0.394,80.7,73.7,NA,10.46772383
"Uruguay",2017,"Montevideo",1,"Micro",16.8612404,2.260596,73295,53.8199095303719,11731,14839,16.0051845,20.2455829,83.9948155,16.85211602,11.2,11.7,8.2,1361856.61848127,530,2569.54078958729,NA,48233.3,100604.2578,0.852414616,0.39,80.8,73.9,NA,10.74332454
"Uruguay",2017,"Montevideo",1,"Pequeña",18.5946789,3.5332115,13457,9.88136329286057,494,491,3.6709519,3.6486587,96.3290481,16.85211602,11.2,11.7,8.2,1361856.61848127,530,2569.54078958729,NA,48233.3,100604.2578,0.852414616,0.39,80.8,73.9,NA,10.74332454
"Uruguay",2017,"Montevideo",1,"Mediana",22.1947231,9.8426218,3293,2.41802254019394,46,43,1.3969025,1.3058002,98.6030975,16.85211602,11.2,11.7,8.2,1361856.61848127,530,2569.54078958729,NA,48233.3,100604.2578,0.852414616,0.39,80.8,73.9,NA,10.74332454
"Uruguay",2017,"Montevideo",1,"Grandes",42.3493576,84.3635635,667,0.489772558247603,8,6,NA,NA,NA,16.85211602,11.2,11.7,8.2,1361856.61848127,530,2569.54078958729,NA,48233.3,100604.2578,0.852414616,0.39,80.8,73.9,NA,10.74332454
"Uruguay",2018,"Montevideo",1,"Micro",17.0764122,2.3709512,74244,54.7585744386906,13707,13537,18.4620979,18.2331232,81.5379021,16.34259644,11.4,16.1,8.7,1355842.45501361,530,2558.19331134644,NA,47712.3,99345.94578,0.853623105,0.392,NA,NA,NA,10.8501155
"Uruguay",2018,"Montevideo",1,"Pequeña",18.4732876,3.7302592,12459,9.1891207226395,500,487,4.0131632,3.9088209,95.9868368,16.34259644,11.4,16.1,8.7,1355842.45501361,530,2558.19331134644,NA,47712.3,99345.94578,0.853623105,0.392,NA,NA,NA,10.8501155
"Uruguay",2018,"Montevideo",1,"Mediana",22.0379448,10.3427582,4330,3.19358638165415,33,64,0.7621247,1.47806,99.2378753,16.34259644,11.4,16.1,8.7,1355842.45501361,530,2558.19331134644,NA,47712.3,99345.94578,0.853623105,0.392,NA,NA,NA,10.8501155
"Uruguay",2018,"Montevideo",1,"Grandes",42.4123535,83.5560303,1077,0.7943400769149,5,7,NA,NA,NA,16.34259644,11.4,16.1,8.7,1355842.45501361,530,2558.19331134644,NA,47712.3,99345.94578,0.853623105,0.392,NA,NA,NA,10.8501155
"Uruguay",2019,"Montevideo",1,"Micro",17.1390915,2.3523405,76113,56.4591411136284,14016,14894,18.4147255,19.5682735,81.5852745,17.48984895,12.2,15.7,8.8,1348107.64915493,530,2543.59933802817,NA,46185.4,97109.69,NA,0.392,NA,NA,NA,10.92440208
"Uruguay",2019,"Montevideo",1,"Pequeña",18.3828583,3.6804745,12944,9.60160711803248,443,437,3.4224351,3.3760816,96.5775649,17.48984895,12.2,15.7,8.8,1348107.64915493,530,2543.59933802817,NA,46185.4,97109.69,NA,0.392,NA,NA,NA,10.92440208
"Uruguay",2019,"Montevideo",1,"Mediana",21.8255424,10.5590897,3168,2.34996070379534,50,50,1.5782828,1.5782828,98.4217172,17.48984895,12.2,15.7,8.8,1348107.64915493,530,2543.59933802817,NA,46185.4,97109.69,NA,0.392,NA,NA,NA,10.92440208
"Uruguay",2019,"Montevideo",1,"Grandes",42.652504,83.4080963,660,0.489575146624029,4,4,NA,NA,NA,17.48984895,12.2,15.7,8.8,1348107.64915493,530,2543.59933802817,NA,46185.4,97109.69,NA,0.392,NA,NA,NA,10.92440208
"Uruguay",2020,"Montevideo",1,"Micro",18.2501259,1.4727435,76414,57.0504251475491,13767,13201,18.0163321,17.2756301,81.9836679,14.52749565,13.6,12.1,9.5,1339411.57848291,530,2527.19165751493,NA,43339.2,91235.0497,NA,0.3882831,NA,NA,NA,NA
"Uruguay",2020,"Montevideo",1,"Pequeña",18.8715229,2.9856491,11966,8.93377374977847,269,208,2.2480361,1.7382584,97.7519639,14.52749565,13.6,12.1,9.5,1339411.57848291,530,2527.19165751493,NA,43339.2,91235.0497,NA,0.3882831,NA,NA,NA,NA
"Uruguay",2020,"Montevideo",1,"Mediana",21.073698,9.5150537,2729,2.03746185551943,21,17,0.7695126,0.6229388,99.2304874,14.52749565,13.6,12.1,9.5,1339411.57848291,530,2527.19165751493,NA,43339.2,91235.0497,NA,0.3882831,NA,NA,NA,NA
"Uruguay",2020,"Montevideo",1,"Grandes",41.8046494,86.0265503,574,0.42854639247642,3,1,NA,NA,NA,14.52749565,13.6,12.1,9.5,1339411.57848291,530,2527.19165751493,NA,43339.2,91235.0497,NA,0.3882831,NA,NA,NA,NA
"Uruguay",2021,"Montevideo",1,"Micro",18.0045738,1.6682917,80569,60.6491694456561,13118,16837,16.2816964,20.8976157,83.7183036,14.58499354,12.9,12.2,9.4,1328443.58358762,530,2506.49732752381,NA,43514.9,93012.07985,NA,NA,NA,NA,NA,11.14458759
"Uruguay",2021,"Montevideo",1,"Pequeña",18.3449116,2.7787769,10890,8.19756302378328,338,389,3.1037649,3.5720845,96.8962351,14.58499354,12.9,12.2,9.4,1328443.58358762,530,2506.49732752381,NA,43514.9,93012.07985,NA,NA,NA,NA,NA,11.14458759
"Uruguay",2021,"Montevideo",1,"Mediana",20.6979008,8.3141785,2904,2.18601680634221,36,64,1.2396694,2.2038567,98.7603306,14.58499354,12.9,12.2,9.4,1328443.58358762,530,2506.49732752381,NA,43514.9,93012.07985,NA,NA,NA,NA,NA,11.14458759
"Uruguay",2021,"Montevideo",1,"Grandes",42.9526176,87.2387543,636,0.478755746843541,8,9,NA,NA,NA,14.58499354,12.9,12.2,9.4,1328443.58358762,530,2506.49732752381,NA,43514.9,93012.07985,NA,NA,NA,NA,NA,11.14458759
"Uruguay",2022,"Montevideo",1,"Micro",20.6452942,1.7978581,84276,64.0906649733531,14077,17840,16.7034506,21.1685415,83.2965494,12.90064223,12.8,15.6,8.4,1314949.68939766,530,2481.0371498069,NA,45492.9,95458.23657,NA,NA,NA,NA,NA,11.33822519
"Uruguay",2022,"Montevideo",1,"Pequeña",16.1552944,2.7596989,11079,8.42541740518984,163,166,1.4712519,1.4983302,98.5287481,12.90064223,12.8,15.6,8.4,1314949.68939766,530,2481.0371498069,NA,45492.9,95458.23657,NA,NA,NA,NA,NA,11.33822519
"Uruguay",2022,"Montevideo",1,"Mediana",20.1871586,8.2305765,3007,2.28677950513637,10,23,0.3325574,0.7648819,99.6674426,12.90064223,12.8,15.6,8.4,1314949.68939766,530,2481.0371498069,NA,45492.9,95458.23657,NA,NA,NA,NA,NA,11.33822519
"Uruguay",2022,"Montevideo",1,"Grandes",43.0122528,87.2118683,650,0.494315489969618,3,1,NA,NA,NA,12.90064223,12.8,15.6,8.4,1314949.68939766,530,2481.0371498069,NA,45492.9,95458.23657,NA,NA,NA,NA,NA,11.33822519
"Uruguay",2011,"Artigas",2,"Micro",35.593689,17.1827755,1644,21.6193743758767,254,311,15.4501217,18.9172749,84.5498783,42.28510093,22,NA,8.1,76042.9035279765,11928,6.37515958484042,8269.69369,21525.9,55757.78688,0.750594235,0.389,79.3,73.4,1.534504826,7.797796035
"Uruguay",2011,"Artigas",2,"Pequeña",35.058857,28.9010048,283,3.72158330193011,11,11,3.8869258,3.8869258,96.1130742,42.28510093,22,NA,8.1,76042.9035279765,11928,6.37515958484042,8269.69369,21525.9,55757.78688,0.750594235,0.389,79.3,73.4,1.534504826,7.797796035
"Uruguay",2011,"Artigas",2,"Mediana",17.0493431,47.4927711,32,0.420815073009766,1,NA,3.125,NA,96.875,42.28510093,22,NA,8.1,76042.9035279765,11928,6.37515958484042,8269.69369,21525.9,55757.78688,0.750594235,0.389,79.3,73.4,1.534504826,7.797796035
"Uruguay",2011,"Artigas",2,"Grandes",12.2981129,6.4234509,2,0.0263009420631103,NA,NA,NA,NA,NA,42.28510093,22,NA,8.1,76042.9035279765,11928,6.37515958484042,8269.69369,21525.9,55757.78688,0.750594235,0.389,79.3,73.4,1.534504826,7.797796035
"Uruguay",2012,"Artigas",2,"Micro",34.3155899,17.9395256,1666,21.941590908924,225,299,13.5054022,17.9471789,86.4945978,42.02126039,16,NA,6.7,75928.8607154921,11928,6.36559865153354,8469.159116,22808.2,57811.42415,0.756168316,0.364,79.4,73.5,1.473665801,8.1020198
"Uruguay",2012,"Artigas",2,"Pequeña",31.9798908,28.9557323,308,4.05642857139772,14,13,4.5454545,4.2207792,95.4545455,42.02126039,16,NA,6.7,75928.8607154921,11928,6.36559865153354,8469.159116,22808.2,57811.42415,0.756168316,0.364,79.4,73.5,1.473665801,8.1020198
"Uruguay",2012,"Artigas",2,"Mediana",15.9237108,47.440033,32,0.421447124301062,1,NA,3.125,NA,96.875,42.02126039,16,NA,6.7,75928.8607154921,11928,6.36559865153354,8469.159116,22808.2,57811.42415,0.756168316,0.364,79.4,73.5,1.473665801,8.1020198
"Uruguay",2012,"Artigas",2,"Grandes",17.7808094,5.6647067,3,0.0395106679032246,NA,NA,NA,NA,NA,42.02126039,16,NA,6.7,75928.8607154921,11928,6.36559865153354,8469.159116,22808.2,57811.42415,0.756168316,0.364,79.4,73.5,1.473665801,8.1020198
"Uruguay",2013,"Artigas",2,"Micro",32.537632,20.3498116,1808,23.7414412014729,279,370,15.4314159,20.4646018,84.5685841,39.85536737,18.3,NA,7,76153.7593550905,11928,6.38445333292174,8805.18540237405,22576.2,56405.07642,0.759951058,0.368,79.6,73.7,1.469972383,8.121079902
"Uruguay",2013,"Artigas",2,"Pequeña",30.7167664,27.9360924,285,3.74242850797554,18,18,6.3157895,6.3157895,93.6842105,39.85536737,18.3,NA,7,76153.7593550905,11928,6.38445333292174,8805.18540237405,22576.2,56405.07642,0.759951058,0.368,79.6,73.7,1.469972383,8.121079902
"Uruguay",2013,"Artigas",2,"Mediana",17.6036243,41.1039276,67,0.879798982576707,3,NA,4.4776119,NA,95.5223881,39.85536737,18.3,NA,7,76153.7593550905,11928,6.38445333292174,8805.18540237405,22576.2,56405.07642,0.759951058,0.368,79.6,73.7,1.469972383,8.121079902
"Uruguay",2013,"Artigas",2,"Grandes",19.1419754,10.6101637,3,0.0393939842944794,NA,NA,NA,NA,NA,39.85536737,18.3,NA,7,76153.7593550905,11928,6.38445333292174,8805.18540237405,22576.2,56405.07642,0.759951058,0.368,79.6,73.7,1.469972383,8.121079902
"Uruguay",2014,"Artigas",2,"Micro",33.0925484,19.7440376,1928,25.2472934721392,365,389,18.9315353,20.1763485,81.0684647,42.4637727,12.1,NA,6.7,76364.6211079054,11928,6.4021312129364,9107.40764627852,25427.1,62513.98185,0.762150609,0.357,79.7,73.9,1.477165024,8.157147037
"Uruguay",2014,"Artigas",2,"Pequeña",30.3902321,28.1415367,302,3.95471090694296,9,16,2.9801325,5.2980132,97.0198675,42.4637727,12.1,NA,6.7,76364.6211079054,11928,6.4021312129364,9107.40764627852,25427.1,62513.98185,0.762150609,0.357,79.7,73.9,1.477165024,8.157147037
"Uruguay",2014,"Artigas",2,"Mediana",18.9723091,40.3506927,46,0.602373184501246,1,1,2.173913,2.173913,97.826087,42.4637727,12.1,NA,6.7,76364.6211079054,11928,6.4021312129364,9107.40764627852,25427.1,62513.98185,0.762150609,0.357,79.7,73.9,1.477165024,8.157147037
"Uruguay",2014,"Artigas",2,"Grandes",17.5449123,11.763732,3,0.0392852076848638,NA,NA,NA,NA,NA,42.4637727,12.1,NA,6.7,76364.6211079054,11928,6.4021312129364,9107.40764627852,25427.1,62513.98185,0.762150609,0.357,79.7,73.9,1.477165024,8.157147037
"Uruguay",2015,"Artigas",2,"Micro",33.0379066,21.1293201,2021,26.3870745633672,323,385,15.982187,19.0499753,84.017813,44.19178247,10.4,NA,7.7,76590.5290162679,11928,6.4210705077354,NA,25726.7,63866.42086,0.765494536,0.371,79.9,74,NA,8.168293827
"Uruguay",2015,"Artigas",2,"Pequeña",28.9205093,27.9112911,250,3.26411115331113,15,13,6,5.2,94,44.19178247,10.4,NA,7.7,76590.5290162679,11928,6.4210705077354,NA,25726.7,63866.42086,0.765494536,0.371,79.9,74,NA,8.168293827
"Uruguay",2015,"Artigas",2,"Mediana",20.4920235,38.9709091,40,0.522257784529781,1,2,2.5,5,97.5,44.19178247,10.4,NA,7.7,76590.5290162679,11928,6.4210705077354,NA,25726.7,63866.42086,0.765494536,0.371,79.9,74,NA,8.168293827
"Uruguay",2015,"Artigas",2,"Grandes",17.5495605,11.9884825,3,0.0391693338397336,NA,NA,NA,NA,NA,44.19178247,10.4,NA,7.7,76590.5290162679,11928,6.4210705077354,NA,25726.7,63866.42086,0.765494536,0.371,79.9,74,NA,8.168293827
"Uruguay",2016,"Artigas",2,"Micro",36.0671196,21.4271698,2032,26.4345862183582,356,399,17.519685,19.6358268,82.480315,45.51537809,14.1,NA,7.3,76868.9921308027,11928,6.44441583926918,NA,24839.5,60305.95597,0.768222461,0.362,80,74.2,NA,8.04772641
"Uruguay",2016,"Artigas",2,"Pequeña",30.5570545,27.6750317,301,3.91575317506191,10,14,3.3222591,4.6511628,96.6777409,45.51537809,14.1,NA,7.3,76868.9921308027,11928,6.44441583926918,NA,24839.5,60305.95597,0.768222461,0.362,80,74.2,NA,8.04772641
"Uruguay",2016,"Artigas",2,"Mediana",21.5248585,37.5099411,44,0.572402457484133,NA,NA,NA,NA,100,45.51537809,14.1,NA,7.3,76868.9921308027,11928,6.44441583926918,NA,24839.5,60305.95597,0.768222461,0.362,80,74.2,NA,8.04772641
"Uruguay",2016,"Artigas",2,"Grandes",11.8509693,13.3878603,1,0.013009146761003,NA,NA,NA,NA,NA,45.51537809,14.1,NA,7.3,76868.9921308027,11928,6.44441583926918,NA,24839.5,60305.95597,0.768222461,0.362,80,74.2,NA,8.04772641
"Uruguay",2017,"Artigas",2,"Micro",35.3998032,21.8459377,2081,26.9894380548184,368,403,17.6838059,19.3656896,82.3161941,40.92346039,10.7,4,7.8,77104.2359523481,11928,6.46413782296681,NA,26089,63784.35935,0.775462906,0.357,80.2,74.4,NA,8.401245098
"Uruguay",2017,"Artigas",2,"Pequeña",31.5965729,24.3004074,296,3.83895899290064,6,7,2.027027,2.3648649,97.972973,40.92346039,10.7,4,7.8,77104.2359523481,11928,6.46413782296681,NA,26089,63784.35935,0.775462906,0.357,80.2,74.4,NA,8.401245098
"Uruguay",2017,"Artigas",2,"Mediana",23.3111267,37.1329651,39,0.505808786226774,NA,NA,NA,NA,100,40.92346039,10.7,4,7.8,77104.2359523481,11928,6.46413782296681,NA,26089,63784.35935,0.775462906,0.357,80.2,74.4,NA,8.401245098
"Uruguay",2017,"Artigas",2,"Grandes",9.6924963,16.7206841,1,0.0129694560570968,NA,NA,NA,NA,NA,40.92346039,10.7,4,7.8,77104.2359523481,11928,6.46413782296681,NA,26089,63784.35935,0.775462906,0.357,80.2,74.4,NA,8.401245098
"Uruguay",2018,"Artigas",2,"Micro",34.9309273,21.1332188,2270,29.3709085027106,418,584,18.4140969,25.7268722,81.5859031,42.85408905,10.7,2.7,7.6,77287.3607158086,11928,6.47949033499401,NA,24294.4,59296.34722,0.777997651,0.334,NA,NA,NA,8.246842505
"Uruguay",2018,"Artigas",2,"Pequeña",30.7433147,25.0381241,303,3.92043404243229,10,18,3.30033,5.9405941,96.69967,42.85408905,10.7,2.7,7.6,77287.3607158086,11928,6.47949033499401,NA,24294.4,59296.34722,0.777997651,0.334,NA,NA,NA,8.246842505
"Uruguay",2018,"Artigas",2,"Mediana",22.1844902,38.5150223,68,0.879833382460052,NA,2,NA,2.9411765,100,42.85408905,10.7,2.7,7.6,77287.3607158086,11928,6.47949033499401,NA,24294.4,59296.34722,0.777997651,0.334,NA,NA,NA,8.246842505
"Uruguay",2018,"Artigas",2,"Grandes",12.1412706,15.313633,3,0.0388161786379435,NA,NA,NA,NA,NA,42.85408905,10.7,2.7,7.6,77287.3607158086,11928,6.47949033499401,NA,24294.4,59296.34722,0.777997651,0.334,NA,NA,NA,8.246842505
"Uruguay",2019,"Artigas",2,"Micro",36.6099892,22.1336346,2347,30.3082989270909,393,459,16.7447806,19.5568811,83.2552194,42.42677307,10.3,14.8,7.2,77437.5363541814,11928,6.49208051259066,NA,23907.1,58908.15,NA,0.318,NA,NA,NA,8.205094896
"Uruguay",2019,"Artigas",2,"Pequeña",29.5364437,25.3363953,293,3.7836947531477,9,9,3.0716724,3.0716724,96.9283276,42.42677307,10.3,14.8,7.2,77437.5363541814,11928,6.49208051259066,NA,23907.1,58908.15,NA,0.318,NA,NA,NA,8.205094896
"Uruguay",2019,"Artigas",2,"Mediana",20.9037819,34.4143524,42,0.542372626731069,NA,NA,NA,NA,100,42.42677307,10.3,14.8,7.2,77437.5363541814,11928,6.49208051259066,NA,23907.1,58908.15,NA,0.318,NA,NA,NA,8.205094896
"Uruguay",2019,"Artigas",2,"Grandes",12.9497852,18.1156178,3,0.0387409019093621,NA,NA,NA,NA,NA,42.42677307,10.3,14.8,7.2,77437.5363541814,11928,6.49208051259066,NA,23907.1,58908.15,NA,0.318,NA,NA,NA,8.205094896
"Uruguay",2020,"Artigas",2,"Micro",38.2566528,20.8324203,2404,30.9956842492786,428,438,17.8036606,18.2196339,82.1963394,39.48061558,15.9,8.1,11,77559.1847131413,11928,6.50227906716476,NA,22194,54553.79027,NA,0.3418246,NA,NA,NA,NA
"Uruguay",2020,"Artigas",2,"Pequeña",29.2378731,23.7561092,280,3.61014625199584,2,2,0.7142857,0.7142857,99.2857143,39.48061558,15.9,8.1,11,77559.1847131413,11928,6.50227906716476,NA,22194,54553.79027,NA,0.3418246,NA,NA,NA,NA
"Uruguay",2020,"Artigas",2,"Mediana",20.3220158,35.4363708,32,0.412588143085239,NA,NA,NA,NA,100,39.48061558,15.9,8.1,11,77559.1847131413,11928,6.50227906716476,NA,22194,54553.79027,NA,0.3418246,NA,NA,NA,NA
"Uruguay",2020,"Artigas",2,"Grandes",12.1834583,19.9751015,2,0.0257867589428274,NA,NA,NA,NA,NA,39.48061558,15.9,8.1,11,77559.1847131413,11928,6.50227906716476,NA,22194,54553.79027,NA,0.3418246,NA,NA,NA,NA
"Uruguay",2021,"Artigas",2,"Micro",35.3853989,20.6368637,2509,32.3418963984938,360,508,14.348346,20.2471104,85.651654,38.7020485,10.1,8.1,8.8,77577.392775176,11928,6.50380556465258,NA,22851.7,56417.06741,NA,NA,NA,NA,NA,8.172488984
"Uruguay",2021,"Artigas",2,"Pequeña",26.5551987,26.3653164,251,3.23547867517813,10,10,3.9840637,3.9840637,96.0159363,38.7020485,10.1,8.1,8.8,77577.392775176,11928,6.50380556465258,NA,22851.7,56417.06741,NA,NA,NA,NA,NA,8.172488984
"Uruguay",2021,"Artigas",2,"Mediana",21.1244774,34.4482002,48,0.61873695780299,NA,3,NA,6.25,100,38.7020485,10.1,8.1,8.8,77577.392775176,11928,6.50380556465258,NA,22851.7,56417.06741,NA,NA,NA,NA,NA,8.172488984
"Uruguay",2021,"Artigas",2,"Grandes",16.934927,18.5496178,2,0.0257807065751246,NA,NA,NA,NA,NA,38.7020485,10.1,8.1,8.8,77577.392775176,11928,6.50380556465258,NA,22851.7,56417.06741,NA,NA,NA,NA,NA,8.172488984
"Uruguay",2022,"Artigas",2,"Micro",40.6744308,19.5004349,2687,34.6743789674265,470,561,17.4916263,20.8783029,82.5083737,37.99634077,11.6,10.9,7.7,77492.375639206,11928,6.49667803816281,NA,20637.1,50352.78047,NA,NA,NA,NA,NA,7.927942009
"Uruguay",2022,"Artigas",2,"Pequeña",24.1513004,27.1975918,266,3.43259575933586,2,6,0.7518797,2.2556391,99.2481203,37.99634077,11.6,10.9,7.7,77492.375639206,11928,6.49667803816281,NA,20637.1,50352.78047,NA,NA,NA,NA,NA,7.927942009
"Uruguay",2022,"Artigas",2,"Mediana",19.242548,33.5771561,52,0.671033757464153,NA,NA,NA,NA,100,37.99634077,11.6,10.9,7.7,77492.375639206,11928,6.49667803816281,NA,20637.1,50352.78047,NA,NA,NA,NA,NA,7.927942009
"Uruguay",2022,"Artigas",2,"Grandes",15.931716,19.7248173,3,0.0387134860075473,NA,NA,NA,NA,NA,37.99634077,11.6,10.9,7.7,77492.375639206,11928,6.49667803816281,NA,20637.1,50352.78047,NA,NA,NA,NA,NA,7.927942009
"Uruguay",2011,"Canelones",3,"Micro",30.475029,8.9081669,14128,26.3208587717288,2289,2887,16.2018686,20.434598,83.7981314,31.47189162,10.5,NA,6,536760.602020132,4536,118.333466053821,52916.8704,27937.6,63553.33754,0.758830179,0.36,79.9,73.1,9.316772193,8.137211177
"Uruguay",2011,"Canelones",3,"Pequeña",25.8829823,12.6892462,2261,4.21230617800671,94,126,4.1574525,5.5727554,95.8425475,31.47189162,10.5,NA,6,536760.602020132,4536,118.333466053821,52916.8704,27937.6,63553.33754,0.758830179,0.36,79.9,73.1,9.316772193,8.137211177
"Uruguay",2011,"Canelones",3,"Mediana",24.1354847,28.3715782,417,0.77688265202512,10,10,2.3980815,2.3980815,97.6019185,31.47189162,10.5,NA,6,536760.602020132,4536,118.333466053821,52916.8704,27937.6,63553.33754,0.758830179,0.36,79.9,73.1,9.316772193,8.137211177
"Uruguay",2011,"Canelones",3,"Grandes",19.506506,50.0310097,44,0.0819732294702765,1,2,NA,NA,NA,31.47189162,10.5,NA,6,536760.602020132,4536,118.333466053821,52916.8704,27937.6,63553.33754,0.758830179,0.36,79.9,73.1,9.316772193,8.137211177
"Uruguay",2012,"Canelones",3,"Micro",30.3236275,9.1514091,14471,26.6263224612735,2283,2887,15.7763803,19.9502453,84.2236197,29.71403385,9.7,NA,6.3,543484.742252606,4536,119.815860284966,55429.41438,30172.4,70262.22477,0.772773216,0.359,80,73.3,9.552879367,8.576481666
"Uruguay",2012,"Canelones",3,"Pequeña",25.8158092,12.9489012,2647,4.87042191659118,145,162,5.4778995,6.120136,94.5221005,29.71403385,9.7,NA,6.3,543484.742252606,4536,119.815860284966,55429.41438,30172.4,70262.22477,0.772773216,0.359,80,73.3,9.552879367,8.576481666
"Uruguay",2012,"Canelones",3,"Mediana",24.258152,28.3061275,407,0.748871069154746,15,8,3.6855037,1.965602,96.3144963,29.71403385,9.7,NA,6.3,543484.742252606,4536,119.815860284966,55429.41438,30172.4,70262.22477,0.772773216,0.359,80,73.3,9.552879367,8.576481666
"Uruguay",2012,"Canelones",3,"Grandes",19.6024132,49.5935593,44,0.0809590345032157,1,NA,NA,NA,NA,29.71403385,9.7,NA,6.3,543484.742252606,4536,119.815860284966,55429.41438,30172.4,70262.22477,0.772773216,0.359,80,73.3,9.552879367,8.576481666
"Uruguay",2013,"Canelones",3,"Micro",30.140274,9.5302811,15449,28.0748817373583,2501,3223,16.1887501,20.8621917,83.8112499,28.10659285,8.3,NA,7.4,550278.364287552,4536,121.313572373799,58780.6467441618,30778.7,72285.67437,0.778648616,0.349,80.1,73.5,9.986006229,8.589833853
"Uruguay",2013,"Canelones",3,"Pequeña",25.6228313,13.0884228,2329,4.23240336373277,105,130,4.5083727,5.5817948,95.4916273,28.10659285,8.3,NA,7.4,550278.364287552,4536,121.313572373799,58780.6467441618,30778.7,72285.67437,0.778648616,0.349,80.1,73.5,9.986006229,8.589833853
"Uruguay",2013,"Canelones",3,"Mediana",24.8213215,29.9047623,769,1.39747453272241,7,12,0.9102731,1.5604681,99.0897269,28.10659285,8.3,NA,7.4,550278.364287552,4536,121.313572373799,58780.6467441618,30778.7,72285.67437,0.778648616,0.349,80.1,73.5,9.986006229,8.589833853
"Uruguay",2013,"Canelones",3,"Grandes",19.4155731,47.476532,45,0.0817767932022218,NA,1,NA,NA,NA,28.10659285,8.3,NA,7.4,550278.364287552,4536,121.313572373799,58780.6467441618,30778.7,72285.67437,0.778648616,0.349,80.1,73.5,9.986006229,8.589833853
"Uruguay",2014,"Canelones",3,"Micro",30.3035488,9.4021645,16169,29.0176507329931,2790,3166,17.2552415,19.5806791,82.7447585,26.7485357,6.7,NA,6.8,557212.578949949,4536,122.842279309954,60973.5655651343,33698.1,76087.34523,0.783096485,0.354,80.3,73.7,10.13629929,8.732301103
"Uruguay",2014,"Canelones",3,"Pequeña",25.5518188,12.7232533,2618,4.69838639488998,112,148,4.2780749,5.6531704,95.7219251,26.7485357,6.7,NA,6.8,557212.578949949,4536,122.842279309954,60973.5655651343,33698.1,76087.34523,0.783096485,0.354,80.3,73.7,10.13629929,8.732301103
"Uruguay",2014,"Canelones",3,"Mediana",24.8246479,28.3580875,547,0.98167202368404,7,21,1.2797075,3.8391225,98.7202925,26.7485357,6.7,NA,6.8,557212.578949949,4536,122.842279309954,60973.5655651343,33698.1,76087.34523,0.783096485,0.354,80.3,73.7,10.13629929,8.732301103
"Uruguay",2014,"Canelones",3,"Grandes",19.3199825,49.5164948,55,0.098705596531302,NA,3,NA,NA,NA,26.7485357,6.7,NA,6.8,557212.578949949,4536,122.842279309954,60973.5655651343,33698.1,76087.34523,0.783096485,0.354,80.3,73.7,10.13629929,8.732301103
"Uruguay",2015,"Canelones",3,"Micro",30.2007256,8.7553396,17276,30.6300483854326,2452,3148,14.1931003,18.2218106,85.8068997,27.35418807,6.1,NA,7.2,564021.309486939,4536,124.343322197297,NA,33743.7,77085.04785,0.787832755,0.359,80.4,73.8,NA,8.747778193
"Uruguay",2015,"Canelones",3,"Pequeña",25.1887131,11.6606922,2108,3.73744744133434,91,129,4.316888,6.1195446,95.683112,27.35418807,6.1,NA,7.2,564021.309486939,4536,124.343322197297,NA,33743.7,77085.04785,0.787832755,0.359,80.4,73.8,NA,8.747778193
"Uruguay",2015,"Canelones",3,"Mediana",25.2256584,28.1232815,492,0.872307467332302,5,14,1.0162602,2.8455285,98.9837398,27.35418807,6.1,NA,7.2,564021.309486939,4536,124.343322197297,NA,33743.7,77085.04785,0.787832755,0.359,80.4,73.8,NA,8.747778193
"Uruguay",2015,"Canelones",3,"Grandes",19.384901,51.4606857,50,0.0886491328589738,NA,1,NA,NA,NA,27.35418807,6.1,NA,7.2,564021.309486939,4536,124.343322197297,NA,33743.7,77085.04785,0.787832755,0.359,80.4,73.8,NA,8.747778193
"Uruguay",2016,"Canelones",3,"Micro",30.4602299,9.4784908,17431,30.5472722126083,2773,3196,15.908439,18.33515,84.091561,27.47818125,6.3,NA,7.6,570623.782008445,4536,125.798893740839,NA,33812.5,75552.48374,0.790714943,0.353,80.5,74,NA,8.764334942
"Uruguay",2016,"Canelones",3,"Pequeña",25.0696449,12.5192137,2748,4.8157824588519,131,133,4.7671033,4.8398836,95.2328967,27.47818125,6.3,NA,7.6,570623.782008445,4536,125.798893740839,NA,33812.5,75552.48374,0.790714943,0.353,80.5,74,NA,8.764334942
"Uruguay",2016,"Canelones",3,"Mediana",25.5215149,28.9715843,534,0.935817988728863,8,11,1.4981273,2.0599251,98.5018727,27.47818125,6.3,NA,7.6,570623.782008445,4536,125.798893740839,NA,33812.5,75552.48374,0.790714943,0.353,80.5,74,NA,8.764334942
"Uruguay",2016,"Canelones",3,"Grandes",18.9486065,49.0307121,51,0.0893758753280375,NA,NA,NA,NA,NA,27.47818125,6.3,NA,7.6,570623.782008445,4536,125.798893740839,NA,33812.5,75552.48374,0.790714943,0.353,80.5,74,NA,8.764334942
"Uruguay",2017,"Canelones",3,"Micro",28.3029346,9.3979216,18609,32.2575443209691,3166,3935,17.0132731,21.1456822,82.9867269,27.17085615,5,4.5,8.1,576888.302929593,4536,127.179960963314,NA,34692.1,78132.82017,0.793938444,0.348,80.6,74.2,NA,8.863167436
"Uruguay",2017,"Canelones",3,"Pequeña",25.0048733,11.8241358,2664,4.61787834225707,124,134,4.6546547,5.03003,95.3453453,27.17085615,5,4.5,8.1,576888.302929593,4536,127.179960963314,NA,34692.1,78132.82017,0.793938444,0.348,80.6,74.2,NA,8.863167436
"Uruguay",2017,"Canelones",3,"Mediana",25.4137936,26.5397453,531,0.92045548038232,8,10,1.5065913,1.8832392,98.4934087,27.17085615,5,4.5,8.1,576888.302929593,4536,127.179960963314,NA,34692.1,78132.82017,0.793938444,0.348,80.6,74.2,NA,8.863167436
"Uruguay",2017,"Canelones",3,"Grandes",21.2784004,52.2381973,45,0.0780047017273153,NA,NA,NA,NA,NA,27.17085615,5,4.5,8.1,576888.302929593,4536,127.179960963314,NA,34692.1,78132.82017,0.793938444,0.348,80.6,74.2,NA,8.863167436
"Uruguay",2018,"Canelones",3,"Micro",28.7212849,9.3008842,19238,33.0177605400864,3505,3843,18.2191496,19.976089,81.7808504,26.12414625,4.5,8.7,8.1,582656.112507795,4536,128.451523921472,NA,35344.7,79436.9463,0.795069137,0.352,NA,NA,NA,9.010391858
"Uruguay",2018,"Canelones",3,"Pequeña",24.8214111,11.3397694,2625,4.50523034711128,116,109,4.4190476,4.152381,95.5809524,26.12414625,4.5,8.7,8.1,582656.112507795,4536,128.451523921472,NA,35344.7,79436.9463,0.795069137,0.352,NA,NA,NA,9.010391858
"Uruguay",2018,"Canelones",3,"Mediana",24.9221992,27.0225773,751,1.28892494883069,12,13,1.5978695,1.7310253,98.4021305,26.12414625,4.5,8.7,8.1,582656.112507795,4536,128.451523921472,NA,35344.7,79436.9463,0.795069137,0.352,NA,NA,NA,9.010391858
"Uruguay",2018,"Canelones",3,"Grandes",21.5351009,52.3367729,123,0.211102221978928,2,NA,NA,NA,NA,26.12414625,4.5,8.7,8.1,582656.112507795,4536,128.451523921472,NA,35344.7,79436.9463,0.795069137,0.352,NA,NA,NA,9.010391858
"Uruguay",2019,"Canelones",3,"Micro",28.7177391,8.8771973,20051,34.097756477836,3658,4142,18.2434791,20.6573238,81.7565209,26.62252944,5.4,6.5,9.5,588044.553987985,4536,129.639451937386,NA,34520,78302.78,NA,0.36,NA,NA,NA,9.163910517
"Uruguay",2019,"Canelones",3,"Pequeña",24.792511,11.142518,2762,4.69692301589861,118,97,4.2722665,3.5119479,95.7277335,26.62252944,5.4,6.5,9.5,588044.553987985,4536,129.639451937386,NA,34520,78302.78,NA,0.36,NA,NA,NA,9.163910517
"Uruguay",2019,"Canelones",3,"Mediana",24.4025211,26.5316334,582,0.989720925145906,14,11,2.4054983,1.8900344,97.5945017,26.62252944,5.4,6.5,9.5,588044.553987985,4536,129.639451937386,NA,34520,78302.78,NA,0.36,NA,NA,NA,9.163910517
"Uruguay",2019,"Canelones",3,"Grandes",22.0872307,53.4486465,63,0.107134739319918,1,NA,NA,NA,NA,26.62252944,5.4,6.5,9.5,588044.553987985,4536,129.639451937386,NA,34520,78302.78,NA,0.36,NA,NA,NA,9.163910517
"Uruguay",2020,"Canelones",3,"Micro",29.9614658,7.9421868,20566,34.6563874387366,3560,3948,17.3101235,19.1967325,82.6898765,22.55827198,8,7.3,11.8,593425.960404999,4536,130.825829013448,NA,32251,72905.85183,NA,0.3614707,NA,NA,NA,NA
"Uruguay",2020,"Canelones",3,"Pequeña",25.4364319,10.9466562,2637,4.44368830477236,69,57,2.6166098,2.1615472,97.3833902,22.55827198,8,7.3,11.8,593425.960404999,4536,130.825829013448,NA,32251,72905.85183,NA,0.3614707,NA,NA,NA,NA
"Uruguay",2020,"Canelones",3,"Mediana",23.0374584,29.5453415,495,0.834139442875357,5,2,1.010101,0.4040404,98.989899,22.55827198,8,7.3,11.8,593425.960404999,4536,130.825829013448,NA,32251,72905.85183,NA,0.3614707,NA,NA,NA,NA
"Uruguay",2020,"Canelones",3,"Grandes",21.5646458,51.565815,61,0.102792941445246,NA,1,NA,NA,NA,22.55827198,8,7.3,11.8,593425.960404999,4536,130.825829013448,NA,32251,72905.85183,NA,0.3614707,NA,NA,NA,NA
"Uruguay",2021,"Canelones",3,"Micro",29.0910435,7.7739463,22141,37.0035068175569,3368,4929,15.2115984,22.2618671,84.7884016,20.31943814,6.2,6.4,10.6,598348.694602503,4536,131.911087875331,NA,33480.7,76084.13928,NA,NA,NA,NA,NA,9.666849108
"Uruguay",2021,"Canelones",3,"Pequeña",24.6902981,10.4894114,2522,4.21493357092627,101,121,4.0047581,4.7977795,95.9952419,20.31943814,6.2,6.4,10.6,598348.694602503,4536,131.911087875331,NA,33480.7,76084.13928,NA,NA,NA,NA,NA,9.666849108
"Uruguay",2021,"Canelones",3,"Mediana",22.4195976,25.7193756,557,0.930895320779513,8,11,1.4362657,1.9748654,98.5637343,20.31943814,6.2,6.4,10.6,598348.694602503,4536,131.911087875331,NA,33480.7,76084.13928,NA,NA,NA,NA,NA,9.666849108
"Uruguay",2021,"Canelones",3,"Grandes",23.7990589,56.0172691,69,0.115317373669275,NA,NA,NA,NA,NA,20.31943814,6.2,6.4,10.6,598348.694602503,4536,131.911087875331,NA,33480.7,76084.13928,NA,NA,NA,NA,NA,9.666849108
"Uruguay",2022,"Canelones",3,"Micro",33.2388039,8.1997614,24218,40.1602217869468,4063,5479,16.7767776,22.6236683,83.2232224,21.73677056,6.2,9.1,10.1,603034.518297195,4536,132.944117790387,NA,34489.9,77896.10646,NA,NA,NA,NA,NA,9.598027977
"Uruguay",2022,"Canelones",3,"Pequeña",20.9432907,10.3251104,2557,4.24022161653411,34,30,1.3296832,1.1732499,98.6703168,21.73677056,6.2,9.1,10.1,603034.518297195,4536,132.944117790387,NA,34489.9,77896.10646,NA,NA,NA,NA,NA,9.598027977
"Uruguay",2022,"Canelones",3,"Mediana",22.9595509,23.3198433,597,0.989993079808707,2,3,0.3350084,0.5025126,99.6649916,21.73677056,6.2,9.1,10.1,603034.518297195,4536,132.944117790387,NA,34489.9,77896.10646,NA,NA,NA,NA,NA,9.598027977
"Uruguay",2022,"Canelones",3,"Grandes",22.8583527,58.1552811,76,0.126029269791393,NA,NA,NA,NA,NA,21.73677056,6.2,9.1,10.1,603034.518297195,4536,132.944117790387,NA,34489.9,77896.10646,NA,NA,NA,NA,NA,9.598027977
"Uruguay",2011,"Cerro Largo",4,"Micro",27.3715172,11.1929703,1911,21.4183381606426,307,385,16.0648875,20.1465201,83.9351125,50.97929633,20.2,NA,2.6,89222.6084800347,13648,6.53741269636831,10393.26778,20386,46698.76188,0.732832509,0.342,78.9,71.3,1.840424689,7.448523354
"Uruguay",2011,"Cerro Largo",4,"Pequeña",26.8623676,17.7657185,330,3.69861412507172,12,16,3.6363636,4.8484848,96.3636364,50.97929633,20.2,NA,2.6,89222.6084800347,13648,6.53741269636831,10393.26778,20386,46698.76188,0.732832509,0.342,78.9,71.3,1.840424689,7.448523354
"Uruguay",2011,"Cerro Largo",4,"Mediana",22.1205597,28.4046459,54,0.605227765920827,NA,3,NA,5.5555556,100,50.97929633,20.2,NA,2.6,89222.6084800347,13648,6.53741269636831,10393.26778,20386,46698.76188,0.732832509,0.342,78.9,71.3,1.840424689,7.448523354
"Uruguay",2011,"Cerro Largo",4,"Grandes",23.6455517,42.6366653,7,0.0784554511378849,NA,NA,NA,NA,NA,50.97929633,20.2,NA,2.6,89222.6084800347,13648,6.53741269636831,10393.26778,20386,46698.76188,0.732832509,0.342,78.9,71.3,1.840424689,7.448523354
"Uruguay",2012,"Cerro Largo",4,"Micro",26.2189369,11.8035631,1897,21.1986464714767,309,342,16.2888772,18.028466,83.7111228,45.07630138,14.6,NA,4.6,89486.8454244219,13648,6.5567735510274,10863.85049,21892.1,50078.75572,0.747498114,0.312,79,71.6,1.850086602,7.672487581
"Uruguay",2012,"Cerro Largo",4,"Pequeña",27.3713703,18.4101677,384,4.29113349765263,21,18,5.46875,4.6875,94.53125,45.07630138,14.6,NA,4.6,89486.8454244219,13648,6.5567735510274,10863.85049,21892.1,50078.75572,0.747498114,0.312,79,71.6,1.850086602,7.672487581
"Uruguay",2012,"Cerro Largo",4,"Mediana",22.7764225,28.0872612,53,0.592265821290597,NA,4,NA,7.5471698,100,45.07630138,14.6,NA,4.6,89486.8454244219,13648,6.5567735510274,10863.85049,21892.1,50078.75572,0.747498114,0.312,79,71.6,1.850086602,7.672487581
"Uruguay",2012,"Cerro Largo",4,"Grandes",23.6332703,41.6990051,7,0.0782237877176261,NA,NA,NA,NA,NA,45.07630138,14.6,NA,4.6,89486.8454244219,13648,6.5567735510274,10863.85049,21892.1,50078.75572,0.747498114,0.312,79,71.6,1.850086602,7.672487581
"Uruguay",2013,"Cerro Largo",4,"Micro",25.4726582,12.9894743,1950,21.7281663272391,292,365,14.974359,18.7179487,85.025641,43.87262535,12,NA,4.5,89745.2629288566,13648,6.57570801061376,11209.2020003798,22012.7,49629.82538,0.746475595,0.301,79.2,71.8,1.814433931,7.506600084
"Uruguay",2013,"Cerro Largo",4,"Pequeña",26.7877693,18.8695278,354,3.94449788709879,13,20,3.6723164,5.6497175,96.3276836,43.87262535,12,NA,4.5,89745.2629288566,13648,6.57570801061376,11209.2020003798,22012.7,49629.82538,0.746475595,0.301,79.2,71.8,1.814433931,7.506600084
"Uruguay",2013,"Cerro Largo",4,"Mediana",22.2290955,28.5708313,87,0.96941049767682,NA,2,NA,2.2988506,100,43.87262535,12,NA,4.5,89745.2629288566,13648,6.57570801061376,11209.2020003798,22012.7,49629.82538,0.746475595,0.301,79.2,71.8,1.814433931,7.506600084
"Uruguay",2013,"Cerro Largo",4,"Grandes",25.5104713,39.5701637,8,0.0891411951886731,NA,NA,NA,NA,NA,43.87262535,12,NA,4.5,89745.2629288566,13648,6.57570801061376,11209.2020003798,22012.7,49629.82538,0.746475595,0.301,79.2,71.8,1.814433931,7.506600084
"Uruguay",2014,"Cerro Largo",4,"Micro",25.3255577,13.3999987,2091,23.2233921914979,354,413,16.9296987,19.7513152,83.0703013,44.0168921,12.7,NA,7,90038.5259292792,13648,6.59719562787802,11638.2631282804,22687.8,50364.5046,0.744013204,0.314,79.3,72,1.836542165,7.562016389
"Uruguay",2014,"Cerro Largo",4,"Pequeña",26.4511642,18.6963425,363,4.03160753970049,17,18,4.6831956,4.9586777,95.3168044,44.0168921,12.7,NA,7,90038.5259292792,13648,6.59719562787802,11638.2631282804,22687.8,50364.5046,0.744013204,0.314,79.3,72,1.836542165,7.562016389
"Uruguay",2014,"Cerro Largo",4,"Mediana",23.2810497,28.3405743,72,0.799657693824891,3,4,4.1666667,5.5555556,95.8333333,44.0168921,12.7,NA,7,90038.5259292792,13648,6.59719562787802,11638.2631282804,22687.8,50364.5046,0.744013204,0.314,79.3,72,1.836542165,7.562016389
"Uruguay",2014,"Cerro Largo",4,"Grandes",24.9422302,39.5630836,8,0.0888508548694323,1,NA,NA,NA,NA,44.0168921,12.7,NA,7,90038.5259292792,13648,6.59719562787802,11638.2631282804,22687.8,50364.5046,0.744013204,0.314,79.3,72,1.836542165,7.562016389
"Uruguay",2015,"Cerro Largo",4,"Micro",27.2903786,13.9589882,2323,25.6959342468264,349,504,15.0236763,21.6960827,84.9763237,44.53549717,11.4,NA,8.2,90403.406923681,13648,6.62393075349363,NA,22904.3,51306.64752,0.75359747,0.334,79.5,72.2,NA,7.716222671
"Uruguay",2015,"Cerro Largo",4,"Pequeña",26.8670692,18.9433079,292,3.22996676714305,8,13,2.739726,4.4520548,97.260274,44.53549717,11.4,NA,8.2,90403.406923681,13648,6.62393075349363,NA,22904.3,51306.64752,0.75359747,0.334,79.5,72.2,NA,7.716222671
"Uruguay",2015,"Cerro Largo",4,"Mediana",22.5075741,30.2459221,56,0.619445681369901,1,NA,1.7857143,NA,98.2142857,44.53549717,11.4,NA,8.2,90403.406923681,13648,6.62393075349363,NA,22904.3,51306.64752,0.75359747,0.334,79.5,72.2,NA,7.716222671
"Uruguay",2015,"Cerro Largo",4,"Grandes",23.3349781,36.8517838,7,0.0774307101712376,NA,NA,NA,NA,NA,44.53549717,11.4,NA,8.2,90403.406923681,13648,6.62393075349363,NA,22904.3,51306.64752,0.75359747,0.334,79.5,72.2,NA,7.716222671
"Uruguay",2016,"Cerro Largo",4,"Micro",27.7510834,15.2640724,2302,25.3692156315988,368,385,15.986099,16.7245873,84.013901,44.59858408,10.9,NA,8.5,90739.8964725079,13648,6.64858561492584,NA,21907.3,47964.25754,0.751465827,0.298,79.6,72.5,NA,7.521305961
"Uruguay",2016,"Cerro Largo",4,"Pequeña",26.5745258,19.9759598,352,3.87921976643039,13,16,3.6931818,4.5454545,96.3068182,44.59858408,10.9,NA,8.5,90739.8964725079,13648,6.64858561492584,NA,21907.3,47964.25754,0.751465827,0.298,79.6,72.5,NA,7.521305961
"Uruguay",2016,"Cerro Largo",4,"Mediana",21.6466389,26.5059452,58,0.639189620605008,NA,2,NA,3.4482759,100,44.59858408,10.9,NA,8.5,90739.8964725079,13648,6.64858561492584,NA,21907.3,47964.25754,0.751465827,0.298,79.6,72.5,NA,7.521305961
"Uruguay",2016,"Cerro Largo",4,"Grandes",24.0277462,38.2540245,6,0.066123064200518,NA,NA,NA,NA,NA,44.59858408,10.9,NA,8.5,90739.8964725079,13648,6.64858561492584,NA,21907.3,47964.25754,0.751465827,0.298,79.6,72.5,NA,7.521305961
"Uruguay",2017,"Cerro Largo",4,"Micro",27.4721546,15.8966522,2366,26.0141462563256,388,439,16.3989856,18.5545224,83.6010144,42.01457153,9.2,5.6,6,90950.51502698,13648,6.66401780678341,NA,22977.8,50758.35143,0.765325505,0.31,79.8,72.7,NA,7.82146432
"Uruguay",2017,"Cerro Largo",4,"Pequeña",28.152422,19.262682,366,4.02416632705629,19,16,5.1912568,4.3715847,94.8087432,42.01457153,9.2,5.6,6,90950.51502698,13648,6.66401780678341,NA,22977.8,50758.35143,0.765325505,0.31,79.8,72.7,NA,7.82146432
"Uruguay",2017,"Cerro Largo",4,"Mediana",22.0539379,25.6154156,63,0.692684367771985,NA,1,NA,1.5873016,100,42.01457153,9.2,5.6,6,90950.51502698,13648,6.66401780678341,NA,22977.8,50758.35143,0.765325505,0.31,79.8,72.7,NA,7.82146432
"Uruguay",2017,"Cerro Largo",4,"Grandes",22.3214874,39.2252541,5,0.0549749498231734,NA,NA,NA,NA,NA,42.01457153,9.2,5.6,6,90950.51502698,13648,6.66401780678341,NA,22977.8,50758.35143,0.765325505,0.31,79.8,72.7,NA,7.82146432
"Uruguay",2018,"Cerro Largo",4,"Micro",28.230278,16.3642597,2565,28.1610335050793,475,612,18.5185185,23.8596491,81.4814815,49.12669733,11.8,12.3,4,91083.3048629894,13648,6.67374742548281,NA,22111.8,48726.12526,0.765435069,0.316,NA,NA,NA,7.87640884
"Uruguay",2018,"Cerro Largo",4,"Pequeña",27.6376114,19.5285358,354,3.88655199251387,22,14,6.2146893,3.9548023,93.7853107,49.12669733,11.8,12.3,4,91083.3048629894,13648,6.67374742548281,NA,22111.8,48726.12526,0.765435069,0.316,NA,NA,NA,7.87640884
"Uruguay",2018,"Cerro Largo",4,"Mediana",20.7094746,26.7388344,87,0.955169557482223,NA,NA,NA,NA,100,49.12669733,11.8,12.3,4,91083.3048629894,13648,6.67374742548281,NA,22111.8,48726.12526,0.765435069,0.316,NA,NA,NA,7.87640884
"Uruguay",2018,"Cerro Largo",4,"Grandes",23.4226322,37.3683662,9,0.0988106438774714,NA,NA,NA,NA,NA,49.12669733,11.8,12.3,4,91083.3048629894,13648,6.67374742548281,NA,22111.8,48726.12526,0.765435069,0.316,NA,NA,NA,7.87640884
"Uruguay",2019,"Cerro Largo",4,"Micro",28.8999519,15.9573545,2770,30.3744924183013,522,649,18.8447653,23.4296029,81.1552347,43.83650094,9.1,6.7,5.8,91194.9395516818,13648,6.68192698942569,NA,23177.9,51522.18,NA,0.319,NA,NA,NA,8.139107146
"Uruguay",2019,"Cerro Largo",4,"Pequeña",26.7260113,19.3728142,347,3.80503569283413,15,7,4.3227666,2.0172911,95.6772334,43.83650094,9.1,6.7,5.8,91194.9395516818,13648,6.68192698942569,NA,23177.9,51522.18,NA,0.319,NA,NA,NA,8.139107146
"Uruguay",2019,"Cerro Largo",4,"Mediana",19.4920387,24.4286194,52,0.570207077888688,NA,NA,NA,NA,100,43.83650094,9.1,6.7,5.8,91194.9395516818,13648,6.68192698942569,NA,23177.9,51522.18,NA,0.319,NA,NA,NA,8.139107146
"Uruguay",2019,"Cerro Largo",4,"Grandes",24.8819962,40.2412148,9,0.0986896865576575,NA,NA,NA,NA,NA,43.83650094,9.1,6.7,5.8,91194.9395516818,13648,6.68192698942569,NA,23177.9,51522.18,NA,0.319,NA,NA,NA,8.139107146
"Uruguay",2020,"Cerro Largo",4,"Micro",30.4402809,14.1514626,2791,30.5655759866493,466,516,16.6965245,18.4879971,83.3034755,42.96642239,16.8,2.2,8.5,91311.8732399833,13648,6.69049481535634,NA,22178.8,49212.16143,NA,0.3431769,NA,NA,NA,NA
"Uruguay",2020,"Cerro Largo",4,"Pequeña",27.7783833,18.2091789,322,3.52637601852421,6,4,1.863354,1.242236,98.136646,42.96642239,16.8,2.2,8.5,91311.8732399833,13648,6.69049481535634,NA,22178.8,49212.16143,NA,0.3431769,NA,NA,NA,NA
"Uruguay",2020,"Cerro Largo",4,"Mediana",17.2933731,26.8755779,47,0.514719480964714,1,NA,2.1276596,NA,97.8723404,42.96642239,16.8,2.2,8.5,91311.8732399833,13648,6.69049481535634,NA,22178.8,49212.16143,NA,0.3431769,NA,NA,NA,NA
"Uruguay",2020,"Cerro Largo",4,"Grandes",24.4879646,40.7637825,6,0.0657088699103891,NA,NA,NA,NA,NA,42.96642239,16.8,2.2,8.5,91311.8732399833,13648,6.69049481535634,NA,22178.8,49212.16143,NA,0.3431769,NA,NA,NA,NA
"Uruguay",2021,"Cerro Largo",4,"Micro",29.3286095,13.4536476,3013,33.0110883345476,408,661,13.5413209,21.9382675,86.4586791,36.7178461,19.5,2.2,5.7,91272.3618641425,13648,6.68759978488735,NA,22299.6,49690.14236,NA,NA,NA,NA,NA,8.283292142
"Uruguay",2021,"Cerro Largo",4,"Pequeña",25.6907959,17.7882519,304,3.33069062519166,10,8,3.2894737,2.6315789,96.7105263,36.7178461,19.5,2.2,5.7,91272.3618641425,13648,6.68759978488735,NA,22299.6,49690.14236,NA,NA,NA,NA,NA,8.283292142
"Uruguay",2021,"Cerro Largo",4,"Mediana",17.3755093,27.8825531,48,0.525898519767104,1,NA,2.0833333,NA,97.9166667,36.7178461,19.5,2.2,5.7,91272.3618641425,13648,6.68759978488735,NA,22299.6,49690.14236,NA,NA,NA,NA,NA,8.283292142
"Uruguay",2021,"Cerro Largo",4,"Grandes",27.6050835,40.8755455,5,0.0547810958090733,NA,NA,NA,NA,NA,36.7178461,19.5,2.2,5.7,91272.3618641425,13648,6.68759978488735,NA,22299.6,49690.14236,NA,NA,NA,NA,NA,8.283292142
"Uruguay",2022,"Cerro Largo",4,"Micro",34.1437378,14.9179363,3289,36.1101260366927,518,697,15.7494679,21.1918516,84.2505321,32.80949176,19.1,4.5,2.3,91082.4846376314,13648,6.67368732690734,NA,23267.5,51395.04568,NA,NA,NA,NA,NA,8.689602786
"Uruguay",2022,"Cerro Largo",4,"Pequeña",23.8038731,19.2116394,315,3.45840367940353,3,6,0.952381,1.9047619,99.047619,32.80949176,19.1,4.5,2.3,91082.4846376314,13648,6.67368732690734,NA,23267.5,51395.04568,NA,NA,NA,NA,NA,8.689602786
"Uruguay",2022,"Cerro Largo",4,"Mediana",19.2185974,29.4484596,46,0.505036727785912,NA,1,NA,2.173913,100,32.80949176,19.1,4.5,2.3,91082.4846376314,13648,6.67368732690734,NA,23267.5,51395.04568,NA,NA,NA,NA,NA,8.689602786
"Uruguay",2022,"Cerro Largo",4,"Grandes",22.8337936,36.4219666,5,0.0548952964984687,NA,NA,NA,NA,NA,32.80949176,19.1,4.5,2.3,91082.4846376314,13648,6.67368732690734,NA,23267.5,51395.04568,NA,NA,NA,NA,NA,8.689602786
"Uruguay",2011,"Colonia",5,"Micro",28.4289894,7.5437579,5069,39.8012936174002,690,946,13.6121523,18.6624581,86.3878477,24.92981283,3.8,NA,3.2,127357.669545292,6106,20.8577906232054,27121.55849,30939.5,64300.91203,0.786329376,0.326,80.5,74.3,4.726988553,8.312807696
"Uruguay",2011,"Colonia",5,"Pequeña",26.8376999,11.7568855,921,7.2316021743195,34,41,3.6916395,4.451683,96.3083605,24.92981283,3.8,NA,3.2,127357.669545292,6106,20.8577906232054,27121.55849,30939.5,64300.91203,0.786329376,0.326,80.5,74.3,4.726988553,8.312807696
"Uruguay",2011,"Colonia",5,"Mediana",20.7798252,23.3090477,159,1.24845249263496,1,6,0.6289308,3.7735849,99.3710692,24.92981283,3.8,NA,3.2,127357.669545292,6106,20.8577906232054,27121.55849,30939.5,64300.91203,0.786329376,0.326,80.5,74.3,4.726988553,8.312807696
"Uruguay",2011,"Colonia",5,"Grandes",23.9534836,57.3903084,18,0.141334244449241,2,2,NA,NA,NA,24.92981283,3.8,NA,3.2,127357.669545292,6106,20.8577906232054,27121.55849,30939.5,64300.91203,0.786329376,0.326,80.5,74.3,4.726988553,8.312807696
"Uruguay",2012,"Colonia",5,"Micro",27.4610214,6.8469009,5268,41.0999951681687,714,1004,13.5535308,19.0584662,86.4464692,24.4627719,3.4,NA,3.5,128175.197550388,6106,20.9916799132636,28312.21503,31682.5,67736.25679,0.789203489,0.314,80.6,74.4,4.745086886,8.321615976
"Uruguay",2012,"Colonia",5,"Pequeña",24.803709,11.515687,1054,8.22311976219624,60,55,5.6925996,5.2182163,94.3074004,24.4627719,3.4,NA,3.5,128175.197550388,6106,20.9916799132636,28312.21503,31682.5,67736.25679,0.789203489,0.314,80.6,74.4,4.745086886,8.321615976
"Uruguay",2012,"Colonia",5,"Mediana",20.5402374,21.512167,168,1.31070599625139,11,4,6.547619,2.3809524,93.452381,24.4627719,3.4,NA,3.5,128175.197550388,6106,20.9916799132636,28312.21503,31682.5,67736.25679,0.789203489,0.314,80.6,74.4,4.745086886,8.321615976
"Uruguay",2012,"Colonia",5,"Grandes",27.1950321,60.125248,19,0.148234606718908,NA,1,NA,NA,NA,24.4627719,3.4,NA,3.5,128175.197550388,6106,20.9916799132636,28312.21503,31682.5,67736.25679,0.789203489,0.314,80.6,74.4,4.745086886,8.321615976
"Uruguay",2013,"Colonia",5,"Micro",28.5437603,7.1610045,5627,43.6236942102219,822,1089,14.6081393,19.3531189,85.3918607,22.93330782,1.8,NA,3.5,128989.534285739,6106,21.1250465584243,29702.9284040732,34858.1,73983.72886,0.796057489,0.304,80.7,74.6,4.800256207,8.609762309
"Uruguay",2013,"Colonia",5,"Pequeña",25.8951893,11.3164883,946,7.33392833177003,47,62,4.9682875,6.5539112,95.0317125,22.93330782,1.8,NA,3.5,128989.534285739,6106,21.1250465584243,29702.9284040732,34858.1,73983.72886,0.796057489,0.304,80.7,74.6,4.800256207,8.609762309
"Uruguay",2013,"Colonia",5,"Mediana",19.757019,21.2563953,299,2.31801751712393,6,4,2.006689,1.3377926,97.993311,22.93330782,1.8,NA,3.5,128989.534285739,6106,21.1250465584243,29702.9284040732,34858.1,73983.72886,0.796057489,0.304,80.7,74.6,4.800256207,8.609762309
"Uruguay",2013,"Colonia",5,"Grandes",25.8040295,60.2661095,24,0.186061606725667,1,2,NA,NA,NA,22.93330782,1.8,NA,3.5,128989.534285739,6106,21.1250465584243,29702.9284040732,34858.1,73983.72886,0.796057489,0.304,80.7,74.6,4.800256207,8.609762309
"Uruguay",2014,"Colonia",5,"Micro",29.0818405,7.2134156,5875,45.2293023779517,916,1018,15.5914894,17.3276596,84.4085106,24.097548,3.5,NA,5.1,129893.668288458,6106,21.2731196017782,32261.4836690521,34592.1,71812.41247,0.796555887,0.312,80.8,74.7,4.743225526,8.530076482
"Uruguay",2014,"Colonia",5,"Pequeña",25.9772491,11.4374132,1028,7.91416559055903,65,69,6.3229572,6.7120623,93.6770428,24.097548,3.5,NA,5.1,129893.668288458,6106,21.2731196017782,32261.4836690521,34592.1,71812.41247,0.796555887,0.312,80.8,74.7,4.743225526,8.530076482
"Uruguay",2014,"Colonia",5,"Mediana",20.0008202,22.1560268,205,1.57821395531576,4,13,1.9512195,6.3414634,98.0487805,24.097548,3.5,NA,5.1,129893.668288458,6106,21.2731196017782,32261.4836690521,34592.1,71812.41247,0.796555887,0.312,80.8,74.7,4.743225526,8.530076482
"Uruguay",2014,"Colonia",5,"Grandes",24.9400845,59.1931458,25,0.192465116501922,NA,1,NA,NA,NA,24.097548,3.5,NA,5.1,129893.668288458,6106,21.2731196017782,32261.4836690521,34592.1,71812.41247,0.796555887,0.312,80.8,74.7,4.743225526,8.530076482
"Uruguay",2015,"Colonia",5,"Micro",28.4284649,7.0651069,6181,47.2354206255495,805,992,13.0237826,16.049183,86.9762174,24.47882396,3.1,NA,4.8,130855.191255706,6106,21.4305914274003,NA,33042.2,69716.95578,0.799592272,0.318,80.9,74.9,NA,8.421210291
"Uruguay",2015,"Colonia",5,"Pequeña",24.6220493,10.7194939,813,6.21297475628082,31,28,3.8130381,3.4440344,96.1869619,24.47882396,3.1,NA,4.8,130855.191255706,6106,21.4305914274003,NA,33042.2,69716.95578,0.799592272,0.318,80.9,74.9,NA,8.421210291
"Uruguay",2015,"Colonia",5,"Mediana",19.213562,20.0633125,174,1.32971415448077,1,5,0.5747126,2.8735632,99.4252874,24.47882396,3.1,NA,4.8,130855.191255706,6106,21.4305914274003,NA,33042.2,69716.95578,0.799592272,0.318,80.9,74.9,NA,8.421210291
"Uruguay",2015,"Colonia",5,"Grandes",27.7359238,62.152092,23,0.17576681352332,1,1,NA,NA,NA,24.47882396,3.1,NA,4.8,130855.191255706,6106,21.4305914274003,NA,33042.2,69716.95578,0.799592272,0.318,80.9,74.9,NA,8.421210291
"Uruguay",2016,"Colonia",5,"Micro",29.4730816,7.890656,6210,47.1226177068694,988,1057,15.9098229,17.020934,84.0901771,23.2228172,4.3,NA,4.8,131783.850350375,6106,21.5826810269202,NA,33312.2,68722.95511,0.810033933,0.316,81,75,NA,8.888041705
"Uruguay",2016,"Colonia",5,"Pequeña",24.9680538,11.2818375,1029,7.80824051857787,36,32,3.4985423,3.1098154,96.5014577,23.2228172,4.3,NA,4.8,131783.850350375,6106,21.5826810269202,NA,33312.2,68722.95511,0.810033933,0.316,81,75,NA,8.888041705
"Uruguay",2016,"Colonia",5,"Mediana",20.1206875,21.6511936,182,1.38104934342194,2,3,1.0989011,1.6483516,98.9010989,23.2228172,4.3,NA,4.8,131783.850350375,6106,21.5826810269202,NA,33312.2,68722.95511,0.810033933,0.316,81,75,NA,8.888041705
"Uruguay",2016,"Colonia",5,"Grandes",25.438179,59.1763115,22,0.166940030523531,NA,NA,NA,NA,NA,23.2228172,4.3,NA,4.8,131783.850350375,6106,21.5826810269202,NA,33312.2,68722.95511,0.810033933,0.316,81,75,NA,8.888041705
"Uruguay",2017,"Colonia",5,"Micro",27.7478657,8.2962074,6299,47.4898387638568,1021,1057,16.2089221,16.7804413,83.7910779,24.23384024,2.9,1.5,5.3,132638.900530317,6106,21.7227154487909,NA,33415.7,69483.58288,0.807451729,0.302,81.1,75.2,NA,8.718642151
"Uruguay",2017,"Colonia",5,"Pequeña",25.5285416,11.4119358,1031,7.77298361097576,34,45,3.2977692,4.3646945,96.7022308,24.23384024,2.9,1.5,5.3,132638.900530317,6106,21.7227154487909,NA,33415.7,69483.58288,0.807451729,0.302,81.1,75.2,NA,8.718642151
"Uruguay",2017,"Colonia",5,"Mediana",21.5441132,20.3880653,180,1.35706794372031,4,1,2.2222222,0.5555556,97.7777778,24.23384024,2.9,1.5,5.3,132638.900530317,6106,21.7227154487909,NA,33415.7,69483.58288,0.807451729,0.302,81.1,75.2,NA,8.718642151
"Uruguay",2017,"Colonia",5,"Grandes",25.1794796,59.9037857,24,0.180942392496041,NA,NA,NA,NA,NA,24.23384024,2.9,1.5,5.3,132638.900530317,6106,21.7227154487909,NA,33415.7,69483.58288,0.807451729,0.302,81.1,75.2,NA,8.718642151
"Uruguay",2018,"Colonia",5,"Micro",28.1580029,8.2829409,6422,48.129662659207,1016,1178,15.8206166,18.3431953,84.1793834,21.06641082,3,4.6,5.8,133431.228169464,6106,21.8524775908065,NA,32384.8,67197.37116,0.813016182,0.288,NA,NA,NA,8.796742603
"Uruguay",2018,"Colonia",5,"Pequeña",25.2561054,11.1318693,977,7.32212401402138,51,44,5.2200614,4.5035824,94.7799386,21.06641082,3,4.6,5.8,133431.228169464,6106,21.8524775908065,NA,32384.8,67197.37116,0.813016182,0.288,NA,NA,NA,8.796742603
"Uruguay",2018,"Colonia",5,"Mediana",22.633152,20.6056099,269,2.01601981552892,3,1,1.1152416,0.3717472,98.8847584,21.06641082,3,4.6,5.8,133431.228169464,6106,21.8524775908065,NA,32384.8,67197.37116,0.813016182,0.288,NA,NA,NA,8.796742603
"Uruguay",2018,"Colonia",5,"Grandes",23.9527378,59.9795799,37,0.27729640585342,NA,NA,NA,NA,NA,21.06641082,3,4.6,5.8,133431.228169464,6106,21.8524775908065,NA,32384.8,67197.37116,0.813016182,0.288,NA,NA,NA,8.796742603
"Uruguay",2019,"Colonia",5,"Micro",28.5974216,5.5403023,6788,50.6159234167702,1022,1316,15.0559811,19.3871538,84.9440189,21.58081554,3.6,2.3,6.8,134107.994911162,6106,21.9633139389391,NA,32010.7,67002.24,NA,0.303,NA,NA,NA,8.701368268
"Uruguay",2019,"Colonia",5,"Pequeña",24.902935,7.7551861,1026,7.65055059304747,43,46,4.1910331,4.4834308,95.8089669,21.58081554,3.6,2.3,6.8,134107.994911162,6106,21.9633139389391,NA,32010.7,67002.24,NA,0.303,NA,NA,NA,8.701368268
"Uruguay",2019,"Colonia",5,"Mediana",22.276371,13.1334524,181,1.34965853542065,1,2,0.5524862,1.1049724,99.4475138,21.58081554,3.6,2.3,6.8,134107.994911162,6106,21.9633139389391,NA,32010.7,67002.24,NA,0.303,NA,NA,NA,8.701368268
"Uruguay",2019,"Colonia",5,"Grandes",24.2232723,73.5710602,22,0.164046893808035,NA,1,NA,NA,NA,21.58081554,3.6,2.3,6.8,134107.994911162,6106,21.9633139389391,NA,32010.7,67002.24,NA,0.303,NA,NA,NA,8.701368268
"Uruguay",2020,"Colonia",5,"Micro",30.242939,9.0812407,7185,53.3337754604059,1233,1346,17.1607516,18.7334725,82.8392484,22.69803689,6.4,2.3,9.6,134717.633206635,6106,22.0631564373788,NA,29715.4,62097.25614,NA,0.3167705,NA,NA,NA,NA
"Uruguay",2020,"Colonia",5,"Pequeña",26.0999889,13.1645212,940,6.97755726273926,15,8,1.5957447,0.8510638,98.4042553,22.69803689,6.4,2.3,9.6,134717.633206635,6106,22.0631564373788,NA,29715.4,62097.25614,NA,0.3167705,NA,NA,NA,NA
"Uruguay",2020,"Colonia",5,"Mediana",20.7463932,23.426218,157,1.16540052154262,NA,2,NA,1.2738854,100,22.69803689,6.4,2.3,9.6,134717.633206635,6106,22.0631564373788,NA,29715.4,62097.25614,NA,0.3167705,NA,NA,NA,NA
"Uruguay",2020,"Colonia",5,"Grandes",22.9106808,54.3280182,19,0.141035731906432,NA,NA,NA,NA,NA,22.69803689,6.4,2.3,9.6,134717.633206635,6106,22.0631564373788,NA,29715.4,62097.25614,NA,0.3167705,NA,NA,NA,NA
"Uruguay",2021,"Colonia",5,"Micro",29.5907574,6.6844625,7390,54.669318180224,1012,1357,13.6941813,18.3626522,86.3058187,23.1010394,6.8,0,9.4,135176.370329661,6106,22.1382853471439,NA,29799.7,62517.5895,NA,NA,NA,NA,NA,9.192843587
"Uruguay",2021,"Colonia",5,"Pequeña",25.1938305,9.9761639,873,6.458229333063,28,26,3.207331,2.978236,96.792669,23.1010394,6.8,0,9.4,135176.370329661,6106,22.1382853471439,NA,29799.7,62517.5895,NA,NA,NA,NA,NA,9.192843587
"Uruguay",2021,"Colonia",5,"Mediana",20.5682735,16.806757,174,1.28720722102287,6,7,3.4482759,4.0229885,96.5517241,23.1010394,6.8,0,9.4,135176.370329661,6106,22.1382853471439,NA,29799.7,62517.5895,NA,NA,NA,NA,NA,9.192843587
"Uruguay",2021,"Colonia",5,"Grandes",24.6471405,66.5326157,21,0.155352595640691,NA,NA,NA,NA,NA,23.1010394,6.8,0,9.4,135176.370329661,6106,22.1382853471439,NA,29799.7,62517.5895,NA,NA,NA,NA,NA,9.192843587
"Uruguay",2022,"Colonia",5,"Micro",33.4291039,4.7673645,7935,58.6072351118236,1200,1601,15.1228733,20.1764335,84.8771267,20.40085908,4.3,2.3,6.3,135392.839891865,6106,22.1737372898566,NA,31685.7,66044.93619,NA,NA,NA,NA,NA,9.66686074
"Uruguay",2022,"Colonia",5,"Pequeña",21.5911121,7.2663255,893,6.59562204850138,7,6,0.7838746,0.6718925,99.2161254,20.40085908,4.3,2.3,6.3,135392.839891865,6106,22.1737372898566,NA,31685.7,66044.93619,NA,NA,NA,NA,NA,9.66686074
"Uruguay",2022,"Colonia",5,"Mediana",21.0225124,13.2778225,176,1.29992103083566,NA,NA,NA,NA,100,20.40085908,4.3,2.3,6.3,135392.839891865,6106,22.1737372898566,NA,31685.7,66044.93619,NA,NA,NA,NA,NA,9.66686074
"Uruguay",2022,"Colonia",5,"Grandes",23.9572773,74.6884842,22,0.162490128854457,NA,NA,NA,NA,NA,20.40085908,4.3,2.3,6.3,135392.839891865,6106,22.1737372898566,NA,31685.7,66044.93619,NA,NA,NA,NA,NA,9.66686074
"Uruguay",2011,"Durazno",6,"Micro",34.0913849,7.9839096,1736,29.4148252354569,277,321,15.9562212,18.4907834,84.0437788,32.39711468,12.1,NA,8.9,59017.8587193308,11643,5.06895634452725,7644.53469,24967.6,59781.06471,0.755263706,0.359,80.3,72.9,1.405932523,7.8535943
"Uruguay",2011,"Durazno",6,"Pequeña",28.2161674,12.6811295,265,4.49016629458299,8,15,3.0188679,5.6603774,96.9811321,32.39711468,12.1,NA,8.9,59017.8587193308,11643,5.06895634452725,7644.53469,24967.6,59781.06471,0.755263706,0.359,80.3,72.9,1.405932523,7.8535943
"Uruguay",2011,"Durazno",6,"Mediana",18.3158207,18.5008907,35,0.593040831360018,NA,1,NA,2.8571429,100,32.39711468,12.1,NA,8.9,59017.8587193308,11643,5.06895634452725,7644.53469,24967.6,59781.06471,0.755263706,0.359,80.3,72.9,1.405932523,7.8535943
"Uruguay",2011,"Durazno",6,"Grandes",19.3766251,60.8340721,4,0.0677760950125735,NA,1,NA,NA,NA,32.39711468,12.1,NA,8.9,59017.8587193308,11643,5.06895634452725,7644.53469,24967.6,59781.06471,0.755263706,0.359,80.3,72.9,1.405932523,7.8535943
"Uruguay",2012,"Durazno",6,"Micro",32.8075104,6.5806146,1756,29.7081662237071,278,315,15.8314351,17.9384966,84.1685649,30.35649982,8.5,NA,8.6,59108.3268747404,11643,5.07672652020445,7909.535489,27401.1,65175.60815,0.763442584,0.353,80.4,73.1,1.393261621,8.222423719
"Uruguay",2012,"Durazno",6,"Pequeña",28.2596416,10.3915968,298,5.0415908511758,8,13,2.6845638,4.3624161,97.3154362,30.35649982,8.5,NA,8.6,59108.3268747404,11643,5.07672652020445,7909.535489,27401.1,65175.60815,0.763442584,0.353,80.4,73.1,1.393261621,8.222423719
"Uruguay",2012,"Durazno",6,"Mediana",18.3358879,15.8368435,34,0.575215063556971,3,NA,8.8235294,NA,91.1764706,30.35649982,8.5,NA,8.6,59108.3268747404,11643,5.07672652020445,7909.535489,27401.1,65175.60815,0.763442584,0.353,80.4,73.1,1.393261621,8.222423719
"Uruguay",2012,"Durazno",6,"Grandes",20.5969563,67.1909485,5,0.0845904505230839,NA,NA,NA,NA,NA,30.35649982,8.5,NA,8.6,59108.3268747404,11643,5.07672652020445,7909.535489,27401.1,65175.60815,0.763442584,0.353,80.4,73.1,1.393261621,8.222423719
"Uruguay",2013,"Durazno",6,"Micro",31.9805431,9.1374388,1811,30.4368118119518,284,345,15.6819437,19.0502485,84.3180563,29.15895372,11.4,NA,9.5,59500.3186006776,11643,5.11039410810595,8265.2277827483,26072.6,61472.13078,0.76466884,0.352,80.6,73.3,1.381522785,7.804873137
"Uruguay",2013,"Durazno",6,"Pequeña",27.2564106,13.7806282,269,4.52098419514911,9,5,3.3457249,1.8587361,96.6542751,29.15895372,11.4,NA,9.5,59500.3186006776,11643,5.11039410810595,8265.2277827483,26072.6,61472.13078,0.76466884,0.352,80.6,73.3,1.381522785,7.804873137
"Uruguay",2013,"Durazno",6,"Mediana",17.986557,19.5925274,70,1.17646428870051,NA,1,NA,1.4285714,100,29.15895372,11.4,NA,9.5,59500.3186006776,11643,5.11039410810595,8265.2277827483,26072.6,61472.13078,0.76466884,0.352,80.6,73.3,1.381522785,7.804873137
"Uruguay",2013,"Durazno",6,"Grandes",22.7764931,57.4894066,5,0.084033163478608,NA,NA,NA,NA,NA,29.15895372,11.4,NA,9.5,59500.3186006776,11643,5.11039410810595,8265.2277827483,26072.6,61472.13078,0.76466884,0.352,80.6,73.3,1.381522785,7.804873137
"Uruguay",2014,"Durazno",6,"Micro",32.8587341,8.9334841,1893,31.6010694309541,322,360,17.010037,19.0174326,82.989963,29.3659064,7.9,NA,7.9,59903.0360075649,11643,5.14498290883491,8788.43287113634,28552.7,66047.648,0.773298534,0.338,80.7,73.5,1.461369925,8.046924823
"Uruguay",2014,"Durazno",6,"Pequeña",27.3940239,12.9263239,302,5.04148070161021,9,14,2.9801325,4.6357616,97.0198675,29.3659064,7.9,NA,7.9,59903.0360075649,11643,5.14498290883491,8788.43287113634,28552.7,66047.648,0.773298534,0.338,80.7,73.5,1.461369925,8.046924823
"Uruguay",2014,"Durazno",6,"Mediana",19.9848862,18.6485405,46,0.767907656536655,1,1,2.173913,2.173913,97.826087,29.3659064,7.9,NA,7.9,59903.0360075649,11643,5.14498290883491,8788.43287113634,28552.7,66047.648,0.773298534,0.338,80.7,73.5,1.461369925,8.046924823
"Uruguay",2014,"Durazno",6,"Grandes",19.7623501,59.4916534,5,0.0834682235365929,NA,NA,NA,NA,NA,29.3659064,7.9,NA,7.9,59903.0360075649,11643,5.14498290883491,8788.43287113634,28552.7,66047.648,0.773298534,0.338,80.7,73.5,1.461369925,8.046924823
"Uruguay",2015,"Durazno",6,"Micro",30.9514465,9.0558929,2019,33.4693489847826,291,370,14.4130758,18.3259039,85.5869242,31.45539906,10.1,NA,9.2,60323.8503658368,11643,5.18112602987519,NA,28303.8,65919.20713,0.772580368,0.346,80.8,73.7,NA,7.984568071
"Uruguay",2015,"Durazno",6,"Pequeña",25.1850128,12.5016775,225,3.72986801464888,6,4,2.6666667,1.7777778,97.3333333,31.45539906,10.1,NA,9.2,60323.8503658368,11643,5.18112602987519,NA,28303.8,65919.20713,0.772580368,0.346,80.8,73.7,NA,7.984568071
"Uruguay",2015,"Durazno",6,"Mediana",19.6364937,20.0130787,38,0.629933264696256,1,1,2.6315789,2.6315789,97.3684211,31.45539906,10.1,NA,9.2,60323.8503658368,11643,5.18112602987519,NA,28303.8,65919.20713,0.772580368,0.346,80.8,73.7,NA,7.984568071
"Uruguay",2015,"Durazno",6,"Grandes",24.2270451,58.4293556,5,0.0828859558810863,NA,NA,NA,NA,NA,31.45539906,10.1,NA,9.2,60323.8503658368,11643,5.18112602987519,NA,28303.8,65919.20713,0.772580368,0.346,80.8,73.7,NA,7.984568071
"Uruguay",2016,"Durazno",6,"Micro",32.7604637,9.5926647,1992,32.825936263465,311,339,15.6124498,17.0180723,84.3875502,30.48771002,9.3,NA,10.5,60683.7222863033,11643,5.21203489532794,NA,27774.6,63489.31199,0.775286872,0.356,80.9,73.9,NA,8.049909819
"Uruguay",2016,"Durazno",6,"Pequeña",26.4403648,12.2346239,301,4.96014398358582,16,11,5.3156146,3.654485,94.6843854,30.48771002,9.3,NA,10.5,60683.7222863033,11643,5.21203489532794,NA,27774.6,63489.31199,0.775286872,0.356,80.9,73.9,NA,8.049909819
"Uruguay",2016,"Durazno",6,"Mediana",19.2673721,18.3887424,36,0.593239811990331,NA,NA,NA,NA,100,30.48771002,9.3,NA,10.5,60683.7222863033,11643,5.21203489532794,NA,27774.6,63489.31199,0.775286872,0.356,80.9,73.9,NA,8.049909819
"Uruguay",2016,"Durazno",6,"Grandes",21.5317879,59.7839661,6,0.0988733019983885,NA,1,NA,NA,NA,30.48771002,9.3,NA,10.5,60683.7222863033,11643,5.21203489532794,NA,27774.6,63489.31199,0.775286872,0.356,80.9,73.9,NA,8.049909819
"Uruguay",2017,"Durazno",6,"Micro",31.3530331,9.0585289,2030,33.2909762963098,369,343,18.1773399,16.8965517,81.8226601,31.88136446,7.9,3.4,12.3,60977.4847673968,11643,5.23726571909274,NA,28567.2,65585.69682,0.788000785,0.337,81,74,NA,8.183881579
"Uruguay",2017,"Durazno",6,"Pequeña",27.4071217,11.2751589,294,4.82145173946556,11,19,3.7414966,6.462585,96.2585034,31.88136446,7.9,3.4,12.3,60977.4847673968,11643,5.23726571909274,NA,28567.2,65585.69682,0.788000785,0.337,81,74,NA,8.183881579
"Uruguay",2017,"Durazno",6,"Mediana",18.7640495,16.7959461,43,0.70517831563612,NA,NA,NA,NA,100,31.88136446,7.9,3.4,12.3,60977.4847673968,11643,5.23726571909274,NA,28567.2,65585.69682,0.788000785,0.337,81,74,NA,8.183881579
"Uruguay",2017,"Durazno",6,"Grandes",22.4757996,62.8703651,6,0.0983969742748074,NA,NA,NA,NA,NA,31.88136446,7.9,3.4,12.3,60977.4847673968,11643,5.23726571909274,NA,28567.2,65585.69682,0.788000785,0.337,81,74,NA,8.183881579
"Uruguay",2018,"Durazno",6,"Micro",30.0647469,9.3854752,1972,32.2230642929485,362,335,18.356998,16.9878296,81.643002,30.1915559,7.3,6.8,14.3,61198.4006881538,11643,5.25623985984315,NA,28160.1,64505.99363,0.784475361,0.338,NA,NA,NA,8.348528848
"Uruguay",2018,"Durazno",6,"Pequeña",27.4474392,12.1865978,290,4.7386859254336,5,10,1.7241379,3.4482759,98.2758621,30.1915559,7.3,6.8,14.3,61198.4006881538,11643,5.25623985984315,NA,28160.1,64505.99363,0.784475361,0.338,NA,NA,NA,8.348528848
"Uruguay",2018,"Durazno",6,"Mediana",20.2498055,15.3085089,65,1.06211925914891,NA,NA,NA,NA,100,30.1915559,7.3,6.8,14.3,61198.4006881538,11643,5.25623985984315,NA,28160.1,64505.99363,0.784475361,0.338,NA,NA,NA,8.348528848
"Uruguay",2018,"Durazno",6,"Grandes",22.2380066,63.1194153,10,0.163402962945986,1,NA,NA,NA,NA,30.1915559,7.3,6.8,14.3,61198.4006881538,11643,5.25623985984315,NA,28160.1,64505.99363,0.784475361,0.338,NA,NA,NA,8.348528848
"Uruguay",2019,"Durazno",6,"Micro",30.1711388,9.1908607,2031,33.1178176990544,296,392,14.5741014,19.300837,85.4258986,29.63274997,9.7,8.5,16.3,61326.5046162142,11643,5.26724251620838,NA,27254,63148.11,NA,0.37,NA,NA,NA,8.415103888
"Uruguay",2019,"Durazno",6,"Pequeña",26.8066101,12.688138,293,4.77770585220234,13,10,4.4368601,3.4129693,95.5631399,29.63274997,9.7,8.5,16.3,61326.5046162142,11643,5.26724251620838,NA,27254,63148.11,NA,0.37,NA,NA,NA,8.415103888
"Uruguay",2019,"Durazno",6,"Mediana",19.5023956,14.766408,39,0.635940369405772,NA,NA,NA,NA,100,29.63274997,9.7,8.5,16.3,61326.5046162142,11643,5.26724251620838,NA,27254,63148.11,NA,0.37,NA,NA,NA,8.415103888
"Uruguay",2019,"Durazno",6,"Grandes",23.5198574,63.3545952,6,0.0978369799085803,NA,NA,NA,NA,NA,29.63274997,9.7,8.5,16.3,61326.5046162142,11643,5.26724251620838,NA,27254,63148.11,NA,0.37,NA,NA,NA,8.415103888
"Uruguay",2020,"Durazno",6,"Micro",30.9166393,7.1844549,2173,35.3540499410612,333,448,15.3244363,20.616659,84.6755637,25.03462628,11.4,6.8,14,61463.9625056425,11643,5.27904857044082,NA,28409.9,65613.98283,NA,0.3869887,NA,NA,NA,NA
"Uruguay",2020,"Durazno",6,"Pequeña",25.0689983,10.4810066,292,4.75075130363087,5,5,1.7123288,1.7123288,98.2876712,25.03462628,11.4,6.8,14,61463.9625056425,11643,5.27904857044082,NA,28409.9,65613.98283,NA,0.3869887,NA,NA,NA,NA
"Uruguay",2020,"Durazno",6,"Mediana",18.4505634,14.5235443,40,0.650787849812448,NA,1,NA,2.5,100,25.03462628,11.4,6.8,14,61463.9625056425,11643,5.27904857044082,NA,28409.9,65613.98283,NA,0.3869887,NA,NA,NA,NA
"Uruguay",2020,"Durazno",6,"Grandes",25.563797,67.810997,6,0.0976181774718672,NA,NA,NA,NA,NA,25.03462628,11.4,6.8,14,61463.9625056425,11643,5.27904857044082,NA,28409.9,65613.98283,NA,0.3869887,NA,NA,NA,NA
"Uruguay",2021,"Durazno",6,"Micro",28.8184605,5.9881649,2302,37.364522712671,336,429,14.5960035,18.6359687,85.4039965,32.4418103,8,0,7.2,61609.2440870213,11643,5.29152658997005,NA,28179.1,63385.61026,NA,NA,NA,NA,NA,8.332916145
"Uruguay",2021,"Durazno",6,"Pequeña",24.6659565,9.0849457,266,4.31753390163792,7,12,2.6315789,4.5112782,97.3684211,32.4418103,8,0,7.2,61609.2440870213,11643,5.29152658997005,NA,28179.1,63385.61026,NA,NA,NA,NA,NA,8.332916145
"Uruguay",2021,"Durazno",6,"Mediana",17.6545372,14.434864,44,0.714178540120558,NA,2,NA,4.5454545,100,32.4418103,8,0,7.2,61609.2440870213,11643,5.29152658997005,NA,28179.1,63385.61026,NA,NA,NA,NA,NA,8.332916145
"Uruguay",2021,"Durazno",6,"Grandes",28.8610516,70.4920273,6,0.0973879827437125,NA,NA,NA,NA,NA,32.4418103,8,0,7.2,61609.2440870213,11643,5.29152658997005,NA,28179.1,63385.61026,NA,NA,NA,NA,NA,8.332916145
"Uruguay",2022,"Durazno",6,"Micro",31.7000771,5.920639,2411,39.0365935057078,406,449,16.8394857,18.622978,83.1605143,23.73748334,4.5,5.1,5.8,61762.561316921,11643,5.3046947794315,NA,26286.7,58896.30687,NA,NA,NA,NA,NA,8.596985471
"Uruguay",2022,"Durazno",6,"Pequeña",22.609705,9.7814932,278,4.50110866635702,5,5,1.7985612,1.7985612,98.2014388,23.73748334,4.5,5.1,5.8,61762.561316921,11643,5.3046947794315,NA,26286.7,58896.30687,NA,NA,NA,NA,NA,8.596985471
"Uruguay",2022,"Durazno",6,"Mediana",16.2708931,15.705348,35,0.566686342886676,NA,NA,NA,NA,100,23.73748334,4.5,5.1,5.8,61762.561316921,11643,5.3046947794315,NA,26286.7,58896.30687,NA,NA,NA,NA,NA,8.596985471
"Uruguay",2022,"Durazno",6,"Grandes",29.4193287,68.5925217,7,0.113337268577335,NA,NA,NA,NA,NA,23.73748334,4.5,5.1,5.8,61762.561316921,11643,5.3046947794315,NA,26286.7,58896.30687,NA,NA,NA,NA,NA,8.596985471
"Uruguay",2011,"Flores",7,"Micro",34.4431267,10.2059174,1073,40.4774800184333,164,185,15.2842498,17.2413793,84.7157502,34.51112504,9,NA,5.4,26508.5672208685,5144,5.15329844884691,4224.925306,27015.3,64104.39656,0.772416232,0.327,81.6,73.3,0.786320052,7.769736042
"Uruguay",2011,"Flores",7,"Pequeña",31.4631348,21.3039818,152,5.73399530550033,1,11,0.6578947,7.2368421,99.3421053,34.51112504,9,NA,5.4,26508.5672208685,5144,5.15329844884691,4224.925306,27015.3,64104.39656,0.772416232,0.327,81.6,73.3,0.786320052,7.769736042
"Uruguay",2011,"Flores",7,"Mediana",20.7114468,22.632494,18,0.679025759861882,NA,1,NA,5.5555556,100,34.51112504,9,NA,5.4,26508.5672208685,5144,5.15329844884691,4224.925306,27015.3,64104.39656,0.772416232,0.327,81.6,73.3,0.786320052,7.769736042
"Uruguay",2011,"Flores",7,"Grandes",13.3822956,45.8576088,4,0.15089461330264,NA,NA,NA,NA,NA,34.51112504,9,NA,5.4,26508.5672208685,5144,5.15329844884691,4224.925306,27015.3,64104.39656,0.772416232,0.327,81.6,73.3,0.786320052,7.769736042
"Uruguay",2012,"Flores",7,"Micro",35.564846,10.3445063,1055,39.6729145728346,206,175,19.5260664,16.5876777,80.4739336,28.62207516,5,NA,5,26592.4500722816,5144,5.16960537952598,4251.846922,30611.4,68384.66747,0.775972839,0.301,81.7,73.5,0.764715267,7.97384432
"Uruguay",2012,"Flores",7,"Pequeña",32.7520981,19.7681446,182,6.84404782204351,8,4,4.3956044,2.1978022,95.6043956,28.62207516,5,NA,5,26592.4500722816,5144,5.16960537952598,4251.846922,30611.4,68384.66747,0.775972839,0.301,81.7,73.5,0.764715267,7.97384432
"Uruguay",2012,"Flores",7,"Mediana",18.9908409,22.5693092,19,0.714488508894652,NA,NA,NA,NA,100,28.62207516,5,NA,5,26592.4500722816,5144,5.16960537952598,4251.846922,30611.4,68384.66747,0.775972839,0.301,81.7,73.5,0.764715267,7.97384432
"Uruguay",2012,"Flores",7,"Grandes",12.6922197,47.3180389,4,0.150418633451506,NA,NA,NA,NA,NA,28.62207516,5,NA,5,26592.4500722816,5144,5.16960537952598,4251.846922,30611.4,68384.66747,0.775972839,0.301,81.7,73.5,0.764715267,7.97384432
"Uruguay",2013,"Flores",7,"Micro",32.1177101,10.455368,996,37.4175102935637,151,156,15.1606426,15.6626506,84.8393574,25.73069278,5.7,NA,5.6,26618.5535110636,5144,5.17467992050226,4431.91417501092,31484.4,69396.89055,0.778700244,0.328,81.8,73.6,0.782673147,8.059618156
"Uruguay",2013,"Flores",7,"Pequeña",31.4918289,19.9843197,166,6.23625171559395,5,3,3.0120482,1.8072289,96.9879518,25.73069278,5.7,NA,5.6,26618.5535110636,5144,5.17467992050226,4431.91417501092,31484.4,69396.89055,0.778700244,0.328,81.8,73.6,0.782673147,8.059618156
"Uruguay",2013,"Flores",7,"Mediana",18.1386642,25.8233948,39,1.46514347535039,NA,NA,NA,NA,100,25.73069278,5.7,NA,5.6,26618.5535110636,5144,5.17467992050226,4431.91417501092,31484.4,69396.89055,0.778700244,0.328,81.8,73.6,0.782673147,8.059618156
"Uruguay",2013,"Flores",7,"Grandes",18.2517929,43.7369194,3,0.112703344257722,NA,NA,NA,NA,NA,25.73069278,5.7,NA,5.6,26618.5535110636,5144,5.17467992050226,4431.91417501092,31484.4,69396.89055,0.778700244,0.328,81.8,73.6,0.782673147,8.059618156
"Uruguay",2014,"Flores",7,"Micro",33.933918,10.4649897,1043,39.1581540332839,183,178,17.5455417,17.0661553,82.4544583,21.2550924,4.8,NA,4.8,26635.5763122405,5144,5.17798917423026,4443.9780863177,33951.1,73237.03199,0.79501707,0.324,81.8,73.8,0.735745903,8.417687405
"Uruguay",2014,"Flores",7,"Pequeña",32.2902298,19.0933323,163,6.11963481057073,8,9,4.9079755,5.5214724,95.0920245,21.2550924,4.8,NA,4.8,26635.5763122405,5144,5.17798917423026,4443.9780863177,33951.1,73237.03199,0.79501707,0.324,81.8,73.8,0.735745903,8.417687405
"Uruguay",2014,"Flores",7,"Mediana",16.8146496,24.5882473,27,1.01368183978779,NA,1,NA,3.7037037,100,21.2550924,4.8,NA,4.8,26635.5763122405,5144,5.17798917423026,4443.9780863177,33951.1,73237.03199,0.79501707,0.324,81.8,73.8,0.735745903,8.417687405
"Uruguay",2014,"Flores",7,"Grandes",16.9611988,45.8534317,6,0.225262631063953,NA,NA,NA,NA,NA,21.2550924,4.8,NA,4.8,26635.5763122405,5144,5.17798917423026,4443.9780863177,33951.1,73237.03199,0.79501707,0.324,81.8,73.8,0.735745903,8.417687405
"Uruguay",2015,"Flores",7,"Micro",32.9750519,11.1260462,1100,41.2824617337448,143,199,13,18.0909091,87,25.24076148,1.8,NA,5,26645.697804907,5144,5.17995680499747,NA,35341.5,77085.71487,0.800238488,0.335,81.9,74,NA,8.554113324
"Uruguay",2015,"Flores",7,"Pequeña",30.9809875,19.4034004,136,5.10401345071754,3,7,2.2058824,5.1470588,97.7941176,25.24076148,1.8,NA,5,26645.697804907,5144,5.17995680499747,NA,35341.5,77085.71487,0.800238488,0.335,81.9,74,NA,8.554113324
"Uruguay",2015,"Flores",7,"Mediana",15.8542871,24.7189083,17,0.638001681339692,NA,NA,NA,NA,100,25.24076148,1.8,NA,5,26645.697804907,5144,5.17995680499747,NA,35341.5,77085.71487,0.800238488,0.335,81.9,74,NA,8.554113324
"Uruguay",2015,"Flores",7,"Grandes",20.1896763,44.7516441,4,0.150118042668163,NA,NA,NA,NA,NA,25.24076148,1.8,NA,5,26645.697804907,5144,5.17995680499747,NA,35341.5,77085.71487,0.800238488,0.335,81.9,74,NA,8.554113324
"Uruguay",2016,"Flores",7,"Micro",34.6155853,13.1867561,1085,40.6719855995286,172,172,15.8525346,15.8525346,84.1474654,34.23525599,4.1,NA,6.6,26676.838713588,5144,5.18601063638959,NA,32713.4,70035.88743,0.795689934,0.342,82,74.2,NA,8.161640746
"Uruguay",2016,"Flores",7,"Pequeña",31.6897182,21.5968437,179,6.70994048139689,10,6,5.5865922,3.3519553,94.4134078,34.23525599,4.1,NA,6.6,26676.838713588,5144,5.18601063638959,NA,32713.4,70035.88743,0.795689934,0.342,82,74.2,NA,8.161640746
"Uruguay",2016,"Flores",7,"Mediana",16.7225227,24.0165081,20,0.749714020267809,NA,NA,NA,NA,100,34.23525599,4.1,NA,6.6,26676.838713588,5144,5.18601063638959,NA,32713.4,70035.88743,0.795689934,0.342,82,74.2,NA,8.161640746
"Uruguay",2016,"Flores",7,"Grandes",16.9721718,41.1998901,5,0.187428505066952,NA,NA,NA,NA,NA,34.23525599,4.1,NA,6.6,26676.838713588,5144,5.18601063638959,NA,32713.4,70035.88743,0.795689934,0.342,82,74.2,NA,8.161640746
"Uruguay",2017,"Flores",7,"Micro",34.3900299,14.0336618,1096,41.0851422498359,158,176,14.4160584,16.0583942,85.5839416,27.76424002,2.7,11.3,6.2,26676.3102178228,5144,5.18590789615528,NA,32287.5,69506.49784,0.798850551,0.298,82.1,74.3,NA,8.176556392
"Uruguay",2017,"Flores",7,"Pequeña",31.5174255,21.360527,168,6.29772253464638,6,7,3.5714286,4.1666667,96.4285714,27.76424002,2.7,11.3,6.2,26676.3102178228,5144,5.18590789615528,NA,32287.5,69506.49784,0.798850551,0.298,82.1,74.3,NA,8.176556392
"Uruguay",2017,"Flores",7,"Mediana",16.7663651,20.3382454,17,0.63726954219636,NA,NA,NA,NA,100,27.76424002,2.7,11.3,6.2,26676.3102178228,5144,5.18590789615528,NA,32287.5,69506.49784,0.798850551,0.298,82.1,74.3,NA,8.176556392
"Uruguay",2017,"Flores",7,"Grandes",17.3261757,44.2675629,5,0.187432218293047,NA,NA,NA,NA,NA,27.76424002,2.7,11.3,6.2,26676.3102178228,5144,5.18590789615528,NA,32287.5,69506.49784,0.798850551,0.298,82.1,74.3,NA,8.176556392
"Uruguay",2018,"Flores",7,"Micro",33.4043846,14.2548409,1110,41.6569361149293,206,183,18.5585586,16.4864865,81.4414414,29.33427985,3,0,9.4,26646.2227787845,5144,5.18005886057241,NA,31750,68368.00219,0.800448199,0.292,NA,NA,NA,8.036515054
"Uruguay",2018,"Flores",7,"Pequeña",31.275816,20.5889492,161,6.04213217522849,4,6,2.484472,3.7267081,97.515528,29.33427985,3,0,9.4,26646.2227787845,5144,5.18005886057241,NA,31750,68368.00219,0.800448199,0.292,NA,NA,NA,8.036515054
"Uruguay",2018,"Flores",7,"Mediana",16.858633,19.9191017,29,1.08833436696662,NA,NA,NA,NA,100,29.33427985,3,0,9.4,26646.2227787845,5144,5.18005886057241,NA,31750,68368.00219,0.800448199,0.292,NA,NA,NA,8.036515054
"Uruguay",2018,"Flores",7,"Grandes",18.4611683,45.2371063,9,0.3377589414724,NA,NA,NA,NA,NA,29.33427985,3,0,9.4,26646.2227787845,5144,5.18005886057241,NA,31750,68368.00219,0.800448199,0.292,NA,NA,NA,8.036515054
"Uruguay",2019,"Flores",7,"Micro",33.625042,13.3308153,1132,42.558875939064,200,215,17.6678445,18.9929329,82.3321555,27.70398482,3.9,3.8,7.6,26598.4468579669,5144,5.1707711621242,NA,33284.7,72175.61,NA,0.32,NA,NA,NA,8.810203374
"Uruguay",2019,"Flores",7,"Pequeña",30.9117966,21.0051632,160,6.0153888253094,8,3,5,1.875,95,27.70398482,3.9,3.8,7.6,26598.4468579669,5144,5.1707711621242,NA,33284.7,72175.61,NA,0.32,NA,NA,NA,8.810203374
"Uruguay",2019,"Flores",7,"Mediana",16.5122375,21.9802647,21,0.789519783321859,1,NA,4.7619048,NA,95.2380952,27.70398482,3.9,3.8,7.6,26598.4468579669,5144,5.1707711621242,NA,33284.7,72175.61,NA,0.32,NA,NA,NA,8.810203374
"Uruguay",2019,"Flores",7,"Grandes",18.9509258,43.6837578,5,0.187980900790919,NA,NA,NA,NA,NA,27.70398482,3.9,3.8,7.6,26598.4468579669,5144,5.1707711621242,NA,33284.7,72175.61,NA,0.32,NA,NA,NA,8.810203374
"Uruguay",2020,"Flores",7,"Micro",32.40802,11.029563,1129,42.4985931383796,186,196,16.4747564,17.360496,83.5252436,22.13140582,6.7,0,8.2,26565.5852729964,5144,5.1643828291206,NA,32238.9,69925.42988,NA,0.3453624,NA,NA,NA,NA
"Uruguay",2020,"Flores",7,"Pequeña",29.5992985,18.636507,153,5.75933104532513,NA,5,NA,3.2679739,100,22.13140582,6.7,0,8.2,26565.5852729964,5144,5.1643828291206,NA,32238.9,69925.42988,NA,0.3453624,NA,NA,NA,NA
"Uruguay",2020,"Flores",7,"Mediana",17.7801342,21.721077,21,0.790496417985802,NA,NA,NA,NA,100,22.13140582,6.7,0,8.2,26565.5852729964,5144,5.1643828291206,NA,32238.9,69925.42988,NA,0.3453624,NA,NA,NA,NA
"Uruguay",2020,"Flores",7,"Grandes",20.2125511,48.6128502,4,0.15057074628301,NA,NA,NA,NA,NA,22.13140582,6.7,0,8.2,26565.5852729964,5144,5.1643828291206,NA,32238.9,69925.42988,NA,0.3453624,NA,NA,NA,NA
"Uruguay",2021,"Flores",7,"Micro",31.520689,11.2072134,1225,46.2431924678564,195,269,15.9183673,21.9591837,84.0816327,25.86939015,1.4,0,9.7,26490.3856032755,5144,5.14976391976584,NA,32459.7,70575.10629,NA,NA,NA,NA,NA,8.742039574
"Uruguay",2021,"Flores",7,"Pequeña",27.9943905,17.2454815,141,5.32268582691245,2,3,1.4184397,2.1276596,98.5815603,25.86939015,1.4,0,9.7,26490.3856032755,5144,5.14976391976584,NA,32459.7,70575.10629,NA,NA,NA,NA,NA,8.742039574
"Uruguay",2021,"Flores",7,"Mediana",17.9868145,22.7950344,23,0.868239532049549,NA,NA,NA,NA,100,25.86939015,1.4,0,9.7,26490.3856032755,5144,5.14976391976584,NA,32459.7,70575.10629,NA,NA,NA,NA,NA,8.742039574
"Uruguay",2021,"Flores",7,"Grandes",22.4981098,48.7522697,4,0.150998179486878,NA,NA,NA,NA,NA,25.86939015,1.4,0,9.7,26490.3856032755,5144,5.14976391976584,NA,32459.7,70575.10629,NA,NA,NA,NA,NA,8.742039574
"Uruguay",2022,"Flores",7,"Micro",37.1868782,9.1944103,1248,47.3446557094742,186,233,14.9038462,18.6698718,85.0961538,19.8942868,1.2,7.6,4.1,26359.8917617699,5144,5.1243957546209,NA,29782.7,63157.58022,NA,NA,NA,NA,NA,8.175559947
"Uruguay",2022,"Flores",7,"Pequeña",24.6620274,15.8058443,152,5.76633627230775,2,1,1.3157895,0.6578947,98.6842105,19.8942868,1.2,7.6,4.1,26359.8917617699,5144,5.1243957546209,NA,29782.7,63157.58022,NA,NA,NA,NA,NA,8.175559947
"Uruguay",2022,"Flores",7,"Mediana",17.9423466,21.4799957,28,1.06221983963564,NA,NA,NA,NA,100,19.8942868,1.2,7.6,4.1,26359.8917617699,5144,5.1243957546209,NA,29782.7,63157.58022,NA,NA,NA,NA,NA,8.175559947
"Uruguay",2022,"Flores",7,"Grandes",20.2087479,53.5197487,4,0.15174569137652,NA,NA,NA,NA,NA,19.8942868,1.2,7.6,4.1,26359.8917617699,5144,5.1243957546209,NA,29782.7,63157.58022,NA,NA,NA,NA,NA,8.175559947
"Uruguay",2011,"Florida",8,"Micro",34.1099663,9.6000872,2424,34.9960518673777,365,481,15.0577558,19.8432343,84.9422442,24.37944053,9.5,NA,4.9,69264.9562066624,10417,6.64922302070293,10624.727,27929.2,61754.45477,0.775648894,0.362,81.5,73.6,1.917976195,8.103552279
"Uruguay",2011,"Florida",8,"Pequeña",30.0047302,19.7817879,384,5.54392900869349,15,16,3.90625,4.1666667,96.09375,24.37944053,9.5,NA,4.9,69264.9562066624,10417,6.64922302070293,10624.727,27929.2,61754.45477,0.775648894,0.362,81.5,73.6,1.917976195,8.103552279
"Uruguay",2011,"Florida",8,"Mediana",22.1827068,33.0298347,59,0.851801592481552,2,NA,3.3898305,NA,96.6101695,24.37944053,9.5,NA,4.9,69264.9562066624,10417,6.64922302070293,10624.727,27929.2,61754.45477,0.775648894,0.362,81.5,73.6,1.917976195,8.103552279
"Uruguay",2011,"Florida",8,"Grandes",13.7025957,37.5882874,4,0.0577492605072239,NA,NA,NA,NA,NA,24.37944053,9.5,NA,4.9,69264.9562066624,10417,6.64922302070293,10624.727,27929.2,61754.45477,0.775648894,0.362,81.5,73.6,1.917976195,8.103552279
"Uruguay",2012,"Florida",8,"Micro",34.3888855,8.8467331,2477,35.7207063870816,382,473,15.4218813,19.0956803,84.5781187,28.20804626,8.2,NA,5.4,69343.5335001048,10417,6.65676619949168,11058.20403,30213.1,67529.4192,0.782671891,0.346,81.6,73.7,1.911648921,8.294123342
"Uruguay",2012,"Florida",8,"Pequeña",30.7865047,18.2804089,453,6.53269277083083,23,19,5.0772627,4.1942605,94.9227373,28.20804626,8.2,NA,5.4,69343.5335001048,10417,6.65676619949168,11058.20403,30213.1,67529.4192,0.782671891,0.346,81.6,73.7,1.911648921,8.294123342
"Uruguay",2012,"Florida",8,"Mediana",21.9393463,33.0102615,54,0.77873158857586,4,1,7.4074074,1.8518519,92.5925926,28.20804626,8.2,NA,5.4,69343.5335001048,10417,6.65676619949168,11058.20403,30213.1,67529.4192,0.782671891,0.346,81.6,73.7,1.911648921,8.294123342
"Uruguay",2012,"Florida",8,"Grandes",12.8852606,39.8625984,5,0.0721047767199871,1,1,NA,NA,NA,28.20804626,8.2,NA,5.4,69343.5335001048,10417,6.65676619949168,11058.20403,30213.1,67529.4192,0.782671891,0.346,81.6,73.7,1.911648921,8.294123342
"Uruguay",2013,"Florida",8,"Micro",33.4474449,10.8956099,2595,37.3204843079519,417,487,16.0693642,18.7668593,83.9306358,29.31100847,7.5,NA,4.7,69532.8597181972,10417,6.67494093483702,11354.5558661964,30204,67005.38412,0.779329379,0.355,81.7,73.9,1.889221413,8.009957293
"Uruguay",2013,"Florida",8,"Pequeña",30.9470253,20.4602928,376,5.40751526003465,13,21,3.4574468,5.5851064,96.5425532,29.31100847,7.5,NA,4.7,69532.8597181972,10417,6.67494093483702,11354.5558661964,30204,67005.38412,0.779329379,0.355,81.7,73.9,1.889221413,8.009957293
"Uruguay",2013,"Florida",8,"Mediana",19.5243301,38.5541878,103,1.48131402070098,NA,NA,NA,NA,100,29.31100847,7.5,NA,4.7,69532.8597181972,10417,6.67494093483702,11354.5558661964,30204,67005.38412,0.779329379,0.355,81.7,73.9,1.889221413,8.009957293
"Uruguay",2013,"Florida",8,"Grandes",16.0811996,30.0899048,5,0.0719084476068437,NA,NA,NA,NA,NA,29.31100847,7.5,NA,4.7,69532.8597181972,10417,6.67494093483702,11354.5558661964,30204,67005.38412,0.779329379,0.355,81.7,73.9,1.889221413,8.009957293
"Uruguay",2014,"Florida",8,"Micro",33.1844521,9.9041452,2625,37.6512924435594,457,462,17.4095238,17.6,82.5904762,25.8218077,6.9,NA,3.8,69718.7222439965,10417,6.69278316636234,11924.4428729277,32009.7,69603.39791,0.787666869,0.333,81.8,74.1,1.995063504,8.102189698
"Uruguay",2014,"Florida",8,"Pequeña",30.7693653,19.2278328,449,6.44016392653644,26,28,5.7906459,6.2360802,94.2093541,25.8218077,6.9,NA,3.8,69718.7222439965,10417,6.69278316636234,11924.4428729277,32009.7,69603.39791,0.787666869,0.333,81.8,74.1,1.995063504,8.102189698
"Uruguay",2014,"Florida",8,"Mediana",20.2849522,35.3630943,68,0.975347766156967,1,3,1.4705882,4.4117647,98.5294118,25.8218077,6.9,NA,3.8,69718.7222439965,10417,6.69278316636234,11924.4428729277,32009.7,69603.39791,0.787666869,0.333,81.8,74.1,1.995063504,8.102189698
"Uruguay",2014,"Florida",8,"Grandes",15.7612333,35.5049248,6,0.08606009701385,NA,NA,NA,NA,NA,25.8218077,6.9,NA,3.8,69718.7222439965,10417,6.69278316636234,11924.4428729277,32009.7,69603.39791,0.787666869,0.333,81.8,74.1,1.995063504,8.102189698
"Uruguay",2015,"Florida",8,"Micro",34.0966759,9.8350582,2735,39.1240517191401,422,473,15.4296161,17.2943327,84.5703839,27.40611564,5.5,NA,5.9,69905.8476773764,10417,6.71074663313587,NA,33924.6,74587.34351,0.796781882,0.333,81.9,74.2,NA,8.248234716
"Uruguay",2015,"Florida",8,"Pequeña",30.9232731,19.0147915,351,5.02103917858068,13,16,3.7037037,4.5584046,96.2962963,27.40611564,5.5,NA,5.9,69905.8476773764,10417,6.71074663313587,NA,33924.6,74587.34351,0.796781882,0.333,81.9,74.2,NA,8.248234716
"Uruguay",2015,"Florida",8,"Mediana",20.1682854,34.4880676,62,0.886907205333339,1,1,1.6129032,1.6129032,98.3870968,27.40611564,5.5,NA,5.9,69905.8476773764,10417,6.71074663313587,NA,33924.6,74587.34351,0.796781882,0.333,81.9,74.2,NA,8.248234716
"Uruguay",2015,"Florida",8,"Grandes",14.8117685,36.6620865,4,0.0572198196989251,NA,1,NA,NA,NA,27.40611564,5.5,NA,5.9,69905.8476773764,10417,6.71074663313587,NA,33924.6,74587.34351,0.796781882,0.333,81.9,74.2,NA,8.248234716
"Uruguay",2016,"Florida",8,"Micro",34.8640137,11.3083792,2742,39.1256870868622,491,515,17.9066375,18.781911,82.0933625,25.9836217,5,NA,6.5,70081.8363627081,10417,6.72764100630777,NA,34739.7,74732.88728,0.80567069,0.333,82,74.4,NA,8.743332018
"Uruguay",2016,"Florida",8,"Pequeña",30.0362587,19.2533073,435,6.20702913303613,20,18,4.5977011,4.137931,95.4022989,25.9836217,5,NA,6.5,70081.8363627081,10417,6.72764100630777,NA,34739.7,74732.88728,0.80567069,0.333,82,74.4,NA,8.743332018
"Uruguay",2016,"Florida",8,"Mediana",20.1403522,36.5025024,63,0.898949046853509,NA,NA,NA,NA,100,25.9836217,5,NA,6.5,70081.8363627081,10417,6.72764100630777,NA,34739.7,74732.88728,0.80567069,0.333,82,74.4,NA,8.743332018
"Uruguay",2016,"Florida",8,"Grandes",14.9593725,32.9358139,4,0.0570761299589529,NA,NA,NA,NA,NA,25.9836217,5,NA,6.5,70081.8363627081,10417,6.72764100630777,NA,34739.7,74732.88728,0.80567069,0.333,82,74.4,NA,8.743332018
"Uruguay",2017,"Florida",8,"Micro",33.45298,12.0788946,2819,40.1561760300047,476,565,16.8854204,20.0425683,83.1145796,27.74890044,6,4.3,6,70200.9075240044,10417,6.73907147201732,NA,33317.9,72231.88067,0.802159713,0.334,82,74.6,NA,8.241000569
"Uruguay",2017,"Florida",8,"Pequeña",30.4328289,20.1944141,428,6.0967872794757,16,14,3.7383178,3.271028,96.2616822,27.74890044,6,4.3,6,70200.9075240044,10417,6.73907147201732,NA,33317.9,72231.88067,0.802159713,0.334,82,74.6,NA,8.241000569
"Uruguay",2017,"Florida",8,"Mediana",21.9568081,39.1821404,63,0.897424295810675,NA,2,NA,3.1746032,100,27.74890044,6,4.3,6,70200.9075240044,10417,6.73907147201732,NA,33317.9,72231.88067,0.802159713,0.334,82,74.6,NA,8.241000569
"Uruguay",2017,"Florida",8,"Grandes",14.1573877,28.544548,5,0.0712241504611647,NA,NA,NA,NA,NA,27.74890044,6,4.3,6,70200.9075240044,10417,6.73907147201732,NA,33317.9,72231.88067,0.802159713,0.334,82,74.6,NA,8.241000569
"Uruguay",2018,"Florida",8,"Micro",32.8268509,11.7588358,2837,40.3608050271768,545,507,19.2104336,17.8709905,80.7895664,21.40133758,4.6,7.2,6.7,70290.9666467187,10417,6.74771687114512,NA,33028.9,71437.57767,0.802045686,0.316,NA,NA,NA,8.583608112
"Uruguay",2018,"Florida",8,"Pequeña",28.832283,18.6766796,408,5.80444429012623,19,17,4.6568627,4.1666667,95.3431373,21.40133758,4.6,7.2,6.7,70290.9666467187,10417,6.74771687114512,NA,33028.9,71437.57767,0.802045686,0.316,NA,NA,NA,8.583608112
"Uruguay",2018,"Florida",8,"Mediana",22.9250374,37.2280083,107,1.52224396824389,2,1,1.8691589,0.9345794,98.1308411,21.40133758,4.6,7.2,6.7,70290.9666467187,10417,6.74771687114512,NA,33028.9,71437.57767,0.802045686,0.316,NA,NA,NA,8.583608112
"Uruguay",2018,"Florida",8,"Grandes",15.4158344,32.3364792,11,0.156492370567129,NA,NA,NA,NA,NA,21.40133758,4.6,7.2,6.7,70290.9666467187,10417,6.74771687114512,NA,33028.9,71437.57767,0.802045686,0.316,NA,NA,NA,8.583608112
"Uruguay",2019,"Florida",8,"Micro",32.9694443,11.6338043,2895,41.1492679824111,478,580,16.5112263,20.0345423,83.4887737,24.58860458,4.7,7.2,7.4,70353.6209012866,10417,6.75373148711592,NA,31175.1,68041.55,NA,0.328,NA,NA,NA,8.649547729
"Uruguay",2019,"Florida",8,"Pequeña",28.8937626,18.9200325,425,6.04091153455085,13,14,3.0588235,3.2941176,96.9411765,24.58860458,4.7,7.2,7.4,70353.6209012866,10417,6.75373148711592,NA,31175.1,68041.55,NA,0.328,NA,NA,NA,8.649547729
"Uruguay",2019,"Florida",8,"Mediana",23.4405632,36.4723282,64,0.909690207555893,NA,NA,NA,NA,100,24.58860458,4.7,7.2,7.4,70353.6209012866,10417,6.75373148711592,NA,31175.1,68041.55,NA,0.328,NA,NA,NA,8.649547729
"Uruguay",2019,"Florida",8,"Grandes",14.6962299,32.973835,4,0.0568556379722433,NA,NA,NA,NA,NA,24.58860458,4.7,7.2,7.4,70353.6209012866,10417,6.75373148711592,NA,31175.1,68041.55,NA,0.328,NA,NA,NA,8.649547729
"Uruguay",2020,"Florida",8,"Micro",34.5424423,10.4206352,3001,42.6194559400561,515,560,17.1609464,18.6604465,82.8390536,25.10503833,5.5,4.3,8.6,70413.8505245322,10417,6.75951334592802,NA,30279.1,66100.51462,NA,0.3447658,NA,NA,NA,NA
"Uruguay",2020,"Florida",8,"Pequeña",30.124918,17.7202911,394,5.59549005011067,10,5,2.5380711,1.2690355,97.4619289,25.10503833,5.5,4.3,8.6,70413.8505245322,10417,6.75951334592802,NA,30279.1,66100.51462,NA,0.3447658,NA,NA,NA,NA
"Uruguay",2020,"Florida",8,"Mediana",23.4419174,38.0813942,67,0.951517343546739,NA,NA,NA,NA,100,25.10503833,5.5,4.3,8.6,70413.8505245322,10417,6.75951334592802,NA,30279.1,66100.51462,NA,0.3447658,NA,NA,NA,NA
"Uruguay",2020,"Florida",8,"Grandes",11.8907242,33.7776833,2,0.02840350279244,NA,NA,NA,NA,NA,25.10503833,5.5,4.3,8.6,70413.8505245322,10417,6.75951334592802,NA,30279.1,66100.51462,NA,0.3447658,NA,NA,NA,NA
"Uruguay",2021,"Florida",8,"Micro",31.8359261,9.3918781,3110,44.1608491432228,435,603,13.9871383,19.3890675,86.0128617,33.0268331,5.9,0,5.8,70424.3704624797,10417,6.76052322765476,NA,29621.8,64795.85033,NA,NA,NA,NA,NA,8.51277592
"Uruguay",2021,"Florida",8,"Pequeña",27.4067764,16.8130779,379,5.38165975089435,11,17,2.9023747,4.4854881,97.0976253,33.0268331,5.9,0,5.8,70424.3704624797,10417,6.76052322765476,NA,29621.8,64795.85033,NA,NA,NA,NA,NA,8.51277592
"Uruguay",2021,"Florida",8,"Mediana",22.5304489,31.1191616,68,0.965574836572074,NA,NA,NA,NA,100,33.0268331,5.9,0,5.8,70424.3704624797,10417,6.76052322765476,NA,29621.8,64795.85033,NA,NA,NA,NA,NA,8.51277592
"Uruguay",2021,"Florida",8,"Grandes",18.2268486,42.6758804,4,0.0567985197983573,NA,NA,NA,NA,NA,33.0268331,5.9,0,5.8,70424.3704624797,10417,6.76052322765476,NA,29621.8,64795.85033,NA,NA,NA,NA,NA,8.51277592
"Uruguay",2022,"Florida",8,"Micro",36.9568253,9.1992979,3233,45.9726113924826,514,569,15.8985462,17.5997526,84.1014538,24.76608631,6.4,5.8,6.3,70324.4802084194,10417,6.75093407011802,NA,27170.3,58495.98771,NA,NA,NA,NA,NA,8.442262872
"Uruguay",2022,"Florida",8,"Pequeña",24.4540958,16.4473572,383,5.4461831621778,3,4,0.7832898,1.0443864,99.2167102,24.76608631,6.4,5.8,6.3,70324.4802084194,10417,6.75093407011802,NA,27170.3,58495.98771,NA,NA,NA,NA,NA,8.442262872
"Uruguay",2022,"Florida",8,"Mediana",22.993906,34.6560211,71,1.00960575591286,1,NA,1.4084507,NA,98.5915493,24.76608631,6.4,5.8,6.3,70324.4802084194,10417,6.75093407011802,NA,27170.3,58495.98771,NA,NA,NA,NA,NA,8.442262872
"Uruguay",2022,"Florida",8,"Grandes",15.5951719,39.6973267,5,0.0710989968952716,NA,NA,NA,NA,NA,24.76608631,6.4,5.8,6.3,70324.4802084194,10417,6.75093407011802,NA,27170.3,58495.98771,NA,NA,NA,NA,NA,8.442262872
"Uruguay",2011,"Lavalleja",9,"Micro",31.5333347,12.3733091,1770,29.3995512040329,263,267,14.8587571,15.0847458,85.1412429,30.24515779,10.5,NA,5.5,60205.00067216,10016,6.01088265496805,9190.208068,28299.7,59226.99673,0.765034975,0.358,79.8,73.2,1.683386359,7.710046169
"Uruguay",2011,"Lavalleja",9,"Pequeña",27.4234772,18.5431366,303,5.032804528148,10,16,3.30033,5.2805281,96.69967,30.24515779,10.5,NA,5.5,60205.00067216,10016,6.01088265496805,9190.208068,28299.7,59226.99673,0.765034975,0.358,79.8,73.2,1.683386359,7.710046169
"Uruguay",2011,"Lavalleja",9,"Mediana",19.4445744,28.6134033,50,0.830495796724092,2,2,4,4,96,30.24515779,10.5,NA,5.5,60205.00067216,10016,6.01088265496805,9190.208068,28299.7,59226.99673,0.765034975,0.358,79.8,73.2,1.683386359,7.710046169
"Uruguay",2011,"Lavalleja",9,"Grandes",21.5986137,40.47015,7,0.116269411541373,NA,1,NA,NA,NA,30.24515779,10.5,NA,5.5,60205.00067216,10016,6.01088265496805,9190.208068,28299.7,59226.99673,0.765034975,0.358,79.8,73.2,1.683386359,7.710046169
"Uruguay",2012,"Lavalleja",9,"Micro",31.2724991,12.3024569,1775,29.6003738963844,226,300,12.7323944,16.9014085,87.2676056,29.50568924,7.9,NA,5,59965.4587544521,10016,5.98696672867933,9353.769423,29578.4,63063.59652,0.77470102,0.351,80,73.3,1.594681141,8.213164824
"Uruguay",2012,"Lavalleja",9,"Pequeña",26.5048676,17.9303703,341,5.68660704150258,20,14,5.8651026,4.1055718,94.1348974,29.50568924,7.9,NA,5,59965.4587544521,10016,5.98696672867933,9353.769423,29578.4,63063.59652,0.77470102,0.351,80,73.3,1.594681141,8.213164824
"Uruguay",2012,"Lavalleja",9,"Mediana",20.4091244,29.5701408,51,0.850489616177805,2,NA,3.9215686,NA,96.0784314,29.50568924,7.9,NA,5,59965.4587544521,10016,5.98696672867933,9353.769423,29578.4,63063.59652,0.77470102,0.351,80,73.3,1.594681141,8.213164824
"Uruguay",2012,"Lavalleja",9,"Grandes",21.8135128,40.1970329,6,0.100057601903271,NA,NA,NA,NA,NA,29.50568924,7.9,NA,5,59965.4587544521,10016,5.98696672867933,9353.769423,29578.4,63063.59652,0.77470102,0.351,80,73.3,1.594681141,8.213164824
"Uruguay",2013,"Lavalleja",9,"Micro",30.5231171,13.0999117,1806,30.1385256095257,246,270,13.6212625,14.9501661,86.3787375,28.36351639,5.6,NA,5.2,59923.3029312219,10016,5.98275788051337,9778.41584541946,30613.1,65115.96718,0.776806344,0.308,80.1,73.5,1.629057305,8.156407198
"Uruguay",2013,"Lavalleja",9,"Pequeña",27.91852,17.8273106,328,5.47366356584964,6,14,1.8292683,4.2682927,98.1707317,28.36351639,5.6,NA,5.2,59923.3029312219,10016,5.98275788051337,9778.41584541946,30613.1,65115.96718,0.776806344,0.308,80.1,73.5,1.629057305,8.156407198
"Uruguay",2013,"Lavalleja",9,"Mediana",20.6903439,27.3782196,71,1.18484790602233,2,2,2.8169014,2.8169014,97.1830986,28.36351639,5.6,NA,5.2,59923.3029312219,10016,5.98275788051337,9778.41584541946,30613.1,65115.96718,0.776806344,0.308,80.1,73.5,1.629057305,8.156407198
"Uruguay",2013,"Lavalleja",9,"Grandes",20.8680229,41.6945572,7,0.116815990734596,NA,NA,NA,NA,NA,28.36351639,5.6,NA,5.2,59923.3029312219,10016,5.98275788051337,9778.41584541946,30613.1,65115.96718,0.776806344,0.308,80.1,73.5,1.629057305,8.156407198
"Uruguay",2014,"Lavalleja",9,"Micro",30.4230652,12.238615,1879,31.349027635398,273,315,14.5290048,16.7642363,85.4709952,31.4717838,5.9,NA,5.2,59938.0632105576,10016,5.98423155057484,10116.2156305127,31735.3,65977.42264,0.782543638,0.324,80.2,73.7,1.623197088,8.268087024
"Uruguay",2014,"Lavalleja",9,"Pequeña",27.0861225,14.9745026,332,5.53905118411502,10,12,3.0120482,3.6144578,96.9879518,31.4717838,5.9,NA,5.2,59938.0632105576,10016,5.98423155057484,10116.2156305127,31735.3,65977.42264,0.782543638,0.324,80.2,73.7,1.623197088,8.268087024
"Uruguay",2014,"Lavalleja",9,"Mediana",22.0233784,26.9236031,70,1.16787223761461,3,2,4.2857143,2.8571429,95.7142857,31.4717838,5.9,NA,5.2,59938.0632105576,10016,5.98423155057484,10116.2156305127,31735.3,65977.42264,0.782543638,0.324,80.2,73.7,1.623197088,8.268087024
"Uruguay",2014,"Lavalleja",9,"Grandes",20.467432,45.8632774,8,0.133471112870241,NA,NA,NA,NA,NA,31.4717838,5.9,NA,5.2,59938.0632105576,10016,5.98423155057484,10116.2156305127,31735.3,65977.42264,0.782543638,0.324,80.2,73.7,1.623197088,8.268087024
"Uruguay",2015,"Lavalleja",9,"Micro",30.3120899,12.6778631,2022,33.6891687671415,247,331,12.2156281,16.3699308,87.7843719,29.57952077,5.8,NA,7.2,60019.2902940409,10016,5.99234128335073,NA,31712.8,66678.33709,0.784377034,0.344,80.4,73.9,NA,8.148976665
"Uruguay",2015,"Lavalleja",9,"Pequeña",26.1968994,15.2857332,270,4.49855369294174,12,11,4.4444444,4.0740741,95.5555556,29.57952077,5.8,NA,7.2,60019.2902940409,10016,5.99234128335073,NA,31712.8,66678.33709,0.784377034,0.344,80.4,73.9,NA,8.148976665
"Uruguay",2015,"Lavalleja",9,"Mediana",20.3483887,26.6101875,53,0.883049428614489,1,NA,1.8867925,NA,98.1132075,29.57952077,5.8,NA,7.2,60019.2902940409,10016,5.99234128335073,NA,31712.8,66678.33709,0.784377034,0.344,80.4,73.9,NA,8.148976665
"Uruguay",2015,"Lavalleja",9,"Grandes",23.142622,45.4262161,7,0.116629169817008,NA,NA,NA,NA,NA,29.57952077,5.8,NA,7.2,60019.2902940409,10016,5.99234128335073,NA,31712.8,66678.33709,0.784377034,0.344,80.4,73.9,NA,8.148976665
"Uruguay",2016,"Lavalleja",9,"Micro",31.0167446,12.8587637,1997,33.2550470251063,279,291,13.9709564,14.5718578,86.0290436,33.73158256,9.1,NA,7.5,60051.0352155672,10016,5.99551070442964,NA,30037.1,61920.39024,0.772829479,0.371,80.5,74.1,NA,7.728191075
"Uruguay",2016,"Lavalleja",9,"Pequeña",25.6419086,15.8431587,338,5.6285457658918,11,16,3.2544379,4.7337278,96.7455621,33.73158256,9.1,NA,7.5,60051.0352155672,10016,5.99551070442964,NA,30037.1,61920.39024,0.772829479,0.371,80.5,74.1,NA,7.728191075
"Uruguay",2016,"Lavalleja",9,"Mediana",20.1528416,24.9212856,58,0.965845131425219,1,1,1.7241379,1.7241379,98.2758621,33.73158256,9.1,NA,7.5,60051.0352155672,10016,5.99551070442964,NA,30037.1,61920.39024,0.772829479,0.371,80.5,74.1,NA,7.728191075
"Uruguay",2016,"Lavalleja",9,"Grandes",23.1885071,46.3767929,7,0.116567515861664,NA,NA,NA,NA,NA,33.73158256,9.1,NA,7.5,60051.0352155672,10016,5.99551070442964,NA,30037.1,61920.39024,0.772829479,0.371,80.5,74.1,NA,7.728191075
"Uruguay",2017,"Lavalleja",9,"Micro",31.2637291,13.6031408,2068,34.4533100022205,283,345,13.6847195,16.6827853,86.3152805,29.40233749,4.2,0,9.6,60023.2604608009,10016,5.99273766581479,NA,29570.5,61407.04529,0.787342592,0.302,80.6,74.2,NA,7.884729322
"Uruguay",2017,"Lavalleja",9,"Pequeña",27.8894463,16.3060131,338,5.63115028082715,17,15,5.0295858,4.4378698,94.9704142,29.40233749,4.2,0,9.6,60023.2604608009,10016,5.99273766581479,NA,29570.5,61407.04529,0.787342592,0.302,80.6,74.2,NA,7.884729322
"Uruguay",2017,"Lavalleja",9,"Mediana",19.3738499,24.8486938,52,0.866330812434945,NA,NA,NA,NA,100,29.40233749,4.2,0,9.6,60023.2604608009,10016,5.99273766581479,NA,29570.5,61407.04529,0.787342592,0.302,80.6,74.2,NA,7.884729322
"Uruguay",2017,"Lavalleja",9,"Grandes",21.4729786,45.2421494,7,0.116621455520089,NA,NA,NA,NA,NA,29.40233749,4.2,0,9.6,60023.2604608009,10016,5.99273766581479,NA,29570.5,61407.04529,0.787342592,0.302,80.6,74.2,NA,7.884729322
"Uruguay",2018,"Lavalleja",9,"Micro",31.2439766,13.2073107,2184,36.4081235000309,355,421,16.2545788,19.2765568,83.7454212,26.99434367,6.6,8.5,8.4,59986.6126030403,10016,5.98907873432911,NA,29914.7,62019.90169,0.788216539,0.324,NA,NA,NA,8.170313316
"Uruguay",2018,"Lavalleja",9,"Pequeña",27.740881,15.808486,331,5.5178978381457,17,15,5.1359517,4.5317221,94.8640483,26.99434367,6.6,8.5,8.4,59986.6126030403,10016,5.98907873432911,NA,29914.7,62019.90169,0.788216539,0.324,NA,NA,NA,8.170313316
"Uruguay",2018,"Lavalleja",9,"Mediana",19.0764198,25.0872345,80,1.33363089743703,NA,NA,NA,NA,100,26.99434367,6.6,8.5,8.4,59986.6126030403,10016,5.98907873432911,NA,29914.7,62019.90169,0.788216539,0.324,NA,NA,NA,8.170313316
"Uruguay",2018,"Lavalleja",9,"Grandes",21.9387207,45.8969688,12,0.200044634615554,NA,NA,NA,NA,NA,26.99434367,6.6,8.5,8.4,59986.6126030403,10016,5.98907873432911,NA,29914.7,62019.90169,0.788216539,0.324,NA,NA,NA,8.170313316
"Uruguay",2019,"Lavalleja",9,"Micro",32.4437637,14.5284042,2306,38.5208139916661,346,457,15.0043365,19.8178664,84.9956635,29.67121707,6.5,6.8,7.6,59863.7401717134,10016,5.97681111938033,NA,29958.5,62592.7,NA,0.358,NA,NA,NA,8.511596
"Uruguay",2019,"Lavalleja",9,"Pequeña",27.5196018,17.464613,342,5.71297414794007,16,13,4.6783626,3.8011696,95.3216374,29.67121707,6.5,6.8,7.6,59863.7401717134,10016,5.97681111938033,NA,29958.5,62592.7,NA,0.358,NA,NA,NA,8.511596
"Uruguay",2019,"Lavalleja",9,"Mediana",19.3183784,27.0175648,54,0.902048549674747,NA,NA,NA,NA,100,29.67121707,6.5,6.8,7.6,59863.7401717134,10016,5.97681111938033,NA,29958.5,62592.7,NA,0.358,NA,NA,NA,8.511596
"Uruguay",2019,"Lavalleja",9,"Grandes",20.7182617,40.9894142,6,0.100227616630527,NA,NA,NA,NA,NA,29.67121707,6.5,6.8,7.6,59863.7401717134,10016,5.97681111938033,NA,29958.5,62592.7,NA,0.358,NA,NA,NA,8.511596
"Uruguay",2020,"Lavalleja",9,"Micro",33.2590599,15.0573282,2359,39.5011090344984,356,383,15.0911403,16.2356931,84.9088597,28.83567391,10.5,6.8,10.4,59719.8422439168,10016,5.9624443134901,NA,29410,61184.15258,NA,0.3663647,NA,NA,NA,NA
"Uruguay",2020,"Lavalleja",9,"Pequeña",27.9748936,19.6530018,312,5.22439424279928,6,2,1.9230769,0.6410256,98.0769231,28.83567391,10.5,6.8,10.4,59719.8422439168,10016,5.9624443134901,NA,29410,61184.15258,NA,0.3663647,NA,NA,NA,NA
"Uruguay",2020,"Lavalleja",9,"Mediana",18.8285275,27.3987198,49,0.820497813772963,1,NA,2.0408163,NA,97.9591837,28.83567391,10.5,6.8,10.4,59719.8422439168,10016,5.9624443134901,NA,29410,61184.15258,NA,0.3663647,NA,NA,NA,NA
"Uruguay",2020,"Lavalleja",9,"Grandes",19.9375172,37.8909492,6,0.100469120053832,NA,NA,NA,NA,NA,28.83567391,10.5,6.8,10.4,59719.8422439168,10016,5.9624443134901,NA,29410,61184.15258,NA,0.3663647,NA,NA,NA,NA
"Uruguay",2021,"Lavalleja",9,"Micro",31.8485947,12.6512241,2416,40.55066706631,317,389,13.1208609,16.1009934,86.8791391,24.73620032,6.3,3.4,7,59579.7843731957,10016,5.94846089987977,NA,27652.2,57860.36376,NA,NA,NA,NA,NA,8.788620462
"Uruguay",2021,"Lavalleja",9,"Pequeña",26.2681446,16.6089573,290,4.86742278527728,11,14,3.7931034,4.8275862,96.2068966,24.73620032,6.3,3.4,7,59579.7843731957,10016,5.94846089987977,NA,27652.2,57860.36376,NA,NA,NA,NA,NA,8.788620462
"Uruguay",2021,"Lavalleja",9,"Mediana",18.7367687,27.7832928,50,0.839210825047806,NA,NA,NA,NA,100,24.73620032,6.3,3.4,7,59579.7843731957,10016,5.94846089987977,NA,27652.2,57860.36376,NA,NA,NA,NA,NA,8.788620462
"Uruguay",2021,"Lavalleja",9,"Grandes",23.1464901,42.9565239,6,0.100705299005737,NA,NA,NA,NA,NA,24.73620032,6.3,3.4,7,59579.7843731957,10016,5.94846089987977,NA,27652.2,57860.36376,NA,NA,NA,NA,NA,8.788620462
"Uruguay",2022,"Lavalleja",9,"Micro",36.7417526,14.9587936,2593,43.6870200356569,399,502,15.387582,19.3598149,84.612418,27.84018507,8.8,10.3,9.9,59354.0140271325,10016,5.92591993082393,NA,26689.4,55842.18107,NA,NA,NA,NA,NA,8.336127284
"Uruguay",2022,"Lavalleja",9,"Pequeña",21.9967823,18.2721577,290,4.88593745096048,2,2,0.6896552,0.6896552,99.3103448,27.84018507,8.8,10.3,9.9,59354.0140271325,10016,5.92591993082393,NA,26689.4,55842.18107,NA,NA,NA,NA,NA,8.336127284
"Uruguay",2022,"Lavalleja",9,"Mediana",19.4048233,30.4097939,51,0.859251068962015,1,1,1.9607843,1.9607843,98.0392157,27.84018507,8.8,10.3,9.9,59354.0140271325,10016,5.92591993082393,NA,26689.4,55842.18107,NA,NA,NA,NA,NA,8.336127284
"Uruguay",2022,"Lavalleja",9,"Grandes",21.8566418,36.3592567,6,0.101088361054355,NA,NA,NA,NA,NA,27.84018507,8.8,10.3,9.9,59354.0140271325,10016,5.92591993082393,NA,26689.4,55842.18107,NA,NA,NA,NA,NA,8.336127284
"Uruguay",2011,"Maldonado",10,"Micro",26.7630672,9.5984182,7957,46.226655785639,1405,1762,17.6574086,22.1440241,82.3425914,29.99228112,4.2,NA,5.5,172130.124162517,4739,36.3220350627806,29678.51766,32450.4,70205.39304,0.778153912,0.338,80.6,73.2,5.539078606,8.285611097
"Uruguay",2011,"Maldonado",10,"Pequeña",29.1033096,16.5579967,1735,10.079583736092,129,132,7.4351585,7.6080692,92.5648415,29.99228112,4.2,NA,5.5,172130.124162517,4739,36.3220350627806,29678.51766,32450.4,70205.39304,0.778153912,0.338,80.6,73.2,5.539078606,8.285611097
"Uruguay",2011,"Maldonado",10,"Mediana",23.397438,26.9309063,285,1.65572412955977,9,14,3.1578947,4.9122807,96.8421053,29.99228112,4.2,NA,5.5,172130.124162517,4739,36.3220350627806,29678.51766,32450.4,70205.39304,0.778153912,0.338,80.6,73.2,5.539078606,8.285611097
"Uruguay",2011,"Maldonado",10,"Grandes",20.7361889,46.9126816,21,0.122000725335983,NA,1,NA,NA,NA,29.99228112,4.2,NA,5.5,172130.124162517,4739,36.3220350627806,29678.51766,32450.4,70205.39304,0.778153912,0.338,80.6,73.2,5.539078606,8.285611097
"Uruguay",2012,"Maldonado",10,"Micro",26.7493534,9.6090984,8004,45.4684928020507,1374,1660,17.1664168,20.7396302,82.8335832,24.52945192,3.2,NA,4.8,176033.985442311,4739,37.1458082807155,31276.93974,34655.1,76293.75923,0.789376189,0.331,80.7,73.4,5.632621771,8.669934575
"Uruguay",2012,"Maldonado",10,"Pequeña",28.3999653,15.8560858,1959,11.1285329084479,157,155,8.014293,7.9122001,91.985707,24.52945192,3.2,NA,4.8,176033.985442311,4739,37.1458082807155,31276.93974,34655.1,76293.75923,0.789376189,0.331,80.7,73.4,5.632621771,8.669934575
"Uruguay",2012,"Maldonado",10,"Mediana",22.744688,29.2866554,314,1.78374646924587,6,10,1.910828,3.1847134,98.089172,24.52945192,3.2,NA,4.8,176033.985442311,4739,37.1458082807155,31276.93974,34655.1,76293.75923,0.789376189,0.331,80.7,73.4,5.632621771,8.669934575
"Uruguay",2012,"Maldonado",10,"Grandes",22.1059895,45.2481651,25,0.142018030990913,1,NA,NA,NA,NA,24.52945192,3.2,NA,4.8,176033.985442311,4739,37.1458082807155,31276.93974,34655.1,76293.75923,0.789376189,0.331,80.7,73.4,5.632621771,8.669934575
"Uruguay",2013,"Maldonado",10,"Micro",26.8371124,10.2687454,8887,49.363160338167,1633,2059,18.3751547,23.1686733,81.6248453,22.94230149,3.2,NA,4.9,180033.043652772,4739,37.9896694772678,32256.2600131577,34828.1,80525.51046,0.79631686,0.324,80.8,73.6,5.556513623,8.962647537
"Uruguay",2013,"Maldonado",10,"Pequeña",28.1325874,16.08811,1640,9.10943883814491,125,135,7.6219512,8.2317073,92.3780488,22.94230149,3.2,NA,4.9,180033.043652772,4739,37.9896694772678,32256.2600131577,34828.1,80525.51046,0.79631686,0.324,80.8,73.6,5.556513623,8.962647537
"Uruguay",2013,"Maldonado",10,"Mediana",22.6905785,29.0226631,450,2.49954114461293,12,17,2.6666667,3.7777778,97.3333333,22.94230149,3.2,NA,4.9,180033.043652772,4739,37.9896694772678,32256.2600131577,34828.1,80525.51046,0.79631686,0.324,80.8,73.6,5.556513623,8.962647537
"Uruguay",2013,"Maldonado",10,"Grandes",22.3397274,44.6204796,21,0.11664525341527,NA,NA,NA,NA,NA,22.94230149,3.2,NA,4.9,180033.043652772,4739,37.9896694772678,32256.2600131577,34828.1,80525.51046,0.79631686,0.324,80.8,73.6,5.556513623,8.962647537
"Uruguay",2014,"Maldonado",10,"Micro",26.2011185,10.4618521,9081,49.3129311949505,1939,1791,21.352274,19.7224975,78.647726,25.1434441,3.2,NA,5.5,184150.481018858,4739,38.858510449221,32878.0062973787,36562.2,77905.38357,0.799755587,0.335,80.9,73.8,5.485009914,9.040880351
"Uruguay",2014,"Maldonado",10,"Pequeña",26.8461266,15.5828743,1730,9.39449080137258,119,109,6.8786127,6.300578,93.1213873,25.1434441,3.2,NA,5.5,184150.481018858,4739,38.858510449221,32878.0062973787,36562.2,77905.38357,0.799755587,0.335,80.9,73.8,5.485009914,9.040880351
"Uruguay",2014,"Maldonado",10,"Mediana",21.3547421,30.7900658,342,1.85717679425978,7,8,2.0467836,2.3391813,97.9532164,25.1434441,3.2,NA,5.5,184150.481018858,4739,38.858510449221,32878.0062973787,36562.2,77905.38357,0.799755587,0.335,80.9,73.8,5.485009914,9.040880351
"Uruguay",2014,"Maldonado",10,"Grandes",25.598011,43.1652031,28,0.15204956210314,NA,2,NA,NA,NA,25.1434441,3.2,NA,5.5,184150.481018858,4739,38.858510449221,32878.0062973787,36562.2,77905.38357,0.799755587,0.335,80.9,73.8,5.485009914,9.040880351
"Uruguay",2015,"Maldonado",10,"Micro",27.0647049,10.4035692,9447,50.20686254246,1453,1913,15.3805441,20.2498148,84.6194559,26.17977279,5,NA,6.5,188161.528556194,4739,39.7049015733687,NA,34577.8,74502.33164,0.798979424,0.346,81,73.9,NA,9.094509787
"Uruguay",2015,"Maldonado",10,"Pequeña",27.4242153,15.74121,1426,7.57859489632136,88,114,6.171108,7.9943899,93.828892,26.17977279,5,NA,6.5,188161.528556194,4739,39.7049015733687,NA,34577.8,74502.33164,0.798979424,0.346,81,73.9,NA,9.094509787
"Uruguay",2015,"Maldonado",10,"Mediana",22.1230793,29.2208214,283,1.50402689737654,9,13,3.180212,4.5936396,96.819788,26.17977279,5,NA,6.5,188161.528556194,4739,39.7049015733687,NA,34577.8,74502.33164,0.798979424,0.346,81,73.9,NA,9.094509787
"Uruguay",2015,"Maldonado",10,"Grandes",23.3880024,44.6343994,25,0.132864566906055,1,NA,NA,NA,NA,26.17977279,5,NA,6.5,188161.528556194,4739,39.7049015733687,NA,34577.8,74502.33164,0.798979424,0.346,81,73.9,NA,9.094509787
"Uruguay",2016,"Maldonado",10,"Micro",26.4986019,10.7525482,9609,50.0808604927982,1639,2028,17.0569258,21.1052139,82.9430742,25.34023132,2.8,NA,6.7,191869.706419717,4739,40.4873826587291,NA,36585.7,77002.08635,0.805289258,0.34,81.1,74.1,NA,9.174576814
"Uruguay",2016,"Maldonado",10,"Pequeña",26.5324669,15.6747141,1819,9.48039184477052,135,124,7.4216603,6.8169324,92.5783397,25.34023132,2.8,NA,6.7,191869.706419717,4739,40.4873826587291,NA,36585.7,77002.08635,0.805289258,0.34,81.1,74.1,NA,9.174576814
"Uruguay",2016,"Maldonado",10,"Mediana",21.4457397,26.7017136,324,1.68864593606688,7,8,2.1604938,2.4691358,97.8395062,25.34023132,2.8,NA,6.7,191869.706419717,4739,40.4873826587291,NA,36585.7,77002.08635,0.805289258,0.34,81.1,74.1,NA,9.174576814
"Uruguay",2016,"Maldonado",10,"Grandes",25.5231953,46.8710213,30,0.156356105191377,NA,1,NA,NA,NA,25.34023132,2.8,NA,6.7,191869.706419717,4739,40.4873826587291,NA,36585.7,77002.08635,0.805289258,0.34,81.1,74.1,NA,9.174576814
"Uruguay",2017,"Maldonado",10,"Micro",24.6190319,11.6668262,9998,51.1869492534734,1787,2027,17.8735747,20.2740548,82.1264253,26.8079337,2.6,8.5,7.5,195323.224880834,4739,41.2161267948583,NA,37039.3,78546.26618,0.81608499,0.341,81.2,74.3,NA,9.27259732
"Uruguay",2017,"Maldonado",10,"Pequeña",25.8949375,17.0321045,1817,9.30252918519315,126,116,6.9345074,6.3841497,93.0654926,26.8079337,2.6,8.5,7.5,195323.224880834,4739,41.2161267948583,NA,37039.3,78546.26618,0.81608499,0.341,81.2,74.3,NA,9.27259732
"Uruguay",2017,"Maldonado",10,"Mediana",25.9771919,30.9871902,325,1.66390863246438,5,16,1.5384615,4.9230769,98.4615385,26.8079337,2.6,8.5,7.5,195323.224880834,4739,41.2161267948583,NA,37039.3,78546.26618,0.81608499,0.341,81.2,74.3,NA,9.27259732
"Uruguay",2017,"Maldonado",10,"Grandes",23.5088406,40.3138809,26,0.13311269059715,1,1,NA,NA,NA,26.8079337,2.6,8.5,7.5,195323.224880834,4739,41.2161267948583,NA,37039.3,78546.26618,0.81608499,0.341,81.2,74.3,NA,9.27259732
"Uruguay",2018,"Maldonado",10,"Micro",24.5310154,11.9368277,10381,52.281481533127,1923,2199,18.524227,21.1829304,81.475773,26.72247811,2.4,11.6,7.5,198559.790112725,4739,41.8990905492139,NA,35824.3,75727.60057,0.811713366,0.324,NA,NA,NA,9.238801614
"Uruguay",2018,"Maldonado",10,"Pequeña",25.5805893,17.2728062,1754,8.83361127146757,120,93,6.8415051,5.3021665,93.1584949,26.72247811,2.4,11.6,7.5,198559.790112725,4739,41.8990905492139,NA,35824.3,75727.60057,0.811713366,0.324,NA,NA,NA,9.238801614
"Uruguay",2018,"Maldonado",10,"Mediana",26.3545723,29.2985764,426,2.14544948782508,6,6,1.4084507,1.4084507,98.5915493,26.72247811,2.4,11.6,7.5,198559.790112725,4739,41.8990905492139,NA,35824.3,75727.60057,0.811713366,0.324,NA,NA,NA,9.238801614
"Uruguay",2018,"Maldonado",10,"Grandes",23.5338192,41.491787,42,0.2115231889405,NA,NA,NA,NA,NA,26.72247811,2.4,11.6,7.5,198559.790112725,4739,41.8990905492139,NA,35824.3,75727.60057,0.811713366,0.324,NA,NA,NA,9.238801614
"Uruguay",2019,"Maldonado",10,"Micro",25.4566364,12.1852169,10986,54.4932839100786,2124,2454,19.3336974,22.3375205,80.6663026,24.97852049,2.3,11.4,8.2,201602.825370708,4739,42.5412165795966,NA,34945,74541.44,NA,0.33,NA,NA,NA,9.318735308
"Uruguay",2019,"Maldonado",10,"Pequeña",25.815897,16.5316792,1806,8.95820778641925,114,89,6.3122924,4.9280177,93.6877076,24.97852049,2.3,11.4,8.2,201602.825370708,4739,42.5412165795966,NA,34945,74541.44,NA,0.33,NA,NA,NA,9.318735308
"Uruguay",2019,"Maldonado",10,"Mediana",25.5739269,29.8161049,338,1.67656380498876,11,5,3.2544379,1.4792899,96.7455621,24.97852049,2.3,11.4,8.2,201602.825370708,4739,42.5412165795966,NA,34945,74541.44,NA,0.33,NA,NA,NA,9.318735308
"Uruguay",2019,"Maldonado",10,"Grandes",23.1535416,41.4670029,27,0.133926694481351,NA,2,NA,NA,NA,24.97852049,2.3,11.4,8.2,201602.825370708,4739,42.5412165795966,NA,34945,74541.44,NA,0.33,NA,NA,NA,9.318735308
"Uruguay",2020,"Maldonado",10,"Micro",27.7181721,11.8492165,11401,55.7032577394277,2260,2283,19.8228226,20.0245592,80.1771774,22.97689809,4.9,12.3,9.9,204673.846067179,4739,43.1892479567797,NA,31056.7,65771.82515,NA,0.3171036,NA,NA,NA,NA
"Uruguay",2020,"Maldonado",10,"Pequeña",26.9973202,16.5344601,1571,7.67562651597587,43,25,2.7371101,1.5913431,97.2628899,22.97689809,4.9,12.3,9.9,204673.846067179,4739,43.1892479567797,NA,31056.7,65771.82515,NA,0.3171036,NA,NA,NA,NA
"Uruguay",2020,"Maldonado",10,"Mediana",23.844471,32.9273758,245,1.19702641401279,2,1,0.8163265,0.4081633,99.1836735,22.97689809,4.9,12.3,9.9,204673.846067179,4739,43.1892479567797,NA,31056.7,65771.82515,NA,0.3171036,NA,NA,NA,NA
"Uruguay",2020,"Maldonado",10,"Grandes",21.4400368,38.6889534,21,0.102602264058239,NA,NA,NA,NA,NA,22.97689809,4.9,12.3,9.9,204673.846067179,4739,43.1892479567797,NA,31056.7,65771.82515,NA,0.3171036,NA,NA,NA,NA
"Uruguay",2021,"Maldonado",10,"Micro",28.2108345,11.9752512,11987,57.74377596087,1849,2804,15.4250438,23.392008,84.5749562,29.69726548,6,7.6,7.6,207589.472640705,4739,43.8044888458967,NA,30182.3,64600.59048,NA,NA,NA,NA,NA,9.62958711
"Uruguay",2021,"Maldonado",10,"Pequeña",27.7474918,16.9768505,1626,7.83276714043336,78,105,4.797048,6.4575646,95.202952,29.69726548,6,7.6,7.6,207589.472640705,4739,43.8044888458967,NA,30182.3,64600.59048,NA,NA,NA,NA,NA,9.62958711
"Uruguay",2021,"Maldonado",10,"Mediana",21.8650093,29.5135288,277,1.33436438985242,2,6,0.7220217,2.166065,99.2779783,29.69726548,6,7.6,7.6,207589.472640705,4739,43.8044888458967,NA,30182.3,64600.59048,NA,NA,NA,NA,NA,9.62958711
"Uruguay",2021,"Maldonado",10,"Grandes",22.1766644,41.5343704,21,0.101161199230689,NA,NA,NA,NA,NA,29.69726548,6,7.6,7.6,207589.472640705,4739,43.8044888458967,NA,30182.3,64600.59048,NA,NA,NA,NA,NA,9.62958711
"Uruguay",2022,"Maldonado",10,"Micro",31.0018425,11.7464104,13551,64.4468152979091,2387,3409,17.6149362,25.156815,82.3850638,30.45440044,6.8,6,5.5,210266.402418176,4739,44.3693611348757,NA,29553.6,62200.40947,NA,NA,NA,NA,NA,9.27352141
"Uruguay",2022,"Maldonado",10,"Pequeña",23.6619492,16.6397209,1601,7.61415034255424,35,38,2.1861337,2.3735166,97.8138663,30.45440044,6.8,6,5.5,210266.402418176,4739,44.3693611348757,NA,29553.6,62200.40947,NA,NA,NA,NA,NA,9.27352141
"Uruguay",2022,"Maldonado",10,"Mediana",21.9670849,28.2793999,331,1.57419348119016,NA,1,NA,0.3021148,100,30.45440044,6.8,6,5.5,210266.402418176,4739,44.3693611348757,NA,29553.6,62200.40947,NA,NA,NA,NA,NA,9.27352141
"Uruguay",2022,"Maldonado",10,"Grandes",23.3691254,43.334465,32,0.152187889420197,1,NA,NA,NA,NA,30.45440044,6.8,6,5.5,210266.402418176,4739,44.3693611348757,NA,29553.6,62200.40947,NA,NA,NA,NA,NA,9.27352141
"Uruguay",2011,"Rivera",13,"Micro",25.3692532,8.6350508,2299,21.5824556717869,340,486,14.7890387,21.1396259,85.2109613,51.87703466,20.4,NA,5.9,106521.706100632,9370,11.3683784525754,11970.69221,21036.2,50456.54956,0.735381907,0.367,79.1,72.3,2.181958545,7.116023418
"Uruguay",2011,"Rivera",13,"Pequeña",26.1771355,13.2387037,397,3.72693993114372,13,15,3.2745592,3.7783375,96.7254408,51.87703466,20.4,NA,5.9,106521.706100632,9370,11.3683784525754,11970.69221,21036.2,50456.54956,0.735381907,0.367,79.1,72.3,2.181958545,7.116023418
"Uruguay",2011,"Rivera",13,"Mediana",23.9750481,31.3610096,67,0.628979786868083,2,NA,2.9850746,NA,97.0149254,51.87703466,20.4,NA,5.9,106521.706100632,9370,11.3683784525754,11970.69221,21036.2,50456.54956,0.735381907,0.367,79.1,72.3,2.181958545,7.116023418
"Uruguay",2011,"Rivera",13,"Grandes",24.4785671,46.7652321,11,0.103265338142521,NA,1,NA,NA,NA,51.87703466,20.4,NA,5.9,106521.706100632,9370,11.3683784525754,11970.69221,21036.2,50456.54956,0.735381907,0.367,79.1,72.3,2.181958545,7.116023418
"Uruguay",2012,"Rivera",13,"Micro",26.8803406,9.0716209,2457,23.0281647321731,403,557,16.4021164,22.6699227,83.5978836,45.10609471,18.1,NA,6.3,106695.432683234,9370,11.3869191764391,12256.10252,23996.2,57350.78732,0.748580645,0.378,79.3,72.5,2.115926036,7.814786806
"Uruguay",2012,"Rivera",13,"Pequeña",26.6142979,13.0852871,471,4.4144345090979,25,29,5.3078556,6.1571125,94.6921444,45.10609471,18.1,NA,6.3,106695.432683234,9370,11.3869191764391,12256.10252,23996.2,57350.78732,0.748580645,0.378,79.3,72.5,2.115926036,7.814786806
"Uruguay",2012,"Rivera",13,"Mediana",27.5382347,28.7726917,69,0.646700596874215,2,1,2.8985507,1.4492754,97.1014493,45.10609471,18.1,NA,6.3,106695.432683234,9370,11.3869191764391,12256.10252,23996.2,57350.78732,0.748580645,0.378,79.3,72.5,2.115926036,7.814786806
"Uruguay",2012,"Rivera",13,"Grandes",18.9671268,49.0704041,11,0.103097196603136,4,NA,NA,NA,NA,45.10609471,18.1,NA,6.3,106695.432683234,9370,11.3869191764391,12256.10252,23996.2,57350.78732,0.748580645,0.378,79.3,72.5,2.115926036,7.814786806
"Uruguay",2013,"Rivera",13,"Micro",28.0664616,9.7994251,2582,24.125118586341,402,508,15.5693261,19.6746708,84.4306739,46.88461458,18.5,NA,5.7,107025.380652921,9370,11.4221324069286,13062.1107063315,23440,55656.6115,0.745448483,0.387,79.4,72.7,2.162466554,7.409730732
"Uruguay",2013,"Rivera",13,"Pequeña",27.7363529,14.784153,364,3.40106241883352,25,22,6.8681319,6.043956,93.1318681,46.88461458,18.5,NA,5.7,107025.380652921,9370,11.4221324069286,13062.1107063315,23440,55656.6115,0.745448483,0.387,79.4,72.7,2.162466554,7.409730732
"Uruguay",2013,"Rivera",13,"Mediana",25.5044594,29.0692902,157,1.4669417575738,2,2,1.2738854,1.2738854,98.7261146,46.88461458,18.5,NA,5.7,107025.380652921,9370,11.4221324069286,13062.1107063315,23440,55656.6115,0.745448483,0.387,79.4,72.7,2.162466554,7.409730732
"Uruguay",2013,"Rivera",13,"Grandes",18.6927319,46.347126,6,0.0560614684423107,NA,NA,NA,NA,NA,46.88461458,18.5,NA,5.7,107025.380652921,9370,11.4221324069286,13062.1107063315,23440,55656.6115,0.745448483,0.387,79.4,72.7,2.162466554,7.409730732
"Uruguay",2014,"Rivera",13,"Micro",28.2828751,10.104867,2745,25.5562449070498,544,581,19.8178506,21.1657559,80.1821494,45.1491488,15.5,NA,4.4,107410.146129989,9370,11.4631959583766,13729.2196637592,24343.5,56768.12073,0.749453777,0.354,79.6,72.9,2.171438096,7.623228798
"Uruguay",2014,"Rivera",13,"Pequeña",28.3252563,14.6932125,447,4.16161802311522,15,25,3.3557047,5.5928412,96.6442953,45.1491488,15.5,NA,4.4,107410.146129989,9370,11.4631959583766,13729.2196637592,24343.5,56768.12073,0.749453777,0.354,79.6,72.9,2.171438096,7.623228798
"Uruguay",2014,"Rivera",13,"Mediana",26.3201637,28.7859039,96,0.893770313689175,NA,3,NA,3.125,100,45.1491488,15.5,NA,4.4,107410.146129989,9370,11.4631959583766,13729.2196637592,24343.5,56768.12073,0.749453777,0.354,79.6,72.9,2.171438096,7.623228798
"Uruguay",2014,"Rivera",13,"Grandes",17.0717068,46.4160156,6,0.0558606446055734,NA,1,NA,NA,NA,45.1491488,15.5,NA,4.4,107410.146129989,9370,11.4631959583766,13729.2196637592,24343.5,56768.12073,0.749453777,0.354,79.6,72.9,2.171438096,7.623228798
"Uruguay",2015,"Rivera",13,"Micro",27.7512894,11.9565344,2837,26.2936832152564,502,522,17.694748,18.399718,82.305252,42.38710086,16.5,NA,7.6,107896.637255974,9370,11.5151160358563,NA,24242.9,57168.15991,0.756283871,0.369,79.7,73.1,NA,7.839306376
"Uruguay",2015,"Rivera",13,"Pequeña",28.4724903,14.9662762,358,3.31799033875988,12,7,3.3519553,1.9553073,96.6480447,42.38710086,16.5,NA,7.6,107896.637255974,9370,11.5151160358563,NA,24242.9,57168.15991,0.756283871,0.369,79.7,73.1,NA,7.839306376
"Uruguay",2015,"Rivera",13,"Mediana",22.9412556,34.0165901,73,0.676573448965004,2,3,2.739726,4.109589,97.260274,42.38710086,16.5,NA,7.6,107896.637255974,9370,11.5151160358563,NA,24242.9,57168.15991,0.756283871,0.369,79.7,73.1,NA,7.839306376
"Uruguay",2015,"Rivera",13,"Grandes",20.8349648,39.0606003,6,0.0556087766272606,NA,NA,NA,NA,NA,42.38710086,16.5,NA,7.6,107896.637255974,9370,11.5151160358563,NA,24242.9,57168.15991,0.756283871,0.369,79.7,73.1,NA,7.839306376
"Uruguay",2016,"Rivera",13,"Micro",27.5918407,12.6407118,2733,25.2188174882469,503,475,18.4046835,17.3801683,81.5953165,44.14957522,17.8,NA,7,108371.457197535,9370,11.5657905226825,NA,24039,55469.12236,0.753375194,0.385,79.9,73.3,NA,7.620065427
"Uruguay",2016,"Rivera",13,"Pequeña",27.3685074,15.8543444,442,4.07856470172159,17,21,3.8461538,4.7511312,96.1538462,44.14957522,17.8,NA,7,108371.457197535,9370,11.5657905226825,NA,24039,55469.12236,0.753375194,0.385,79.9,73.3,NA,7.620065427
"Uruguay",2016,"Rivera",13,"Mediana",19.8020267,29.8784161,70,0.645926536471746,NA,1,NA,1.4285714,100,44.14957522,17.8,NA,7,108371.457197535,9370,11.5657905226825,NA,24039,55469.12236,0.753375194,0.385,79.9,73.3,NA,7.620065427
"Uruguay",2016,"Rivera",13,"Grandes",25.237627,41.6265259,8,0.0738201755967709,NA,NA,NA,NA,NA,44.14957522,17.8,NA,7,108371.457197535,9370,11.5657905226825,NA,24039,55469.12236,0.753375194,0.385,79.9,73.3,NA,7.620065427
"Uruguay",2017,"Rivera",13,"Micro",26.8509178,12.1255035,2741,25.2097212210644,485,507,17.6942722,18.4968989,82.3057278,42.63380695,12.2,12.9,7.3,108727.898097886,9370,11.6038311737338,NA,24468,56954.86269,0.765876849,0.344,80,73.5,NA,7.927705377
"Uruguay",2017,"Rivera",13,"Pequeña",27.9013042,15.2842255,429,3.94562947969232,21,14,4.8951049,3.2634033,95.1048951,42.63380695,12.2,12.9,7.3,108727.898097886,9370,11.6038311737338,NA,24468,56954.86269,0.765876849,0.344,80,73.5,NA,7.927705377
"Uruguay",2017,"Rivera",13,"Mediana",22.4549274,28.753727,70,0.643809006010401,NA,NA,NA,NA,100,42.63380695,12.2,12.9,7.3,108727.898097886,9370,11.6038311737338,NA,24468,56954.86269,0.765876849,0.344,80,73.5,NA,7.927705377
"Uruguay",2017,"Rivera",13,"Grandes",22.7928467,43.8365402,7,0.0643809006010401,NA,NA,NA,NA,NA,42.63380695,12.2,12.9,7.3,108727.898097886,9370,11.6038311737338,NA,24468,56954.86269,0.765876849,0.344,80,73.5,NA,7.927705377
"Uruguay",2018,"Rivera",13,"Micro",28.4107037,13.0917397,3036,27.8504674184817,538,765,17.7206851,25.1976285,82.2793149,44.2287779,12.8,13.8,7.9,109010.73775104,9370,11.6340168357567,NA,23843,55286.39045,0.766915262,0.35,NA,NA,NA,8.000342003
"Uruguay",2018,"Rivera",13,"Pequeña",26.2363701,14.7996588,387,3.55010898911476,24,16,6.2015504,4.1343669,93.7984496,44.2287779,12.8,13.8,7.9,109010.73775104,9370,11.6340168357567,NA,23843,55286.39045,0.766915262,0.35,NA,NA,NA,8.000342003
"Uruguay",2018,"Rivera",13,"Mediana",23.624794,26.4202995,101,0.926514232301268,2,2,1.980198,1.980198,98.019802,44.2287779,12.8,13.8,7.9,109010.73775104,9370,11.6340168357567,NA,23843,55286.39045,0.766915262,0.35,NA,NA,NA,8.000342003
"Uruguay",2018,"Rivera",13,"Grandes",21.7281265,45.6883011,12,0.110080898887279,NA,NA,NA,NA,NA,44.2287779,12.8,13.8,7.9,109010.73775104,9370,11.6340168357567,NA,23843,55286.39045,0.766915262,0.35,NA,NA,NA,8.000342003
"Uruguay",2019,"Rivera",13,"Micro",30.0990677,13.8911428,3277,30.0047651230758,633,754,19.316448,23.0088496,80.683552,42.80864329,12.1,6.4,7.9,109215.985746202,9370,11.6559216378017,NA,22533.9,52759.5,NA,0.342,NA,NA,NA,8.087138821
"Uruguay",2019,"Rivera",13,"Pequeña",25.400322,14.9885998,387,3.54343732152284,14,11,3.6175711,2.8423773,96.3824289,42.80864329,12.1,6.4,7.9,109215.985746202,9370,11.6559216378017,NA,22533.9,52759.5,NA,0.342,NA,NA,NA,8.087138821
"Uruguay",2019,"Rivera",13,"Mediana",22.4625015,25.071228,72,0.659244152841459,NA,NA,NA,NA,100,42.80864329,12.1,6.4,7.9,109215.985746202,9370,11.6559216378017,NA,22533.9,52759.5,NA,0.342,NA,NA,NA,8.087138821
"Uruguay",2019,"Rivera",13,"Grandes",22.038105,46.0490303,6,0.0549370127367882,NA,NA,NA,NA,NA,42.80864329,12.1,6.4,7.9,109215.985746202,9370,11.6559216378017,NA,22533.9,52759.5,NA,0.342,NA,NA,NA,8.087138821
"Uruguay",2020,"Rivera",13,"Micro",32.5679588,12.8979311,3387,30.9742842333611,622,707,18.3643342,20.8739297,81.6356658,42.00875139,16.1,14.7,8.7,109348.773791906,9370,11.6700932542056,NA,21632.1,50524.61007,NA,0.3340645,NA,NA,NA,NA
"Uruguay",2020,"Rivera",13,"Pequeña",25.5977287,13.5943527,365,3.33794323743041,13,5,3.5616438,1.369863,96.4383562,42.00875139,16.1,14.7,8.7,109348.773791906,9370,11.6700932542056,NA,21632.1,50524.61007,NA,0.3340645,NA,NA,NA,NA
"Uruguay",2020,"Rivera",13,"Mediana",20.1072865,24.9204712,51,0.466397548243701,NA,NA,NA,NA,100,42.00875139,16.1,14.7,8.7,109348.773791906,9370,11.6700932542056,NA,21632.1,50524.61007,NA,0.3340645,NA,NA,NA,NA
"Uruguay",2020,"Rivera",13,"Grandes",21.7270241,48.5872459,5,0.0457252498278138,NA,NA,NA,NA,NA,42.00875139,16.1,14.7,8.7,109348.773791906,9370,11.6700932542056,NA,21632.1,50524.61007,NA,0.3340645,NA,NA,NA,NA
"Uruguay",2021,"Rivera",13,"Micro",31.9434528,12.0231609,3600,32.9271144129804,591,820,16.4166667,22.7777778,83.5833333,41.29089553,20.6,15.6,7.6,109332.386520357,9370,11.6683443458226,NA,21163,49656.38873,NA,NA,NA,NA,NA,8.548132991
"Uruguay",2021,"Rivera",13,"Pequeña",23.9472523,13.1747198,337,3.08234376588178,13,15,3.8575668,4.4510386,96.1424332,41.29089553,20.6,15.6,7.6,109332.386520357,9370,11.6683443458226,NA,21163,49656.38873,NA,NA,NA,NA,NA,8.548132991
"Uruguay",2021,"Rivera",13,"Mediana",19.8512936,24.296978,57,0.521345978205523,NA,NA,NA,NA,100,41.29089553,20.6,15.6,7.6,109332.386520357,9370,11.6683443458226,NA,21163,49656.38873,NA,NA,NA,NA,NA,8.548132991
"Uruguay",2021,"Rivera",13,"Grandes",24.2579994,50.505146,6,0.054878524021634,NA,NA,NA,NA,NA,41.29089553,20.6,15.6,7.6,109332.386520357,9370,11.6683443458226,NA,21163,49656.38873,NA,NA,NA,NA,NA,8.548132991
"Uruguay",2022,"Rivera",13,"Micro",37.6048851,12.7499428,3939,36.0605689304308,744,934,18.8880427,23.7116019,81.1119573,38.45540369,15.5,16.4,2,109232.885582012,9370,11.6577252488807,NA,23328.9,54237.66445,NA,NA,NA,NA,NA,8.878722379
"Uruguay",2022,"Rivera",13,"Pequeña",21.5861568,12.9068594,332,3.03937773163316,5,1,1.5060241,0.3012048,98.4939759,38.45540369,15.5,16.4,2,109232.885582012,9370,11.6577252488807,NA,23328.9,54237.66445,NA,NA,NA,NA,NA,8.878722379
"Uruguay",2022,"Rivera",13,"Mediana",19.1949062,21.8166637,63,0.576749388834003,2,NA,3.1746032,NA,96.8253968,38.45540369,15.5,16.4,2,109232.885582012,9370,11.6577252488807,NA,23328.9,54237.66445,NA,NA,NA,NA,NA,8.878722379
"Uruguay",2022,"Rivera",13,"Grandes",21.6140499,52.5265388,7,0.0640832654260003,NA,NA,NA,NA,NA,38.45540369,15.5,16.4,2,109232.885582012,9370,11.6577252488807,NA,23328.9,54237.66445,NA,NA,NA,NA,NA,8.878722379
"Uruguay",2011,"Rocha",14,"Micro",35.7773857,13.4667282,3018,41.0499883134763,601,706,19.9138502,23.3929755,80.0861498,38.56380489,9.8,NA,4.2,73520.1183725848,10551,6.96807111862239,10204.74506,25653.8,51727.66399,0.747972795,0.343,78.3,71.4,1.894288251,7.566020191
"Uruguay",2011,"Rocha",14,"Pequeña",30.9161816,23.251461,530,7.20891113523606,62,45,11.6981132,8.490566,88.3018868,38.56380489,9.8,NA,4.2,73520.1183725848,10551,6.96807111862239,10204.74506,25653.8,51727.66399,0.747972795,0.343,78.3,71.4,1.894288251,7.566020191
"Uruguay",2011,"Rocha",14,"Mediana",16.0511589,33.5061989,51,0.693687675277432,1,1,1.9607843,1.9607843,98.0392157,38.56380489,9.8,NA,4.2,73520.1183725848,10551,6.96807111862239,10204.74506,25653.8,51727.66399,0.747972795,0.343,78.3,71.4,1.894288251,7.566020191
"Uruguay",2011,"Rocha",14,"Grandes",17.2552719,29.7756119,5,0.0680085956154345,NA,NA,NA,NA,NA,38.56380489,9.8,NA,4.2,73520.1183725848,10551,6.96807111862239,10204.74506,25653.8,51727.66399,0.747972795,0.343,78.3,71.4,1.894288251,7.566020191
"Uruguay",2012,"Rocha",14,"Micro",35.5186081,13.3379545,2985,40.304843893643,588,665,19.6984925,22.278057,80.3015075,34.2126062,7.9,NA,7.6,74060.5771325367,10551,7.01929458179667,10563.35303,27227,55585.65179,0.761930448,0.332,78.5,71.6,1.857350729,8.153904508
"Uruguay",2012,"Rocha",14,"Pequeña",29.6727619,23.7404289,621,8.38502782510966,81,61,13.0434783,9.8228663,86.9565217,34.2126062,7.9,NA,7.6,74060.5771325367,10551,7.01929458179667,10563.35303,27227,55585.65179,0.761930448,0.332,78.5,71.6,1.857350729,8.153904508
"Uruguay",2012,"Rocha",14,"Mediana",16.8445415,34.6497917,55,0.742635314623239,3,1,5.4545455,1.8181818,94.5454545,34.2126062,7.9,NA,7.6,74060.5771325367,10551,7.01929458179667,10563.35303,27227,55585.65179,0.761930448,0.332,78.5,71.6,1.857350729,8.153904508
"Uruguay",2012,"Rocha",14,"Grandes",17.9640884,28.2718277,6,0.0810147615952624,1,NA,NA,NA,NA,34.2126062,7.9,NA,7.6,74060.5771325367,10551,7.01929458179667,10563.35303,27227,55585.65179,0.761930448,0.332,78.5,71.6,1.857350729,8.153904508
"Uruguay",2013,"Rocha",14,"Micro",35.7298546,13.6800604,3152,42.1515721817048,578,704,18.3375635,22.3350254,81.6624365,33.57415528,9.6,NA,7.8,74777.7564834955,10551,7.0872672242911,11293.4725274631,27475.4,55789.8875,0.752690133,0.349,78.6,71.8,1.927750244,7.906772672
"Uruguay",2013,"Rocha",14,"Pequeña",29.1009865,23.2541389,484,6.47251298729223,49,39,10.1239669,8.0578512,89.8760331,33.57415528,9.6,NA,7.8,74777.7564834955,10551,7.0872672242911,11293.4725274631,27475.4,55789.8875,0.752690133,0.349,78.6,71.8,1.927750244,7.906772672
"Uruguay",2013,"Rocha",14,"Mediana",16.7985668,32.1993256,99,1.32392311103705,2,3,2.020202,3.030303,97.979798,33.57415528,9.6,NA,7.8,74777.7564834955,10551,7.0872672242911,11293.4725274631,27475.4,55789.8875,0.752690133,0.349,78.6,71.8,1.927750244,7.906772672
"Uruguay",2013,"Rocha",14,"Grandes",18.3705978,30.8664722,5,0.0668648035877296,NA,NA,NA,NA,NA,33.57415528,9.6,NA,7.8,74777.7564834955,10551,7.0872672242911,11293.4725274631,27475.4,55789.8875,0.752690133,0.349,78.6,71.8,1.927750244,7.906772672
"Uruguay",2014,"Rocha",14,"Micro",35.5275688,14.2590952,3238,42.8568842078372,733,692,22.6374305,21.3712168,77.3625695,36.7845356,8.7,NA,7.6,75553.78931182,10551,7.16081786672543,11773.3335530099,28808.7,57416.16805,0.760798112,0.341,78.8,72.1,1.891450839,7.95850205
"Uruguay",2014,"Rocha",14,"Pequeña",27.8650742,21.4931049,541,7.16046150600369,60,34,11.090573,6.284658,88.909427,36.7845356,8.7,NA,7.6,75553.78931182,10551,7.16081786672543,11773.3335530099,28808.7,57416.16805,0.760798112,0.341,78.8,72.1,1.891450839,7.95850205
"Uruguay",2014,"Rocha",14,"Mediana",15.5280542,31.1753368,65,0.860314229002292,4,2,6.1538462,3.0769231,93.8461538,36.7845356,8.7,NA,7.6,75553.78931182,10551,7.16081786672543,11773.3335530099,28808.7,57416.16805,0.760798112,0.341,78.8,72.1,1.891450839,7.95850205
"Uruguay",2014,"Rocha",14,"Grandes",21.0793018,33.072464,4,0.0529424140924487,NA,NA,NA,NA,NA,36.7845356,8.7,NA,7.6,75553.78931182,10551,7.16081786672543,11773.3335530099,28808.7,57416.16805,0.760798112,0.341,78.8,72.1,1.891450839,7.95850205
"Uruguay",2015,"Rocha",14,"Micro",35.3638954,14.5888796,3374,44.2163006547683,495,734,14.6710136,21.754594,85.3289864,34.36082282,9.3,NA,9.9,76306.7002448598,10551,7.23217706803713,NA,29532.2,59621.17158,0.765876948,0.35,79,72.3,NA,8.150008554
"Uruguay",2015,"Rocha",14,"Pequeña",26.7694435,22.2548504,387,5.07163851612191,17,26,4.3927649,6.7183463,95.6072351,34.36082282,9.3,NA,9.9,76306.7002448598,10551,7.23217706803713,NA,29532.2,59621.17158,0.765876948,0.35,79,72.3,NA,8.150008554
"Uruguay",2015,"Rocha",14,"Mediana",16.3835888,29.4610271,56,0.733880508792835,2,2,3.5714286,3.5714286,96.4285714,34.36082282,9.3,NA,9.9,76306.7002448598,10551,7.23217706803713,NA,29532.2,59621.17158,0.765876948,0.35,79,72.3,NA,8.150008554
"Uruguay",2015,"Rocha",14,"Grandes",21.4830742,33.6952438,5,0.0655250454279317,1,1,NA,NA,NA,34.36082282,9.3,NA,9.9,76306.7002448598,10551,7.23217706803713,NA,29532.2,59621.17158,0.765876948,0.35,79,72.3,NA,8.150008554
"Uruguay",2016,"Rocha",14,"Micro",38.4252815,15.7549219,3560,46.2129919984229,693,796,19.4662921,22.3595506,80.5337079,35.10402561,8.3,NA,8.8,77034.6139916993,10551,7.3011670923798,NA,29708.7,58509.82887,0.775017574,0.33,79.1,72.5,NA,8.319825618
"Uruguay",2016,"Rocha",14,"Pequeña",27.0041332,21.9722996,522,6.77617466943168,49,37,9.3869732,7.0881226,90.6130268,35.10402561,8.3,NA,8.8,77034.6139916993,10551,7.3011670923798,NA,29708.7,58509.82887,0.775017574,0.33,79.1,72.5,NA,8.319825618
"Uruguay",2016,"Rocha",14,"Mediana",17.6431999,28.5594006,60,0.778870651658814,1,NA,1.6666667,NA,98.3333333,35.10402561,8.3,NA,8.8,77034.6139916993,10551,7.3011670923798,NA,29708.7,58509.82887,0.775017574,0.33,79.1,72.5,NA,8.319825618
"Uruguay",2016,"Rocha",14,"Grandes",16.9273815,33.7133751,3,0.0389435325829407,NA,NA,NA,NA,NA,35.10402561,8.3,NA,8.8,77034.6139916993,10551,7.3011670923798,NA,29708.7,58509.82887,0.775017574,0.33,79.1,72.5,NA,8.319825618
"Uruguay",2017,"Rocha",14,"Micro",35.7551537,16.575552,3595,46.2553263741496,662,738,18.4144645,20.5285118,81.5855355,31.28753118,6.4,10.8,8.5,77720.7790281448,10551,7.36620026804519,NA,31668.7,62951.86829,0.782670111,0.347,79.3,72.7,NA,8.497796805
"Uruguay",2017,"Rocha",14,"Pequeña",30.1798248,22.1655178,511,6.57481829685409,42,33,8.2191781,6.4579256,91.7808219,31.28753118,6.4,10.8,8.5,77720.7790281448,10551,7.36620026804519,NA,31668.7,62951.86829,0.782670111,0.347,79.3,72.7,NA,8.497796805
"Uruguay",2017,"Rocha",14,"Mediana",19.6793594,27.643858,61,0.784860892579451,NA,NA,NA,NA,100,31.28753118,6.4,10.8,8.5,77720.7790281448,10551,7.36620026804519,NA,31668.7,62951.86829,0.782670111,0.347,79.3,72.7,NA,8.497796805
"Uruguay",2017,"Rocha",14,"Grandes",14.385664,33.6150703,3,0.0385997160284976,NA,NA,NA,NA,NA,31.28753118,6.4,10.8,8.5,77720.7790281448,10551,7.36620026804519,NA,31668.7,62951.86829,0.782670111,0.347,79.3,72.7,NA,8.497796805
"Uruguay",2018,"Rocha",14,"Micro",35.2245827,16.8406353,3695,47.1656591702635,757,793,20.4871448,21.4614344,79.5128552,33.66249172,6.1,10.8,10.2,78340.8960036243,10551,7.42497355735232,NA,30101.4,59657.71531,0.775089606,0.348,NA,NA,NA,8.276986571
"Uruguay",2018,"Rocha",14,"Pequeña",29.8856449,22.955925,512,6.53553924091337,52,32,10.15625,6.25,89.84375,33.66249172,6.1,10.8,10.2,78340.8960036243,10551,7.42497355735232,NA,30101.4,59657.71531,0.775089606,0.348,NA,NA,NA,8.276986571
"Uruguay",2018,"Rocha",14,"Mediana",19.7628632,27.0607452,83,1.05947218163244,NA,2,NA,2.4096386,100,33.66249172,6.1,10.8,10.2,78340.8960036243,10551,7.42497355735232,NA,30101.4,59657.71531,0.775089606,0.348,NA,NA,NA,8.276986571
"Uruguay",2018,"Rocha",14,"Grandes",15.1269131,33.1426964,11,0.140411975878998,NA,NA,NA,NA,NA,33.66249172,6.1,10.8,10.2,78340.8960036243,10551,7.42497355735232,NA,30101.4,59657.71531,0.775089606,0.348,NA,NA,NA,8.276986571
"Uruguay",2019,"Rocha",14,"Micro",36.0495415,16.3670807,3747,47.4867022862307,724,783,19.3221244,20.8967174,80.6778756,32.46794066,6.1,13.5,9.2,78906.3004926009,10551,7.47856132050052,NA,29984.8,59930.05,NA,0.355,NA,NA,NA,8.661630909
"Uruguay",2019,"Rocha",14,"Pequeña",29.611496,22.2059612,486,6.15920397947908,37,17,7.6131687,3.4979424,92.3868313,32.46794066,6.1,13.5,9.2,78906.3004926009,10551,7.47856132050052,NA,29984.8,59930.05,NA,0.355,NA,NA,NA,8.661630909
"Uruguay",2019,"Rocha",14,"Mediana",18.6331425,28.1995239,58,0.735049034588039,NA,NA,NA,NA,100,32.46794066,6.1,13.5,9.2,78906.3004926009,10551,7.47856132050052,NA,29984.8,59930.05,NA,0.355,NA,NA,NA,8.661630909
"Uruguay",2019,"Rocha",14,"Grandes",15.705821,33.2274323,3,0.0380197776511054,NA,NA,NA,NA,NA,32.46794066,6.1,13.5,9.2,78906.3004926009,10551,7.47856132050052,NA,29984.8,59930.05,NA,0.355,NA,NA,NA,8.661630909
"Uruguay",2020,"Rocha",14,"Micro",37.5908127,14.5369329,3914,49.2652984838859,802,810,20.4905468,20.6949412,79.5094532,33.71681981,9.8,10.8,9.7,79447.4025419785,10551,7.52984575319671,NA,27473.8,54951.1109,NA,0.3672361,NA,NA,NA,NA
"Uruguay",2020,"Rocha",14,"Pequeña",29.4653187,20.6250019,384,4.8333864634165,8,9,2.0833333,2.34375,97.9166667,33.71681981,9.8,10.8,9.7,79447.4025419785,10551,7.52984575319671,NA,27473.8,54951.1109,NA,0.3672361,NA,NA,NA,NA
"Uruguay",2020,"Rocha",14,"Mediana",18.5405216,28.9817753,53,0.667108027502798,1,1,1.8867925,1.8867925,98.1132075,33.71681981,9.8,10.8,9.7,79447.4025419785,10551,7.52984575319671,NA,27473.8,54951.1109,NA,0.3672361,NA,NA,NA,NA
"Uruguay",2020,"Rocha",14,"Grandes",14.4033432,35.8562927,3,0.0377608317454414,NA,NA,NA,NA,NA,33.71681981,9.8,10.8,9.7,79447.4025419785,10551,7.52984575319671,NA,27473.8,54951.1109,NA,0.3672361,NA,NA,NA,NA
"Uruguay",2021,"Rocha",14,"Micro",37.6952591,15.1334524,3963,49.5734041831756,697,849,17.5876861,21.4231643,82.4123139,29.9609164,11.2,5.4,10.1,79942.0589588031,10551,7.57672817351939,NA,27329.7,54834.0269,NA,NA,NA,NA,NA,8.523283346
"Uruguay",2021,"Rocha",14,"Pequeña",27.3939304,23.3472137,391,4.89104240111574,17,16,4.3478261,4.0920716,95.6521739,29.9609164,11.2,5.4,10.1,79942.0589588031,10551,7.57672817351939,NA,27329.7,54834.0269,NA,NA,NA,NA,NA,8.523283346
"Uruguay",2021,"Rocha",14,"Mediana",17.5604305,29.8881264,53,0.662980172018246,2,2,3.7735849,3.7735849,96.2264151,29.9609164,11.2,5.4,10.1,79942.0589588031,10551,7.57672817351939,NA,27329.7,54834.0269,NA,NA,NA,NA,NA,8.523283346
"Uruguay",2021,"Rocha",14,"Grandes",17.3503799,31.6312065,3,0.0375271795482026,NA,NA,NA,NA,NA,29.9609164,11.2,5.4,10.1,79942.0589588031,10551,7.57672817351939,NA,27329.7,54834.0269,NA,NA,NA,NA,NA,8.523283346
"Uruguay",2022,"Rocha",14,"Micro",43.4811249,15.4850178,4342,54.0597176210992,871,1041,20.0598802,23.9751267,79.9401198,33.14957218,11.1,10.8,10.1,80318.5845407624,10551,7.61241441955857,NA,27215.4,54102.31533,NA,NA,NA,NA,NA,8.590600736
"Uruguay",2022,"Rocha",14,"Pequeña",22.5688419,20.6088562,358,4.45724986373872,4,6,1.1173184,1.6759777,98.8826816,33.14957218,11.1,10.8,10.1,80318.5845407624,10551,7.61241441955857,NA,27215.4,54102.31533,NA,NA,NA,NA,NA,8.590600736
"Uruguay",2022,"Rocha",14,"Mediana",17.4819469,27.7328968,52,0.647421767917356,NA,NA,NA,NA,100,33.14957218,11.1,10.8,10.1,80318.5845407624,10551,7.61241441955857,NA,27215.4,54102.31533,NA,NA,NA,NA,NA,8.590600736
"Uruguay",2022,"Rocha",14,"Grandes",16.4680882,36.1732292,3,0.0373512558413859,NA,NA,NA,NA,NA,33.14957218,11.1,10.8,10.1,80318.5845407624,10551,7.61241441955857,NA,27215.4,54102.31533,NA,NA,NA,NA,NA,8.590600736
"Uruguay",2011,"Salto",15,"Micro",24.122839,9.2979774,2699,20.9544879910796,452,551,16.7469433,20.4149685,83.2530567,34.71034371,16.3,NA,6.8,128802.956252091,14163,9.09432720836625,15491.43369,26109,68167.8075,0.765004457,0.4,79,72.6,2.757284529,8.503968091
"Uruguay",2011,"Salto",15,"Pequeña",25.1480961,14.833415,523,4.06046580931258,32,42,6.1185468,8.0305927,93.8814532,34.71034371,16.3,NA,6.8,128802.956252091,14163,9.09432720836625,15491.43369,26109,68167.8075,0.765004457,0.4,79,72.6,2.757284529,8.503968091
"Uruguay",2011,"Salto",15,"Mediana",26.1001263,29.9625397,109,0.846253868480059,4,4,3.6697248,3.6697248,96.3302752,34.71034371,16.3,NA,6.8,128802.956252091,14163,9.09432720836625,15491.43369,26109,68167.8075,0.765004457,0.4,79,72.6,2.757284529,8.503968091
"Uruguay",2011,"Salto",15,"Grandes",24.6289425,45.9060669,10,0.0776379695853265,NA,NA,NA,NA,NA,34.71034371,16.3,NA,6.8,128802.956252091,14163,9.09432720836625,15491.43369,26109,68167.8075,0.765004457,0.4,79,72.6,2.757284529,8.503968091
"Uruguay",2012,"Salto",15,"Micro",22.8289299,8.6572647,2786,21.5226861750065,450,612,16.1521895,21.9669777,83.8478105,35.87136351,11.2,NA,7.6,129444.808949325,14163,9.1396461872008,15386.68116,25270.4,67360.36847,0.764802342,0.35,79.1,72.8,2.732431538,8.443196921
"Uruguay",2012,"Salto",15,"Pequeña",24.3260269,14.0553999,598,4.61972948049315,30,33,5.0167224,5.5183946,94.9832776,35.87136351,11.2,NA,7.6,129444.808949325,14163,9.1396461872008,15386.68116,25270.4,67360.36847,0.764802342,0.35,79.1,72.8,2.732431538,8.443196921
"Uruguay",2012,"Salto",15,"Mediana",24.6403885,29.960331,113,0.872958915210244,3,6,2.6548673,5.3097345,97.3451327,35.87136351,11.2,NA,7.6,129444.808949325,14163,9.1396461872008,15386.68116,25270.4,67360.36847,0.764802342,0.35,79.1,72.8,2.732431538,8.443196921
"Uruguay",2012,"Salto",15,"Grandes",28.2046547,47.3270073,13,0.100428901749851,NA,NA,NA,NA,NA,35.87136351,11.2,NA,7.6,129444.808949325,14163,9.1396461872008,15386.68116,25270.4,67360.36847,0.764802342,0.35,79.1,72.8,2.732431538,8.443196921
"Uruguay",2013,"Salto",15,"Micro",23.5385094,9.841094,3038,23.2933009270291,482,681,15.8657011,22.4160632,84.1342989,37.61222745,9.7,NA,7.9,130423.76473464,14163,9.20876683856807,16132.0205817512,27440.1,70644.84452,0.770045161,0.371,79.3,73,2.686971212,8.501300672
"Uruguay",2013,"Salto",15,"Pequeña",24.6365795,15.643199,530,4.06367659358966,30,26,5.6603774,4.9056604,94.3396226,37.61222745,9.7,NA,7.9,130423.76473464,14163,9.20876683856807,16132.0205817512,27440.1,70644.84452,0.770045161,0.371,79.3,73,2.686971212,8.501300672
"Uruguay",2013,"Salto",15,"Mediana",24.7453613,32.0018387,158,1.21143566374937,3,8,1.8987342,5.0632911,98.1012658,37.61222745,9.7,NA,7.9,130423.76473464,14163,9.20876683856807,16132.0205817512,27440.1,70644.84452,0.770045161,0.371,79.3,73,2.686971212,8.501300672
"Uruguay",2013,"Salto",15,"Grandes",27.079546,42.5138626,15,0.115009714912915,NA,NA,NA,NA,NA,37.61222745,9.7,NA,7.9,130423.76473464,14163,9.20876683856807,16132.0205817512,27440.1,70644.84452,0.770045161,0.371,79.3,73,2.686971212,8.501300672
"Uruguay",2014,"Salto",15,"Micro",23.7664108,10.315753,3263,24.8253133877635,621,734,19.031566,22.4946368,80.968434,35.6814586,7.8,NA,9.5,131438.421301394,14163,9.28040819751425,16347.3415450212,28732.9,72531.7446,0.77371023,0.354,79.4,73.2,2.66137227,8.530377426
"Uruguay",2014,"Salto",15,"Pequeña",24.3752346,16.0576077,569,4.32902338879479,26,32,4.56942,5.6239016,95.43058,35.6814586,7.8,NA,9.5,131438.421301394,14163,9.28040819751425,16347.3415450212,28732.9,72531.7446,0.77371023,0.354,79.4,73.2,2.66137227,8.530377426
"Uruguay",2014,"Salto",15,"Mediana",25.9194851,30.8713131,148,1.12600256861446,3,6,2.027027,4.0540541,97.972973,35.6814586,7.8,NA,9.5,131438.421301394,14163,9.28040819751425,16347.3415450212,28732.9,72531.7446,0.77371023,0.354,79.4,73.2,2.66137227,8.530377426
"Uruguay",2014,"Salto",15,"Grandes",25.9388676,42.7553253,17,0.129338132881391,1,NA,NA,NA,NA,35.6814586,7.8,NA,9.5,131438.421301394,14163,9.28040819751425,16347.3415450212,28732.9,72531.7446,0.77371023,0.354,79.4,73.2,2.66137227,8.530377426
"Uruguay",2015,"Salto",15,"Micro",24.6850376,9.7936201,3488,26.3441834358872,598,725,17.1444954,20.7855505,82.8555046,32.61866704,7.1,NA,11.6,132401.143064032,14163,9.34838262119833,NA,27770.6,70799.59389,0.774037707,0.339,79.6,73.4,NA,8.545346309
"Uruguay",2015,"Salto",15,"Pequeña",24.4325943,14.6021719,489,3.69332158834542,26,32,5.3169734,6.5439673,94.6830266,32.61866704,7.1,NA,11.6,132401.143064032,14163,9.34838262119833,NA,27770.6,70799.59389,0.774037707,0.339,79.6,73.4,NA,8.545346309
"Uruguay",2015,"Salto",15,"Mediana",25.5990181,30.0915813,124,0.936547805633604,1,1,0.8064516,0.8064516,99.1935484,32.61866704,7.1,NA,11.6,132401.143064032,14163,9.34838262119833,NA,27770.6,70799.59389,0.774037707,0.339,79.6,73.4,NA,8.545346309
"Uruguay",2015,"Salto",15,"Grandes",25.28335,45.5126305,15,0.11329207326213,NA,NA,NA,NA,NA,32.61866704,7.1,NA,11.6,132401.143064032,14163,9.34838262119833,NA,27770.6,70799.59389,0.774037707,0.339,79.6,73.4,NA,8.545346309
"Uruguay",2016,"Salto",15,"Micro",25.8845749,10.4799938,3427,25.7142311878216,595,667,17.3621243,19.4630872,82.6378757,32.73714627,4.8,NA,8.7,133272.504823051,14163,9.40990643388059,NA,32000.4,79823.00937,0.792871368,0.354,79.7,73.6,NA,9.18413015
"Uruguay",2016,"Salto",15,"Pequeña",25.4702606,15.6249485,590,4.42701966758528,18,21,3.0508475,3.559322,96.9491525,32.73714627,4.8,NA,8.7,133272.504823051,14163,9.40990643388059,NA,32000.4,79823.00937,0.792871368,0.354,79.7,73.6,NA,9.18413015
"Uruguay",2016,"Salto",15,"Mediana",25.5124397,30.0505276,135,1.01296212732883,2,1,1.4814815,0.7407407,98.5185185,32.73714627,4.8,NA,8.7,133272.504823051,14163,9.40990643388059,NA,32000.4,79823.00937,0.792871368,0.354,79.7,73.6,NA,9.18413015
"Uruguay",2016,"Salto",15,"Grandes",23.1327267,43.844532,17,0.127558193811779,NA,NA,NA,NA,NA,32.73714627,4.8,NA,8.7,133272.504823051,14163,9.40990643388059,NA,32000.4,79823.00937,0.792871368,0.354,79.7,73.6,NA,9.18413015
"Uruguay",2017,"Salto",15,"Micro",24.1381817,10.9258289,3522,26.2732033215016,667,683,18.9381034,19.3923907,81.0618966,36.09245934,8.5,1.5,9.9,134052.934349183,14163,9.4650098389595,NA,30186,75865.92304,0.787179601,0.376,79.9,73.8,NA,8.749504339
"Uruguay",2017,"Salto",15,"Pequeña",25.7611732,15.6707058,605,4.51314253535164,31,27,5.1239669,4.4628099,94.8760331,36.09245934,8.5,1.5,9.9,134052.934349183,14163,9.4650098389595,NA,30186,75865.92304,0.787179601,0.376,79.9,73.8,NA,8.749504339
"Uruguay",2017,"Salto",15,"Mediana",24.8470898,29.3419437,134,0.999605123532428,3,1,2.238806,0.7462687,97.761194,36.09245934,8.5,1.5,9.9,134052.934349183,14163,9.4650098389595,NA,30186,75865.92304,0.787179601,0.376,79.9,73.8,NA,8.749504339
"Uruguay",2017,"Salto",15,"Grandes",25.2535496,44.0615234,14,0.104436356189955,NA,NA,NA,NA,NA,36.09245934,8.5,1.5,9.9,134052.934349183,14163,9.4650098389595,NA,30186,75865.92304,0.787179601,0.376,79.9,73.8,NA,8.749504339
"Uruguay",2018,"Salto",15,"Micro",23.9613476,11.9063768,3553,26.3727001955527,693,724,19.504644,20.3771461,80.495356,40.18693171,8,9,9.8,134722.647800742,14163,9.51229596842067,NA,28314,70816.08619,0.781662619,0.357,NA,NA,NA,8.602035721
"Uruguay",2018,"Salto",15,"Pequeña",26.1356544,17.3858814,588,4.36452229523922,32,19,5.4421769,3.2312925,94.5578231,40.18693171,8,9,9.8,134722.647800742,14163,9.51229596842067,NA,28314,70816.08619,0.781662619,0.357,NA,NA,NA,8.602035721
"Uruguay",2018,"Salto",15,"Mediana",26.0802155,29.0339222,153,1.13566651559796,1,2,0.6535948,1.3071895,99.3464052,40.18693171,8,9,9.8,134722.647800742,14163,9.51229596842067,NA,28314,70816.08619,0.781662619,0.357,NA,NA,NA,8.602035721
"Uruguay",2018,"Salto",15,"Grandes",23.8227844,41.6738205,25,0.185566424117314,NA,NA,NA,NA,NA,40.18693171,8,9,9.8,134722.647800742,14163,9.51229596842067,NA,28314,70816.08619,0.781662619,0.357,NA,NA,NA,8.602035721
"Uruguay",2019,"Salto",15,"Micro",25.3417492,12.0648155,3815,28.2104388044387,673,911,17.6408912,23.8794233,82.3591088,35.52119472,8.4,4.5,12.5,135233.628460956,14163,9.5483745294751,NA,27406.2,69385.48,NA,0.362,NA,NA,NA,8.853481424
"Uruguay",2019,"Salto",15,"Pequeña",26.0082493,16.2195263,572,4.22971716805739,28,24,4.8951049,4.1958042,95.1048951,35.52119472,8.4,4.5,12.5,135233.628460956,14163,9.5483745294751,NA,27406.2,69385.48,NA,0.362,NA,NA,NA,8.853481424
"Uruguay",2019,"Salto",15,"Mediana",26.2649746,28.2462406,127,0.93911552507568,NA,1,NA,0.7874016,100,35.52119472,8.4,4.5,12.5,135233.628460956,14163,9.5483745294751,NA,27406.2,69385.48,NA,0.362,NA,NA,NA,8.853481424
"Uruguay",2019,"Salto",15,"Grandes",22.3850327,43.4694138,14,0.103524546071335,NA,NA,NA,NA,NA,35.52119472,8.4,4.5,12.5,135233.628460956,14163,9.5483745294751,NA,27406.2,69385.48,NA,0.362,NA,NA,NA,8.853481424
"Uruguay",2020,"Salto",15,"Micro",26.7049255,11.3404522,4020,29.6245657209448,707,846,17.5870647,21.0447761,82.4129353,34.81094921,14.8,7.5,12.2,135698.191759747,14163,9.58117572263979,NA,24423.6,61977.80775,NA,0.3686089,NA,NA,NA,NA
"Uruguay",2020,"Salto",15,"Pequeña",25.6140804,15.6684017,543,4.00152716081418,7,14,1.2891344,2.5782689,98.7108656,34.81094921,14.8,7.5,12.2,135698.191759747,14163,9.58117572263979,NA,24423.6,61977.80775,NA,0.3686089,NA,NA,NA,NA
"Uruguay",2020,"Salto",15,"Mediana",24.4311771,28.3029976,113,0.832730329966855,NA,1,NA,0.8849558,100,34.81094921,14.8,7.5,12.2,135698.191759747,14163,9.58117572263979,NA,24423.6,61977.80775,NA,0.3686089,NA,NA,NA,NA
"Uruguay",2020,"Salto",15,"Grandes",23.249815,44.6881447,13,0.0958008344209657,NA,NA,NA,NA,NA,34.81094921,14.8,7.5,12.2,135698.191759747,14163,9.58117572263979,NA,24423.6,61977.80775,NA,0.3686089,NA,NA,NA,NA
"Uruguay",2021,"Salto",15,"Micro",26.2920513,10.649826,4361,32.0861211825455,683,1007,15.6615455,23.0910342,84.3384545,34.39789257,13.7,2.2,12,135915.462488883,14163,9.59651645053185,NA,24978.3,63379.8019,NA,NA,NA,NA,NA,8.827893355
"Uruguay",2021,"Salto",15,"Pequeña",23.502634,15.8951874,514,3.78176250580793,26,20,5.0583658,3.8910506,94.9416342,34.39789257,13.7,2.2,12,135915.462488883,14163,9.59651645053185,NA,24978.3,63379.8019,NA,NA,NA,NA,NA,8.827893355
"Uruguay",2021,"Salto",15,"Mediana",24.6872005,26.4167576,128,0.941761869150613,2,4,1.5625,3.125,98.4375,34.39789257,13.7,2.2,12,135915.462488883,14163,9.59651645053185,NA,24978.3,63379.8019,NA,NA,NA,NA,NA,8.827893355
"Uruguay",2021,"Salto",15,"Grandes",25.5181198,47.0382309,14,0.103005204438348,NA,NA,NA,NA,NA,34.39789257,13.7,2.2,12,135915.462488883,14163,9.59651645053185,NA,24978.3,63379.8019,NA,NA,NA,NA,NA,8.827893355
"Uruguay",2022,"Salto",15,"Micro",29.514595,11.7846041,4877,35.8770914807747,915,1208,18.7615337,24.7693254,81.2384663,28.88537897,10.2,6.7,13.3,135936.325903493,14163,9.59798954342248,NA,29908.1,74823.81732,NA,NA,NA,NA,NA,9.939746884
"Uruguay",2022,"Salto",15,"Pequeña",20.4161415,16.6274109,496,3.64876714670171,9,6,1.8145161,1.2096774,98.1854839,28.88537897,10.2,6.7,13.3,135936.325903493,14163,9.59798954342248,NA,29908.1,74823.81732,NA,NA,NA,NA,NA,9.939746884
"Uruguay",2022,"Salto",15,"Mediana",24.6035748,27.3673973,136,1.0004684111924,3,NA,2.2058824,NA,97.7941176,28.88537897,10.2,6.7,13.3,135936.325903493,14163,9.59798954342248,NA,29908.1,74823.81732,NA,NA,NA,NA,NA,9.939746884
"Uruguay",2022,"Salto",15,"Grandes",25.4656868,44.2205887,15,0.110345780646221,NA,1,NA,NA,NA,28.88537897,10.2,6.7,13.3,135936.325903493,14163,9.59798954342248,NA,29908.1,74823.81732,NA,NA,NA,NA,NA,9.939746884
"Uruguay",2011,"Soriano",17,"Micro",32.9932671,5.6560259,2757,32.613640614931,378,489,13.710555,17.7366703,86.289445,37.98230881,7.1,NA,5.2,84535.1806181922,9008,9.38445610770339,12810.90459,29707.9,67361.94166,0.768945645,0.374,79.7,73.1,2.482158801,7.981110798
"Uruguay",2011,"Soriano",17,"Pequeña",27.9050198,10.7495079,460,5.44152146640126,19,30,4.1304348,6.5217391,95.8695652,37.98230881,7.1,NA,5.2,84535.1806181922,9008,9.38445610770339,12810.90459,29707.9,67361.94166,0.768945645,0.374,79.7,73.1,2.482158801,7.981110798
"Uruguay",2011,"Soriano",17,"Mediana",22.4377365,18.3027592,71,0.839887008944542,NA,1,NA,1.4084507,100,37.98230881,7.1,NA,5.2,84535.1806181922,9008,9.38445610770339,12810.90459,29707.9,67361.94166,0.768945645,0.374,79.7,73.1,2.482158801,7.981110798
"Uruguay",2011,"Soriano",17,"Grandes",16.6639767,65.2917099,7,0.0828057614452365,NA,1,NA,NA,NA,37.98230881,7.1,NA,5.2,84535.1806181922,9008,9.38445610770339,12810.90459,29707.9,67361.94166,0.768945645,0.374,79.7,73.1,2.482158801,7.981110798
"Uruguay",2012,"Soriano",17,"Micro",33.0336685,5.4868402,2785,32.9928208033069,386,481,13.8599641,17.2710952,86.1400359,35.06452042,8,NA,6.1,84412.3034099848,9008,9.37081520981181,12993.22339,28171,66732.16022,0.771186315,0.345,79.9,73.3,2.387848603,8.00606965
"Uruguay",2012,"Soriano",17,"Pequeña",27.8589001,9.9088917,549,6.50379124632513,33,26,6.010929,4.7358834,93.989071,35.06452042,8,NA,6.1,84412.3034099848,9008,9.37081520981181,12993.22339,28171,66732.16022,0.771186315,0.345,79.9,73.3,2.387848603,8.00606965
"Uruguay",2012,"Soriano",17,"Mediana",22.1154404,18.671505,73,0.864802843318278,2,NA,2.739726,NA,97.260274,35.06452042,8,NA,6.1,84412.3034099848,9008,9.37081520981181,12993.22339,28171,66732.16022,0.771186315,0.345,79.9,73.3,2.387848603,8.00606965
"Uruguay",2012,"Soriano",17,"Grandes",16.991991,65.9327621,6,0.0710796857521872,NA,NA,NA,NA,NA,35.06452042,8,NA,6.1,84412.3034099848,9008,9.37081520981181,12993.22339,28171,66732.16022,0.771186315,0.345,79.9,73.3,2.387848603,8.00606965
"Uruguay",2013,"Soriano",17,"Micro",32.4746399,5.8768158,2960,35.039138529127,475,595,16.0472973,20.1013514,83.9527027,34.03971906,6.1,NA,4.5,84476.9627409486,9008,9.37799319948364,14081.2187022389,30660.8,71621.84009,0.773652674,0.338,80,73.5,2.466955878,8.096562542
"Uruguay",2013,"Soriano",17,"Pequeña",27.2036171,10.5721846,498,5.89509830658961,28,22,5.62249,4.4176707,94.37751,34.03971906,6.1,NA,4.5,84476.9627409486,9008,9.37799319948364,14081.2187022389,30660.8,71621.84009,0.773652674,0.338,80,73.5,2.466955878,8.096562542
"Uruguay",2013,"Soriano",17,"Mediana",21.459938,16.7825775,146,1.72828183285559,1,NA,0.6849315,NA,99.3150685,34.03971906,6.1,NA,4.5,84476.9627409486,9008,9.37799319948364,14081.2187022389,30660.8,71621.84009,0.773652674,0.338,80,73.5,2.466955878,8.096562542
"Uruguay",2013,"Soriano",17,"Grandes",18.8618011,66.768425,8,0.094700374403046,NA,NA,NA,NA,NA,34.03971906,6.1,NA,4.5,84476.9627409486,9008,9.37799319948364,14081.2187022389,30660.8,71621.84009,0.773652674,0.338,80,73.5,2.466955878,8.096562542
"Uruguay",2014,"Soriano",17,"Micro",31.882679,6.6854939,3048,36.0579529929735,460,550,15.0918635,18.0446194,84.9081365,33.9673613,6.3,NA,6.7,84530.5888715856,9008,9.38394636673907,13968.007642489,31368.1,71922.65504,0.775396973,0.356,80.1,73.7,2.236554871,8.214109399
"Uruguay",2014,"Soriano",17,"Pequeña",28.268713,11.56565,551,6.51835042622323,18,28,3.2667877,5.0816697,96.7332123,33.9673613,6.3,NA,6.7,84530.5888715856,9008,9.38394636673907,13968.007642489,31368.1,71922.65504,0.775396973,0.356,80.1,73.7,2.236554871,8.214109399
"Uruguay",2014,"Soriano",17,"Mediana",21.2649288,19.6571102,84,0.993723113979584,1,1,1.1904762,1.1904762,98.8095238,33.9673613,6.3,NA,6.7,84530.5888715856,9008,9.38394636673907,13968.007642489,31368.1,71922.65504,0.775396973,0.356,80.1,73.7,2.236554871,8.214109399
"Uruguay",2014,"Soriano",17,"Grandes",18.5836811,62.0917473,11,0.130130407783041,NA,NA,NA,NA,NA,33.9673613,6.3,NA,6.7,84530.5888715856,9008,9.38394636673907,13968.007642489,31368.1,71922.65504,0.775396973,0.356,80.1,73.7,2.236554871,8.214109399
"Uruguay",2015,"Soriano",17,"Micro",31.8781605,7.3081875,3276,38.7246509729445,484,546,14.7741148,16.6666667,85.2258852,32.87202381,5.2,NA,7.3,84597.2763521825,9008,9.39134950623696,NA,32341.5,74892.4964,0.785705475,0.369,80.3,73.9,NA,8.489913043
"Uruguay",2015,"Soriano",17,"Pequeña",29.3686562,12.2516823,428,5.05926453492682,14,21,3.271028,4.9065421,96.728972,32.87202381,5.2,NA,7.3,84597.2763521825,9008,9.39134950623696,NA,32341.5,74892.4964,0.785705475,0.369,80.3,73.9,NA,8.489913043
"Uruguay",2015,"Soriano",17,"Mediana",21.3879929,19.876152,75,0.886553364765213,NA,2,NA,2.6666667,100,32.87202381,5.2,NA,7.3,84597.2763521825,9008,9.39134950623696,NA,32341.5,74892.4964,0.785705475,0.369,80.3,73.9,NA,8.489913043
"Uruguay",2015,"Soriano",17,"Grandes",17.3651924,60.5639801,6,0.070924269181217,NA,NA,NA,NA,NA,32.87202381,5.2,NA,7.3,84597.2763521825,9008,9.39134950623696,NA,32341.5,74892.4964,0.785705475,0.369,80.3,73.9,NA,8.489913043
"Uruguay",2016,"Soriano",17,"Micro",31.864006,8.4618549,3195,37.7353283690108,508,501,15.8998435,15.6807512,84.1001565,38.0670308,5.3,NA,8.5,84668.6682770148,9008,9.39927489753717,NA,32453.2,73475.68764,0.783312256,0.359,80.4,74,NA,8.366406461
"Uruguay",2016,"Soriano",17,"Pequeña",30.1967621,14.5056667,523,6.17701932300239,13,23,2.4856597,4.3977055,97.5143403,38.0670308,5.3,NA,8.5,84668.6682770148,9008,9.39927489753717,NA,32453.2,73475.68764,0.783312256,0.359,80.4,74,NA,8.366406461
"Uruguay",2016,"Soriano",17,"Mediana",19.5132599,20.7897224,79,0.933048807872254,1,1,1.2658228,1.2658228,98.7341772,38.0670308,5.3,NA,8.5,84668.6682770148,9008,9.39927489753717,NA,32453.2,73475.68764,0.783312256,0.359,80.4,74,NA,8.366406461
"Uruguay",2016,"Soriano",17,"Grandes",18.425972,56.2427559,9,0.106296699631016,NA,NA,NA,NA,NA,38.0670308,5.3,NA,8.5,84668.6682770148,9008,9.39927489753717,NA,32453.2,73475.68764,0.783312256,0.359,80.4,74,NA,8.366406461
"Uruguay",2017,"Soriano",17,"Micro",30.4389725,8.7712107,3271,38.5947130122528,486,572,14.8578416,17.487007,85.1421584,38.56522617,4.3,2.4,8.8,84752.5410789178,9008,9.40858582137187,NA,31158.3,71075.50878,0.791611457,0.331,80.5,74.2,NA,8.236110845
"Uruguay",2017,"Soriano",17,"Pequeña",30.2301121,14.2157059,522,6.15910736545276,15,15,2.8735632,2.8735632,97.1264368,38.56522617,4.3,2.4,8.8,84752.5410789178,9008,9.40858582137187,NA,31158.3,71075.50878,0.791611457,0.331,80.5,74.2,NA,8.236110845
"Uruguay",2017,"Soriano",17,"Mediana",20.0386486,20.9663506,76,0.896728275429903,1,NA,1.3157895,NA,98.6842105,38.56522617,4.3,2.4,8.8,84752.5410789178,9008,9.40858582137187,NA,31158.3,71075.50878,0.791611457,0.331,80.5,74.2,NA,8.236110845
"Uruguay",2017,"Soriano",17,"Grandes",19.2922649,56.04673,7,0.0825933937895963,NA,NA,NA,NA,NA,38.56522617,4.3,2.4,8.8,84752.5410789178,9008,9.40858582137187,NA,31158.3,71075.50878,0.791611457,0.331,80.5,74.2,NA,8.236110845
"Uruguay",2018,"Soriano",17,"Micro",31.5853539,10.5483799,3291,38.8274638962956,561,532,17.0464904,16.1652993,82.9535096,36.5885248,6,3.6,10.3,84759.5920452066,9008,9.40936856629735,NA,31340.2,71364.5519,0.792878127,0.339,NA,NA,NA,8.406597812
"Uruguay",2018,"Soriano",17,"Pequeña",29.573513,15.5161886,488,5.75746046228874,24,15,4.9180328,3.0737705,95.0819672,36.5885248,6,3.6,10.3,84759.5920452066,9008,9.40936856629735,NA,31340.2,71364.5519,0.792878127,0.339,NA,NA,NA,8.406597812
"Uruguay",2018,"Soriano",17,"Mediana",19.263895,25.0997677,124,1.46296126500779,1,1,0.8064516,0.8064516,99.1935484,36.5885248,6,3.6,10.3,84759.5920452066,9008,9.40936856629735,NA,31340.2,71364.5519,0.792878127,0.339,NA,NA,NA,8.406597812
"Uruguay",2018,"Soriano",17,"Grandes",19.5772362,48.8356667,18,0.212365344920486,NA,NA,NA,NA,NA,36.5885248,6,3.6,10.3,84759.5920452066,9008,9.40936856629735,NA,31340.2,71364.5519,0.792878127,0.339,NA,NA,NA,8.406597812
"Uruguay",2019,"Soriano",17,"Micro",32.3154907,8.9274807,3404,40.2053045889059,499,630,14.6592244,18.5076381,85.3407756,38.92465947,7.2,6,11,84665.4448910526,9008,9.39891706161774,NA,30195.7,69377.11,NA,0.358,NA,NA,NA,8.383817469
"Uruguay",2019,"Soriano",17,"Pequeña",28.6717167,14.2522831,487,5.75205150845981,14,14,2.8747433,2.8747433,97.1252567,38.92465947,7.2,6,11,84665.4448910526,9008,9.39891706161774,NA,30195.7,69377.11,NA,0.358,NA,NA,NA,8.383817469
"Uruguay",2019,"Soriano",17,"Mediana",20.1911869,20.646637,78,0.921273136878573,1,1,1.2820513,1.2820513,98.7179487,38.92465947,7.2,6,11,84665.4448910526,9008,9.39891706161774,NA,30195.7,69377.11,NA,0.358,NA,NA,NA,8.383817469
"Uruguay",2019,"Soriano",17,"Grandes",18.8216038,56.1736031,8,0.0944895525003665,NA,NA,NA,NA,NA,38.92465947,7.2,6,11,84665.4448910526,9008,9.39891706161774,NA,30195.7,69377.11,NA,0.358,NA,NA,NA,8.383817469
"Uruguay",2020,"Soriano",17,"Micro",32.8605003,7.8825769,3511,41.5328450505954,516,611,14.6966676,17.4024494,85.3033324,30.15837375,12.1,1.2,9.9,84535.5042671142,9008,9.3844920367578,NA,26894.8,61673.9055,NA,0.3505143,NA,NA,NA,NA
"Uruguay",2020,"Soriano",17,"Pequeña",30.0001392,13.9518013,511,6.04479744256743,5,9,0.9784736,1.7612524,99.0215264,30.15837375,12.1,1.2,9.9,84535.5042671142,9008,9.3844920367578,NA,26894.8,61673.9055,NA,0.3505143,NA,NA,NA,NA
"Uruguay",2020,"Soriano",17,"Mediana",17.9772835,22.0804501,65,0.768907698173939,NA,1,NA,1.5384615,100,30.15837375,12.1,1.2,9.9,84535.5042671142,9008,9.3844920367578,NA,26894.8,61673.9055,NA,0.3505143,NA,NA,NA,NA
"Uruguay",2020,"Soriano",17,"Grandes",19.162075,56.0851746,7,0.0828054444187319,1,NA,NA,NA,NA,30.15837375,12.1,1.2,9.9,84535.5042671142,9008,9.3844920367578,NA,26894.8,61673.9055,NA,0.3505143,NA,NA,NA,NA
"Uruguay",2021,"Soriano",17,"Micro",31.9277992,7.4510002,3723,44.1899681488258,495,674,13.2957293,18.1036798,86.7042707,35.32913212,6.5,1.2,12.6,84249.8910038007,9008,9.35278541338817,NA,28044.8,64585.00439,NA,NA,NA,NA,NA,8.554853402
"Uruguay",2021,"Soriano",17,"Pequeña",29.1224594,13.2383242,451,5.35312265246319,14,13,3.1042129,2.8824834,96.8957871,35.32913212,6.5,1.2,12.6,84249.8910038007,9008,9.35278541338817,NA,28044.8,64585.00439,NA,NA,NA,NA,NA,8.554853402
"Uruguay",2021,"Soriano",17,"Mediana",18.5585175,20.5854797,74,0.878339415260035,1,1,1.3513514,1.3513514,98.6486486,35.32913212,6.5,1.2,12.6,84249.8910038007,9008,9.35278541338817,NA,28044.8,64585.00439,NA,NA,NA,NA,NA,8.554853402
"Uruguay",2021,"Soriano",17,"Grandes",20.3912239,58.725193,10,0.11869451557568,NA,1,NA,NA,NA,35.32913212,6.5,1.2,12.6,84249.8910038007,9008,9.35278541338817,NA,28044.8,64585.00439,NA,NA,NA,NA,NA,8.554853402
"Uruguay",2022,"Soriano",17,"Micro",35.6499634,6.4897089,3892,46.4073601497858,581,693,14.9280576,17.8057554,85.0719424,32.78966888,8.3,2.4,11.1,83866.0071901971,9008,9.31016953710003,NA,31128.6,70843.44815,NA,NA,NA,NA,NA,9.081752407
"Uruguay",2022,"Soriano",17,"Pequeña",25.1786098,11.1625805,465,5.54455870237677,9,4,1.9354839,0.8602151,98.0645161,32.78966888,8.3,2.4,11.1,83866.0071901971,9008,9.31016953710003,NA,31128.6,70843.44815,NA,NA,NA,NA,NA,9.081752407
"Uruguay",2022,"Soriano",17,"Mediana",18.657526,19.4846745,78,0.930055008140619,NA,NA,NA,NA,100,32.78966888,8.3,2.4,11.1,83866.0071901971,9008,9.31016953710003,NA,31128.6,70843.44815,NA,NA,NA,NA,NA,9.081752407
"Uruguay",2022,"Soriano",17,"Grandes",20.5139046,62.8630371,10,0.11923782155649,NA,NA,NA,NA,NA,32.78966888,8.3,2.4,11.1,83866.0071901971,9008,9.31016953710003,NA,31128.6,70843.44815,NA,NA,NA,NA,NA,9.081752407
"Uruguay",2011,"Paysandú",NA,"Micro",26.7700844,8.537797,3419,NA,540,636,15.7940918,18.6019304,84.2059082,NA,NA,NA,NA,NA,NA,NA,NA,NA,NA,NA,NA,NA,NA,NA,NA
"Uruguay",2011,"Paysandú",NA,"Pequeña",27.0494366,14.9019461,650,NA,24,32,3.6923077,4.9230769,96.3076923,NA,NA,NA,NA,NA,NA,NA,NA,NA,NA,NA,NA,NA,NA,NA,NA
"Uruguay",2011,"Paysandú",NA,"Mediana",21.7373333,25.3787365,110,NA,3,3,2.7272727,2.7272727,97.2727273,NA,NA,NA,NA,NA,NA,NA,NA,NA,NA,NA,NA,NA,NA,NA,NA
"Uruguay",2011,"Paysandú",NA,"Grandes",24.4431458,51.1815224,14,NA,NA,NA,NA,NA,NA,NA,NA,NA,NA,NA,NA,NA,NA,NA,NA,NA,NA,NA,NA,NA,NA
"Uruguay",2011,"Río Negro",NA,"Micro",32.0815849,5.7189288,1737,NA,287,395,16.5227404,22.7403569,83.4772596,NA,NA,NA,NA,NA,NA,NA,NA,NA,NA,NA,NA,NA,NA,NA,NA
"Uruguay",2011,"Río Negro",NA,"Pequeña",31.8456478,10.5106144,323,NA,13,20,4.0247678,6.1919505,95.9752322,NA,NA,NA,NA,NA,NA,NA,NA,NA,NA,NA,NA,NA,NA,NA,NA
"Uruguay",2011,"Río Negro",NA,"Mediana",19.5590458,21.8828316,38,NA,2,4,5.2631579,10.5263158,94.7368421,NA,NA,NA,NA,NA,NA,NA,NA,NA,NA,NA,NA,NA,NA,NA,NA
"Uruguay",2011,"Río Negro",NA,"Grandes",16.5137215,61.8876228,5,NA,NA,NA,NA,NA,NA,NA,NA,NA,NA,NA,NA,NA,NA,NA,NA,NA,NA,NA,NA,NA,NA
"Uruguay",2011,"San José",NA,"Micro",31.6217155,8.998189,3411,NA,498,710,14.5998241,20.8150103,85.4001759,NA,NA,NA,NA,NA,NA,NA,NA,NA,NA,NA,NA,NA,NA,NA,NA
"Uruguay",2011,"San José",NA,"Pequeña",25.7267799,14.3520317,502,NA,17,21,3.3864542,4.1832669,96.6135458,NA,NA,NA,NA,NA,NA,NA,NA,NA,NA,NA,NA,NA,NA,NA,NA
"Uruguay",2011,"San José",NA,"Mediana",22.6222,24.9466648,80,NA,NA,3,NA,3.75,100,NA,NA,NA,NA,NA,NA,NA,NA,NA,NA,NA,NA,NA,NA,NA,NA
"Uruguay",2011,"San José",NA,"Grandes",20.0293045,51.7031097,11,NA,1,2,NA,NA,NA,NA,NA,NA,NA,NA,NA,NA,NA,NA,NA,NA,NA,NA,NA,NA,NA
"Uruguay",2011,"Tacuarembó",NA,"Micro",31.982235,10.9741182,2486,NA,413,459,16.613033,18.463395,83.386967,NA,NA,NA,NA,NA,NA,NA,NA,NA,NA,NA,NA,NA,NA,NA,NA
"Uruguay",2011,"Tacuarembó",NA,"Pequeña",28.7490597,18.4799576,387,NA,16,17,4.1343669,4.3927649,95.8656331,NA,NA,NA,NA,NA,NA,NA,NA,NA,NA,NA,NA,NA,NA,NA,NA
"Uruguay",2011,"Tacuarembó",NA,"Mediana",12.7880259,29.8230934,40,NA,1,1,2.5,2.5,97.5,NA,NA,NA,NA,NA,NA,NA,NA,NA,NA,NA,NA,NA,NA,NA,NA
"Uruguay",2011,"Tacuarembó",NA,"Grandes",26.4806747,40.7228317,7,NA,1,NA,NA,NA,NA,NA,NA,NA,NA,NA,NA,NA,NA,NA,NA,NA,NA,NA,NA,NA,NA
"Uruguay",2011,"Treinta Y Tres",NA,"Micro",36.6379356,12.536273,1412,NA,241,281,17.0679887,19.9008499,82.9320113,NA,NA,NA,NA,NA,NA,NA,NA,NA,NA,NA,NA,NA,NA,NA,NA
"Uruguay",2011,"Treinta Y Tres",NA,"Pequeña",32.4428062,23.9189377,234,NA,9,12,3.8461538,5.1282051,96.1538462,NA,NA,NA,NA,NA,NA,NA,NA,NA,NA,NA,NA,NA,NA,NA,NA
"Uruguay",2011,"Treinta Y Tres",NA,"Mediana",12.867342,38.7398529,22,NA,NA,NA,NA,NA,100,NA,NA,NA,NA,NA,NA,NA,NA,NA,NA,NA,NA,NA,NA,NA,NA
"Uruguay",2011,"Treinta Y Tres",NA,"Grandes",18.0519104,24.8049355,5,NA,NA,NA,NA,NA,NA,NA,NA,NA,NA,NA,NA,NA,NA,NA,NA,NA,NA,NA,NA,NA,NA
"Uruguay",2012,"Paysandú",NA,"Micro",26.8511791,8.6217937,3432,NA,521,632,15.1806527,18.4149184,84.8193473,NA,NA,NA,NA,NA,NA,NA,NA,NA,NA,NA,NA,NA,NA,NA,NA
"Uruguay",2012,"Paysandú",NA,"Pequeña",28.4487667,14.7733831,742,NA,34,28,4.5822102,3.7735849,95.4177898,NA,NA,NA,NA,NA,NA,NA,NA,NA,NA,NA,NA,NA,NA,NA,NA
"Uruguay",2012,"Paysandú",NA,"Mediana",21.2628269,24.4189281,99,NA,1,NA,1.010101,NA,98.989899,NA,NA,NA,NA,NA,NA,NA,NA,NA,NA,NA,NA,NA,NA,NA,NA
"Uruguay",2012,"Paysandú",NA,"Grandes",23.4372234,52.1858978,14,NA,1,NA,NA,NA,NA,NA,NA,NA,NA,NA,NA,NA,NA,NA,NA,NA,NA,NA,NA,NA,NA
"Uruguay",2012,"Río Negro",NA,"Micro",31.2429218,5.663754,1766,NA,280,344,15.8550396,19.4790487,84.1449604,NA,NA,NA,NA,NA,NA,NA,NA,NA,NA,NA,NA,NA,NA,NA,NA
"Uruguay",2012,"Río Negro",NA,"Pequeña",31.6912498,10.5425997,350,NA,17,16,4.8571429,4.5714286,95.1428571,NA,NA,NA,NA,NA,NA,NA,NA,NA,NA,NA,NA,NA,NA,NA,NA
"Uruguay",2012,"Río Negro",NA,"Mediana",18.4976349,23.2476578,40,NA,4,NA,10,NA,90,NA,NA,NA,NA,NA,NA,NA,NA,NA,NA,NA,NA,NA,NA,NA,NA
"Uruguay",2012,"Río Negro",NA,"Grandes",18.5681953,60.5459862,5,NA,NA,NA,NA,NA,NA,NA,NA,NA,NA,NA,NA,NA,NA,NA,NA,NA,NA,NA,NA,NA,NA
"Uruguay",2012,"San José",NA,"Micro",31.5780716,8.9632845,3650,NA,538,793,14.739726,21.7260274,85.260274,NA,NA,NA,NA,NA,NA,NA,NA,NA,NA,NA,NA,NA,NA,NA,NA
"Uruguay",2012,"San José",NA,"Pequeña",24.7753735,14.3251448,573,NA,25,31,4.3630017,5.4101222,95.6369983,NA,NA,NA,NA,NA,NA,NA,NA,NA,NA,NA,NA,NA,NA,NA,NA
"Uruguay",2012,"San José",NA,"Mediana",22.9581413,24.9639111,86,NA,5,1,5.8139535,1.1627907,94.1860465,NA,NA,NA,NA,NA,NA,NA,NA,NA,NA,NA,NA,NA,NA,NA,NA
"Uruguay",2012,"San José",NA,"Grandes",20.6884136,51.7476578,9,NA,NA,NA,NA,NA,NA,NA,NA,NA,NA,NA,NA,NA,NA,NA,NA,NA,NA,NA,NA,NA,NA
"Uruguay",2012,"Tacuarembó",NA,"Micro",29.9011574,10.3973856,2496,NA,349,455,13.9823718,18.2291667,86.0176282,NA,NA,NA,NA,NA,NA,NA,NA,NA,NA,NA,NA,NA,NA,NA,NA
"Uruguay",2012,"Tacuarembó",NA,"Pequeña",27.4353485,16.8705368,431,NA,20,20,4.6403712,4.6403712,95.3596288,NA,NA,NA,NA,NA,NA,NA,NA,NA,NA,NA,NA,NA,NA,NA,NA
"Uruguay",2012,"Tacuarembó",NA,"Mediana",13.8207893,30.5089073,40,NA,2,2,5,5,95,NA,NA,NA,NA,NA,NA,NA,NA,NA,NA,NA,NA,NA,NA,NA,NA
"Uruguay",2012,"Tacuarembó",NA,"Grandes",28.842701,42.223175,7,NA,1,NA,NA,NA,NA,NA,NA,NA,NA,NA,NA,NA,NA,NA,NA,NA,NA,NA,NA,NA,NA
"Uruguay",2012,"Treinta Y Tres",NA,"Micro",35.0255737,12.2144585,1381,NA,232,243,16.7994207,17.595945,83.2005793,NA,NA,NA,NA,NA,NA,NA,NA,NA,NA,NA,NA,NA,NA,NA,NA
"Uruguay",2012,"Treinta Y Tres",NA,"Pequeña",32.8354874,24.7045803,278,NA,9,18,3.2374101,6.4748201,96.7625899,NA,NA,NA,NA,NA,NA,NA,NA,NA,NA,NA,NA,NA,NA,NA,NA
"Uruguay",2012,"Treinta Y Tres",NA,"Mediana",12.8601608,37.8532944,22,NA,2,2,9.0909091,9.0909091,90.9090909,NA,NA,NA,NA,NA,NA,NA,NA,NA,NA,NA,NA,NA,NA,NA,NA
"Uruguay",2012,"Treinta Y Tres",NA,"Grandes",19.2787838,25.2276649,6,NA,NA,NA,NA,NA,NA,NA,NA,NA,NA,NA,NA,NA,NA,NA,NA,NA,NA,NA,NA,NA,NA
"Uruguay",2013,"Paysandú",NA,"Micro",26.3663139,9.1264162,3611,NA,560,692,15.5081695,19.1636666,84.4918305,NA,NA,NA,NA,NA,NA,NA,NA,NA,NA,NA,NA,NA,NA,NA,NA
"Uruguay",2013,"Paysandú",NA,"Pequeña",26.9722176,15.4446793,629,NA,19,32,3.0206677,5.0874404,96.9793323,NA,NA,NA,NA,NA,NA,NA,NA,NA,NA,NA,NA,NA,NA,NA,NA
"Uruguay",2013,"Paysandú",NA,"Mediana",21.4091034,24.785677,210,NA,2,3,0.952381,1.4285714,99.047619,NA,NA,NA,NA,NA,NA,NA,NA,NA,NA,NA,NA,NA,NA,NA,NA
"Uruguay",2013,"Paysandú",NA,"Grandes",25.2523613,50.6432228,14,NA,NA,1,NA,NA,NA,NA,NA,NA,NA,NA,NA,NA,NA,NA,NA,NA,NA,NA,NA,NA,NA
"Uruguay",2013,"Río Negro",NA,"Micro",29.6980705,6.3249774,1824,NA,260,350,14.254386,19.1885965,85.745614,NA,NA,NA,NA,NA,NA,NA,NA,NA,NA,NA,NA,NA,NA,NA,NA
"Uruguay",2013,"Río Negro",NA,"Pequeña",30.8510799,11.035758,335,NA,15,17,4.4776119,5.0746269,95.5223881,NA,NA,NA,NA,NA,NA,NA,NA,NA,NA,NA,NA,NA,NA,NA,NA
"Uruguay",2013,"Río Negro",NA,"Mediana",17.3432465,23.9982567,71,NA,1,NA,1.4084507,NA,98.5915493,NA,NA,NA,NA,NA,NA,NA,NA,NA,NA,NA,NA,NA,NA,NA,NA
"Uruguay",2013,"Río Negro",NA,"Grandes",22.1076069,58.6410103,6,NA,NA,1,NA,NA,NA,NA,NA,NA,NA,NA,NA,NA,NA,NA,NA,NA,NA,NA,NA,NA,NA
"Uruguay",2013,"San José",NA,"Micro",30.9188614,8.7130804,3825,NA,545,763,14.248366,19.9477124,85.751634,NA,NA,NA,NA,NA,NA,NA,NA,NA,NA,NA,NA,NA,NA,NA,NA
"Uruguay",2013,"San José",NA,"Pequeña",24.170145,13.5100431,553,NA,22,32,3.9783002,5.7866184,96.0216998,NA,NA,NA,NA,NA,NA,NA,NA,NA,NA,NA,NA,NA,NA,NA,NA
"Uruguay",2013,"San José",NA,"Mediana",21.6404667,24.4559879,160,NA,NA,4,NA,2.5,100,NA,NA,NA,NA,NA,NA,NA,NA,NA,NA,NA,NA,NA,NA,NA,NA
"Uruguay",2013,"San José",NA,"Grandes",23.2705269,53.3208923,15,NA,NA,NA,NA,NA,NA,NA,NA,NA,NA,NA,NA,NA,NA,NA,NA,NA,NA,NA,NA,NA,NA
"Uruguay",2013,"Tacuarembó",NA,"Micro",28.6599941,12.2066488,2660,NA,391,491,14.6992481,18.4586466,85.3007519,NA,NA,NA,NA,NA,NA,NA,NA,NA,NA,NA,NA,NA,NA,NA,NA
"Uruguay",2013,"Tacuarembó",NA,"Pequeña",26.4835701,18.657135,353,NA,20,20,5.6657224,5.6657224,94.3342776,NA,NA,NA,NA,NA,NA,NA,NA,NA,NA,NA,NA,NA,NA,NA,NA
"Uruguay",2013,"Tacuarembó",NA,"Mediana",15.9931316,29.812952,105,NA,2,5,1.9047619,4.7619048,98.0952381,NA,NA,NA,NA,NA,NA,NA,NA,NA,NA,NA,NA,NA,NA,NA,NA
"Uruguay",2013,"Tacuarembó",NA,"Grandes",28.8633003,39.3232651,7,NA,NA,NA,NA,NA,NA,NA,NA,NA,NA,NA,NA,NA,NA,NA,NA,NA,NA,NA,NA,NA,NA
"Uruguay",2013,"Treinta Y Tres",NA,"Micro",34.0376663,13.7130651,1465,NA,212,307,14.4709898,20.9556314,85.5290102,NA,NA,NA,NA,NA,NA,NA,NA,NA,NA,NA,NA,NA,NA,NA,NA
"Uruguay",2013,"Treinta Y Tres",NA,"Pequeña",31.8326988,25.6418648,240,NA,12,10,5,4.1666667,95,NA,NA,NA,NA,NA,NA,NA,NA,NA,NA,NA,NA,NA,NA,NA,NA
"Uruguay",2013,"Treinta Y Tres",NA,"Mediana",14.1376057,35.2346382,50,NA,3,1,6,2,94,NA,NA,NA,NA,NA,NA,NA,NA,NA,NA,NA,NA,NA,NA,NA,NA
"Uruguay",2013,"Treinta Y Tres",NA,"Grandes",19.9920216,25.4104366,5,NA,NA,NA,NA,NA,NA,NA,NA,NA,NA,NA,NA,NA,NA,NA,NA,NA,NA,NA,NA,NA,NA
"Uruguay",2014,"Paysandú",NA,"Micro",27.6551189,9.1721449,3830,NA,631,787,16.4751958,20.5483029,83.5248042,NA,NA,NA,NA,NA,NA,NA,NA,NA,NA,NA,NA,NA,NA,NA,NA
"Uruguay",2014,"Paysandú",NA,"Pequeña",27.7009697,15.0334854,737,NA,34,33,4.6132972,4.4776119,95.3867028,NA,NA,NA,NA,NA,NA,NA,NA,NA,NA,NA,NA,NA,NA,NA,NA
"Uruguay",2014,"Paysandú",NA,"Mediana",23.0727158,25.702486,136,NA,2,3,1.4705882,2.2058824,98.5294118,NA,NA,NA,NA,NA,NA,NA,NA,NA,NA,NA,NA,NA,NA,NA,NA
"Uruguay",2014,"Paysandú",NA,"Grandes",21.5711956,50.0918808,16,NA,2,NA,NA,NA,NA,NA,NA,NA,NA,NA,NA,NA,NA,NA,NA,NA,NA,NA,NA,NA,NA
"Uruguay",2014,"Río Negro",NA,"Micro",32.3050957,5.9191055,1950,NA,332,381,17.025641,19.5384615,82.974359,NA,NA,NA,NA,NA,NA,NA,NA,NA,NA,NA,NA,NA,NA,NA,NA
"Uruguay",2014,"Río Negro",NA,"Pequeña",32.9189339,10.9802532,360,NA,20,21,5.5555556,5.8333333,94.4444444,NA,NA,NA,NA,NA,NA,NA,NA,NA,NA,NA,NA,NA,NA,NA,NA
"Uruguay",2014,"Río Negro",NA,"Mediana",20.9485111,23.3739014,57,NA,1,4,1.754386,7.0175439,98.245614,NA,NA,NA,NA,NA,NA,NA,NA,NA,NA,NA,NA,NA,NA,NA,NA
"Uruguay",2014,"Río Negro",NA,"Grandes",13.8274584,59.7267418,7,NA,NA,NA,NA,NA,NA,NA,NA,NA,NA,NA,NA,NA,NA,NA,NA,NA,NA,NA,NA,NA,NA
"Uruguay",2014,"San José",NA,"Micro",29.7508373,9.1185398,4128,NA,738,832,17.877907,20.1550388,82.122093,NA,NA,NA,NA,NA,NA,NA,NA,NA,NA,NA,NA,NA,NA,NA,NA
"Uruguay",2014,"San José",NA,"Pequeña",23.2799397,14.0314674,580,NA,22,23,3.7931034,3.9655172,96.2068966,NA,NA,NA,NA,NA,NA,NA,NA,NA,NA,NA,NA,NA,NA,NA,NA
"Uruguay",2014,"San José",NA,"Mediana",23.8796101,25.5608788,127,NA,1,4,0.7874016,3.1496063,99.2125984,NA,NA,NA,NA,NA,NA,NA,NA,NA,NA,NA,NA,NA,NA,NA,NA
"Uruguay",2014,"San José",NA,"Grandes",23.0896168,51.2891121,20,NA,NA,1,NA,NA,NA,NA,NA,NA,NA,NA,NA,NA,NA,NA,NA,NA,NA,NA,NA,NA,NA
"Uruguay",2014,"Tacuarembó",NA,"Micro",29.3199596,12.4850454,2811,NA,522,552,18.5699039,19.6371398,81.4300961,NA,NA,NA,NA,NA,NA,NA,NA,NA,NA,NA,NA,NA,NA,NA,NA
"Uruguay",2014,"Tacuarembó",NA,"Pequeña",26.1820259,17.613142,416,NA,20,27,4.8076923,6.4903846,95.1923077,NA,NA,NA,NA,NA,NA,NA,NA,NA,NA,NA,NA,NA,NA,NA,NA
"Uruguay",2014,"Tacuarembó",NA,"Mediana",17.2353706,29.4477615,65,NA,NA,NA,NA,NA,100,NA,NA,NA,NA,NA,NA,NA,NA,NA,NA,NA,NA,NA,NA,NA,NA
"Uruguay",2014,"Tacuarembó",NA,"Grandes",27.26264,40.4540482,8,NA,NA,1,NA,NA,NA,NA,NA,NA,NA,NA,NA,NA,NA,NA,NA,NA,NA,NA,NA,NA,NA
"Uruguay",2014,"Treinta Y Tres",NA,"Micro",35.5721817,13.3493891,1543,NA,258,280,16.720674,18.1464679,83.279326,NA,NA,NA,NA,NA,NA,NA,NA,NA,NA,NA,NA,NA,NA,NA,NA
"Uruguay",2014,"Treinta Y Tres",NA,"Pequeña",31.2495575,23.1194763,249,NA,12,15,4.8192771,6.0240964,95.1807229,NA,NA,NA,NA,NA,NA,NA,NA,NA,NA,NA,NA,NA,NA,NA,NA
"Uruguay",2014,"Treinta Y Tres",NA,"Mediana",14.8893366,35.6464119,31,NA,NA,1,NA,3.2258065,100,NA,NA,NA,NA,NA,NA,NA,NA,NA,NA,NA,NA,NA,NA,NA,NA
"Uruguay",2014,"Treinta Y Tres",NA,"Grandes",18.2889309,27.8847256,5,NA,1,NA,NA,NA,NA,NA,NA,NA,NA,NA,NA,NA,NA,NA,NA,NA,NA,NA,NA,NA,NA
"Uruguay",2015,"Paysandú",NA,"Micro",27.3672523,8.3407526,4292,NA,639,921,14.888164,21.4585275,85.111836,NA,NA,NA,NA,NA,NA,NA,NA,NA,NA,NA,NA,NA,NA,NA,NA
"Uruguay",2015,"Paysandú",NA,"Pequeña",27.3103848,12.9784956,593,NA,20,24,3.3726813,4.0472175,96.6273187,NA,NA,NA,NA,NA,NA,NA,NA,NA,NA,NA,NA,NA,NA,NA,NA
"Uruguay",2015,"Paysandú",NA,"Mediana",21.6405888,23.7702713,107,NA,1,2,0.9345794,1.8691589,99.0654206,NA,NA,NA,NA,NA,NA,NA,NA,NA,NA,NA,NA,NA,NA,NA,NA
"Uruguay",2015,"Paysandú",NA,"Grandes",23.681776,54.9104843,14,NA,NA,NA,NA,NA,NA,NA,NA,NA,NA,NA,NA,NA,NA,NA,NA,NA,NA,NA,NA,NA,NA
"Uruguay",2015,"Río Negro",NA,"Micro",31.0558605,5.3958154,2149,NA,320,446,14.8906468,20.753839,85.1093532,NA,NA,NA,NA,NA,NA,NA,NA,NA,NA,NA,NA,NA,NA,NA,NA
"Uruguay",2015,"Río Negro",NA,"Pequeña",28.8337002,8.8161077,291,NA,7,10,2.4054983,3.4364261,97.5945017,NA,NA,NA,NA,NA,NA,NA,NA,NA,NA,NA,NA,NA,NA,NA,NA
"Uruguay",2015,"Río Negro",NA,"Mediana",20.2232952,20.112463,40,NA,NA,1,NA,2.5,100,NA,NA,NA,NA,NA,NA,NA,NA,NA,NA,NA,NA,NA,NA,NA,NA
"Uruguay",2015,"Río Negro",NA,"Grandes",19.8871479,65.675621,6,NA,NA,NA,NA,NA,NA,NA,NA,NA,NA,NA,NA,NA,NA,NA,NA,NA,NA,NA,NA,NA,NA
"Uruguay",2015,"San José",NA,"Micro",29.3353481,8.8539391,4286,NA,603,773,14.0690621,18.0354643,85.9309379,NA,NA,NA,NA,NA,NA,NA,NA,NA,NA,NA,NA,NA,NA,NA,NA
"Uruguay",2015,"San José",NA,"Pequeña",23.3487663,13.2995663,484,NA,21,23,4.338843,4.7520661,95.661157,NA,NA,NA,NA,NA,NA,NA,NA,NA,NA,NA,NA,NA,NA,NA,NA
"Uruguay",2015,"San José",NA,"Mediana",23.1088428,24.9703579,109,NA,7,5,6.4220183,4.587156,93.5779817,NA,NA,NA,NA,NA,NA,NA,NA,NA,NA,NA,NA,NA,NA,NA,NA
"Uruguay",2015,"San José",NA,"Grandes",24.2070408,52.8761368,17,NA,NA,NA,NA,NA,NA,NA,NA,NA,NA,NA,NA,NA,NA,NA,NA,NA,NA,NA,NA,NA,NA
"Uruguay",2015,"Tacuarembó",NA,"Micro",29.1098804,11.0842142,3009,NA,434,640,14.4233965,21.2695248,85.5766035,NA,NA,NA,NA,NA,NA,NA,NA,NA,NA,NA,NA,NA,NA,NA,NA
"Uruguay",2015,"Tacuarembó",NA,"Pequeña",25.1843338,15.5425978,350,NA,15,16,4.2857143,4.5714286,95.7142857,NA,NA,NA,NA,NA,NA,NA,NA,NA,NA,NA,NA,NA,NA,NA,NA
"Uruguay",2015,"Tacuarembó",NA,"Mediana",17.6185055,26.4025764,55,NA,NA,1,NA,1.8181818,100,NA,NA,NA,NA,NA,NA,NA,NA,NA,NA,NA,NA,NA,NA,NA,NA
"Uruguay",2015,"Tacuarembó",NA,"Grandes",28.0872841,46.9706116,8,NA,NA,NA,NA,NA,NA,NA,NA,NA,NA,NA,NA,NA,NA,NA,NA,NA,NA,NA,NA,NA,NA
"Uruguay",2015,"Treinta Y Tres",NA,"Micro",34.3387756,13.8652945,1713,NA,258,383,15.061296,22.3584355,84.938704,NA,NA,NA,NA,NA,NA,NA,NA,NA,NA,NA,NA,NA,NA,NA,NA
"Uruguay",2015,"Treinta Y Tres",NA,"Pequeña",28.8567276,22.8900814,204,NA,13,16,6.372549,7.8431373,93.627451,NA,NA,NA,NA,NA,NA,NA,NA,NA,NA,NA,NA,NA,NA,NA,NA
"Uruguay",2015,"Treinta Y Tres",NA,"Mediana",16.6417809,34.9792099,29,NA,1,NA,3.4482759,NA,96.5517241,NA,NA,NA,NA,NA,NA,NA,NA,NA,NA,NA,NA,NA,NA,NA,NA
"Uruguay",2015,"Treinta Y Tres",NA,"Grandes",20.1627102,28.2654171,4,NA,NA,NA,NA,NA,NA,NA,NA,NA,NA,NA,NA,NA,NA,NA,NA,NA,NA,NA,NA,NA,NA
"Uruguay",2016,"Paysandú",NA,"Micro",28.6697788,8.1972198,4246,NA,733,751,17.2633066,17.687235,82.7366934,NA,NA,NA,NA,NA,NA,NA,NA,NA,NA,NA,NA,NA,NA,NA,NA
"Uruguay",2016,"Paysandú",NA,"Pequeña",27.7189884,12.8463726,754,NA,22,34,2.9177719,4.5092838,97.0822281,NA,NA,NA,NA,NA,NA,NA,NA,NA,NA,NA,NA,NA,NA,NA,NA
"Uruguay",2016,"Paysandú",NA,"Mediana",21.7996349,21.9554043,114,NA,NA,NA,NA,NA,100,NA,NA,NA,NA,NA,NA,NA,NA,NA,NA,NA,NA,NA,NA,NA,NA
"Uruguay",2016,"Paysandú",NA,"Grandes",21.8115959,57.0010071,14,NA,NA,NA,NA,NA,NA,NA,NA,NA,NA,NA,NA,NA,NA,NA,NA,NA,NA,NA,NA,NA,NA
"Uruguay",2016,"Río Negro",NA,"Micro",29.7431679,5.9442363,2166,NA,410,408,18.9289012,18.8365651,81.0710988,NA,NA,NA,NA,NA,NA,NA,NA,NA,NA,NA,NA,NA,NA,NA,NA
"Uruguay",2016,"Río Negro",NA,"Pequeña",27.9727764,9.4737759,357,NA,14,11,3.9215686,3.0812325,96.0784314,NA,NA,NA,NA,NA,NA,NA,NA,NA,NA,NA,NA,NA,NA,NA,NA
"Uruguay",2016,"Río Negro",NA,"Mediana",19.7650814,21.3341293,48,NA,2,3,4.1666667,6.25,95.8333333,NA,NA,NA,NA,NA,NA,NA,NA,NA,NA,NA,NA,NA,NA,NA,NA
"Uruguay",2016,"Río Negro",NA,"Grandes",22.5189705,63.2478561,7,NA,NA,NA,NA,NA,NA,NA,NA,NA,NA,NA,NA,NA,NA,NA,NA,NA,NA,NA,NA,NA,NA
"Uruguay",2016,"San José",NA,"Micro",30.5578804,8.7667656,4321,NA,702,770,16.2462393,17.8199491,83.7537607,NA,NA,NA,NA,NA,NA,NA,NA,NA,NA,NA,NA,NA,NA,NA,NA
"Uruguay",2016,"San José",NA,"Pequeña",23.5277596,12.6076221,605,NA,25,23,4.1322314,3.8016529,95.8677686,NA,NA,NA,NA,NA,NA,NA,NA,NA,NA,NA,NA,NA,NA,NA,NA
"Uruguay",2016,"San José",NA,"Mediana",21.7886353,21.5664711,107,NA,1,1,0.9345794,0.9345794,99.0654206,NA,NA,NA,NA,NA,NA,NA,NA,NA,NA,NA,NA,NA,NA,NA,NA
"Uruguay",2016,"San José",NA,"Grandes",24.125721,57.0591393,16,NA,NA,NA,NA,NA,NA,NA,NA,NA,NA,NA,NA,NA,NA,NA,NA,NA,NA,NA,NA,NA,NA
"Uruguay",2016,"Tacuarembó",NA,"Micro",30.101202,12.6088457,3132,NA,607,640,19.3805875,20.4342273,80.6194125,NA,NA,NA,NA,NA,NA,NA,NA,NA,NA,NA,NA,NA,NA,NA,NA
"Uruguay",2016,"Tacuarembó",NA,"Pequeña",24.9949093,17.4171486,420,NA,16,16,3.8095238,3.8095238,96.1904762,NA,NA,NA,NA,NA,NA,NA,NA,NA,NA,NA,NA,NA,NA,NA,NA
"Uruguay",2016,"Tacuarembó",NA,"Mediana",17.3598289,28.4381504,65,NA,1,2,1.5384615,3.0769231,98.4615385,NA,NA,NA,NA,NA,NA,NA,NA,NA,NA,NA,NA,NA,NA,NA,NA
"Uruguay",2016,"Tacuarembó",NA,"Grandes",27.5440617,41.5358543,8,NA,NA,NA,NA,NA,NA,NA,NA,NA,NA,NA,NA,NA,NA,NA,NA,NA,NA,NA,NA,NA,NA
"Uruguay",2016,"Treinta Y Tres",NA,"Micro",39.3203926,13.9202023,1741,NA,327,332,18.782309,19.0695003,81.217691,NA,NA,NA,NA,NA,NA,NA,NA,NA,NA,NA,NA,NA,NA,NA,NA
"Uruguay",2016,"Treinta Y Tres",NA,"Pequeña",32.3306313,23.9300995,243,NA,10,11,4.1152263,4.526749,95.8847737,NA,NA,NA,NA,NA,NA,NA,NA,NA,NA,NA,NA,NA,NA,NA,NA
"Uruguay",2016,"Treinta Y Tres",NA,"Mediana",14.7046623,38.8194389,34,NA,1,2,2.9411765,5.8823529,97.0588235,NA,NA,NA,NA,NA,NA,NA,NA,NA,NA,NA,NA,NA,NA,NA,NA
"Uruguay",2016,"Treinta Y Tres",NA,"Grandes",13.6443186,23.3302555,4,NA,NA,NA,NA,NA,NA,NA,NA,NA,NA,NA,NA,NA,NA,NA,NA,NA,NA,NA,NA,NA,NA
"Uruguay",2017,"Paysandú",NA,"Micro",27.4002151,8.7689743,4298,NA,678,765,15.774779,17.7989763,84.225221,NA,NA,NA,NA,NA,NA,NA,NA,NA,NA,NA,NA,NA,NA,NA,NA
"Uruguay",2017,"Paysandú",NA,"Pequeña",27.8178024,12.6399546,734,NA,29,26,3.9509537,3.5422343,96.0490463,NA,NA,NA,NA,NA,NA,NA,NA,NA,NA,NA,NA,NA,NA,NA,NA
"Uruguay",2017,"Paysandú",NA,"Mediana",21.7513847,20.9427891,116,NA,NA,NA,NA,NA,100,NA,NA,NA,NA,NA,NA,NA,NA,NA,NA,NA,NA,NA,NA,NA,NA
"Uruguay",2017,"Paysandú",NA,"Grandes",23.0305996,57.6482811,14,NA,NA,NA,NA,NA,NA,NA,NA,NA,NA,NA,NA,NA,NA,NA,NA,NA,NA,NA,NA,NA,NA
"Uruguay",2017,"Río Negro",NA,"Micro",30.5621014,6.0274081,2232,NA,454,459,20.3405018,20.5645161,79.6594982,NA,NA,NA,NA,NA,NA,NA,NA,NA,NA,NA,NA,NA,NA,NA,NA
"Uruguay",2017,"Río Negro",NA,"Pequeña",28.9242268,9.3764048,331,NA,13,9,3.9274924,2.7190332,96.0725076,NA,NA,NA,NA,NA,NA,NA,NA,NA,NA,NA,NA,NA,NA,NA,NA
"Uruguay",2017,"Río Negro",NA,"Mediana",20.2003384,21.7735672,48,NA,1,NA,2.0833333,NA,97.9166667,NA,NA,NA,NA,NA,NA,NA,NA,NA,NA,NA,NA,NA,NA,NA,NA
"Uruguay",2017,"Río Negro",NA,"Grandes",20.3133373,62.8226204,8,NA,NA,NA,NA,NA,NA,NA,NA,NA,NA,NA,NA,NA,NA,NA,NA,NA,NA,NA,NA,NA,NA
"Uruguay",2017,"San José",NA,"Micro",29.4771919,10.5460281,4481,NA,743,861,16.5811203,19.2144611,83.4188797,NA,NA,NA,NA,NA,NA,NA,NA,NA,NA,NA,NA,NA,NA,NA,NA
"Uruguay",2017,"San José",NA,"Pequeña",24.4437847,15.7760162,594,NA,23,14,3.8720539,2.3569024,96.1279461,NA,NA,NA,NA,NA,NA,NA,NA,NA,NA,NA,NA,NA,NA,NA,NA
"Uruguay",2017,"San José",NA,"Mediana",21.0623665,25.508049,104,NA,4,1,3.8461538,0.9615385,96.1538462,NA,NA,NA,NA,NA,NA,NA,NA,NA,NA,NA,NA,NA,NA,NA,NA
"Uruguay",2017,"San José",NA,"Grandes",25.0166607,48.1699066,15,NA,NA,NA,NA,NA,NA,NA,NA,NA,NA,NA,NA,NA,NA,NA,NA,NA,NA,NA,NA,NA,NA
"Uruguay",2017,"Tacuarembó",NA,"Micro",30.1157932,13.1305246,3183,NA,588,663,18.4731385,20.8294062,81.5268615,NA,NA,NA,NA,NA,NA,NA,NA,NA,NA,NA,NA,NA,NA,NA,NA
"Uruguay",2017,"Tacuarembó",NA,"Pequeña",25.2796345,18.3933887,427,NA,19,15,4.4496487,3.5128806,95.5503513,NA,NA,NA,NA,NA,NA,NA,NA,NA,NA,NA,NA,NA,NA,NA,NA
"Uruguay",2017,"Tacuarembó",NA,"Mediana",18.1735954,25.2576847,64,NA,1,NA,1.5625,NA,98.4375,NA,NA,NA,NA,NA,NA,NA,NA,NA,NA,NA,NA,NA,NA,NA,NA
"Uruguay",2017,"Tacuarembó",NA,"Grandes",26.4309788,43.2184029,8,NA,NA,NA,NA,NA,NA,NA,NA,NA,NA,NA,NA,NA,NA,NA,NA,NA,NA,NA,NA,NA,NA
"Uruguay",2017,"Treinta Y Tres",NA,"Micro",37.1379013,15.066227,1823,NA,298,419,16.3466813,22.9840922,83.6533187,NA,NA,NA,NA,NA,NA,NA,NA,NA,NA,NA,NA,NA,NA,NA,NA
"Uruguay",2017,"Treinta Y Tres",NA,"Pequeña",31.7030735,22.2937374,246,NA,11,10,4.4715447,4.0650407,95.5284553,NA,NA,NA,NA,NA,NA,NA,NA,NA,NA,NA,NA,NA,NA,NA,NA
"Uruguay",2017,"Treinta Y Tres",NA,"Mediana",17.606245,34.0906715,33,NA,1,2,3.030303,6.0606061,96.969697,NA,NA,NA,NA,NA,NA,NA,NA,NA,NA,NA,NA,NA,NA,NA,NA
"Uruguay",2017,"Treinta Y Tres",NA,"Grandes",13.5527821,28.5493622,3,NA,NA,NA,NA,NA,NA,NA,NA,NA,NA,NA,NA,NA,NA,NA,NA,NA,NA,NA,NA,NA,NA
"Uruguay",2018,"Paysandú",NA,"Micro",28.2980537,10.2976809,4437,NA,745,829,16.7906243,18.6837954,83.2093757,NA,NA,NA,NA,NA,NA,NA,NA,NA,NA,NA,NA,NA,NA,NA,NA
"Uruguay",2018,"Paysandú",NA,"Pequeña",28.0020847,14.6268215,682,NA,30,33,4.398827,4.8387097,95.601173,NA,NA,NA,NA,NA,NA,NA,NA,NA,NA,NA,NA,NA,NA,NA,NA
"Uruguay",2018,"Paysandú",NA,"Mediana",21.7611389,23.5290565,168,NA,1,1,0.5952381,0.5952381,99.4047619,NA,NA,NA,NA,NA,NA,NA,NA,NA,NA,NA,NA,NA,NA,NA,NA
"Uruguay",2018,"Paysandú",NA,"Grandes",21.9387264,51.5464401,26,NA,2,NA,NA,NA,NA,NA,NA,NA,NA,NA,NA,NA,NA,NA,NA,NA,NA,NA,NA,NA,NA
"Uruguay",2018,"Río Negro",NA,"Micro",31.2428951,5.7339063,2262,NA,429,474,18.9655172,20.9549072,81.0344828,NA,NA,NA,NA,NA,NA,NA,NA,NA,NA,NA,NA,NA,NA,NA,NA
"Uruguay",2018,"Río Negro",NA,"Pequeña",29.4769974,8.3745556,291,NA,5,11,1.7182131,3.7800687,98.2817869,NA,NA,NA,NA,NA,NA,NA,NA,NA,NA,NA,NA,NA,NA,NA,NA
"Uruguay",2018,"Río Negro",NA,"Mediana",21.2925377,18.9068623,86,NA,1,1,1.1627907,1.1627907,98.8372093,NA,NA,NA,NA,NA,NA,NA,NA,NA,NA,NA,NA,NA,NA,NA,NA
"Uruguay",2018,"Río Negro",NA,"Grandes",17.9875698,66.9846725,14,NA,NA,NA,NA,NA,NA,NA,NA,NA,NA,NA,NA,NA,NA,NA,NA,NA,NA,NA,NA,NA,NA
"Uruguay",2018,"San José",NA,"Micro",29.5967464,10.3641434,4524,NA,797,795,17.617153,17.5729443,82.382847,NA,NA,NA,NA,NA,NA,NA,NA,NA,NA,NA,NA,NA,NA,NA,NA
"Uruguay",2018,"San José",NA,"Pequeña",23.5772495,15.0800505,555,NA,20,14,3.6036036,2.5225225,96.3963964,NA,NA,NA,NA,NA,NA,NA,NA,NA,NA,NA,NA,NA,NA,NA,NA
"Uruguay",2018,"San José",NA,"Mediana",21.4239292,25.2556858,152,NA,NA,1,NA,0.6578947,100,NA,NA,NA,NA,NA,NA,NA,NA,NA,NA,NA,NA,NA,NA,NA,NA
"Uruguay",2018,"San José",NA,"Grandes",25.4020767,49.3001213,23,NA,NA,NA,NA,NA,NA,NA,NA,NA,NA,NA,NA,NA,NA,NA,NA,NA,NA,NA,NA,NA,NA
"Uruguay",2018,"Tacuarembó",NA,"Micro",30.2943821,9.6751642,3310,NA,613,721,18.5196375,21.7824773,81.4803625,NA,NA,NA,NA,NA,NA,NA,NA,NA,NA,NA,NA,NA,NA,NA,NA
"Uruguay",2018,"Tacuarembó",NA,"Pequeña",24.7592163,12.3904133,402,NA,17,19,4.2288557,4.7263682,95.7711443,NA,NA,NA,NA,NA,NA,NA,NA,NA,NA,NA,NA,NA,NA,NA,NA
"Uruguay",2018,"Tacuarembó",NA,"Mediana",17.6415329,18.1035385,91,NA,1,1,1.0989011,1.0989011,98.9010989,NA,NA,NA,NA,NA,NA,NA,NA,NA,NA,NA,NA,NA,NA,NA,NA
"Uruguay",2018,"Tacuarembó",NA,"Grandes",27.3048706,59.830883,14,NA,NA,NA,NA,NA,NA,NA,NA,NA,NA,NA,NA,NA,NA,NA,NA,NA,NA,NA,NA,NA,NA
"Uruguay",2018,"Treinta Y Tres",NA,"Micro",37.4066696,16.48493,1914,NA,393,406,20.5329154,21.2121212,79.4670846,NA,NA,NA,NA,NA,NA,NA,NA,NA,NA,NA,NA,NA,NA,NA,NA
"Uruguay",2018,"Treinta Y Tres",NA,"Pequeña",29.8440113,21.8053398,237,NA,8,8,3.3755274,3.3755274,96.6244726,NA,NA,NA,NA,NA,NA,NA,NA,NA,NA,NA,NA,NA,NA,NA,NA
"Uruguay",2018,"Treinta Y Tres",NA,"Mediana",19.3559055,30.1531887,50,NA,NA,NA,NA,NA,100,NA,NA,NA,NA,NA,NA,NA,NA,NA,NA,NA,NA,NA,NA,NA,NA
"Uruguay",2018,"Treinta Y Tres",NA,"Grandes",13.3934135,31.5565472,8,NA,NA,NA,NA,NA,NA,NA,NA,NA,NA,NA,NA,NA,NA,NA,NA,NA,NA,NA,NA,NA,NA
"Uruguay",2019,"Paysandú",NA,"Micro",29.8548794,11.2147636,4835,NA,859,1094,17.7662875,22.6266805,82.2337125,NA,NA,NA,NA,NA,NA,NA,NA,NA,NA,NA,NA,NA,NA,NA,NA
"Uruguay",2019,"Paysandú",NA,"Pequeña",27.8611584,15.3305101,705,NA,38,31,5.3900709,4.3971631,94.6099291,NA,NA,NA,NA,NA,NA,NA,NA,NA,NA,NA,NA,NA,NA,NA,NA
"Uruguay",2019,"Paysandú",NA,"Mediana",22.2056637,23.9472828,114,NA,2,NA,1.754386,NA,98.245614,NA,NA,NA,NA,NA,NA,NA,NA,NA,NA,NA,NA,NA,NA,NA,NA
"Uruguay",2019,"Paysandú",NA,"Grandes",20.0782967,49.5074425,11,NA,NA,NA,NA,NA,NA,NA,NA,NA,NA,NA,NA,NA,NA,NA,NA,NA,NA,NA,NA,NA,NA
"Uruguay",2019,"Río Negro",NA,"Micro",31.0845356,6.4774108,2427,NA,427,590,17.5937371,24.3098475,82.4062629,NA,NA,NA,NA,NA,NA,NA,NA,NA,NA,NA,NA,NA,NA,NA,NA
"Uruguay",2019,"Río Negro",NA,"Pequeña",27.6316586,9.1759968,330,NA,14,13,4.2424242,3.9393939,95.7575758,NA,NA,NA,NA,NA,NA,NA,NA,NA,NA,NA,NA,NA,NA,NA,NA
"Uruguay",2019,"Río Negro",NA,"Mediana",20.3848343,22.444088,54,NA,NA,NA,NA,NA,100,NA,NA,NA,NA,NA,NA,NA,NA,NA,NA,NA,NA,NA,NA,NA,NA
"Uruguay",2019,"Río Negro",NA,"Grandes",20.8989735,61.902504,8,NA,NA,NA,NA,NA,NA,NA,NA,NA,NA,NA,NA,NA,NA,NA,NA,NA,NA,NA,NA,NA,NA
"Uruguay",2019,"San José",NA,"Micro",30.0828648,11.3462753,4621,NA,793,866,17.1607877,18.7405324,82.8392123,NA,NA,NA,NA,NA,NA,NA,NA,NA,NA,NA,NA,NA,NA,NA,NA
"Uruguay",2019,"San José",NA,"Pequeña",23.8407974,15.6034908,585,NA,19,20,3.2478632,3.4188034,96.7521368,NA,NA,NA,NA,NA,NA,NA,NA,NA,NA,NA,NA,NA,NA,NA,NA
"Uruguay",2019,"San José",NA,"Mediana",21.2456303,27.0230503,97,NA,NA,NA,NA,NA,100,NA,NA,NA,NA,NA,NA,NA,NA,NA,NA,NA,NA,NA,NA,NA,NA
"Uruguay",2019,"San José",NA,"Grandes",24.8307114,46.0271835,15,NA,NA,NA,NA,NA,NA,NA,NA,NA,NA,NA,NA,NA,NA,NA,NA,NA,NA,NA,NA,NA,NA
"Uruguay",2019,"Tacuarembó",NA,"Micro",31.2258625,12.9800949,3575,NA,607,861,16.979021,24.0839161,83.020979,NA,NA,NA,NA,NA,NA,NA,NA,NA,NA,NA,NA,NA,NA,NA,NA
"Uruguay",2019,"Tacuarembó",NA,"Pequeña",24.6781616,15.3695803,419,NA,14,12,3.3412888,2.8639618,96.6587112,NA,NA,NA,NA,NA,NA,NA,NA,NA,NA,NA,NA,NA,NA,NA,NA
"Uruguay",2019,"Tacuarembó",NA,"Mediana",18.3208523,23.7473259,64,NA,1,NA,1.5625,NA,98.4375,NA,NA,NA,NA,NA,NA,NA,NA,NA,NA,NA,NA,NA,NA,NA,NA
"Uruguay",2019,"Tacuarembó",NA,"Grandes",25.7751198,47.9029961,6,NA,NA,NA,NA,NA,NA,NA,NA,NA,NA,NA,NA,NA,NA,NA,NA,NA,NA,NA,NA,NA,NA
"Uruguay",2019,"Treinta Y Tres",NA,"Micro",37.1560211,16.1290359,1933,NA,375,405,19.3998965,20.9518883,80.6001035,NA,NA,NA,NA,NA,NA,NA,NA,NA,NA,NA,NA,NA,NA,NA,NA
"Uruguay",2019,"Treinta Y Tres",NA,"Pequeña",29.0026417,22.1155548,249,NA,11,9,4.4176707,3.6144578,95.5823293,NA,NA,NA,NA,NA,NA,NA,NA,NA,NA,NA,NA,NA,NA,NA,NA
"Uruguay",2019,"Treinta Y Tres",NA,"Mediana",20.7022495,30.9969883,39,NA,NA,NA,NA,NA,100,NA,NA,NA,NA,NA,NA,NA,NA,NA,NA,NA,NA,NA,NA,NA,NA
"Uruguay",2019,"Treinta Y Tres",NA,"Grandes",13.139082,30.7584209,3,NA,NA,NA,NA,NA,NA,NA,NA,NA,NA,NA,NA,NA,NA,NA,NA,NA,NA,NA,NA,NA,NA
"Uruguay",2020,"Paysandú",NA,"Micro",31.5351791,9.621973,5015,NA,882,1024,17.5872383,20.4187438,82.4127617,NA,NA,NA,NA,NA,NA,NA,NA,NA,NA,NA,NA,NA,NA,NA,NA
"Uruguay",2020,"Paysandú",NA,"Pequeña",28.283287,15.0907488,674,NA,18,6,2.6706231,0.8902077,97.3293769,NA,NA,NA,NA,NA,NA,NA,NA,NA,NA,NA,NA,NA,NA,NA,NA
"Uruguay",2020,"Paysandú",NA,"Mediana",21.352972,23.9160995,108,NA,NA,1,NA,0.9259259,100,NA,NA,NA,NA,NA,NA,NA,NA,NA,NA,NA,NA,NA,NA,NA,NA
"Uruguay",2020,"Paysandú",NA,"Grandes",18.828558,51.3711739,11,NA,NA,1,NA,NA,NA,NA,NA,NA,NA,NA,NA,NA,NA,NA,NA,NA,NA,NA,NA,NA,NA
"Uruguay",2020,"Río Negro",NA,"Micro",32.6848907,5.666254,2599,NA,465,587,17.8914967,22.5856098,82.1085033,NA,NA,NA,NA,NA,NA,NA,NA,NA,NA,NA,NA,NA,NA,NA,NA
"Uruguay",2020,"Río Negro",NA,"Pequeña",26.8799629,8.4129944,316,NA,6,8,1.8987342,2.5316456,98.1012658,NA,NA,NA,NA,NA,NA,NA,NA,NA,NA,NA,NA,NA,NA,NA,NA
"Uruguay",2020,"Río Negro",NA,"Mediana",21.8567619,21.8361263,49,NA,2,NA,4.0816327,NA,95.9183673,NA,NA,NA,NA,NA,NA,NA,NA,NA,NA,NA,NA,NA,NA,NA,NA
"Uruguay",2020,"Río Negro",NA,"Grandes",18.5783882,64.0846252,9,NA,NA,NA,NA,NA,NA,NA,NA,NA,NA,NA,NA,NA,NA,NA,NA,NA,NA,NA,NA,NA,NA
"Uruguay",2020,"San José",NA,"Micro",31.1992168,10.1787338,4656,NA,761,805,16.3445017,17.2895189,83.6554983,NA,NA,NA,NA,NA,NA,NA,NA,NA,NA,NA,NA,NA,NA,NA,NA
"Uruguay",2020,"San José",NA,"Pequeña",25.0140095,15.0008917,573,NA,13,12,2.2687609,2.0942408,97.7312391,NA,NA,NA,NA,NA,NA,NA,NA,NA,NA,NA,NA,NA,NA,NA,NA
"Uruguay",2020,"San José",NA,"Mediana",21.679184,28.4677753,85,NA,NA,NA,NA,NA,100,NA,NA,NA,NA,NA,NA,NA,NA,NA,NA,NA,NA,NA,NA,NA,NA
"Uruguay",2020,"San José",NA,"Grandes",22.1075935,46.3526001,14,NA,NA,NA,NA,NA,NA,NA,NA,NA,NA,NA,NA,NA,NA,NA,NA,NA,NA,NA,NA,NA,NA
"Uruguay",2020,"Tacuarembó",NA,"Micro",32.0062408,11.6482315,3676,NA,619,697,16.8389554,18.960827,83.1610446,NA,NA,NA,NA,NA,NA,NA,NA,NA,NA,NA,NA,NA,NA,NA,NA
"Uruguay",2020,"Tacuarembó",NA,"Pequeña",25.0728836,15.2569885,411,NA,8,7,1.946472,1.703163,98.053528,NA,NA,NA,NA,NA,NA,NA,NA,NA,NA,NA,NA,NA,NA,NA,NA
"Uruguay",2020,"Tacuarembó",NA,"Mediana",18.3391991,25.9185658,59,NA,NA,NA,NA,NA,100,NA,NA,NA,NA,NA,NA,NA,NA,NA,NA,NA,NA,NA,NA,NA,NA
"Uruguay",2020,"Tacuarembó",NA,"Grandes",24.5816803,47.1762123,6,NA,NA,NA,NA,NA,NA,NA,NA,NA,NA,NA,NA,NA,NA,NA,NA,NA,NA,NA,NA,NA,NA
"Uruguay",2020,"Treinta Y Tres",NA,"Micro",38.9153633,14.2710543,1896,NA,315,321,16.6139241,16.9303797,83.3860759,NA,NA,NA,NA,NA,NA,NA,NA,NA,NA,NA,NA,NA,NA,NA,NA
"Uruguay",2020,"Treinta Y Tres",NA,"Pequeña",30.5550137,20.3814697,230,NA,3,1,1.3043478,0.4347826,98.6956522,NA,NA,NA,NA,NA,NA,NA,NA,NA,NA,NA,NA,NA,NA,NA,NA
"Uruguay",2020,"Treinta Y Tres",NA,"Mediana",17.9865646,32.3889008,30,NA,1,NA,3.3333333,NA,96.6666667,NA,NA,NA,NA,NA,NA,NA,NA,NA,NA,NA,NA,NA,NA,NA,NA
"Uruguay",2020,"Treinta Y Tres",NA,"Grandes",12.5430517,32.9585762,3,NA,NA,NA,NA,NA,NA,NA,NA,NA,NA,NA,NA,NA,NA,NA,NA,NA,NA,NA,NA,NA,NA
"Uruguay",2021,"Paysandú",NA,"Micro",30.4430218,9.7794256,5188,NA,746,1012,14.3793369,19.5065536,85.6206631,NA,NA,NA,NA,NA,NA,NA,NA,NA,NA,NA,NA,NA,NA,NA,NA
"Uruguay",2021,"Paysandú",NA,"Pequeña",26.8753529,15.5245047,629,NA,28,25,4.4515103,3.9745628,95.5484897,NA,NA,NA,NA,NA,NA,NA,NA,NA,NA,NA,NA,NA,NA,NA,NA
"Uruguay",2021,"Paysandú",NA,"Mediana",21.7422142,23.038475,125,NA,1,1,0.8,0.8,99.2,NA,NA,NA,NA,NA,NA,NA,NA,NA,NA,NA,NA,NA,NA,NA,NA
"Uruguay",2021,"Paysandú",NA,"Grandes",20.9394169,51.6576004,12,NA,NA,NA,NA,NA,NA,NA,NA,NA,NA,NA,NA,NA,NA,NA,NA,NA,NA,NA,NA,NA,NA
"Uruguay",2021,"Río Negro",NA,"Micro",32.1187019,5.621295,2799,NA,457,635,16.3272597,22.6866738,83.6727403,NA,NA,NA,NA,NA,NA,NA,NA,NA,NA,NA,NA,NA,NA,NA,NA
"Uruguay",2021,"Río Negro",NA,"Pequeña",25.676569,9.2523813,286,NA,7,11,2.4475524,3.8461538,97.5524476,NA,NA,NA,NA,NA,NA,NA,NA,NA,NA,NA,NA,NA,NA,NA,NA
"Uruguay",2021,"Río Negro",NA,"Mediana",22.3700123,22.3134518,59,NA,3,4,5.0847458,6.779661,94.9152542,NA,NA,NA,NA,NA,NA,NA,NA,NA,NA,NA,NA,NA,NA,NA,NA
"Uruguay",2021,"Río Negro",NA,"Grandes",19.8347206,62.8128738,10,NA,NA,NA,NA,NA,NA,NA,NA,NA,NA,NA,NA,NA,NA,NA,NA,NA,NA,NA,NA,NA,NA
"Uruguay",2021,"San José",NA,"Micro",30.2486248,9.3319283,4854,NA,703,918,14.4829007,18.9122373,85.5170993,NA,NA,NA,NA,NA,NA,NA,NA,NA,NA,NA,NA,NA,NA,NA,NA
"Uruguay",2021,"San José",NA,"Pequeña",24.5159283,14.9815722,524,NA,14,18,2.6717557,3.4351145,97.3282443,NA,NA,NA,NA,NA,NA,NA,NA,NA,NA,NA,NA,NA,NA,NA,NA
"Uruguay",2021,"San José",NA,"Mediana",20.7599392,26.972971,100,NA,3,1,3,1,97,NA,NA,NA,NA,NA,NA,NA,NA,NA,NA,NA,NA,NA,NA,NA,NA
"Uruguay",2021,"San José",NA,"Grandes",24.4755077,48.7135315,14,NA,NA,NA,NA,NA,NA,NA,NA,NA,NA,NA,NA,NA,NA,NA,NA,NA,NA,NA,NA,NA,NA
"Uruguay",2021,"Tacuarembó",NA,"Micro",30.1369648,10.4315453,3817,NA,561,735,14.6974063,19.2559602,85.3025937,NA,NA,NA,NA,NA,NA,NA,NA,NA,NA,NA,NA,NA,NA,NA,NA
"Uruguay",2021,"Tacuarembó",NA,"Pequeña",24.1108952,14.5261011,398,NA,17,17,4.2713568,4.2713568,95.7286432,NA,NA,NA,NA,NA,NA,NA,NA,NA,NA,NA,NA,NA,NA,NA,NA
"Uruguay",2021,"Tacuarembó",NA,"Mediana",17.9921494,21.7153797,63,NA,2,2,3.1746032,3.1746032,96.8253968,NA,NA,NA,NA,NA,NA,NA,NA,NA,NA,NA,NA,NA,NA,NA,NA
"Uruguay",2021,"Tacuarembó",NA,"Grandes",27.7599888,53.3269768,6,NA,NA,NA,NA,NA,NA,NA,NA,NA,NA,NA,NA,NA,NA,NA,NA,NA,NA,NA,NA,NA,NA
"Uruguay",2021,"Treinta Y Tres",NA,"Micro",35.6005363,13.6089811,1965,NA,291,366,14.8091603,18.6259542,85.1908397,NA,NA,NA,NA,NA,NA,NA,NA,NA,NA,NA,NA,NA,NA,NA,NA
"Uruguay",2021,"Treinta Y Tres",NA,"Pequeña",29.0400143,18.9195232,224,NA,9,10,4.0178571,4.4642857,95.9821429,NA,NA,NA,NA,NA,NA,NA,NA,NA,NA,NA,NA,NA,NA,NA,NA
"Uruguay",2021,"Treinta Y Tres",NA,"Mediana",16.8831978,35.5224953,26,NA,NA,NA,NA,NA,100,NA,NA,NA,NA,NA,NA,NA,NA,NA,NA,NA,NA,NA,NA,NA,NA
"Uruguay",2021,"Treinta Y Tres",NA,"Grandes",18.4762516,31.9489975,3,NA,NA,NA,NA,NA,NA,NA,NA,NA,NA,NA,NA,NA,NA,NA,NA,NA,NA,NA,NA,NA,NA
"Uruguay",2022,"Paysandú",NA,"Micro",33.5013351,9.5067863,5622,NA,947,1200,16.8445393,21.3447172,83.1554607,NA,NA,NA,NA,NA,NA,NA,NA,NA,NA,NA,NA,NA,NA,NA,NA
"Uruguay",2022,"Paysandú",NA,"Pequeña",23.3641624,14.3888788,624,NA,13,6,2.0833333,0.9615385,97.9166667,NA,NA,NA,NA,NA,NA,NA,NA,NA,NA,NA,NA,NA,NA,NA,NA
"Uruguay",2022,"Paysandú",NA,"Mediana",20.5949974,23.6686058,130,NA,2,NA,1.5384615,NA,98.4615385,NA,NA,NA,NA,NA,NA,NA,NA,NA,NA,NA,NA,NA,NA,NA,NA
"Uruguay",2022,"Paysandú",NA,"Grandes",22.5395012,52.4357338,11,NA,NA,NA,NA,NA,NA,NA,NA,NA,NA,NA,NA,NA,NA,NA,NA,NA,NA,NA,NA,NA,NA
"Uruguay",2022,"Río Negro",NA,"Micro",35.302227,5.8465514,3051,NA,583,724,19.108489,23.7299246,80.891511,NA,NA,NA,NA,NA,NA,NA,NA,NA,NA,NA,NA,NA,NA,NA,NA
"Uruguay",2022,"Río Negro",NA,"Pequeña",22.3063755,9.6014805,297,NA,3,3,1.010101,1.010101,98.989899,NA,NA,NA,NA,NA,NA,NA,NA,NA,NA,NA,NA,NA,NA,NA,NA
"Uruguay",2022,"Río Negro",NA,"Mediana",21.2388706,23.9760551,55,NA,NA,NA,NA,NA,100,NA,NA,NA,NA,NA,NA,NA,NA,NA,NA,NA,NA,NA,NA,NA,NA
"Uruguay",2022,"Río Negro",NA,"Grandes",21.1525211,60.5759125,9,NA,NA,NA,NA,NA,NA,NA,NA,NA,NA,NA,NA,NA,NA,NA,NA,NA,NA,NA,NA,NA,NA
"Uruguay",2022,"San José",NA,"Micro",34.5486145,9.4740429,5213,NA,840,1077,16.1135622,20.6598887,83.8864378,NA,NA,NA,NA,NA,NA,NA,NA,NA,NA,NA,NA,NA,NA,NA,NA
"Uruguay",2022,"San José",NA,"Pequeña",21.1191483,14.5690184,535,NA,4,9,0.7476636,1.682243,99.2523364,NA,NA,NA,NA,NA,NA,NA,NA,NA,NA,NA,NA,NA,NA,NA,NA
"Uruguay",2022,"San José",NA,"Mediana",19.762167,25.3834229,104,NA,NA,NA,NA,NA,100,NA,NA,NA,NA,NA,NA,NA,NA,NA,NA,NA,NA,NA,NA,NA,NA
"Uruguay",2022,"San José",NA,"Grandes",24.5700665,50.573513,15,NA,NA,NA,NA,NA,NA,NA,NA,NA,NA,NA,NA,NA,NA,NA,NA,NA,NA,NA,NA,NA,NA
"Uruguay",2022,"Tacuarembó",NA,"Micro",33.7608566,11.3910246,4124,NA,712,876,17.2647915,21.2415131,82.7352085,NA,NA,NA,NA,NA,NA,NA,NA,NA,NA,NA,NA,NA,NA,NA,NA
"Uruguay",2022,"Tacuarembó",NA,"Pequeña",20.5332108,15.1670294,388,NA,4,4,1.0309278,1.0309278,98.9690722,NA,NA,NA,NA,NA,NA,NA,NA,NA,NA,NA,NA,NA,NA,NA,NA
"Uruguay",2022,"Tacuarembó",NA,"Mediana",19.0062618,21.8256111,68,NA,NA,NA,NA,NA,100,NA,NA,NA,NA,NA,NA,NA,NA,NA,NA,NA,NA,NA,NA,NA,NA
"Uruguay",2022,"Tacuarembó",NA,"Grandes",26.6996727,51.616333,8,NA,NA,NA,NA,NA,NA,NA,NA,NA,NA,NA,NA,NA,NA,NA,NA,NA,NA,NA,NA,NA,NA
"Uruguay",2022,"Treinta Y Tres",NA,"Micro",41.3598022,14.8070107,2116,NA,368,455,17.3913043,21.5028355,82.6086957,NA,NA,NA,NA,NA,NA,NA,NA,NA,NA,NA,NA,NA,NA,NA,NA
"Uruguay",2022,"Treinta Y Tres",NA,"Pequeña",23.6020298,20.5384121,220,NA,6,3,2.7272727,1.3636364,97.2727273,NA,NA,NA,NA,NA,NA,NA,NA,NA,NA,NA,NA,NA,NA,NA,NA
"Uruguay",2022,"Treinta Y Tres",NA,"Mediana",18.4373913,29.6612473,32,NA,1,NA,3.125,NA,96.875,NA,NA,NA,NA,NA,NA,NA,NA,NA,NA,NA,NA,NA,NA,NA,NA
"Uruguay",2022,"Treinta Y Tres",NA,"Grandes",16.6007748,34.9933281,3,NA,NA,NA,NA,NA,NA,NA,NA,NA,NA,NA,NA,NA,NA,NA,NA,NA,NA,NA,NA,NA,NA
