anio,region,area_km2,gini,pib_per_capita,tasa_pobr,pobl_total,tasa_informalidad,idh,ingreso_medio,prom_anio_estudio,tasa_homicidios,densidad_pobl
2012-01-01,Rondônia,238512.80000000005,0.487,16.1976442139243,39.9,1628,NA,0.692,1246.7172897391724,NA,33.08,0.006825629484036076
2013-01-01,Rondônia,238512.80000000005,0.475,14.3263937066782,37.5,1648,NA,0.694,1241.6871880977644,NA,27.95,0.0069094824261004
2014-01-01,Rondônia,238512.80000000005,0.443,14.35718640172,35.6,1668,NA,0.691,1230.2830775091975,NA,33.06,0.006993335368164726
2015-01-01,Rondônia,238512.80000000005,0.462,14.1809680153005,37.8,1688,NA,0.689,1224.803031596455,NA,33.93,0.0070771883102290515
2016-01-01,Rondônia,238512.80000000005,0.465,14.0062209633168,37.6,1708,46.6,0.686,1194.0166833903108,8,39.33,0.007161041252293376
2017-01-01,Rondônia,238512.80000000005,0.447,14.7460963776224,34.7,1727,49.5,0.693,1250.2393726901892,8.4,30.68,0.007240701547254485
2018-01-01,Rondônia,238512.80000000005,0.496,14.9647054438526,33.5,1747,48,0.71,1413.3830403826867,8.6,27.08,0.007324554489318811
2019-01-01,Rondônia,238512.80000000005,0.472,14.8879108373528,32.5,1767,50.9,0.705,1371.5913212492242,8.8,25.15,0.007408407431383136
2020-01-01,Rondônia,238512.80000000005,0.439,15.1572098950749,28.7,1786,47.6,0.704,1352.288466376011,NA,25.38,0.007488067726344245
2021-01-01,Rondônia,238512.80000000005,0.459,14.9583531023733,39.2,1717,48.7,0.677,1144.5474531167974,NA,29.52,0.007198775076222323
2022-01-01,Rondônia,238512.80000000005,0.447,18.1630115514784,29.6,1721,48.1,NA,1384.7667344540737,9.2,32.97,0.007215545664635188
2023-01-01,Rondônia,238512.80000000005,0.455,NA,24.4140564982483,1727,48.2,NA,1523.3966753986758,9,29.98370450841934,0.007240701547254485
2024-01-01,Rondônia,238512.80000000005,0.443,NA,20.489069004458543,1733,44.5,NA,1720.1111225559157,9.2,NA,0.007265857429873783
2012-01-01,Acre,153149.9,0.566,11.4269877798881,53.9,777,NA,0.67,1126.6679900475265,NA,27.41,0.0050734607074506746
2013-01-01,Acre,153149.9,0.553,11.7561880507106,53.5,790,NA,0.67,1112.650610111155,NA,30.14,0.005158344863431187
2014-01-01,Acre,153149.9,0.529,12.5657562388997,51.4,803,NA,0.669,1116.2610181813634,NA,29.36,0.005243229019411701
2015-01-01,Acre,153149.9,0.549,11.6269553642533,52.5,816,NA,0.674,1157.3996296505825,NA,27.01,0.0053281131753922135
2016-01-01,Acre,153149.9,0.563,10.6839845090227,56.6,828,54,0.66,1050.7185702608822,8,44.45,0.005406467780912688
2017-01-01,Acre,153149.9,0.545,10.5275709347469,54.6,840,50,0.655,1025.589806014683,8.3,62.2,0.005484822386433162
2018-01-01,Acre,153149.9,0.558,10.3282264439857,50.2,853,52.7,0.676,1180.2807896726067,8.4,47.05,0.0055697065424136745
2019-01-01,Acre,153149.9,0.559,9.95767696896207,51.9,865,51.6,0.668,1113.2394011444321,8.7,36.85,0.005648061147934149
2020-01-01,Acre,153149.9,0.515,9.72060944942441,48.4,878,51.6,0.668,1122.504679042041,NA,33.98,0.005732945303914661
2021-01-01,Acre,153149.9,0.539,11.0020592940565,54.1,848,46.5,0.655,1011.46758708461,NA,22.6,0.005537058790113477
2022-01-01,Acre,153149.9,0.523,12.2645037316928,51,852,47.2,NA,1073.6646416740416,9.4,26.39,0.005563176991953635
2023-01-01,Acre,153149.9,0.511,NA,51.49683073689808,856,45.1,NA,1074.354951007459,9,23.7417943107221,0.005589295193793793
2024-01-01,Acre,153149.9,0.504,NA,45.94635325388744,860,43.9,NA,1258.9802343104113,9.2,NA,0.005615413395633951
2012-01-01,Amazonas,1577820.2000000004,0.589,17.206097604927,53.5,3541,NA,0.683,1175.537880411467,NA,37.43,0.0022442354331627893
2013-01-01,Amazonas,1577820.2000000004,0.581,17.3513491371733,53.4,3605,NA,0.683,1161.5813240654336,NA,31.28,0.002284797722833057
2014-01-01,Amazonas,1577820.2000000004,0.562,16.5043867241644,50.6,3671,NA,0.683,1172.9381934580142,NA,32.01,0.002326627584055521
2015-01-01,Amazonas,1577820.2000000004,0.553,15.0743297144614,52.2,3736,NA,0.673,1109.2313662075333,NA,37.38,0.002367823659501887
2016-01-01,Amazonas,1577820.2000000004,0.558,14.1154730194179,59.3,3798,55.9,0.654,973.7683011443994,9,36.28,0.002407118377619959
2017-01-01,Amazonas,1577820.2000000004,0.591,14.0405494097533,56.7,3859,58.1,0.672,1096.4099172736703,9.4,41.19,0.0024457793099619328
2018-01-01,Amazonas,1577820.2000000004,0.544,14.3665643845675,55.2,3922,54.3,0.655,1002.5260233275491,9.5,37.79,0.002485707813856103
2019-01-01,Amazonas,1577820.2000000004,0.566,14.6657477161794,56.4,3983,55.4,0.658,1019.8757695415878,9.8,38.41,0.0025243687461980768
2020-01-01,Amazonas,1577820.2000000004,0.533,14.5506078559738,51.6,4044,59.1,0.657,1009.4612004283591,NA,31.51,0.002563029678540051
2021-01-01,Amazonas,1577820.2000000004,0.541,14.378978209820101,58.4,4000,59.8,0.641,914.875913795966,NA,42.52,0.002535143104391742
2022-01-01,Amazonas,1577820.2000000004,0.509,15.8321972541652,55.1,4039,58.1,NA,990.7277376129393,10.1,42.55,0.002559860749659561
2023-01-01,Amazonas,1577820.2000000004,0.512,NA,45.49327558084757,4078,57.2,NA,1165.8202527092858,10.1,36.83961146647714,0.002584578394927381
2024-01-01,Amazonas,1577820.2000000004,0.474,NA,39.21087358901987,4117,53.3,NA,1229.9496248054963,10.3,NA,0.0026092960401952
2012-01-01,Roraima,225116.1,0.549,14.0469231462247,41.4,427,NA,0.717,1450.5406346306765,NA,30.67,0.0018967990294785667
2013-01-01,Roraima,225116.1,0.556,14.6876033648444,42.5,437,NA,0.723,1486.3405681386132,NA,43.85,0.001941220552417175
2014-01-01,Roraima,225116.1,0.523,14.4647338472252,39.3,446,NA,0.712,1406.1863330953065,NA,31.79,0.0019811999230619224
2015-01-01,Roraima,225116.1,0.537,13.8916143598239,38,457,NA,0.719,1475.058820360269,NA,40.15,0.002030063598294391
2016-01-01,Roraima,225116.1,0.537,13.586597638226,40.3,468,44.3,0.714,1416.7159802639594,9.6,39.67,0.00207892727352686
2017-01-01,Roraima,225116.1,0.526,14.172564025136,43.7,487,44,0.697,1285.1709541035457,10,47.45,0.0021633281671102154
2018-01-01,Roraima,225116.1,0.566,13.5795212567416,40.3,513,44.6,0.723,1529.7733300880802,10,71.8,0.0022788241267505966
2019-01-01,Roraima,225116.1,0.58,13.2566489963717,49.7,540,48.3,0.696,1291.3554974214653,10.4,38.63,0.0023987622386848384
2020-01-01,Roraima,225116.1,0.54,13.3974520309745,48.5,563,45.8,0.68,1158.0865664632897,NA,37.54,0.002500931741443637
2021-01-01,Roraima,225116.1,0.596,13.0178063454744,57.1,574,49.8,0.68,1160.3287136064623,NA,39.52,0.002549795416676106
2022-01-01,Roraima,225116.1,0.547,14.2453657969699,45.1,590,45.2,NA,1303.663467147089,10.5,38.64,0.0026208698533778793
2023-01-01,Roraima,225116.1,0.52,NA,35.47688903505153,608,48.1,NA,1428.220490725897,10.6,35.9016393442623,0.0027008285946673737
2024-01-01,Roraima,225116.1,0.53,NA,37.56315085988252,627,44.7,NA,1512.6956884919596,10.8,NA,0.002785229488250729
2012-01-01,Pará,1253164.5,0.533,11.7752873256724,54.5,7921,NA,0.658,1001.8465550655345,NA,41.37,0.006320798267106992
2013-01-01,Pará,1253164.5,0.531,12.1011674780653,54.6,8014,NA,0.66,1000.0234157016496,NA,42.72,0.006395010391692392
2014-01-01,Pará,1253164.5,0.507,11.3827999098225,51,8109,NA,0.66,1013.2362980492276,NA,42.68,0.006470818475946294
2015-01-01,Pará,1253164.5,0.515,10.9808689427002,53.1,8204,NA,0.656,990.6835127753604,NA,44.95,0.006546626560200197
2016-01-01,Pará,1253164.5,0.51,10.5908772272473,55,8293,60.5,0.646,924.8341662236605,8.1,50.85,0.00661764676544859
2017-01-01,Pará,1253164.5,0.506,11.3533837932537,53.9,8381,61.7,0.647,932.8567440912543,8.3,54.68,0.006687868990862732
2018-01-01,Pará,1253164.5,0.562,11.1193636927088,53.4,8472,61.1,0.667,1079.3105342288277,8.5,53.19,0.006760485155779628
2019-01-01,Pará,1253164.5,0.528,11.6719546412561,54.7,8561,61.4,0.651,972.9527514776278,8.7,39.58,0.006831505361028022
2020-01-01,Pará,1253164.5,0.48,13.1118798171879,46.3,8649,61.1,0.664,1047.9185662734967,NA,32.32,0.006901727586442163
2021-01-01,Pará,1253164.5,0.529,13.9821424270306,55.1,8470,58.6,0.645,934.2959976570472,NA,32.43,0.006758889196111125
2022-01-01,Pará,1253164.5,0.508,12.5036449413336,47,8519,62.9,NA,1112.710701849275,8.9,32.89,0.006797990207989454
2023-01-01,Pará,1253164.5,0.501,NA,39.242945923799496,8565,59.6,NA,1273.0379867862644,9.2,28.555380813300385,0.006834697280365028
2024-01-01,Pará,1253164.5,0.492,NA,38.56482270841833,8612,56.7,NA,1325.2043083191065,9.4,NA,0.006872202332574853
2012-01-01,Amapá,143453.7,0.528,13.6270298160783,52.7,721,NA,0.673,1108.5015656611195,NA,36.22,0.005026011877002823
2013-01-01,Amapá,143453.7,0.513,13.8152715172707,46.3,738,NA,0.691,1219.1538851804125,NA,30.61,0.005144517011412044
2014-01-01,Amapá,143453.7,0.523,13.1641599977547,46.6,755,NA,0.687,1202.155469407754,NA,34.09,0.005263022145821265
2015-01-01,Amapá,143453.7,0.548,12.3988853558194,48.6,772,NA,0.69,1229.3908361739125,NA,38.22,0.005381527280230485
2016-01-01,Amapá,143453.7,0.555,11.6304239464276,51.7,789,49.1,0.682,1161.7812129058682,9.7,48.7,0.005500032414639706
2017-01-01,Amapá,143453.7,0.589,11.8758938886775,55.4,805,49,0.683,1175.0758477405434,9.9,48.01,0.00561156665878956
2018-01-01,Amapá,143453.7,0.547,11.8570346411122,52.8,822,49.4,0.666,1078.0707819663505,9.8,51.36,0.005730071793198781
2019-01-01,Amapá,143453.7,0.513,11.6240665792299,53.5,838,53.8,0.665,1066.4222422062244,9.8,42.68,0.0058416060373486355
2020-01-01,Amapá,143453.7,0.5,11.3096955357348,49.1,853,53.4,0.663,1042.8816979241476,NA,44.9,0.005946169391239124
2021-01-01,Amapá,143453.7,0.53,10.6909656669447,57,782,50,0.648,953.2555145306217,NA,52.64,0.005451236182824145
2022-01-01,Amapá,143453.7,0.531,13.837197557066,47.8,787,46.3,NA,1217.7348107967744,10.3,40.48,0.0054860906341209735
2023-01-01,Amapá,143453.7,0.491,NA,32.892539623617324,791,46.6,NA,1491.7591830498295,10.5,57.333333333333336,0.005513974195158438
2024-01-01,Amapá,143453.7,0.509,NA,35.817096347348205,794,45.9,NA,1508.2078845096246,10.5,NA,0.005534886865936535
2012-01-01,Tocantins,278420.7,0.507,12.4785192838582,48.2,1437,NA,0.674,1111.7384941052135,NA,26.73,0.0051612541739892185
2013-01-01,Tocantins,278420.7,0.515,12.8076191688424,47.1,1455,NA,0.68,1138.4772403050947,NA,23.61,0.005225904539425409
2014-01-01,Tocantins,278420.7,0.498,12.9064106814045,42.1,1473,NA,0.692,1240.7438888618933,NA,25.45,0.005290554904861599
2015-01-01,Tocantins,278420.7,0.506,13.0947291389022,43.3,1491,NA,0.688,1215.1173729811799,NA,33.2,0.00535520527029779
2016-01-01,Tocantins,278420.7,0.489,13.0712239175764,43.4,1508,42.9,0.679,1139.6021421568823,8.3,37.64,0.0054162639487653035
2017-01-01,Tocantins,278420.7,0.495,13.4637264418034,42.2,1524,43.9,0.687,1205.690477599257,8.6,35.93,0.0054737309402641396
2018-01-01,Tocantins,278420.7,0.529,13.4296985544096,41.3,1542,44.5,0.698,1314.4040174476797,8.7,36.65,0.00553838130570033
2019-01-01,Tocantins,278420.7,0.53,14.0589775517968,43.7,1560,46.6,0.693,1273.5131130203965,8.8,28.99,0.005603031671136521
2020-01-01,Tocantins,278420.7,0.485,14.4848879912141,38.2,1577,43.7,0.691,1241.746122068037,NA,30.43,0.005664090349604034
2021-01-01,Tocantins,278420.7,0.514,15.0377074463739,42.8,1532,44,0.684,1192.6142424961602,NA,27.43,0.005502464436013558
2022-01-01,Tocantins,278420.7,0.507,16.5584093720761,34,1541,43.7,NA,1421.5249851206531,9.5,28.19,0.005534789618731653
2023-01-01,Tocantins,278420.7,0.477,NA,28.59880380591986,1551,45.3,NA,1544.2863512964248,9.5,25.752919483712354,0.005570706488418425
2024-01-01,Tocantins,278420.7,0.477,NA,23.852117262313964,1561,42.3,NA,1724.6278073875742,9.7,NA,0.005606623358105198
2012-01-01,Maranhão,333365.60000000003,0.498,7.70521422702918,64.3,6766,NA,0.602,722.0657175671356,NA,26.47,0.02029603534377872
2013-01-01,Maranhão,333365.60000000003,0.494,7.92658113078211,62.3,6803,NA,0.607,743.1230325301892,NA,31.84,0.020407024600018715
2014-01-01,Maranhão,333365.60000000003,0.475,8.27409300216962,60.8,6842,NA,0.61,758.6001914892169,NA,35.94,0.020524013275514928
2015-01-01,Maranhão,333365.60000000003,0.495,7.79495031226791,61.3,6883,NA,0.613,776.1312647847756,NA,35.31,0.020647001370267357
2016-01-01,Maranhão,333365.60000000003,0.517,7.7824348702349,62.8,6921,65.7,0.615,782.2011367803295,7.1,34.63,0.02076099033613546
2017-01-01,Maranhão,333365.60000000003,0.526,7.82729334429133,62.8,6960,64.3,0.616,784.6594022619753,7.3,31.14,0.020877979011631673
2018-01-01,Maranhão,333365.60000000003,0.528,8.1725441994043,63.2,7001,60.6,0.613,772.8861544894428,7.6,28.17,0.0210009671063841
2019-01-01,Maranhão,333365.60000000003,0.531,7.73016336017191,62.1,7041,60.2,0.614,782.1546419504315,7.8,24.08,0.02112095549150842
2020-01-01,Maranhão,333365.60000000003,0.482,7.93030504933512,57.3,7080,61.2,0.621,818.1976810300152,NA,29.55,0.02123794416700463
2021-01-01,Maranhão,333365.60000000003,0.53,8.15579000015671,65.6,6945,61.3,0.603,722.710961567039,NA,27.94,0.020832983367210053
2022-01-01,Maranhão,333365.60000000003,0.491,8.86914834449816,56.7,6954,59.7,NA,858.3693230806493,8.4,27.14,0.020859980753863024
2023-01-01,Maranhão,333365.60000000003,0.492,NA,51.21800904105231,6959,56.5,NA,968.5256437755141,8.5,27.919911012235815,0.020874979302003563
2024-01-01,Maranhão,333365.60000000003,0.487,NA,45.799977836389964,6966,57.5,NA,1075.7255084139642,8.6,NA,0.02089597726940032
2012-01-01,Piauí,252378.60000000006,0.495,7.76930047191809,55.4,3213,NA,0.635,895.7685633956066,NA,16.61,0.01273087337832922
2013-01-01,Piauí,252378.60000000006,0.535,7.81620642088833,51,3221,NA,0.666,1080.6284215647204,NA,18.78,0.01276257178698986
2014-01-01,Piauí,252378.60000000006,0.516,8.73336239082601,49.8,3229,NA,0.665,1081.313103369801,NA,22.45,0.0127942701956505
2015-01-01,Piauí,252378.60000000006,0.52,8.40155960944959,48.9,3238,NA,0.668,1107.6928130025276,NA,20.29,0.012829930905393718
2016-01-01,Piauí,252378.60000000006,0.528,8.20100948939553,53.1,3246,59.5,0.655,1011.7597604126919,7.4,21.82,0.012861629314054358
2017-01-01,Piauí,252378.60000000006,0.529,8.64573474995716,53.2,3255,58.6,0.653,994.1590748177523,7.6,19.45,0.012897290023797577
2018-01-01,Piauí,252378.60000000006,0.53,9.06076304562286,52.2,3264,58.2,0.658,1038.4731645797751,7.6,18.96,0.012932950733540796
2019-01-01,Piauí,252378.60000000006,0.537,9.08392306422344,52.6,3272,58.8,0.657,1031.5174626550468,7.7,17.38,0.012964649142201435
2020-01-01,Piauí,252378.60000000006,0.474,9.0685891147751,46.6,3281,58.7,0.659,1039.6047662715318,NA,20.53,0.013000309851944655
2021-01-01,Piauí,252378.60000000006,0.516,9.08650712330821,51.8,3348,56.7,0.649,973.991154536482,NA,23.28,0.013265784024477508
2022-01-01,Piauí,252378.60000000006,0.518,9.5731940654998,48.2,3357,56.8,NA,1138.8744876704848,8.1,24.09,0.013301444734220727
2023-01-01,Piauí,252378.60000000006,0.552,NA,45.34031798806227,3366,52.5,NA,1326.545758042069,8.4,21.949742658189525,0.013337105443963946
2024-01-01,Piauí,252378.60000000006,0.493,NA,37.31170379782223,3375,54.9,NA,1346.7120222225258,8.6,NA,0.013372766153707165
2012-01-01,Ceará,146348.30000000005,0.545,9.63728290166926,56.2,8735,NA,0.648,1012.7871130474946,NA,44.63,0.05968637831802622
2013-01-01,Ceará,146348.30000000005,0.537,9.88150616874782,52.4,8789,NA,0.656,1046.745824738133,NA,50.95,0.06005536108038151
2014-01-01,Ceará,146348.30000000005,0.522,10.5156734472499,51.6,8844,NA,0.656,1051.3413481727707,NA,52.31,0.060431176856854486
2015-01-01,Ceará,146348.30000000005,0.528,10.0606804404762,52.2,8902,NA,0.657,1064.3663150976831,NA,46.75,0.06082749167568053
2016-01-01,Ceará,146348.30000000005,0.543,9.79655832014634,54.4,8959,53.2,0.656,1033.890948505419,7.5,40.63,0.06121697348038889
2017-01-01,Ceará,146348.30000000005,0.547,10.0345086691171,52.3,9015,53.6,0.666,1089.1405162535023,7.9,60.23,0.06159962227097955
2018-01-01,Ceará,146348.30000000005,0.547,10.0596542901637,51.6,9073,55.7,0.666,1106.687044695168,8.2,53.99,0.0619959370898056
2019-01-01,Ceará,146348.30000000005,0.562,10.064294721295,51,9129,54.9,0.677,1179.4172789153845,8.3,26.47,0.06237858588039627
2020-01-01,Ceará,146348.30000000005,0.544,9.58767458792319,47.5,9184,53.4,0.684,1223.5251247720628,NA,43.45,0.06275440165686924
2021-01-01,Ceará,146348.30000000005,0.549,9.8447770546924,54.6,9114,53.4,0.658,1028.8983492796872,NA,37.56,0.062276090668630914
2022-01-01,Ceará,146348.30000000005,0.518,10.4422854581163,50.7,9146,53.3,NA,1082.1827024711608,8.6,32.62,0.06249474712039701
2023-01-01,Ceará,146348.30000000005,0.513,NA,48.723369260725825,9180,52.7,NA,1140.1909873315615,8.7,32.037691401649,0.06272706960039848
2024-01-01,Ceará,146348.30000000005,0.489,NA,43.277529895434704,9217,54,NA,1208.4172373600386,8.8,NA,0.06297989112275303
2012-01-01,Rio Grande do Norte,53306.799999999996,0.508,12.2962890625519,51.5,3303,NA,0.658,1032.8343557529481,NA,34.82,0.06196207613287611
2013-01-01,Rio Grande do Norte,53306.799999999996,0.505,12.1478141887044,47.8,3333,NA,0.67,1106.5338444756626,NA,42.89,0.06252485611591767
2014-01-01,Rio Grande do Norte,53306.799999999996,0.51,11.6917353160232,45.8,3363,NA,0.676,1153.502631031836,NA,47,0.06308763609895923
2015-01-01,Rio Grande do Norte,53306.799999999996,0.518,11.4062159656552,43.8,3394,NA,0.687,1244.9880685106368,NA,44.88,0.06366917541476885
2016-01-01,Rio Grande do Norte,53306.799999999996,0.543,10.8945061594906,45.9,3423,44.8,0.687,1235.4386418891693,8.2,53.35,0.06421319606504236
2017-01-01,Rio Grande do Norte,53306.799999999996,0.523,11.2204098453464,48.8,3451,45.3,0.672,1122.346848536704,8.3,62.82,0.06473845738254783
2018-01-01,Rio Grande do Norte,53306.799999999996,0.54,11.2726431289824,47.3,3479,48.2,0.686,1229.1460567917313,8.5,52.46,0.06526371870005328
2019-01-01,Rio Grande do Norte,53306.799999999996,0.554,11.429601848014,47.1,3507,48.6,0.693,1283.686967338078,8.6,38.38,0.06578898001755874
2020-01-01,Rio Grande do Norte,53306.799999999996,0.512,10.6877190969271,41.6,3534,44.8,0.695,1299.410421438439,NA,39.78,0.06629548200229615
2021-01-01,Rio Grande do Norte,53306.799999999996,0.587,10.5108302739336,50.9,3419,45.2,0.692,1275.9114689157161,NA,33.1,0.06413815873397015
2022-01-01,Rio Grande do Norte,53306.799999999996,0.526,12.2136612970408,44.2,3428,44.7,NA,1288.2603074798105,9,32.53,0.06430699272888263
2023-01-01,Rio Grande do Norte,53306.799999999996,0.535,NA,43.50673340616481,3436,45.9,NA,1349.8672515636265,9.1,26.439645625692137,0.06445706739102704
2024-01-01,Rio Grande do Norte,53306.799999999996,0.525,NA,33.46710074285352,3446,42.4,NA,1572.612644362224,9.4,NA,0.06464466071870756
2012-01-01,Paraíba,56584.59999999997,0.517,9.52484343625272,54.8,3855,NA,0.649,978.5449229576186,NA,39.97,0.06812807725070076
2013-01-01,Paraíba,56584.59999999997,0.513,9.42568698151691,52.8,3870,NA,0.655,1010.3887822051314,NA,39.62,0.06839316704545056
2014-01-01,Paraíba,56584.59999999997,0.524,9.90145539614492,49.5,3890,NA,0.671,1120.1249646045462,NA,39.33,0.06874662010511698
2015-01-01,Paraíba,56584.59999999997,0.531,9.69277589424106,48.3,3912,NA,0.678,1177.8677617380374,NA,38.32,0.06913541847075003
2016-01-01,Paraíba,56584.59999999997,0.527,9.37515454150355,52.2,3933,52.6,0.663,1066.3807998328246,7.6,33.88,0.06950654418339976
2017-01-01,Paraíba,56584.59999999997,0.548,9.48482795858451,49.6,3953,51.8,0.682,1193.2326868303805,7.8,33.31,0.06985999724306617
2018-01-01,Paraíba,56584.59999999997,0.549,9.43262040426853,50.3,3975,52.7,0.672,1132.4341284351694,7.8,31.13,0.07024879560869922
2019-01-01,Paraíba,56584.59999999997,0.561,9.5067366737598,51.9,3997,53.5,0.672,1128.7408429726659,7.9,23.72,0.07063759397433228
2020-01-01,Paraíba,56584.59999999997,0.512,9.1833298785122,49.2,4018,51.3,0.664,1070.5278502457347,NA,28.24,0.07100871968698201
2021-01-01,Paraíba,56584.59999999997,0.562,8.90731240962726,56.2,4064,51.6,0.653,1001.6231202410111,NA,28.17,0.07182166172421475
2022-01-01,Paraíba,56584.59999999997,0.558,9.31316908599332,52.7,4082,53.1,NA,1132.695454413034,8.1,27.23,0.07213976947791452
2023-01-01,Paraíba,56584.59999999997,0.559,NA,47.43619833531802,4101,50,NA,1322.7396423705757,8.3,26.46553838606819,0.07247554988459762
2024-01-01,Paraíba,56584.59999999997,0.495,NA,38.33654603856766,4121,50,NA,1360.8772687040469,8.5,NA,0.07282900294426403
2012-01-01,Pernambuco,98937.79999999999,0.573,12.2566938712412,54,9071,NA,0.673,1139.4608206148462,NA,37.25,0.09168386602491667
2013-01-01,Pernambuco,98937.79999999999,0.566,12.19454220812,49.7,9134,NA,0.685,1222.0426662906696,NA,33.92,0.09232062972898125
2014-01-01,Pernambuco,98937.79999999999,0.566,12.3355297403213,46.5,9196,NA,0.698,1315.1043439103926,NA,36.19,0.09294728607266385
2015-01-01,Pernambuco,98937.79999999999,0.567,11.5187210690907,48.9,9261,NA,0.688,1248.978065528806,NA,41.16,0.09360426449749237
2016-01-01,Pernambuco,98937.79999999999,0.567,11.2813217310813,51.6,9320,47.5,0.677,1161.7049000437644,8.1,47.26,0.09420059876002904
2017-01-01,Pernambuco,98937.79999999999,0.551,11.730924202039,51.1,9378,48.4,0.671,1105.9409992010133,8.3,57.2,0.09478682566218373
2018-01-01,Pernambuco,98937.79999999999,0.534,11.4916879638746,50,9439,48,0.669,1098.344914188982,8.7,44.12,0.09540337464548435
2019-01-01,Pernambuco,98937.79999999999,0.574,11.631984593344,51.8,9499,48,0.68,1179.7146729918495,8.8,36.35,0.09600981626840299
2020-01-01,Pernambuco,98937.79999999999,0.536,10.6077555713255,49.2,9559,48.5,0.667,1092.610865234057,NA,39.36,0.09661625789132162
2021-01-01,Pernambuco,98937.79999999999,0.579,10.6539616153991,59.7,9412,51.5,0.647,958.1293317621543,NA,35.54,0.09513047591517096
2022-01-01,Pernambuco,98937.79999999999,0.515,11.6675881035214,50.7,9435,52.8,NA,1032.2354080281223,8.8,35.24,0.09536294520395644
2023-01-01,Pernambuco,98937.79999999999,0.496,NA,47.47800172488597,9456,48.9,NA,1099.2191814986832,9,38.00760768993523,0.09557519977197797
2024-01-01,Pernambuco,98937.79999999999,0.532,NA,40.22704592920485,9481,50.2,NA,1410.3772535114413,9.1,NA,0.0958278837815274
2012-01-01,Alagoas,27933.099999999995,0.503,9.36206682518586,60.4,3224,NA,0.627,852.3416183036582,NA,64.63,0.11541862521524644
2013-01-01,Alagoas,27933.099999999995,0.51,8.98552559757614,60.3,3241,NA,0.629,860.4810033406841,NA,65.07,0.11602722218443354
2014-01-01,Alagoas,27933.099999999995,0.527,9.09960967644582,56.4,3257,NA,0.645,955.1600868140587,NA,62.78,0.11660001933190375
2015-01-01,Alagoas,27933.099999999995,0.525,9.5177831521667,59.7,3272,NA,0.636,906.1354370887526,NA,52.33,0.11713701665765706
2016-01-01,Alagoas,27933.099999999995,0.523,9.34281892131393,58.4,3287,46.4,0.637,909.3430511966617,7,54.18,0.11767401398341039
2017-01-01,Alagoas,27933.099999999995,0.525,9.58004363971788,59.3,3301,45,0.631,868.2757289743885,7.2,53.71,0.11817521148744681
2018-01-01,Alagoas,27933.099999999995,0.55,9.58959370040225,59.7,3316,43.3,0.637,908.2005339631125,7.5,43.37,0.11871220881320013
2019-01-01,Alagoas,27933.099999999995,0.527,9.92698662436486,58.2,3330,46.5,0.636,906.0417576980374,7.7,33.41,0.11921340631723656
2020-01-01,Alagoas,27933.099999999995,0.51,9.95144473006626,53.7,3344,47.3,0.645,955.4435551867444,NA,38.54,0.119714603821273
2021-01-01,Alagoas,27933.099999999995,0.526,10.5785363512482,60.3,3209,48.6,0.63,869.4639072578666,NA,31.79,0.11488162788949313
2022-01-01,Alagoas,27933.099999999995,0.498,10.4566700448319,54.2,3210,46.9,NA,961.2816233202641,8.3,33.7,0.11491742771121002
2023-01-01,Alagoas,27933.099999999995,0.486,NA,46.22835084506862,3210,45.4,NA,1102.3591602886463,8.4,35.28368794326241,0.11491742771121002
2024-01-01,Alagoas,27933.099999999995,0.518,NA,40.91591570075043,3211,47.5,NA,1317.3119572045491,8.5,NA,0.1149532275329269
2012-01-01,Sergipe,22050.299999999996,0.569,13.3112412384215,52.6,2152,NA,0.679,1170.2646010522124,NA,41.64,0.0975950440583575
2013-01-01,Sergipe,22050.299999999996,0.572,12.8034444762756,52.1,2173,NA,0.685,1205.6949779504218,NA,43.95,0.09854741205335077
2014-01-01,Sergipe,22050.299999999996,0.543,12.4540454220858,49.1,2195,NA,0.688,1236.4624343981886,NA,49.42,0.09954513090524847
2015-01-01,Sergipe,22050.299999999996,0.539,11.7889013800874,48.6,2216,NA,0.68,1178.4954724868012,NA,58.09,0.10049749890024175
2016-01-01,Sergipe,22050.299999999996,0.567,10.8850990229818,51.1,2237,51.7,0.683,1195.8964737878132,7.9,64.66,0.10144986689523501
2017-01-01,Sergipe,22050.299999999996,0.551,10.8876038957011,51,2257,49.4,0.67,1096.5067737296124,8,57.38,0.10235688403332383
2018-01-01,Sergipe,22050.299999999996,0.578,10.8000737716798,53.2,2278,54.1,0.676,1152.7673991450197,8.1,49.73,0.10330925202831709
2019-01-01,Sergipe,22050.299999999996,0.581,10.9234280285942,52.5,2299,53.7,0.682,1187.1739149575483,8.3,42.33,0.10426162002331037
2020-01-01,Sergipe,22050.299999999996,0.524,10.334239461885,43.9,2319,51.8,0.687,1224.0821928576765,NA,42.3,0.10516863716139918
2021-01-01,Sergipe,22050.299999999996,0.568,10.3523467516066,55.7,2265,53,0.662,1059.455503904898,NA,33.78,0.10271969088855935
2022-01-01,Sergipe,22050.299999999996,0.528,11.1618304295271,45.6,2273,53.6,NA,1201.256413086615,8.6,32.66,0.1030824977437949
2023-01-01,Sergipe,22050.299999999996,0.507,NA,44.07320584724236,2282,51,NA,1198.2142142735502,8.9,29.377104377104377,0.10349065545593486
2024-01-01,Sergipe,22050.299999999996,0.5,NA,36.40480126304658,2291,51.2,NA,1434.1154782912174,8.9,NA,0.10389881316807482
2012-01-01,Bahia,567295.2999999998,0.563,11.0154924484668,55.5,14423,NA,0.666,1065.6382923200933,NA,43.37,0.0254241485871644
2013-01-01,Bahia,567295.2999999998,0.535,10.8325734613762,52.1,14486,NA,0.667,1076.1456031948455,NA,37.85,0.02553520186047726
2014-01-01,Bahia,567295.2999999998,0.528,10.9205788810892,48.5,14547,NA,0.676,1148.6129027049894,NA,40.01,0.025642729633050025
2015-01-01,Bahia,567295.2999999998,0.522,11.0534322967425,48.7,14610,NA,0.671,1119.818149959964,NA,39.54,0.025753782906362883
2016-01-01,Bahia,567295.2999999998,0.539,10.7445541341173,52.7,14670,53.7,0.662,1053.6034500493402,7.8,46.94,0.025859547928565606
2017-01-01,Bahia,567295.2999999998,0.59,10.716396033956,54.1,14731,53.9,0.675,1147.4882002393263,7.9,48.79,0.025967075701138376
2018-01-01,Bahia,567295.2999999998,0.55,11.3162311484371,53.4,14793,53.6,0.664,1078.684748893427,8.1,45.82,0.026076366224081188
2019-01-01,Bahia,567295.2999999998,0.557,11.0779314073939,50.6,14854,54.3,0.673,1138.509186726478,8.2,41.13,0.026183893996653957
2020-01-01,Bahia,567295.2999999998,0.537,10.7913523221634,46.6,14911,52.7,0.679,1181.663859836873,NA,47.39,0.02628437076774654
2021-01-01,Bahia,567295.2999999998,0.546,10.984150179463,55.8,14767,53.5,0.648,981.2990418512908,NA,48.08,0.02603053471446001
2022-01-01,Bahia,567295.2999999998,0.511,12.2419713340974,50.5,14790,54.7,NA,1046.7960853186808,8.6,45.12,0.026071077972971052
2023-01-01,Bahia,567295.2999999998,0.49,NA,45.956723040176506,14808,53.7,NA,1128.8649557858605,8.6,43.91636242947229,0.026102807479631868
2024-01-01,Bahia,567295.2999999998,0.481,NA,35.71743725424267,14829,50.2,NA,1340.7437403218494,8.9,NA,0.02613982523740282
2012-01-01,Minas Gerais,588383.5999999999,0.5,19.0513135511174,31.4,20225,NA,0.726,1518.9430173943076,NA,22.98,0.034373833669055366
2013-01-01,Minas Gerais,588383.5999999999,0.492,18.8526390238137,28.8,20361,NA,0.733,1584.6026855457667,NA,22.91,0.03460497539360377
2014-01-01,Minas Gerais,588383.5999999999,0.49,18.3808689460761,27.4,20498,NA,0.739,1648.687813758114,NA,22.78,0.034837816689656215
2015-01-01,Minas Gerais,588383.5999999999,0.485,17.0660554717098,26.6,20639,NA,0.736,1639.619117996784,NA,21.72,0.03507745627172478
2016-01-01,Minas Gerais,588383.5999999999,0.491,16.4599649722119,30,20770,37.2,0.725,1536.9320610369086,8.9,22.01,0.035300100138753024
2017-01-01,Minas Gerais,588383.5999999999,0.493,16.6999268567914,29.3,20898,39.4,0.731,1601.2968434327925,8.9,20.36,0.035517645291269176
2018-01-01,Minas Gerais,588383.5999999999,0.492,17.1132301745017,28.9,21030,39.1,0.733,1628.306900498144,9.1,16.03,0.03574198872980145
2019-01-01,Minas Gerais,588383.5999999999,0.487,17.3022223526611,27.3,21158,39.1,0.734,1634.823083134938,9.2,13.67,0.035959533882317596
2020-01-01,Minas Gerais,588383.5999999999,0.46,16.9220257278023,24.3,21282,37.5,0.729,1581.1851127970995,NA,12.88,0.03617028074881762
2021-01-01,Minas Gerais,588383.5999999999,0.487,18.6961768534125,31.3,21105,37.9,0.718,1482.0091829913072,NA,12.03,0.035869456592603884
2022-01-01,Minas Gerais,588383.5999999999,0.466,18.980373867784,27,21166,39,NA,1567.0126425275387,9.6,12.54,0.035973130454349855
2023-01-01,Minas Gerais,588383.5999999999,0.476,NA,19.769531401614806,21235,37.1,NA,1862.8040336218016,9.7,12.925453200147984,0.036090400888128094
2024-01-01,Minas Gerais,588383.5999999999,0.449,NA,16.800188355530008,21310,37.2,NA,1954.3773942786,9.9,NA,0.036217868750930526
2012-01-01,Espírito Santo,46184.10000000001,0.489,27.9308662934714,29.7,3686,NA,0.73,1576.1114525955934,NA,46.59,0.07981101721155114
2013-01-01,Espírito Santo,46184.10000000001,0.499,24.3006898592702,30.1,3733,NA,0.734,1626.124250557482,NA,42.25,0.08082868346465556
2014-01-01,Espírito Santo,46184.10000000001,0.501,24.4530403706881,28.5,3781,NA,0.742,1703.8320089835531,NA,41.42,0.08186800219123029
2015-01-01,Espírito Santo,46184.10000000001,0.505,21.0045561779375,30.6,3829,NA,0.731,1612.6425635262326,NA,36.9,0.08290732091780502
2016-01-01,Espírito Santo,46184.10000000001,0.51,17.4436081530004,32.5,3876,35.4,0.727,1589.455787552912,9.1,31.96,0.08392498717090945
2017-01-01,Espírito Santo,46184.10000000001,0.506,17.2772257609835,31,3922,38.9,0.727,1592.593434069777,9.4,37.87,0.08492100095054356
2018-01-01,Espírito Santo,46184.10000000001,0.509,20.1993062162631,29.2,3969,41,0.735,1669.0225319163249,9.4,29.33,0.08593866720364798
2019-01-01,Espírito Santo,46184.10000000001,0.52,19.2030279007763,27.7,4015,41.9,0.747,1803.2536644507784,9.6,25.95,0.0869346809832821
2020-01-01,Espírito Santo,46184.10000000001,0.484,17.977058141847,26.2,4060,41.1,0.733,1656.6535500984141,NA,30.24,0.0879090422894459
2021-01-01,Espírito Santo,46184.10000000001,0.509,21.1709795715672,34.1,4022,39.8,0.715,1471.6600348357085,NA,30.49,0.08708624829757425
2022-01-01,Espírito Santo,46184.10000000001,0.493,20.4731968048921,26.3,4046,39.2,NA,1744.0366451237046,9.9,27.65,0.08760590766086161
2023-01-01,Espírito Santo,46184.10000000001,0.486,NA,22.813462637924413,4071,38.7,NA,1883.097069763895,10,27.708830548926013,0.08814721949761929
2024-01-01,Espírito Santo,46184.10000000001,0.483,NA,18.59933543656975,4097,38.8,NA,2067.586474753384,10.2,NA,0.08871018380784726
2012-01-01,Rio de Janeiro,43909.700000000004,0.529,30.2919974082902,26.7,16510,NA,0.756,1906.469860050519,NA,29.4,0.3759989250666709
2013-01-01,Rio de Janeiro,43909.700000000004,0.518,30.5326254469991,24.5,16616,NA,0.757,1913.3732229429672,NA,31.22,0.3784129702548639
2014-01-01,Rio de Janeiro,43909.700000000004,0.511,30.0732017804297,22.8,16726,NA,0.764,1982.4780375305434,NA,34.74,0.38091811148789445
2015-01-01,Rio de Janeiro,43909.700000000004,0.503,27.3130888585425,23.5,16841,NA,0.758,1902.5223438670319,NA,30.62,0.3835371227769718
2016-01-01,Rio de Janeiro,43909.700000000004,0.525,24.4205605149023,25.7,16947,31.7,0.761,1926.3536103248825,10.1,36.38,0.3859511679651648
2017-01-01,Rio de Janeiro,43909.700000000004,0.519,24.5809460397306,25.4,17051,34.8,0.757,1882.8990427188328,10.2,38.38,0.38831966513093913
2018-01-01,Rio de Janeiro,43909.700000000004,0.543,25.8969621307704,25.7,17159,36.4,0.774,2087.2101607674717,10.6,37.62,0.3907792583415509
2019-01-01,Rio de Janeiro,43909.700000000004,0.552,25.3819204272243,25.8,17264,36.7,0.783,2202.6490000599524,10.7,20.57,0.3931705295185346
2020-01-01,Rio de Janeiro,43909.700000000004,0.548,22.9067239326477,25.9,17366,37.1,0.77,2033.7777585505057,NA,27.81,0.39549347866189016
2021-01-01,Rio de Janeiro,43909.700000000004,0.565,25.3748477073701,30.5,17220,37.1,0.759,1930.3801376261597,NA,26.87,0.3921684730253224
2022-01-01,Rio de Janeiro,43909.700000000004,0.54,30.8911318989663,26.6,17211,37.5,NA,2009.2543463630598,11,21.43,0.39196350692443804
2023-01-01,Rio de Janeiro,43909.700000000004,0.54,NA,21.03226917470105,17213,36.5,NA,2305.356765506165,11.2,24.325549761958737,0.3920090549468568
2024-01-01,Rio de Janeiro,43909.700000000004,0.523,NA,17.943441286091304,17219,38.3,NA,2420.599773304362,11.2,NA,0.392145699014113
2012-01-01,São Paulo,248808.80000000008,0.511,31.822241858893,18.8,43114,NA,0.782,2242.810883827546,NA,15.67,0.17328165241743856
2013-01-01,São Paulo,248808.80000000008,0.51,31.2521113531499,17.6,43523,NA,0.787,2319.880394243103,NA,13.82,0.17492548495069302
2014-01-01,São Paulo,248808.80000000008,0.507,31.1285383609677,16.5,43932,NA,0.79,2374.463956104124,NA,14.05,0.17656931748394747
2015-01-01,São Paulo,248808.80000000008,0.513,29.9656471282693,18.3,44350,NA,0.782,2256.1225418721965,NA,12.22,0.1782493223712344
2016-01-01,São Paulo,248808.80000000008,0.524,28.9019883844085,18.7,44754,26.6,0.787,2331.0264810574254,10.2,10.88,0.17987305915224858
2017-01-01,São Paulo,248808.80000000008,0.526,28.7778373149209,20.9,45143,28.3,0.781,2233.963711935978,10.5,10.27,0.18143650867654193
2018-01-01,São Paulo,248808.80000000008,0.538,28.4265259842617,20.1,45533,30.9,0.791,2372.2763951561556,10.5,8.18,0.18300397735128335
2019-01-01,São Paulo,248808.80000000008,0.526,28.7344495428221,18.7,45913,31,0.791,2363.1133085899883,10.6,7.32,0.1845312545215442
2020-01-01,São Paulo,248808.80000000008,0.522,27.1058293942081,20.2,46283,30.2,0.781,2220.4871060295886,NA,7.33,0.18601834018732452
2021-01-01,São Paulo,248808.80000000008,0.533,27.2152770249894,23.7,45647,29.1,0.771,2101.572180448298,NA,6.63,0.1834621605023616
2022-01-01,São Paulo,248808.80000000008,0.5,30.3057022010425,19.6,45732,30.5,NA,2182.5235800008277,10.9,6.84,0.18380378829044627
2023-01-01,São Paulo,248808.80000000008,0.504,NA,16.465384978257838,45846,30.6,NA,2413.590853021553,10.9,6.429733555898324,0.1842619714415245
2024-01-01,São Paulo,248808.80000000008,0.491,NA,13.951859716871148,45968,31,NA,2585.964004509832,11,NA,0.1847523077961872
2012-01-01,Paraná,199709.10000000006,0.483,23.0939072084499,21.4,10809,NA,0.757,1925.4992342444402,NA,32.98,0.05412372295503808
2013-01-01,Paraná,199709.10000000006,0.473,24.1242487838773,19.7,10895,NA,0.761,1981.9998821222844,NA,26.7,0.054554349301058375
2014-01-01,Paraná,199709.10000000006,0.464,23.1710875382819,17.8,10985,NA,0.765,2020.2335197326681,NA,26.89,0.055005004779451694
2015-01-01,Paraná,199709.10000000006,0.453,23.158443319241,19.7,11076,NA,0.754,1875.887415676473,NA,26.3,0.05546066754093828
2016-01-01,Paraná,199709.10000000006,0.477,22.6728513666852,21.6,11163,31.8,0.756,1901.706447663564,9.2,27.4,0.05589630117005182
2017-01-01,Paraná,199709.10000000006,0.481,22.7828542886665,20.5,11249,33.5,0.759,1944.7040751809488,9.3,24.37,0.05632692751607211
2018-01-01,Paraná,199709.10000000006,0.492,22.7054696188771,20.4,11336,35.3,0.766,2025.122411204184,9.5,21.53,0.05676256114518565
2019-01-01,Paraná,199709.10000000006,0.477,22.9179498420863,20.1,11421,34.3,0.764,2014.3903040911105,9.7,18.32,0.057188180208112685
2020-01-01,Paraná,199709.10000000006,0.462,22.3574582197826,20.1,11503,31.5,0.751,1866.9793881870423,NA,19.8,0.05759877742175993
2021-01-01,Paraná,199709.10000000006,0.475,22.1362871909488,23.4,11616,30.3,0.744,1762.96947354621,NA,20.24,0.058164600411298215
2022-01-01,Paraná,199709.10000000006,0.47,23.0905679478886,20,11672,32.1,NA,1873.043880563599,9.9,22.29,0.058445008264520724
2023-01-01,Paraná,199709.10000000006,0.463,NA,17.291740479182675,11739,31.7,NA,2045.5308971107652,10,18.86181632305333,0.05878049623176909
2024-01-01,Paraná,199709.10000000006,0.477,NA,13.656788645912071,11810,31.3,NA,2436.890913766316,10.1,NA,0.059136013331390486
2012-01-01,Santa Catarina,95442.8999999999,0.435,25.7807011097479,15,6520,NA,0.764,1998.7508499883484,NA,12.86,0.06831309610248648
2013-01-01,Santa Catarina,95442.8999999999,0.428,25.7237974307952,13.3,6609,NA,0.768,2051.020778074667,NA,11.89,0.06924559081922287
2014-01-01,Santa Catarina,95442.8999999999,0.408,26.5977271412833,12,6699,NA,0.769,2065.948472918036,NA,13.45,0.07018856300468664
2015-01-01,Santa Catarina,95442.8999999999,0.414,25.0494335823392,12.6,6791,NA,0.769,2053.7703010365594,NA,14.03,0.07115249012760516
2016-01-01,Santa Catarina,95442.8999999999,0.421,23.5717303996843,14.1,6883,27,0.763,1963.817693425991,9.3,14.24,0.07211641725052369
2017-01-01,Santa Catarina,95442.8999999999,0.414,24.2340826280285,12.2,6973,27.2,0.772,2094.747187472008,9.7,15.23,0.07305938943598746
2018-01-01,Santa Catarina,95442.8999999999,0.417,24.7618574023412,12.4,7064,27.6,0.772,2081.3721189147636,9.8,11.91,0.0740128390901786
2019-01-01,Santa Catarina,95442.8999999999,0.421,25.431752985858,11.9,7153,26.8,0.776,2141.9431370721895,9.9,10.71,0.074945333806915
2020-01-01,Santa Catarina,95442.8999999999,0.412,25.4142545362293,13.3,7241,25.8,0.763,1990.5696673963212,NA,10.09,0.07586735105492401
2021-01-01,Santa Catarina,95442.8999999999,0.424,27.2611461983652,14.8,7658,26.4,0.759,1921.694968490093,NA,9.7,0.08023645551423948
2022-01-01,Santa Catarina,95442.8999999999,0.419,26.342846477146,12.8,7783,27.7,NA,2038.8299278285497,10.2,9.05,0.08154613910516138
2023-01-01,Santa Catarina,95442.8999999999,0.418,NA,11.478824424359175,7913,26.1,NA,2223.864444280308,10.3,8.782701548318206,0.08290821003972017
2024-01-01,Santa Catarina,95442.8999999999,0.431,NA,7.957246068909588,8044,27.4,NA,2544.991601148672,10.5,NA,0.08428075844300632
2012-01-01,Rio Grande do Sul,269153.9000000001,0.495,22.8420575931717,20,10996,NA,0.767,2021.9998296715812,NA,22.12,0.0408539501006673
2013-01-01,Rio Grande do Sul,269153.9000000001,0.477,23.6796035963216,16.7,11048,NA,0.773,2115.96455789018,NA,20.8,0.04104714811860425
2014-01-01,Rio Grande do Sul,269153.9000000001,0.479,23.5520370165061,16.8,11101,NA,0.777,2159.2479942875734,NA,24.31,0.04124406148303999
2015-01-01,Rio Grande do Sul,269153.9000000001,0.467,23.2901986466185,15.8,11157,NA,0.776,2137.3147662672936,NA,26.17,0.04145212088697209
2016-01-01,Rio Grande do Sul,269153.9000000001,0.473,22.9770663624617,17.6,11211,32.1,0.772,2064.1819181888354,9.6,28.57,0.041652749597906616
2017-01-01,Rio Grande do Sul,269153.9000000001,0.481,22.8745970245652,17.3,11262,32.5,0.776,2117.7989866791304,9.6,29.29,0.041842232269344776
2018-01-01,Rio Grande do Sul,269153.9000000001,0.487,23.6427754665661,19.5,11311,33,0.775,2101.653307158818,9.7,23.82,0.042024284247785364
2019-01-01,Rio Grande do Sul,269153.9000000001,0.482,23.8329608000094,15.9,11359,33.5,0.783,2210.0564500605406,10,19.2,0.04220262087972716
2020-01-01,Rio Grande do Sul,269153.9000000001,0.476,21.7563402834575,16.8,11404,32.2,0.774,2099.193933798498,NA,18.33,0.0423698114721726
2021-01-01,Rio Grande do Sul,269153.9000000001,0.468,23.6635268588971,18.9,11211,30.1,0.767,1995.417168478072,NA,16.47,0.041652749597906616
2022-01-01,Rio Grande do Sul,269153.9000000001,0.467,23.4529753036837,16.8,11204,32.8,NA,2120.7159546544613,10.2,17.09,0.0416267421724151
2023-01-01,Rio Grande do Sul,269153.9000000001,0.466,NA,14.421668571110114,11206,32,NA,2254.952174204398,10.2,17.184247050659266,0.041634172865412676
2024-01-01,Rio Grande do Sul,269153.9000000001,0.46,NA,11.051377362477458,11213,31.8,NA,2531.571009657308,10.4,NA,0.04166018029090419
2012-01-01,Mato Grosso do Sul,358158.69999999995,0.476,21.2120546127187,26.8,2493,NA,0.729,1632.5844799617084,NA,27.26,0.006960601543394032
2013-01-01,Mato Grosso do Sul,358158.69999999995,0.472,21.2794153823291,25.5,2524,NA,0.735,1697.0653454330875,NA,24.35,0.007047155353199574
2014-01-01,Mato Grosso do Sul,358158.69999999995,0.472,22.2319024673687,23.5,2555,NA,0.742,1773.6410170649683,NA,26.72,0.007133709163005116
2015-01-01,Mato Grosso do Sul,358158.69999999995,0.449,21.4908744835056,24.4,2587,NA,0.726,1604.146372737378,NA,23.91,0.007223055031191481
2016-01-01,Mato Grosso do Sul,358158.69999999995,0.47,21.7342936285895,23.5,2618,35.8,0.741,1764.252340936433,8.9,25.02,0.0073096088409970224
2017-01-01,Mato Grosso do Sul,358158.69999999995,0.464,21.7410762470139,25.1,2648,34.8,0.738,1721.463141979281,9.3,24.29,0.00739337059242174
2018-01-01,Mato Grosso do Sul,358158.69999999995,0.49,22.8658515511048,24.5,2679,36.9,0.75,1863.9001445178926,9.3,20.81,0.007479924402227282
2019-01-01,Mato Grosso do Sul,358158.69999999995,0.483,21.6894819884348,22.2,2709,36.7,0.752,1893.9828677057371,9.6,17.67,0.007563686153651999
2020-01-01,Mato Grosso do Sul,358158.69999999995,0.47,23.0342319374617,23.9,2739,38.4,0.744,1786.8308056393792,NA,17.47,0.007647447905076717
2021-01-01,Mato Grosso do Sul,358158.69999999995,0.496,23.3799776609705,29.8,2760,36.4,0.733,1639.1126860170991,NA,19.4,0.00770608113107402
2022-01-01,Mato Grosso do Sul,358158.69999999995,0.478,25.9513704962463,21.3,2782,35.4,NA,1868.0207956420422,10.1,19.67,0.007767506415452145
2023-01-01,Mato Grosso do Sul,358158.69999999995,0.477,NA,19.27885801951989,2805,34.3,NA,1990.1047409830019,10.3,20.679886685552407,0.007831723758211095
2024-01-01,Mato Grosso do Sul,358158.69999999995,0.455,NA,17.491051448061636,2829,33.2,NA,2102.536122333084,10.3,NA,0.007898733159350869
2012-01-01,Mato Grosso,906806.8999999997,0.487,21.8709894958509,26.7,3136,NA,0.732,1604.6253367624395,NA,34.47,0.003458288638959409
2013-01-01,Mato Grosso,906806.8999999997,0.456,22.3042305519213,23,3176,NA,0.738,1669.8427029672807,NA,36.39,0.003502399463435932
2014-01-01,Mato Grosso,906806.8999999997,0.459,23.1608077291418,24,3219,NA,0.739,1683.3261266620968,NA,42.12,0.003549818599748195
2015-01-01,Mato Grosso,906806.8999999997,0.443,22.5591636106174,23.5,3264,NA,0.729,1582.9108369018309,NA,36.84,0.003599443277284283
2016-01-01,Mato Grosso,906806.8999999997,0.453,23.7746041179294,26.6,3305,36.6,0.725,1546.1464244997064,8.6,35.7,0.0036446568723727192
2017-01-01,Mato Grosso,906806.8999999997,0.463,23.2077431415007,24.9,3346,38.4,0.733,1629.81533612616,8.9,32.95,0.0036898704674611553
2018-01-01,Mato Grosso,906806.8999999997,0.465,23.3838235202019,23.4,3389,37.2,0.744,1742.868990559991,9.2,28.73,0.0037372896037734175
2019-01-01,Mato Grosso,906806.8999999997,0.454,22.9171351540361,23,3431,40.3,0.738,1689.1327305948566,9.5,25.69,0.003783605969473767
2020-01-01,Mato Grosso,906806.8999999997,0.462,26.7356204763128,24.2,3472,38.9,0.735,1659.4529535938682,NA,27.99,0.003828819564562203
2021-01-01,Mato Grosso,906806.8999999997,0.461,30.5406423845724,28.6,3619,39.7,0.72,1507.2022134492909,NA,24.89,0.003990926844513425
2022-01-01,Mato Grosso,906806.8999999997,0.45,30.0291623707424,22.1,3674,37.7,NA,1691.995892179779,9.7,30.32,0.004051579228168645
2023-01-01,Mato Grosso,906806.8999999997,0.452,NA,17.242688157723233,3731,35.7,NA,1948.452005792786,9.9,30.779944289693592,0.00411443715304769
2024-01-01,Mato Grosso,906806.8999999997,0.442,NA,13.08151000367543,3788,36.5,NA,2232.003017138772,10.3,NA,0.0041772950779267355
2012-01-01,Goiás,341289.4999999999,0.474,19.281095556577,27.6,6316,NA,0.73,1587.0853633890388,NA,45.38,0.018506282789244915
2013-01-01,Goiás,341289.4999999999,0.465,18.7081234796139,21.5,6417,NA,0.74,1693.0075518026329,NA,46.24,0.018802219230301554
2014-01-01,Goiás,341289.4999999999,0.458,18.6608016160149,23.2,6520,NA,0.739,1683.3640600960146,NA,44.26,0.01910401579890387
2015-01-01,Goiás,341289.4999999999,0.456,18.0126313597225,24.8,6625,NA,0.731,1591.0866601293549,NA,45.34,0.019411672495051862
2016-01-01,Goiás,341289.4999999999,0.467,17.2204153212209,28.1,6726,38.9,0.724,1521.3569399804937,9,45.34,0.0197076089361085
2017-01-01,Goiás,341289.4999999999,0.477,17.3271302891379,25.5,6824,39.4,0.735,1653.1459406802037,9.2,42.8,0.019994755185846626
2018-01-01,Goiás,341289.4999999999,0.47,16.5567576116682,26.5,6923,39.8,0.735,1640.3969160428887,9.4,38.65,0.02028483149935759
2019-01-01,Goiás,341289.4999999999,0.46,16.7057159913127,27.1,7021,40.5,0.729,1589.898572177478,9.6,32.1,0.020571977749095718
2020-01-01,Goiás,341289.4999999999,0.445,16.6266360626516,26,7116,39.8,0.722,1518.6194553001853,NA,30.6,0.020850333807515328
2021-01-01,Goiás,341289.4999999999,0.467,17.4647421266029,31.4,7134,40,0.714,1440.8022949286913,NA,25.14,0.020903074955426412
2022-01-01,Goiás,341289.4999999999,0.456,19.4117422406697,22.7,7201,39.8,NA,1645.0342246824723,9.9,23.11,0.021099389228206557
2023-01-01,Goiás,341289.4999999999,0.473,NA,18.438888425617666,7274,37.2,NA,1972.98578136842,10.2,21.426637791012453,0.021313283883623736
2024-01-01,Goiás,341289.4999999999,0.463,NA,15.918901535223489,7350,35.9,NA,2057.584044993686,10.4,NA,0.021535968730359425
2012-01-01,Distrito Federal,5822.1,0.601,52.9918267060767,21.1,2722,NA,0.846,3206.444298481519,NA,36.02,0.46752889850741136
2013-01-01,Distrito Federal,5822.1,0.579,50.1638130657053,18.6,2763,NA,0.848,3260.7995329325927,NA,30,0.4745710310712629
2014-01-01,Distrito Federal,5822.1,0.574,51.059869935354,19.6,2806,NA,0.845,3199.3458220960733,NA,29.55,0.48195668229676575
2015-01-01,Distrito Federal,5822.1,0.581,50.7287199752485,18.9,2849,NA,0.847,3265.111059540906,NA,25.46,0.4893423335222686
2016-01-01,Distrito Federal,5822.1,0.579,50.1887874632654,20,2890,25.2,0.836,3087.9617749458444,11.1,25.53,0.4963844660861201
2017-01-01,Distrito Federal,5822.1,0.593,49.2688816710965,20.4,2931,26.6,0.842,3170.1450321678126,11.4,20.07,0.5034265986499716
2018-01-01,Distrito Federal,5822.1,0.57,50.1636481626625,19.4,2972,26.6,0.836,3065.0281161766184,11.5,17.82,0.5104687312138232
2019-01-01,Distrito Federal,5822.1,0.554,50.9855488711055,18,3013,28.4,0.841,3173.840685019352,11.6,15.92,0.5175108637776746
2020-01-01,Distrito Federal,5822.1,0.548,45.9195501697389,17.9,3053,29.7,0.827,2929.982478298582,NA,14.82,0.5243812370107006
2021-01-01,Distrito Federal,5822.1,0.566,43.2870546683454,21,2938,29.1,0.821,2844.4895593570436,NA,12.95,0.5046289139657512
2022-01-01,Distrito Federal,5822.1,0.536,50.1763544824795,17.1,2952,30.3,NA,2946.8538927013838,11.9,11.41,0.5070335445973102
2023-01-01,Distrito Federal,5822.1,0.543,NA,15.414775595530749,2968,30.3,NA,3214.8454034387037,12.2,10.953282828282827,0.5097816938905205
2024-01-01,Distrito Federal,5822.1,0.547,NA,15.302281464632543,2983,30.7,NA,3277.429141668024,12.1,NA,0.5123580838529053
1985-01-01,Rondônia,238512.80000000005,NA,9.8650089806,NA,NA,NA,NA,NA,NA,40.77,NA
1986-01-01,Rondônia,238512.80000000005,NA,9.7821688012,NA,NA,NA,NA,NA,NA,44.05,NA
1987-01-01,Rondônia,238512.80000000005,NA,9.2113008559,NA,NA,NA,NA,NA,NA,47.5,NA
1988-01-01,Rondônia,238512.80000000005,NA,9.0588224238,NA,NA,NA,NA,NA,NA,45.06,NA
1989-01-01,Rondônia,238512.80000000005,NA,8.2008907365,NA,NA,NA,NA,NA,NA,48.28,NA
1990-01-01,Rondônia,238512.80000000005,NA,7.7462374935,NA,NA,NA,NA,NA,NA,51.89,NA
1991-01-01,Rondônia,238512.80000000005,NA,7.6804554422,NA,NA,NA,0.662,NA,NA,43.35,NA
1992-01-01,Rondônia,238512.80000000005,NA,7.02599933852983,NA,NA,NA,NA,NA,NA,34.33,NA
1993-01-01,Rondônia,238512.80000000005,NA,7.83415604156765,NA,NA,NA,NA,NA,NA,40.11,NA
1994-01-01,Rondônia,238512.80000000005,NA,7.89253443591011,NA,NA,NA,NA,NA,NA,30.9,NA
1995-01-01,Rondônia,238512.80000000005,NA,8.07322786893115,NA,NA,NA,NA,NA,NA,24.64,NA
1996-01-01,Rondônia,238512.80000000005,NA,9.10401687173184,NA,NA,NA,NA,NA,NA,24.49,NA
1997-01-01,Rondônia,238512.80000000005,NA,9.65826958530176,NA,NA,NA,NA,NA,NA,28.28,NA
1998-01-01,Rondônia,238512.80000000005,NA,9.68252809705242,NA,NA,NA,NA,NA,NA,38.71,NA
1999-01-01,Rondônia,238512.80000000005,NA,9.92609808389643,NA,NA,NA,NA,NA,NA,33.31,NA
2000-01-01,Rondônia,238512.80000000005,NA,10.1874408076627,NA,NA,NA,NA,NA,NA,35.37,NA
2001-01-01,Rondônia,238512.80000000005,NA,9.70253810038973,NA,NA,NA,NA,NA,NA,40.7,NA
2002-01-01,Rondônia,238512.80000000005,NA,9.90838561534198,NA,NA,NA,NA,NA,NA,42.95,NA
2003-01-01,Rondônia,238512.80000000005,NA,10.7793409025636,NA,NA,NA,NA,NA,NA,38.88,NA
2004-01-01,Rondônia,238512.80000000005,NA,10.8865345154143,NA,NA,NA,NA,NA,NA,38.04,NA
2005-01-01,Rondônia,238512.80000000005,NA,11.7277563962195,NA,NA,NA,NA,NA,NA,36.17,NA
2006-01-01,Rondônia,238512.80000000005,NA,11.2561962138839,NA,NA,NA,NA,NA,NA,37.44,NA
2007-01-01,Rondônia,238512.80000000005,NA,11.4741644322582,NA,NA,NA,NA,NA,NA,27.17,NA
2008-01-01,Rondônia,238512.80000000005,NA,13.465917162015,NA,NA,NA,NA,NA,NA,32.14,NA
2009-01-01,Rondônia,238512.80000000005,NA,14.2204376333882,NA,NA,NA,NA,NA,NA,35.77,NA
2010-01-01,Rondônia,238512.80000000005,NA,14.372142750654,NA,NA,NA,NA,NA,NA,34.95,NA
2011-01-01,Rondônia,238512.80000000005,NA,16.1482859584359,NA,NA,NA,NA,NA,NA,28.55,NA
1985-01-01,Acre,153149.9,NA,9.2156447838,NA,NA,NA,NA,NA,NA,14.4,NA
1986-01-01,Acre,153149.9,NA,9.0767437079,NA,NA,NA,NA,NA,NA,16.99,NA
1987-01-01,Acre,153149.9,NA,8.537466414,NA,NA,NA,NA,NA,NA,26.09,NA
1988-01-01,Acre,153149.9,NA,8.6109801268,NA,NA,NA,NA,NA,NA,19.68,NA
1989-01-01,Acre,153149.9,NA,8.4021139821,NA,NA,NA,NA,NA,NA,23.97,NA
1990-01-01,Acre,153149.9,NA,8.5046506371,NA,NA,NA,NA,NA,NA,15.75,NA
1991-01-01,Acre,153149.9,NA,8.7232716989,NA,NA,NA,0.611,NA,NA,25.38,NA
1992-01-01,Acre,153149.9,NA,7.11364776368484,NA,NA,NA,NA,NA,NA,24.9,NA
1993-01-01,Acre,153149.9,NA,7.19257863971044,NA,NA,NA,NA,NA,NA,26.51,NA
1994-01-01,Acre,153149.9,NA,8.21397958955499,NA,NA,NA,NA,NA,NA,19.71,NA
1995-01-01,Acre,153149.9,NA,9.36917881228127,NA,NA,NA,NA,NA,NA,22.62,NA
1996-01-01,Acre,153149.9,NA,8.5137013716,NA,NA,NA,NA,NA,NA,21.51,NA
1997-01-01,Acre,153149.9,NA,8.40107462308919,NA,NA,NA,NA,NA,NA,19.99,NA
1998-01-01,Acre,153149.9,NA,8.48722020866034,NA,NA,NA,NA,NA,NA,21.4,NA
1999-01-01,Acre,153149.9,NA,8.42874543682512,NA,NA,NA,NA,NA,NA,9.66,NA
2000-01-01,Acre,153149.9,NA,8.97478137846662,NA,NA,NA,NA,NA,NA,19.56,NA
2001-01-01,Acre,153149.9,NA,8.9890728769696,NA,NA,NA,NA,NA,NA,21.07,NA
2002-01-01,Acre,153149.9,NA,9.61716243952617,NA,NA,NA,NA,NA,NA,25.73,NA
2003-01-01,Acre,153149.9,NA,9.36318192867275,NA,NA,NA,NA,NA,NA,24.48,NA
2004-01-01,Acre,153149.9,NA,9.27690927057502,NA,NA,NA,NA,NA,NA,18.56,NA
2005-01-01,Acre,153149.9,NA,9.23658428565929,NA,NA,NA,NA,NA,NA,18.51,NA
2006-01-01,Acre,153149.9,NA,9.14616185011725,NA,NA,NA,NA,NA,NA,23.01,NA
2007-01-01,Acre,153149.9,NA,9.99747068413001,NA,NA,NA,NA,NA,NA,19.48,NA
2008-01-01,Acre,153149.9,NA,10.9671948776514,NA,NA,NA,NA,NA,NA,19.56,NA
2009-01-01,Acre,153149.9,NA,11.6212341870351,NA,NA,NA,NA,NA,NA,22.14,NA
2010-01-01,Acre,153149.9,NA,11.3587212112548,NA,NA,NA,NA,NA,NA,22.49,NA
2011-01-01,Acre,153149.9,NA,11.0695273551648,NA,NA,NA,NA,NA,NA,21.97,NA
1985-01-01,Amazonas,1577820.2000000004,NA,7.3061921667,NA,NA,NA,NA,NA,NA,10.6,NA
1986-01-01,Amazonas,1577820.2000000004,NA,7.5465779722,NA,NA,NA,NA,NA,NA,8.84,NA
1987-01-01,Amazonas,1577820.2000000004,NA,7.6018588653,NA,NA,NA,NA,NA,NA,9.89,NA
1988-01-01,Amazonas,1577820.2000000004,NA,8.05495288,NA,NA,NA,NA,NA,NA,11.87,NA
1989-01-01,Amazonas,1577820.2000000004,NA,7.8280669131,NA,NA,NA,NA,NA,NA,16.22,NA
1990-01-01,Amazonas,1577820.2000000004,NA,7.61623794,NA,NA,NA,NA,NA,NA,18.02,NA
1991-01-01,Amazonas,1577820.2000000004,NA,7.4714279528,NA,NA,NA,0.743,NA,NA,19.16,NA
1992-01-01,Amazonas,1577820.2000000004,NA,15.356682793089,NA,NA,NA,NA,NA,NA,16.29,NA
1993-01-01,Amazonas,1577820.2000000004,NA,18.8326457810838,NA,NA,NA,NA,NA,NA,15.78,NA
1994-01-01,Amazonas,1577820.2000000004,NA,17.322678759683,NA,NA,NA,NA,NA,NA,17.05,NA
1995-01-01,Amazonas,1577820.2000000004,NA,14.9628852930402,NA,NA,NA,NA,NA,NA,18.32,NA
1996-01-01,Amazonas,1577820.2000000004,NA,15.2213464187985,NA,NA,NA,NA,NA,NA,18.83,NA
1997-01-01,Amazonas,1577820.2000000004,NA,13.8045151083688,NA,NA,NA,NA,NA,NA,19.02,NA
1998-01-01,Amazonas,1577820.2000000004,NA,13.4827870051329,NA,NA,NA,NA,NA,NA,21.18,NA
1999-01-01,Amazonas,1577820.2000000004,NA,12.8711119044624,NA,NA,NA,NA,NA,NA,20.42,NA
2000-01-01,Amazonas,1577820.2000000004,NA,14.3158494609415,NA,NA,NA,NA,NA,NA,20.9,NA
2001-01-01,Amazonas,1577820.2000000004,NA,12.9820326865632,NA,NA,NA,NA,NA,NA,16.72,NA
2002-01-01,Amazonas,1577820.2000000004,NA,14.1710147932569,NA,NA,NA,NA,NA,NA,17.32,NA
2003-01-01,Amazonas,1577820.2000000004,NA,14.2073375661339,NA,NA,NA,NA,NA,NA,18.41,NA
2004-01-01,Amazonas,1577820.2000000004,NA,15.3071901087503,NA,NA,NA,NA,NA,NA,16.97,NA
2005-01-01,Amazonas,1577820.2000000004,NA,15.1219152561575,NA,NA,NA,NA,NA,NA,18.53,NA
2006-01-01,Amazonas,1577820.2000000004,NA,16.2477394336892,NA,NA,NA,NA,NA,NA,21.11,NA
2007-01-01,Amazonas,1577820.2000000004,NA,16.2256876156778,NA,NA,NA,NA,NA,NA,21.1,NA
2008-01-01,Amazonas,1577820.2000000004,NA,16.7560347460908,NA,NA,NA,NA,NA,NA,24.84,NA
2009-01-01,Amazonas,1577820.2000000004,NA,16.1546434783046,NA,NA,NA,NA,NA,NA,26.99,NA
2010-01-01,Amazonas,1577820.2000000004,NA,16.8907655751705,NA,NA,NA,NA,NA,NA,31.06,NA
2011-01-01,Amazonas,1577820.2000000004,NA,18.4553524013987,NA,NA,NA,NA,NA,NA,36.51,NA
1985-01-01,Roraima,225116.1,NA,12.0752084795,NA,NA,NA,NA,NA,NA,8.45,NA
1986-01-01,Roraima,225116.1,NA,12.0767329237,NA,NA,NA,NA,NA,NA,8.39,NA
1987-01-01,Roraima,225116.1,NA,12.5274969312,NA,NA,NA,NA,NA,NA,4.18,NA
1988-01-01,Roraima,225116.1,NA,12.8710717649,NA,NA,NA,NA,NA,NA,38.88,NA
1989-01-01,Roraima,225116.1,NA,11.4361397902,NA,NA,NA,NA,NA,NA,58.81,NA
1990-01-01,Roraima,225116.1,NA,11.2896169247,NA,NA,NA,NA,NA,NA,62.26,NA
1991-01-01,Roraima,225116.1,NA,11.4515703254,NA,NA,NA,0.954,NA,NA,36.31,NA
1992-01-01,Roraima,225116.1,NA,7.82747246601643,NA,NA,NA,NA,NA,NA,42.61,NA
1993-01-01,Roraima,225116.1,NA,6.22629326765049,NA,NA,NA,NA,NA,NA,28.62,NA
1994-01-01,Roraima,225116.1,NA,6.33402561426759,NA,NA,NA,NA,NA,NA,30.98,NA
1995-01-01,Roraima,225116.1,NA,13.2051982320199,NA,NA,NA,NA,NA,NA,33.18,NA
1996-01-01,Roraima,225116.1,NA,13.9868461367298,NA,NA,NA,NA,NA,NA,43.3,NA
1997-01-01,Roraima,225116.1,NA,13.6321720582547,NA,NA,NA,NA,NA,NA,35.36,NA
1998-01-01,Roraima,225116.1,NA,13.3045783845675,NA,NA,NA,NA,NA,NA,51.4,NA
1999-01-01,Roraima,225116.1,NA,14.0188010686628,NA,NA,NA,NA,NA,NA,57.69,NA
2000-01-01,Roraima,225116.1,NA,14.682650929719,NA,NA,NA,NA,NA,NA,47.59,NA
2001-01-01,Roraima,225116.1,NA,12.5754268677981,NA,NA,NA,NA,NA,NA,32.02,NA
2002-01-01,Roraima,225116.1,NA,13.1007049135032,NA,NA,NA,NA,NA,NA,35.17,NA
2003-01-01,Roraima,225116.1,NA,12.0890481401675,NA,NA,NA,NA,NA,NA,29.67,NA
2004-01-01,Roraima,225116.1,NA,11.4221226713292,NA,NA,NA,NA,NA,NA,23.12,NA
2005-01-01,Roraima,225116.1,NA,11.7386078705134,NA,NA,NA,NA,NA,NA,24.28,NA
2006-01-01,Roraima,225116.1,NA,12.7001667048578,NA,NA,NA,NA,NA,NA,27.52,NA
2007-01-01,Roraima,225116.1,NA,12.3891298332639,NA,NA,NA,NA,NA,NA,27.93,NA
2008-01-01,Roraima,225116.1,NA,13.6479577341746,NA,NA,NA,NA,NA,NA,25.44,NA
2009-01-01,Roraima,225116.1,NA,14.5901761204233,NA,NA,NA,NA,NA,NA,28,NA
2010-01-01,Roraima,225116.1,NA,14.411661916432,NA,NA,NA,NA,NA,NA,26.86,NA
2011-01-01,Roraima,225116.1,NA,14.6530309090809,NA,NA,NA,NA,NA,NA,20.64,NA
1985-01-01,Pará,1253164.5,NA,7.269115841,NA,NA,NA,NA,NA,NA,12.35,NA
1986-01-01,Pará,1253164.5,NA,8.191269691,NA,NA,NA,NA,NA,NA,13.69,NA
1987-01-01,Pará,1253164.5,NA,8.4277162454,NA,NA,NA,NA,NA,NA,12.39,NA
1988-01-01,Pará,1253164.5,NA,8.5676328868,NA,NA,NA,NA,NA,NA,13,NA
1989-01-01,Pará,1253164.5,NA,8.3004131715,NA,NA,NA,NA,NA,NA,14.27,NA
1990-01-01,Pará,1253164.5,NA,8.4821575676,NA,NA,NA,NA,NA,NA,15.59,NA
1991-01-01,Pará,1253164.5,NA,8.0911996334,NA,NA,NA,0.587,NA,NA,16.36,NA
1992-01-01,Pará,1253164.5,NA,6.97390201595865,NA,NA,NA,NA,NA,NA,15.02,NA
1993-01-01,Pará,1253164.5,NA,9.98852196058091,NA,NA,NA,NA,NA,NA,11.95,NA
1994-01-01,Pará,1253164.5,NA,10.392183698952,NA,NA,NA,NA,NA,NA,13.43,NA
1995-01-01,Pará,1253164.5,NA,6.95954135969396,NA,NA,NA,NA,NA,NA,12.85,NA
1996-01-01,Pará,1253164.5,NA,7.05367021568779,NA,NA,NA,NA,NA,NA,12.7,NA
1997-01-01,Pará,1253164.5,NA,6.84298208271129,NA,NA,NA,NA,NA,NA,13.34,NA
1998-01-01,Pará,1253164.5,NA,6.73663794615734,NA,NA,NA,NA,NA,NA,13.42,NA
1999-01-01,Pará,1253164.5,NA,6.68408699294281,NA,NA,NA,NA,NA,NA,10.91,NA
2000-01-01,Pará,1253164.5,NA,7.16168433218608,NA,NA,NA,NA,NA,NA,13.42,NA
2001-01-01,Pará,1253164.5,NA,7.34184310051148,NA,NA,NA,NA,NA,NA,15.23,NA
2002-01-01,Pará,1253164.5,NA,7.79545106107852,NA,NA,NA,NA,NA,NA,18.47,NA
2003-01-01,Pará,1253164.5,NA,7.66590315393216,NA,NA,NA,NA,NA,NA,21.37,NA
2004-01-01,Pará,1253164.5,NA,8.40828737622413,NA,NA,NA,NA,NA,NA,22.69,NA
2005-01-01,Pará,1253164.5,NA,8.36217135754516,NA,NA,NA,NA,NA,NA,27.63,NA
2006-01-01,Pará,1253164.5,NA,8.71205956246932,NA,NA,NA,NA,NA,NA,29.15,NA
2007-01-01,Pará,1253164.5,NA,9.01262883067916,NA,NA,NA,NA,NA,NA,30.27,NA
2008-01-01,Pará,1253164.5,NA,9.687261413155,NA,NA,NA,NA,NA,NA,39.06,NA
2009-01-01,Pará,1253164.5,NA,8.99733221970712,NA,NA,NA,NA,NA,NA,40.22,NA
2010-01-01,Pará,1253164.5,NA,10.8249258183546,NA,NA,NA,NA,NA,NA,46.44,NA
2011-01-01,Pará,1253164.5,NA,11.8526241000704,NA,NA,NA,NA,NA,NA,39.97,NA
1985-01-01,Amapá,143453.7,NA,10.5545270034,NA,NA,NA,NA,NA,NA,14.97,NA
1986-01-01,Amapá,143453.7,NA,10.754807754,NA,NA,NA,NA,NA,NA,12.62,NA
1987-01-01,Amapá,143453.7,NA,10.4231947321,NA,NA,NA,NA,NA,NA,10.07,NA
1988-01-01,Amapá,143453.7,NA,10.1495615011,NA,NA,NA,NA,NA,NA,7.74,NA
1989-01-01,Amapá,143453.7,NA,9.7183501032,NA,NA,NA,NA,NA,NA,14.53,NA
1990-01-01,Amapá,143453.7,NA,9.5215635588,NA,NA,NA,NA,NA,NA,16.54,NA
1991-01-01,Amapá,143453.7,NA,9.7164943169,NA,NA,NA,0.802,NA,NA,18.66,NA
1992-01-01,Amapá,143453.7,NA,12.3405532863698,NA,NA,NA,NA,NA,NA,23.88,NA
1993-01-01,Amapá,143453.7,NA,11.6819576421058,NA,NA,NA,NA,NA,NA,21.37,NA
1994-01-01,Amapá,143453.7,NA,13.1524301319763,NA,NA,NA,NA,NA,NA,39.36,NA
1995-01-01,Amapá,143453.7,NA,15.9243731348517,NA,NA,NA,NA,NA,NA,38.02,NA
1996-01-01,Amapá,143453.7,NA,13.9558115339243,NA,NA,NA,NA,NA,NA,41.37,NA
1997-01-01,Amapá,143453.7,NA,13.6464886806614,NA,NA,NA,NA,NA,NA,34.83,NA
1998-01-01,Amapá,143453.7,NA,12.4719759514263,NA,NA,NA,NA,NA,NA,38.02,NA
1999-01-01,Amapá,143453.7,NA,11.5373220423534,NA,NA,NA,NA,NA,NA,43.66,NA
2000-01-01,Amapá,143453.7,NA,11.5975128438349,NA,NA,NA,NA,NA,NA,34,NA
2001-01-01,Amapá,143453.7,NA,11.7186349757966,NA,NA,NA,NA,NA,NA,36.49,NA
2002-01-01,Amapá,143453.7,NA,11.6716681636443,NA,NA,NA,NA,NA,NA,35.04,NA
2003-01-01,Amapá,143453.7,NA,10.6263790174072,NA,NA,NA,NA,NA,NA,34.59,NA
2004-01-01,Amapá,143453.7,NA,10.7973097719507,NA,NA,NA,NA,NA,NA,31.1,NA
2005-01-01,Amapá,143453.7,NA,10.4180844951744,NA,NA,NA,NA,NA,NA,32.96,NA
2006-01-01,Amapá,143453.7,NA,11.5542850375434,NA,NA,NA,NA,NA,NA,32.81,NA
2007-01-01,Amapá,143453.7,NA,12.0016961023361,NA,NA,NA,NA,NA,NA,27.02,NA
2008-01-01,Amapá,143453.7,NA,13.1889314484467,NA,NA,NA,NA,NA,NA,34.25,NA
2009-01-01,Amapá,143453.7,NA,12.9612235037552,NA,NA,NA,NA,NA,NA,30.32,NA
2010-01-01,Amapá,143453.7,NA,12.0051749741688,NA,NA,NA,NA,NA,NA,38.83,NA
2011-01-01,Amapá,143453.7,NA,12.6940069989684,NA,NA,NA,NA,NA,NA,30.54,NA
1989-01-01,Tocantins,278420.7,NA,7.9065010698,NA,NA,NA,NA,NA,NA,7.11,NA
1990-01-01,Tocantins,278420.7,NA,7.4802792384,NA,NA,NA,NA,NA,NA,5.99,NA
1991-01-01,Tocantins,278420.7,NA,7.6122181897,NA,NA,NA,0.515,NA,NA,10,NA
1992-01-01,Tocantins,278420.7,NA,3.70666400568467,NA,NA,NA,NA,NA,NA,7.1,NA
1993-01-01,Tocantins,278420.7,NA,4.0205763026685,NA,NA,NA,NA,NA,NA,9.59,NA
1994-01-01,Tocantins,278420.7,NA,4.47483645523605,NA,NA,NA,NA,NA,NA,11,NA
1995-01-01,Tocantins,278420.7,NA,6.30073961715118,NA,NA,NA,NA,NA,NA,7.65,NA
1996-01-01,Tocantins,278420.7,NA,6.01080351923395,NA,NA,NA,NA,NA,NA,12.02,NA
1997-01-01,Tocantins,278420.7,NA,6.1697534631718,NA,NA,NA,NA,NA,NA,10.36,NA
1998-01-01,Tocantins,278420.7,NA,6.47613565770754,NA,NA,NA,NA,NA,NA,11.64,NA
1999-01-01,Tocantins,278420.7,NA,6.33488832500119,NA,NA,NA,NA,NA,NA,12.07,NA
2000-01-01,Tocantins,278420.7,NA,7.13265052094051,NA,NA,NA,NA,NA,NA,15.15,NA
2001-01-01,Tocantins,278420.7,NA,8.52606489051575,NA,NA,NA,NA,NA,NA,17.89,NA
2002-01-01,Tocantins,278420.7,NA,8.3772985525863,NA,NA,NA,NA,NA,NA,14.08,NA
2003-01-01,Tocantins,278420.7,NA,8.95014594310935,NA,NA,NA,NA,NA,NA,16.58,NA
2004-01-01,Tocantins,278420.7,NA,8.87503674391246,NA,NA,NA,NA,NA,NA,15.8,NA
2005-01-01,Tocantins,278420.7,NA,8.49062598150028,NA,NA,NA,NA,NA,NA,14.55,NA
2006-01-01,Tocantins,278420.7,NA,8.75127083971253,NA,NA,NA,NA,NA,NA,17.19,NA
2007-01-01,Tocantins,278420.7,NA,9.52224273896586,NA,NA,NA,NA,NA,NA,16.63,NA
2008-01-01,Tocantins,278420.7,NA,11.0094702999714,NA,NA,NA,NA,NA,NA,18.51,NA
2009-01-01,Tocantins,278420.7,NA,11.4878921253517,NA,NA,NA,NA,NA,NA,22.37,NA
2010-01-01,Tocantins,278420.7,NA,11.5600222394632,NA,NA,NA,NA,NA,NA,23.64,NA
2011-01-01,Tocantins,278420.7,NA,12.0900011208224,NA,NA,NA,NA,NA,NA,25.77,NA
1985-01-01,Maranhão,333365.60000000003,NA,3.8246218743,NA,NA,NA,NA,NA,NA,3.66,NA
1986-01-01,Maranhão,333365.60000000003,NA,4.5038034957,NA,NA,NA,NA,NA,NA,5.75,NA
1987-01-01,Maranhão,333365.60000000003,NA,4.5473143725,NA,NA,NA,NA,NA,NA,6.27,NA
1988-01-01,Maranhão,333365.60000000003,NA,4.8688950137,NA,NA,NA,NA,NA,NA,7.33,NA
1989-01-01,Maranhão,333365.60000000003,NA,4.702632293,NA,NA,NA,NA,NA,NA,8.64,NA
1990-01-01,Maranhão,333365.60000000003,NA,4.5723258956,NA,NA,NA,NA,NA,NA,9.14,NA
1991-01-01,Maranhão,333365.60000000003,NA,4.6903436841,NA,NA,NA,0.313,NA,NA,9.53,NA
1992-01-01,Maranhão,333365.60000000003,NA,3.39642343152502,NA,NA,NA,NA,NA,NA,8.57,NA
1993-01-01,Maranhão,333365.60000000003,NA,3.37827665967853,NA,NA,NA,NA,NA,NA,7.74,NA
1994-01-01,Maranhão,333365.60000000003,NA,3.70801844344685,NA,NA,NA,NA,NA,NA,6.08,NA
1995-01-01,Maranhão,333365.60000000003,NA,4.21156743277939,NA,NA,NA,NA,NA,NA,7.36,NA
1996-01-01,Maranhão,333365.60000000003,NA,4.72768573357111,NA,NA,NA,NA,NA,NA,6.95,NA
1997-01-01,Maranhão,333365.60000000003,NA,4.71915273028244,NA,NA,NA,NA,NA,NA,6.29,NA
1998-01-01,Maranhão,333365.60000000003,NA,4.50910183320709,NA,NA,NA,NA,NA,NA,5.19,NA
1999-01-01,Maranhão,333365.60000000003,NA,4.53550264959715,NA,NA,NA,NA,NA,NA,4.84,NA
2000-01-01,Maranhão,333365.60000000003,NA,4.90574105524765,NA,NA,NA,NA,NA,NA,6.42,NA
2001-01-01,Maranhão,333365.60000000003,NA,4.88474386491228,NA,NA,NA,NA,NA,NA,9.82,NA
2002-01-01,Maranhão,333365.60000000003,NA,5.21288814820944,NA,NA,NA,NA,NA,NA,10.44,NA
2003-01-01,Maranhão,333365.60000000003,NA,5.52884966891721,NA,NA,NA,NA,NA,NA,13.54,NA
2004-01-01,Maranhão,333365.60000000003,NA,5.67856477446776,NA,NA,NA,NA,NA,NA,12.32,NA
2005-01-01,Maranhão,333365.60000000003,NA,5.91654010485548,NA,NA,NA,NA,NA,NA,15.32,NA
2006-01-01,Maranhão,333365.60000000003,NA,6.47181464872238,NA,NA,NA,NA,NA,NA,15.67,NA
2007-01-01,Maranhão,333365.60000000003,NA,6.09500979625004,NA,NA,NA,NA,NA,NA,17.99,NA
2008-01-01,Maranhão,333365.60000000003,NA,6.99947280856871,NA,NA,NA,NA,NA,NA,20.25,NA
2009-01-01,Maranhão,333365.60000000003,NA,6.9807945759483,NA,NA,NA,NA,NA,NA,21.96,NA
2010-01-01,Maranhão,333365.60000000003,NA,7.01249387670118,NA,NA,NA,NA,NA,NA,23.1,NA
2011-01-01,Maranhão,333365.60000000003,NA,7.24357138540119,NA,NA,NA,NA,NA,NA,23.94,NA
1985-01-01,Piauí,252378.60000000006,NA,3.7882311419,NA,NA,NA,NA,NA,NA,3.25,NA
1986-01-01,Piauí,252378.60000000006,NA,3.9948276656,NA,NA,NA,NA,NA,NA,4.32,NA
1987-01-01,Piauí,252378.60000000006,NA,3.9922265055,NA,NA,NA,NA,NA,NA,3.39,NA
1988-01-01,Piauí,252378.60000000006,NA,4.2070244264,NA,NA,NA,NA,NA,NA,5.73,NA
1989-01-01,Piauí,252378.60000000006,NA,4.178155938,NA,NA,NA,NA,NA,NA,5.68,NA
1990-01-01,Piauí,252378.60000000006,NA,4.1372953957,NA,NA,NA,NA,NA,NA,4.29,NA
1991-01-01,Piauí,252378.60000000006,NA,4.2647265664,NA,NA,NA,0.342,NA,NA,3.99,NA
1992-01-01,Piauí,252378.60000000006,NA,3.32337803711933,NA,NA,NA,NA,NA,NA,3.54,NA
1993-01-01,Piauí,252378.60000000006,NA,3.72400641302842,NA,NA,NA,NA,NA,NA,4.4,NA
1994-01-01,Piauí,252378.60000000006,NA,4.01180754584664,NA,NA,NA,NA,NA,NA,3.68,NA
1995-01-01,Piauí,252378.60000000006,NA,4.5352837931976,NA,NA,NA,NA,NA,NA,4.18,NA
1996-01-01,Piauí,252378.60000000006,NA,4.74647151816447,NA,NA,NA,NA,NA,NA,4.38,NA
1997-01-01,Piauí,252378.60000000006,NA,4.74287662420664,NA,NA,NA,NA,NA,NA,5.27,NA
1998-01-01,Piauí,252378.60000000006,NA,4.69510971512157,NA,NA,NA,NA,NA,NA,5.16,NA
1999-01-01,Piauí,252378.60000000006,NA,4.69200781152609,NA,NA,NA,NA,NA,NA,4.86,NA
2000-01-01,Piauí,252378.60000000006,NA,4.97074179422295,NA,NA,NA,NA,NA,NA,8.35,NA
2001-01-01,Piauí,252378.60000000006,NA,4.69933381225166,NA,NA,NA,NA,NA,NA,9.12,NA
2002-01-01,Piauí,252378.60000000006,NA,4.66879043931419,NA,NA,NA,NA,NA,NA,10.63,NA
2003-01-01,Piauí,252378.60000000006,NA,4.79243808766088,NA,NA,NA,NA,NA,NA,10.19,NA
2004-01-01,Piauí,252378.60000000006,NA,4.88654400791085,NA,NA,NA,NA,NA,NA,11.09,NA
2005-01-01,Piauí,252378.60000000006,NA,5.12430445521385,NA,NA,NA,NA,NA,NA,12.24,NA
2006-01-01,Piauí,252378.60000000006,NA,5.92788853890369,NA,NA,NA,NA,NA,NA,13.77,NA
2007-01-01,Piauí,252378.60000000006,NA,5.63540386053694,NA,NA,NA,NA,NA,NA,12.49,NA
2008-01-01,Piauí,252378.60000000006,NA,6.05840955452262,NA,NA,NA,NA,NA,NA,11.57,NA
2009-01-01,Piauí,252378.60000000006,NA,6.53108104947002,NA,NA,NA,NA,NA,NA,12.24,NA
2010-01-01,Piauí,252378.60000000006,NA,7.08541544965949,NA,NA,NA,NA,NA,NA,13.18,NA
2011-01-01,Piauí,252378.60000000006,NA,7.64615669073648,NA,NA,NA,NA,NA,NA,14.01,NA
1985-01-01,Ceará,146348.30000000005,NA,4.9884487498,NA,NA,NA,NA,NA,NA,9.5,NA
1986-01-01,Ceará,146348.30000000005,NA,5.4917267235,NA,NA,NA,NA,NA,NA,8.86,NA
1987-01-01,Ceará,146348.30000000005,NA,5.4101025588,NA,NA,NA,NA,NA,NA,7.28,NA
1988-01-01,Ceará,146348.30000000005,NA,5.0705604652,NA,NA,NA,NA,NA,NA,8.36,NA
1989-01-01,Ceará,146348.30000000005,NA,4.6275898427,NA,NA,NA,NA,NA,NA,9.84,NA
1990-01-01,Ceará,146348.30000000005,NA,5.0900604617,NA,NA,NA,NA,NA,NA,8.86,NA
1991-01-01,Ceará,146348.30000000005,NA,5.3126551561,NA,NA,NA,0.454,NA,NA,9.53,NA
1992-01-01,Ceará,146348.30000000005,NA,5.99203964003719,NA,NA,NA,NA,NA,NA,8.33,NA
1993-01-01,Ceará,146348.30000000005,NA,6.14085994581621,NA,NA,NA,NA,NA,NA,10.72,NA
1994-01-01,Ceará,146348.30000000005,NA,6.63843101521952,NA,NA,NA,NA,NA,NA,9.59,NA
1995-01-01,Ceará,146348.30000000005,NA,7.05565465885802,NA,NA,NA,NA,NA,NA,12.59,NA
1996-01-01,Ceará,146348.30000000005,NA,7.33044737045415,NA,NA,NA,NA,NA,NA,13,NA
1997-01-01,Ceará,146348.30000000005,NA,7.23735045902548,NA,NA,NA,NA,NA,NA,14.83,NA
1998-01-01,Ceará,146348.30000000005,NA,7.05664542321944,NA,NA,NA,NA,NA,NA,13.49,NA
1999-01-01,Ceará,146348.30000000005,NA,6.95538261446893,NA,NA,NA,NA,NA,NA,15.53,NA
2000-01-01,Ceará,146348.30000000005,NA,7.08795947098197,NA,NA,NA,NA,NA,NA,17.19,NA
2001-01-01,Ceará,146348.30000000005,NA,6.77995155737688,NA,NA,NA,NA,NA,NA,17.01,NA
2002-01-01,Ceará,146348.30000000005,NA,7.12760413229128,NA,NA,NA,NA,NA,NA,18.88,NA
2003-01-01,Ceará,146348.30000000005,NA,7.01536345886552,NA,NA,NA,NA,NA,NA,20.15,NA
2004-01-01,Ceará,146348.30000000005,NA,7.14695254719812,NA,NA,NA,NA,NA,NA,20.12,NA
2005-01-01,Ceará,146348.30000000005,NA,7.29394005642034,NA,NA,NA,NA,NA,NA,20.98,NA
2006-01-01,Ceará,146348.30000000005,NA,7.62358862737333,NA,NA,NA,NA,NA,NA,21.81,NA
2007-01-01,Ceará,146348.30000000005,NA,7.7247564824025,NA,NA,NA,NA,NA,NA,23.19,NA
2008-01-01,Ceará,146348.30000000005,NA,8.31844454252552,NA,NA,NA,NA,NA,NA,23.89,NA
2009-01-01,Ceará,146348.30000000005,NA,8.52387293913302,NA,NA,NA,NA,NA,NA,25.33,NA
2010-01-01,Ceará,146348.30000000005,NA,9.25767562923975,NA,NA,NA,NA,NA,NA,31.8,NA
2011-01-01,Ceará,146348.30000000005,NA,9.70760984759289,NA,NA,NA,NA,NA,NA,32.73,NA
1985-01-01,Rio Grande do Norte,53306.799999999996,NA,4.3911839405,NA,NA,NA,NA,NA,NA,6.28,NA
1986-01-01,Rio Grande do Norte,53306.799999999996,NA,4.7481740416,NA,NA,NA,NA,NA,NA,4.77,NA
1987-01-01,Rio Grande do Norte,53306.799999999996,NA,5.745640968,NA,NA,NA,NA,NA,NA,6.69,NA
1988-01-01,Rio Grande do Norte,53306.799999999996,NA,4.9413653048,NA,NA,NA,NA,NA,NA,8.53,NA
1989-01-01,Rio Grande do Norte,53306.799999999996,NA,5.1462863802,NA,NA,NA,NA,NA,NA,10.17,NA
1990-01-01,Rio Grande do Norte,53306.799999999996,NA,4.3688482384,NA,NA,NA,NA,NA,NA,8.46,NA
1991-01-01,Rio Grande do Norte,53306.799999999996,NA,5.1552589613,NA,NA,NA,0.507,NA,NA,9.07,NA
1992-01-01,Rio Grande do Norte,53306.799999999996,NA,6.16298762812997,NA,NA,NA,NA,NA,NA,8.15,NA
1993-01-01,Rio Grande do Norte,53306.799999999996,NA,6.84278248152983,NA,NA,NA,NA,NA,NA,9.71,NA
1994-01-01,Rio Grande do Norte,53306.799999999996,NA,6.87177251736285,NA,NA,NA,NA,NA,NA,8.3,NA
1995-01-01,Rio Grande do Norte,53306.799999999996,NA,6.60046492642378,NA,NA,NA,NA,NA,NA,9.57,NA
1996-01-01,Rio Grande do Norte,53306.799999999996,NA,7.14328153141098,NA,NA,NA,NA,NA,NA,9.42,NA
1997-01-01,Rio Grande do Norte,53306.799999999996,NA,7.39563842732767,NA,NA,NA,NA,NA,NA,9.06,NA
1998-01-01,Rio Grande do Norte,53306.799999999996,NA,7.18254100563488,NA,NA,NA,NA,NA,NA,8.46,NA
1999-01-01,Rio Grande do Norte,53306.799999999996,NA,7.29002087514298,NA,NA,NA,NA,NA,NA,8.44,NA
2000-01-01,Rio Grande do Norte,53306.799999999996,NA,7.6684281225074,NA,NA,NA,NA,NA,NA,9.57,NA
2001-01-01,Rio Grande do Norte,53306.799999999996,NA,7.66368758581635,NA,NA,NA,NA,NA,NA,11.44,NA
2002-01-01,Rio Grande do Norte,53306.799999999996,NA,9.03449992777248,NA,NA,NA,NA,NA,NA,10.48,NA
2003-01-01,Rio Grande do Norte,53306.799999999996,NA,8.57069239043721,NA,NA,NA,NA,NA,NA,14.02,NA
2004-01-01,Rio Grande do Norte,53306.799999999996,NA,9.00051090816176,NA,NA,NA,NA,NA,NA,11.77,NA
2005-01-01,Rio Grande do Norte,53306.799999999996,NA,9.56381199388726,NA,NA,NA,NA,NA,NA,13.52,NA
2006-01-01,Rio Grande do Norte,53306.799999999996,NA,10.1311564506569,NA,NA,NA,NA,NA,NA,14.95,NA
2007-01-01,Rio Grande do Norte,53306.799999999996,NA,10.5862707780062,NA,NA,NA,NA,NA,NA,19.1,NA
2008-01-01,Rio Grande do Norte,53306.799999999996,NA,10.8241889597802,NA,NA,NA,NA,NA,NA,22.98,NA
2009-01-01,Rio Grande do Norte,53306.799999999996,NA,10.692234352679,NA,NA,NA,NA,NA,NA,25.5,NA
2010-01-01,Rio Grande do Norte,53306.799999999996,NA,11.0837342697484,NA,NA,NA,NA,NA,NA,25.57,NA
2011-01-01,Rio Grande do Norte,53306.799999999996,NA,11.831456978431,NA,NA,NA,NA,NA,NA,32.95,NA
1985-01-01,Paraíba,56584.59999999997,NA,4.738928126,NA,NA,NA,NA,NA,NA,12.81,NA
1986-01-01,Paraíba,56584.59999999997,NA,5.0372178595,NA,NA,NA,NA,NA,NA,15.8,NA
1987-01-01,Paraíba,56584.59999999997,NA,4.9894154753,NA,NA,NA,NA,NA,NA,12.38,NA
1988-01-01,Paraíba,56584.59999999997,NA,5.0664715234,NA,NA,NA,NA,NA,NA,13.03,NA
1989-01-01,Paraíba,56584.59999999997,NA,5.0374107169,NA,NA,NA,NA,NA,NA,14.77,NA
1990-01-01,Paraíba,56584.59999999997,NA,5.1218901441,NA,NA,NA,NA,NA,NA,13.93,NA
1991-01-01,Paraíba,56584.59999999997,NA,5.1968029581,NA,NA,NA,0.409,NA,NA,12.53,NA
1992-01-01,Paraíba,56584.59999999997,NA,4.83046454852375,NA,NA,NA,NA,NA,NA,11.02,NA
1993-01-01,Paraíba,56584.59999999997,NA,5.10965812195919,NA,NA,NA,NA,NA,NA,11.15,NA
1994-01-01,Paraíba,56584.59999999997,NA,5.73404840513682,NA,NA,NA,NA,NA,NA,11.64,NA
1995-01-01,Paraíba,56584.59999999997,NA,5.35009557855125,NA,NA,NA,NA,NA,NA,13.68,NA
1996-01-01,Paraíba,56584.59999999997,NA,5.66530794729324,NA,NA,NA,NA,NA,NA,19.24,NA
1997-01-01,Paraíba,56584.59999999997,NA,5.84309487529275,NA,NA,NA,NA,NA,NA,14.77,NA
1998-01-01,Paraíba,56584.59999999997,NA,5.87141021466399,NA,NA,NA,NA,NA,NA,13.57,NA
1999-01-01,Paraíba,56584.59999999997,NA,5.93064024327578,NA,NA,NA,NA,NA,NA,11.94,NA
2000-01-01,Paraíba,56584.59999999997,NA,6.20397295741846,NA,NA,NA,NA,NA,NA,14.92,NA
2001-01-01,Paraíba,56584.59999999997,NA,6.52392130820198,NA,NA,NA,NA,NA,NA,13.95,NA
2002-01-01,Paraíba,56584.59999999997,NA,6.92899594957949,NA,NA,NA,NA,NA,NA,17.37,NA
2003-01-01,Paraíba,56584.59999999997,NA,6.97446557428209,NA,NA,NA,NA,NA,NA,17.51,NA
2004-01-01,Paraíba,56584.59999999997,NA,6.82413260301916,NA,NA,NA,NA,NA,NA,19.06,NA
2005-01-01,Paraíba,56584.59999999997,NA,7.02324622351092,NA,NA,NA,NA,NA,NA,20.72,NA
2006-01-01,Paraíba,56584.59999999997,NA,7.74789173682439,NA,NA,NA,NA,NA,NA,22.77,NA
2007-01-01,Paraíba,56584.59999999997,NA,7.80091712783904,NA,NA,NA,NA,NA,NA,23.67,NA
2008-01-01,Paraíba,56584.59999999997,NA,8.35963071587483,NA,NA,NA,NA,NA,NA,27.49,NA
2009-01-01,Paraíba,56584.59999999997,NA,8.69416852615308,NA,NA,NA,NA,NA,NA,33.5,NA
2010-01-01,Paraíba,56584.59999999997,NA,8.77726543048737,NA,NA,NA,NA,NA,NA,38.63,NA
2011-01-01,Paraíba,56584.59999999997,NA,9.03624460607364,NA,NA,NA,NA,NA,NA,42.57,NA
1985-01-01,Pernambuco,98937.79999999999,NA,5.6943341077,NA,NA,NA,NA,NA,NA,30.51,NA
1986-01-01,Pernambuco,98937.79999999999,NA,6.1885479132,NA,NA,NA,NA,NA,NA,30.57,NA
1987-01-01,Pernambuco,98937.79999999999,NA,7.0537259152,NA,NA,NA,NA,NA,NA,32.29,NA
1988-01-01,Pernambuco,98937.79999999999,NA,6.8421852331,NA,NA,NA,NA,NA,NA,32.82,NA
1989-01-01,Pernambuco,98937.79999999999,NA,6.2710216878,NA,NA,NA,NA,NA,NA,36.75,NA
1990-01-01,Pernambuco,98937.79999999999,NA,7.1120177709,NA,NA,NA,NA,NA,NA,39,NA
1991-01-01,Pernambuco,98937.79999999999,NA,7.6022948865,NA,NA,NA,0.579,NA,NA,41.3,NA
1992-01-01,Pernambuco,98937.79999999999,NA,7.80088700135956,NA,NA,NA,NA,NA,NA,35.27,NA
1993-01-01,Pernambuco,98937.79999999999,NA,7.7993697620517,NA,NA,NA,NA,NA,NA,37.87,NA
1994-01-01,Pernambuco,98937.79999999999,NA,8.20107854634257,NA,NA,NA,NA,NA,NA,35.18,NA
1995-01-01,Pernambuco,98937.79999999999,NA,7.5074858530276,NA,NA,NA,NA,NA,NA,36.35,NA
1996-01-01,Pernambuco,98937.79999999999,NA,7.86646610986193,NA,NA,NA,NA,NA,NA,40.84,NA
1997-01-01,Pernambuco,98937.79999999999,NA,7.95656661007417,NA,NA,NA,NA,NA,NA,49.73,NA
1998-01-01,Pernambuco,98937.79999999999,NA,7.96434591631274,NA,NA,NA,NA,NA,NA,58.79,NA
1999-01-01,Pernambuco,98937.79999999999,NA,7.82385945539398,NA,NA,NA,NA,NA,NA,55.63,NA
2000-01-01,Pernambuco,98937.79999999999,NA,7.96780191356559,NA,NA,NA,NA,NA,NA,56.17,NA
2001-01-01,Pernambuco,98937.79999999999,NA,7.87786821511714,NA,NA,NA,NA,NA,NA,58.81,NA
2002-01-01,Pernambuco,98937.79999999999,NA,8.47249427675678,NA,NA,NA,NA,NA,NA,54.37,NA
2003-01-01,Pernambuco,98937.79999999999,NA,7.91888103946602,NA,NA,NA,NA,NA,NA,55.34,NA
2004-01-01,Pernambuco,98937.79999999999,NA,8.35095942650653,NA,NA,NA,NA,NA,NA,50.66,NA
2005-01-01,Pernambuco,98937.79999999999,NA,8.58932133230008,NA,NA,NA,NA,NA,NA,51.46,NA
2006-01-01,Pernambuco,98937.79999999999,NA,8.7911818585343,NA,NA,NA,NA,NA,NA,52.6,NA
2007-01-01,Pernambuco,98937.79999999999,NA,9.04202685025023,NA,NA,NA,NA,NA,NA,53.04,NA
2008-01-01,Pernambuco,98937.79999999999,NA,9.38021452708028,NA,NA,NA,NA,NA,NA,50.9,NA
2009-01-01,Pernambuco,98937.79999999999,NA,9.81577531372078,NA,NA,NA,NA,NA,NA,44.98,NA
2010-01-01,Pernambuco,98937.79999999999,NA,10.8160982757189,NA,NA,NA,NA,NA,NA,39.48,NA
2011-01-01,Pernambuco,98937.79999999999,NA,11.4723643570065,NA,NA,NA,NA,NA,NA,39.15,NA
1985-01-01,Alagoas,27933.099999999995,NA,5.8791420772,NA,NA,NA,NA,NA,NA,23.02,NA
1986-01-01,Alagoas,27933.099999999995,NA,5.9255944825,NA,NA,NA,NA,NA,NA,24.81,NA
1987-01-01,Alagoas,27933.099999999995,NA,6.3202839128,NA,NA,NA,NA,NA,NA,23.08,NA
1988-01-01,Alagoas,27933.099999999995,NA,5.7302948615,NA,NA,NA,NA,NA,NA,30.38,NA
1989-01-01,Alagoas,27933.099999999995,NA,5.7716421572,NA,NA,NA,NA,NA,NA,33.31,NA
1990-01-01,Alagoas,27933.099999999995,NA,6.1245303676,NA,NA,NA,NA,NA,NA,29.21,NA
1991-01-01,Alagoas,27933.099999999995,NA,6.1700559571,NA,NA,NA,0.435,NA,NA,26.45,NA
1992-01-01,Alagoas,27933.099999999995,NA,5.96222609492047,NA,NA,NA,NA,NA,NA,23.31,NA
1993-01-01,Alagoas,27933.099999999995,NA,5.61667524047769,NA,NA,NA,NA,NA,NA,23.77,NA
1994-01-01,Alagoas,27933.099999999995,NA,6.03286572096428,NA,NA,NA,NA,NA,NA,23.25,NA
1995-01-01,Alagoas,27933.099999999995,NA,5.97845426544305,NA,NA,NA,NA,NA,NA,27.63,NA
1996-01-01,Alagoas,27933.099999999995,NA,5.9346887194352,NA,NA,NA,NA,NA,NA,28.14,NA
1997-01-01,Alagoas,27933.099999999995,NA,6.30505840478642,NA,NA,NA,NA,NA,NA,24.11,NA
1998-01-01,Alagoas,27933.099999999995,NA,6.39533076652659,NA,NA,NA,NA,NA,NA,21.65,NA
1999-01-01,Alagoas,27933.099999999995,NA,6.0936338228359,NA,NA,NA,NA,NA,NA,20.42,NA
2000-01-01,Alagoas,27933.099999999995,NA,6.40436819731158,NA,NA,NA,NA,NA,NA,26.55,NA
2001-01-01,Alagoas,27933.099999999995,NA,6.19796858145361,NA,NA,NA,NA,NA,NA,29.06,NA
2002-01-01,Alagoas,27933.099999999995,NA,7.59024146259128,NA,NA,NA,NA,NA,NA,34.32,NA
2003-01-01,Alagoas,27933.099999999995,NA,7.20454838731752,NA,NA,NA,NA,NA,NA,35.61,NA
2004-01-01,Alagoas,27933.099999999995,NA,7.28095656854645,NA,NA,NA,NA,NA,NA,35.11,NA
2005-01-01,Alagoas,27933.099999999995,NA,7.38528092415478,NA,NA,NA,NA,NA,NA,39.89,NA
2006-01-01,Alagoas,27933.099999999995,NA,7.6819203288027,NA,NA,NA,NA,NA,NA,53.1,NA
2007-01-01,Alagoas,27933.099999999995,NA,7.98836002056119,NA,NA,NA,NA,NA,NA,59.51,NA
2008-01-01,Alagoas,27933.099999999995,NA,8.28211674292349,NA,NA,NA,NA,NA,NA,60.33,NA
2009-01-01,Alagoas,27933.099999999995,NA,8.30749529450827,NA,NA,NA,NA,NA,NA,59.35,NA
2010-01-01,Alagoas,27933.099999999995,NA,8.39555694864184,NA,NA,NA,NA,NA,NA,66.88,NA
2011-01-01,Alagoas,27933.099999999995,NA,9.29766115529261,NA,NA,NA,NA,NA,NA,71.39,NA
1985-01-01,Sergipe,22050.299999999996,NA,8.2757373095,NA,NA,NA,NA,NA,NA,5,NA
1986-01-01,Sergipe,22050.299999999996,NA,8.993768054,NA,NA,NA,NA,NA,NA,5.78,NA
1987-01-01,Sergipe,22050.299999999996,NA,8.8371479864,NA,NA,NA,NA,NA,NA,4.98,NA
1988-01-01,Sergipe,22050.299999999996,NA,8.8663730422,NA,NA,NA,NA,NA,NA,4.87,NA
1989-01-01,Sergipe,22050.299999999996,NA,8.5320370369,NA,NA,NA,NA,NA,NA,9.74,NA
1990-01-01,Sergipe,22050.299999999996,NA,8.492623942,NA,NA,NA,NA,NA,NA,10.36,NA
1991-01-01,Sergipe,22050.299999999996,NA,8.4435004265,NA,NA,NA,0.521,NA,NA,21.25,NA
1992-01-01,Sergipe,22050.299999999996,NA,8.78377344021551,NA,NA,NA,NA,NA,NA,30.41,NA
1993-01-01,Sergipe,22050.299999999996,NA,9.33343635597046,NA,NA,NA,NA,NA,NA,20.11,NA
1994-01-01,Sergipe,22050.299999999996,NA,8.65036859932369,NA,NA,NA,NA,NA,NA,21.79,NA
1995-01-01,Sergipe,22050.299999999996,NA,8.23334778167752,NA,NA,NA,NA,NA,NA,15.89,NA
1996-01-01,Sergipe,22050.299999999996,NA,8.46006211893734,NA,NA,NA,NA,NA,NA,14.65,NA
1997-01-01,Sergipe,22050.299999999996,NA,8.84044034632878,NA,NA,NA,NA,NA,NA,11.47,NA
1998-01-01,Sergipe,22050.299999999996,NA,8.55411185763554,NA,NA,NA,NA,NA,NA,10.39,NA
1999-01-01,Sergipe,22050.299999999996,NA,8.27115160974275,NA,NA,NA,NA,NA,NA,19.21,NA
2000-01-01,Sergipe,22050.299999999996,NA,8.48114224291728,NA,NA,NA,NA,NA,NA,23.55,NA
2001-01-01,Sergipe,22050.299999999996,NA,9.20406736781903,NA,NA,NA,NA,NA,NA,28.5,NA
2002-01-01,Sergipe,22050.299999999996,NA,10.6330971043568,NA,NA,NA,NA,NA,NA,30.12,NA
2003-01-01,Sergipe,22050.299999999996,NA,10.4364913575929,NA,NA,NA,NA,NA,NA,25.02,NA
2004-01-01,Sergipe,22050.299999999996,NA,10.6527599270522,NA,NA,NA,NA,NA,NA,23.86,NA
2005-01-01,Sergipe,22050.299999999996,NA,10.5482113331194,NA,NA,NA,NA,NA,NA,24.75,NA
2006-01-01,Sergipe,22050.299999999996,NA,11.0560214174383,NA,NA,NA,NA,NA,NA,29.24,NA
2007-01-01,Sergipe,22050.299999999996,NA,11.3111836737729,NA,NA,NA,NA,NA,NA,25.67,NA
2008-01-01,Sergipe,22050.299999999996,NA,12.4643490767309,NA,NA,NA,NA,NA,NA,27.76,NA
2009-01-01,Sergipe,22050.299999999996,NA,11.6531971275157,NA,NA,NA,NA,NA,NA,32.33,NA
2010-01-01,Sergipe,22050.299999999996,NA,12.4548503360064,NA,NA,NA,NA,NA,NA,32.69,NA
2011-01-01,Sergipe,22050.299999999996,NA,12.8589273946733,NA,NA,NA,NA,NA,NA,34.98,NA
1985-01-01,Bahia,567295.2999999998,NA,5.1345864345,NA,NA,NA,NA,NA,NA,5.12,NA
1986-01-01,Bahia,567295.2999999998,NA,5.385666992,NA,NA,NA,NA,NA,NA,5.08,NA
1987-01-01,Bahia,567295.2999999998,NA,5.4560517591,NA,NA,NA,NA,NA,NA,6.11,NA
1988-01-01,Bahia,567295.2999999998,NA,6.3129634421,NA,NA,NA,NA,NA,NA,7.43,NA
1989-01-01,Bahia,567295.2999999998,NA,5.6097627988,NA,NA,NA,NA,NA,NA,9.51,NA
1990-01-01,Bahia,567295.2999999998,NA,5.8660892283,NA,NA,NA,NA,NA,NA,7.45,NA
1991-01-01,Bahia,567295.2999999998,NA,5.9453154161,NA,NA,NA,0.478,NA,NA,5.02,NA
1992-01-01,Bahia,567295.2999999998,NA,7.67711938231381,NA,NA,NA,NA,NA,NA,7.01,NA
1993-01-01,Bahia,567295.2999999998,NA,7.78999628356221,NA,NA,NA,NA,NA,NA,12.24,NA
1994-01-01,Bahia,567295.2999999998,NA,8.03373263829867,NA,NA,NA,NA,NA,NA,13.95,NA
1995-01-01,Bahia,567295.2999999998,NA,7.20509987189987,NA,NA,NA,NA,NA,NA,12.15,NA
1996-01-01,Bahia,567295.2999999998,NA,7.52636205677483,NA,NA,NA,NA,NA,NA,15.01,NA
1997-01-01,Bahia,567295.2999999998,NA,7.76496954231578,NA,NA,NA,NA,NA,NA,15.59,NA
1998-01-01,Bahia,567295.2999999998,NA,7.58152927452483,NA,NA,NA,NA,NA,NA,9.89,NA
1999-01-01,Bahia,567295.2999999998,NA,7.68486975063403,NA,NA,NA,NA,NA,NA,7.03,NA
2000-01-01,Bahia,567295.2999999998,NA,7.9955674386729,NA,NA,NA,NA,NA,NA,9.46,NA
2001-01-01,Bahia,567295.2999999998,NA,8.06562811230159,NA,NA,NA,NA,NA,NA,12.27,NA
2002-01-01,Bahia,567295.2999999998,NA,8.39037131203699,NA,NA,NA,NA,NA,NA,13.2,NA
2003-01-01,Bahia,567295.2999999998,NA,8.32509590650898,NA,NA,NA,NA,NA,NA,16.12,NA
2004-01-01,Bahia,567295.2999999998,NA,8.80198838140767,NA,NA,NA,NA,NA,NA,16.69,NA
2005-01-01,Bahia,567295.2999999998,NA,9.19278916879671,NA,NA,NA,NA,NA,NA,20.85,NA
2006-01-01,Bahia,567295.2999999998,NA,9.20774355252289,NA,NA,NA,NA,NA,NA,23.73,NA
2007-01-01,Bahia,567295.2999999998,NA,9.5792741238512,NA,NA,NA,NA,NA,NA,25.98,NA
2008-01-01,Bahia,567295.2999999998,NA,9.76127903481571,NA,NA,NA,NA,NA,NA,33.23,NA
2009-01-01,Bahia,567295.2999999998,NA,10.2178126391936,NA,NA,NA,NA,NA,NA,37.11,NA
2010-01-01,Bahia,567295.2999999998,NA,10.4561448686126,NA,NA,NA,NA,NA,NA,41.69,NA
2011-01-01,Bahia,567295.2999999998,NA,10.9102871926002,NA,NA,NA,NA,NA,NA,39.36,NA
1985-01-01,Minas Gerais,588383.5999999999,NA,12.3375509688,NA,NA,NA,NA,NA,NA,7.11,NA
1986-01-01,Minas Gerais,588383.5999999999,NA,12.2601204024,NA,NA,NA,NA,NA,NA,7.13,NA
1987-01-01,Minas Gerais,588383.5999999999,NA,13.5122099136,NA,NA,NA,NA,NA,NA,6.86,NA
1988-01-01,Minas Gerais,588383.5999999999,NA,13.1577866361,NA,NA,NA,NA,NA,NA,6.81,NA
1989-01-01,Minas Gerais,588383.5999999999,NA,12.9177574658,NA,NA,NA,NA,NA,NA,7.94,NA
1990-01-01,Minas Gerais,588383.5999999999,NA,12.4777359411,NA,NA,NA,NA,NA,NA,7.59,NA
1991-01-01,Minas Gerais,588383.5999999999,NA,12.6344220477,NA,NA,NA,0.798,NA,NA,7.83,NA
1992-01-01,Minas Gerais,588383.5999999999,NA,12.5875938795488,NA,NA,NA,NA,NA,NA,7.11,NA
1993-01-01,Minas Gerais,588383.5999999999,NA,12.8855058110365,NA,NA,NA,NA,NA,NA,7.5,NA
1994-01-01,Minas Gerais,588383.5999999999,NA,14.2344725952134,NA,NA,NA,NA,NA,NA,6.85,NA
1995-01-01,Minas Gerais,588383.5999999999,NA,12.7275970759027,NA,NA,NA,NA,NA,NA,7.36,NA
1996-01-01,Minas Gerais,588383.5999999999,NA,12.9449389199727,NA,NA,NA,NA,NA,NA,7.56,NA
1997-01-01,Minas Gerais,588383.5999999999,NA,13.2334480274251,NA,NA,NA,NA,NA,NA,7.97,NA
1998-01-01,Minas Gerais,588383.5999999999,NA,12.6374018019483,NA,NA,NA,NA,NA,NA,8.84,NA
1999-01-01,Minas Gerais,588383.5999999999,NA,12.3762640546741,NA,NA,NA,NA,NA,NA,9.23,NA
2000-01-01,Minas Gerais,588383.5999999999,NA,12.9844203024309,NA,NA,NA,NA,NA,NA,12.06,NA
2001-01-01,Minas Gerais,588383.5999999999,NA,12.8090524780496,NA,NA,NA,NA,NA,NA,13.05,NA
2002-01-01,Minas Gerais,588383.5999999999,NA,12.8494162225718,NA,NA,NA,NA,NA,NA,16.32,NA
2003-01-01,Minas Gerais,588383.5999999999,NA,12.9406170828572,NA,NA,NA,NA,NA,NA,20.85,NA
2004-01-01,Minas Gerais,588383.5999999999,NA,13.9833375755612,NA,NA,NA,NA,NA,NA,22.84,NA
2005-01-01,Minas Gerais,588383.5999999999,NA,14.0844312824635,NA,NA,NA,NA,NA,NA,21.95,NA
2006-01-01,Minas Gerais,588383.5999999999,NA,14.7072532838044,NA,NA,NA,NA,NA,NA,21.44,NA
2007-01-01,Minas Gerais,588383.5999999999,NA,15.5092668104193,NA,NA,NA,NA,NA,NA,20.92,NA
2008-01-01,Minas Gerais,588383.5999999999,NA,16.3308289353022,NA,NA,NA,NA,NA,NA,19.59,NA
2009-01-01,Minas Gerais,588383.5999999999,NA,15.5566251029457,NA,NA,NA,NA,NA,NA,18.68,NA
2010-01-01,Minas Gerais,588383.5999999999,NA,17.4386890675552,NA,NA,NA,NA,NA,NA,18.6,NA
2011-01-01,Minas Gerais,588383.5999999999,NA,18.7237937930639,NA,NA,NA,NA,NA,NA,21.6,NA
1985-01-01,Espírito Santo,46184.10000000001,NA,14.6063160835,NA,NA,NA,NA,NA,NA,19.91,NA
1986-01-01,Espírito Santo,46184.10000000001,NA,14.7384534653,NA,NA,NA,NA,NA,NA,20.65,NA
1987-01-01,Espírito Santo,46184.10000000001,NA,14.1894886048,NA,NA,NA,NA,NA,NA,22.45,NA
1988-01-01,Espírito Santo,46184.10000000001,NA,14.4035551103,NA,NA,NA,NA,NA,NA,27.7,NA
1989-01-01,Espírito Santo,46184.10000000001,NA,14.1023551174,NA,NA,NA,NA,NA,NA,33.87,NA
1990-01-01,Espírito Santo,46184.10000000001,NA,13.4193613084,NA,NA,NA,NA,NA,NA,34.63,NA
1991-01-01,Espírito Santo,46184.10000000001,NA,14.070597162,NA,NA,NA,0.804,NA,NA,37.22,NA
1992-01-01,Espírito Santo,46184.10000000001,NA,13.3751807912439,NA,NA,NA,NA,NA,NA,31.81,NA
1993-01-01,Espírito Santo,46184.10000000001,NA,13.4810628905812,NA,NA,NA,NA,NA,NA,40.69,NA
1994-01-01,Espírito Santo,46184.10000000001,NA,15.5283984876276,NA,NA,NA,NA,NA,NA,42.5,NA
1995-01-01,Espírito Santo,46184.10000000001,NA,17.3943656496761,NA,NA,NA,NA,NA,NA,41.41,NA
1996-01-01,Espírito Santo,46184.10000000001,NA,16.6240737972913,NA,NA,NA,NA,NA,NA,42.49,NA
1997-01-01,Espírito Santo,46184.10000000001,NA,16.7933560424439,NA,NA,NA,NA,NA,NA,49.63,NA
1998-01-01,Espírito Santo,46184.10000000001,NA,16.3578125306597,NA,NA,NA,NA,NA,NA,57.85,NA
1999-01-01,Espírito Santo,46184.10000000001,NA,16.1010046091681,NA,NA,NA,NA,NA,NA,51.87,NA
2000-01-01,Espírito Santo,46184.10000000001,NA,17.6072849246853,NA,NA,NA,NA,NA,NA,48.14,NA
2001-01-01,Espírito Santo,46184.10000000001,NA,16.087786416505,NA,NA,NA,NA,NA,NA,46.02,NA
2002-01-01,Espírito Santo,46184.10000000001,NA,16.0495564863567,NA,NA,NA,NA,NA,NA,51.35,NA
2003-01-01,Espírito Santo,46184.10000000001,NA,16.1474997843707,NA,NA,NA,NA,NA,NA,50.12,NA
2004-01-01,Espírito Santo,46184.10000000001,NA,18.3171844047017,NA,NA,NA,NA,NA,NA,49.08,NA
2005-01-01,Espírito Santo,46184.10000000001,NA,19.8440297074329,NA,NA,NA,NA,NA,NA,47,NA
2006-01-01,Espírito Santo,46184.10000000001,NA,20.7906489088885,NA,NA,NA,NA,NA,NA,50.86,NA
2007-01-01,Espírito Santo,46184.10000000001,NA,21.634817124953,NA,NA,NA,NA,NA,NA,53.33,NA
2008-01-01,Espírito Santo,46184.10000000001,NA,24.2874123417811,NA,NA,NA,NA,NA,NA,56.38,NA
2009-01-01,Espírito Santo,46184.10000000001,NA,21.5203104375464,NA,NA,NA,NA,NA,NA,56.92,NA
2010-01-01,Espírito Santo,46184.10000000001,NA,23.0740332929248,NA,NA,NA,NA,NA,NA,50.98,NA
2011-01-01,Espírito Santo,46184.10000000001,NA,27.5827462085616,NA,NA,NA,NA,NA,NA,47.14,NA
1985-01-01,Rio de Janeiro,43909.700000000004,NA,21.4676741959,NA,NA,NA,NA,NA,NA,21.21,NA
1986-01-01,Rio de Janeiro,43909.700000000004,NA,22.9622098397,NA,NA,NA,NA,NA,NA,20.25,NA
1987-01-01,Rio de Janeiro,43909.700000000004,NA,22.8026592402,NA,NA,NA,NA,NA,NA,30.95,NA
1988-01-01,Rio de Janeiro,43909.700000000004,NA,22.7104740351,NA,NA,NA,NA,NA,NA,24.72,NA
1989-01-01,Rio de Janeiro,43909.700000000004,NA,22.7999134519,NA,NA,NA,NA,NA,NA,34.24,NA
1990-01-01,Rio de Janeiro,43909.700000000004,NA,21.6285195267,NA,NA,NA,NA,NA,NA,56.1,NA
1991-01-01,Rio de Janeiro,43909.700000000004,NA,21.5526032864,NA,NA,NA,0.954,NA,NA,39.47,NA
1992-01-01,Rio de Janeiro,43909.700000000004,NA,19.6547369218692,NA,NA,NA,NA,NA,NA,35.12,NA
1993-01-01,Rio de Janeiro,43909.700000000004,NA,19.8778890598392,NA,NA,NA,NA,NA,NA,41.08,NA
1994-01-01,Rio de Janeiro,43909.700000000004,NA,20.0964211127242,NA,NA,NA,NA,NA,NA,48.7,NA
1995-01-01,Rio de Janeiro,43909.700000000004,NA,20.4705671376756,NA,NA,NA,NA,NA,NA,61.81,NA
1996-01-01,Rio de Janeiro,43909.700000000004,NA,20.5565365957863,NA,NA,NA,NA,NA,NA,59.93,NA
1997-01-01,Rio de Janeiro,43909.700000000004,NA,20.8127621010602,NA,NA,NA,NA,NA,NA,58.68,NA
1998-01-01,Rio de Janeiro,43909.700000000004,NA,21.4893701096168,NA,NA,NA,NA,NA,NA,55.35,NA
1999-01-01,Rio de Janeiro,43909.700000000004,NA,21.9658632165453,NA,NA,NA,NA,NA,NA,52.59,NA
2000-01-01,Rio de Janeiro,43909.700000000004,NA,22.6421076963093,NA,NA,NA,NA,NA,NA,52.75,NA
2001-01-01,Rio de Janeiro,43909.700000000004,NA,21.7920872126029,NA,NA,NA,NA,NA,NA,50.57,NA
2002-01-01,Rio de Janeiro,43909.700000000004,NA,23.7797194307094,NA,NA,NA,NA,NA,NA,56.61,NA
2003-01-01,Rio de Janeiro,43909.700000000004,NA,22.6774230087246,NA,NA,NA,NA,NA,NA,54.54,NA
2004-01-01,Rio de Janeiro,43909.700000000004,NA,24.5164256170413,NA,NA,NA,NA,NA,NA,51.43,NA
2005-01-01,Rio de Janeiro,43909.700000000004,NA,25.2304915050987,NA,NA,NA,NA,NA,NA,48.16,NA
2006-01-01,Rio de Janeiro,43909.700000000004,NA,25.94811150554,NA,NA,NA,NA,NA,NA,47.48,NA
2007-01-01,Rio de Janeiro,43909.700000000004,NA,26.0189406859996,NA,NA,NA,NA,NA,NA,41.62,NA
2008-01-01,Rio de Janeiro,43909.700000000004,NA,27.73036231666,NA,NA,NA,NA,NA,NA,35.67,NA
2009-01-01,Rio de Janeiro,43909.700000000004,NA,26.5227702848051,NA,NA,NA,NA,NA,NA,33.51,NA
2010-01-01,Rio de Janeiro,43909.700000000004,NA,27.9866893758008,NA,NA,NA,NA,NA,NA,35.44,NA
2011-01-01,Rio de Janeiro,43909.700000000004,NA,29.3798855073057,NA,NA,NA,NA,NA,NA,29.67,NA
1985-01-01,São Paulo,248808.80000000008,NA,24.6238167146,NA,NA,NA,NA,NA,NA,25.08,NA
1986-01-01,São Paulo,248808.80000000008,NA,25.7691064844,NA,NA,NA,NA,NA,NA,25.14,NA
1987-01-01,São Paulo,248808.80000000008,NA,25.9767030211,NA,NA,NA,NA,NA,NA,27.18,NA
1988-01-01,São Paulo,248808.80000000008,NA,25.3008555922,NA,NA,NA,NA,NA,NA,25.14,NA
1989-01-01,São Paulo,248808.80000000008,NA,24.6698173357,NA,NA,NA,NA,NA,NA,30.21,NA
1990-01-01,São Paulo,248808.80000000008,NA,22.9467064865,NA,NA,NA,NA,NA,NA,30.71,NA
1991-01-01,São Paulo,248808.80000000008,NA,22.4485135313,NA,NA,NA,0.96,NA,NA,30.66,NA
1992-01-01,São Paulo,248808.80000000008,NA,23.2280735556441,NA,NA,NA,NA,NA,NA,28.44,NA
1993-01-01,São Paulo,248808.80000000008,NA,23.5324876357529,NA,NA,NA,NA,NA,NA,28.21,NA
1994-01-01,São Paulo,248808.80000000008,NA,24.017879842437,NA,NA,NA,NA,NA,NA,30.06,NA
1995-01-01,São Paulo,248808.80000000008,NA,26.937890833283902,NA,NA,NA,NA,NA,NA,34.29,NA
1996-01-01,São Paulo,248808.80000000008,NA,26.2680746166131,NA,NA,NA,NA,NA,NA,36.11,NA
1997-01-01,São Paulo,248808.80000000008,NA,26.8131973503187,NA,NA,NA,NA,NA,NA,36.08,NA
1998-01-01,São Paulo,248808.80000000008,NA,25.767593245531,NA,NA,NA,NA,NA,NA,39.64,NA
1999-01-01,São Paulo,248808.80000000008,NA,25.5095513535255,NA,NA,NA,NA,NA,NA,44.01,NA
2000-01-01,São Paulo,248808.80000000008,NA,26.3408177621799,NA,NA,NA,NA,NA,NA,42.89,NA
2001-01-01,São Paulo,248808.80000000008,NA,25.6911838628714,NA,NA,NA,NA,NA,NA,41.92,NA
2002-01-01,São Paulo,248808.80000000008,NA,25.8196999378877,NA,NA,NA,NA,NA,NA,38.05,NA
2003-01-01,São Paulo,248808.80000000008,NA,25.4418961733965,NA,NA,NA,NA,NA,NA,36.29,NA
2004-01-01,São Paulo,248808.80000000008,NA,25.3363360423943,NA,NA,NA,NA,NA,NA,28.89,NA
2005-01-01,São Paulo,248808.80000000008,NA,26.4277787404407,NA,NA,NA,NA,NA,NA,21.93,NA
2006-01-01,São Paulo,248808.80000000008,NA,27.0553747444435,NA,NA,NA,NA,NA,NA,20.4,NA
2007-01-01,São Paulo,248808.80000000008,NA,28.7333719238088,NA,NA,NA,NA,NA,NA,15.45,NA
2008-01-01,São Paulo,248808.80000000008,NA,29.5767362727507,NA,NA,NA,NA,NA,NA,15.44,NA
2009-01-01,São Paulo,248808.80000000008,NA,29.5290837206088,NA,NA,NA,NA,NA,NA,15.84,NA
2010-01-01,São Paulo,248808.80000000008,NA,30.472975562655,NA,NA,NA,NA,NA,NA,14.64,NA
2011-01-01,São Paulo,248808.80000000008,NA,31.8929977314866,NA,NA,NA,NA,NA,NA,14.05,NA
1985-01-01,Paraná,199709.10000000006,NA,10.9286524386,NA,NA,NA,NA,NA,NA,11.51,NA
1986-01-01,Paraná,199709.10000000006,NA,11.1655148067,NA,NA,NA,NA,NA,NA,11.53,NA
1987-01-01,Paraná,199709.10000000006,NA,12.9177142834,NA,NA,NA,NA,NA,NA,11.31,NA
1988-01-01,Paraná,199709.10000000006,NA,12.8215211005,NA,NA,NA,NA,NA,NA,12.2,NA
1989-01-01,Paraná,199709.10000000006,NA,13.1118368275,NA,NA,NA,NA,NA,NA,13.4,NA
1990-01-01,Paraná,199709.10000000006,NA,12.993189728,NA,NA,NA,NA,NA,NA,13.95,NA
1991-01-01,Paraná,199709.10000000006,NA,12.8845377037,NA,NA,NA,0.94,NA,NA,14.5,NA
1992-01-01,Paraná,199709.10000000006,NA,14.4816615670763,NA,NA,NA,NA,NA,NA,12.77,NA
1993-01-01,Paraná,199709.10000000006,NA,15.2075015725576,NA,NA,NA,NA,NA,NA,14.4,NA
1994-01-01,Paraná,199709.10000000006,NA,16.469373948704,NA,NA,NA,NA,NA,NA,14.56,NA
1995-01-01,Paraná,199709.10000000006,NA,15.9052482442345,NA,NA,NA,NA,NA,NA,15.92,NA
1996-01-01,Paraná,199709.10000000006,NA,15.5811008648444,NA,NA,NA,NA,NA,NA,15.32,NA
1997-01-01,Paraná,199709.10000000006,NA,15.6672132929219,NA,NA,NA,NA,NA,NA,17.29,NA
1998-01-01,Paraná,199709.10000000006,NA,15.8803295302611,NA,NA,NA,NA,NA,NA,17.55,NA
1999-01-01,Paraná,199709.10000000006,NA,16.1184281625932,NA,NA,NA,NA,NA,NA,18.2,NA
2000-01-01,Paraná,199709.10000000006,NA,16.4397695626139,NA,NA,NA,NA,NA,NA,18.85,NA
2001-01-01,Paraná,199709.10000000006,NA,16.4408797400566,NA,NA,NA,NA,NA,NA,21.17,NA
2002-01-01,Paraná,199709.10000000006,NA,17.10811647103,NA,NA,NA,NA,NA,NA,23.13,NA
2003-01-01,Paraná,199709.10000000006,NA,18.4950709455918,NA,NA,NA,NA,NA,NA,25.79,NA
2004-01-01,Paraná,199709.10000000006,NA,18.8223798889128,NA,NA,NA,NA,NA,NA,28.22,NA
2005-01-01,Paraná,199709.10000000006,NA,17.8669846461934,NA,NA,NA,NA,NA,NA,29.01,NA
2006-01-01,Paraná,199709.10000000006,NA,17.8519734735235,NA,NA,NA,NA,NA,NA,29.82,NA
2007-01-01,Paraná,199709.10000000006,NA,20.0251360295802,NA,NA,NA,NA,NA,NA,29.54,NA
2008-01-01,Paraná,199709.10000000006,NA,20.4008491828881,NA,NA,NA,NA,NA,NA,32.53,NA
2009-01-01,Paraná,199709.10000000006,NA,19.9548320587315,NA,NA,NA,NA,NA,NA,34.61,NA
2010-01-01,Paraná,199709.10000000006,NA,20.9904106260449,NA,NA,NA,NA,NA,NA,34.33,NA
2011-01-01,Paraná,199709.10000000006,NA,22.5806746998038,NA,NA,NA,NA,NA,NA,32.11,NA
1985-01-01,Santa Catarina,95442.8999999999,NA,16.8950454682,NA,NA,NA,NA,NA,NA,6.5,NA
1986-01-01,Santa Catarina,95442.8999999999,NA,18.0935973458,NA,NA,NA,NA,NA,NA,5.81,NA
1987-01-01,Santa Catarina,95442.8999999999,NA,18.502972864,NA,NA,NA,NA,NA,NA,7.53,NA
1988-01-01,Santa Catarina,95442.8999999999,NA,18.0253136944,NA,NA,NA,NA,NA,NA,7.64,NA
1989-01-01,Santa Catarina,95442.8999999999,NA,18.0357733033,NA,NA,NA,NA,NA,NA,8.09,NA
1990-01-01,Santa Catarina,95442.8999999999,NA,17.2942659152,NA,NA,NA,NA,NA,NA,8.71,NA
1991-01-01,Santa Catarina,95442.8999999999,NA,17.4862919047,NA,NA,NA,0.943,NA,NA,7.82,NA
1992-01-01,Santa Catarina,95442.8999999999,NA,17.6214137629707,NA,NA,NA,NA,NA,NA,7.84,NA
1993-01-01,Santa Catarina,95442.8999999999,NA,16.6985067156782,NA,NA,NA,NA,NA,NA,7.9,NA
1994-01-01,Santa Catarina,95442.8999999999,NA,17.9270251235654,NA,NA,NA,NA,NA,NA,7.26,NA
1995-01-01,Santa Catarina,95442.8999999999,NA,17.2731530456398,NA,NA,NA,NA,NA,NA,8.68,NA
1996-01-01,Santa Catarina,95442.8999999999,NA,17.845886846884,NA,NA,NA,NA,NA,NA,8.45,NA
1997-01-01,Santa Catarina,95442.8999999999,NA,18.0874987460497,NA,NA,NA,NA,NA,NA,8.53,NA
1998-01-01,Santa Catarina,95442.8999999999,NA,17.318453408412,NA,NA,NA,NA,NA,NA,8.23,NA
1999-01-01,Santa Catarina,95442.8999999999,NA,17.3717032070696,NA,NA,NA,NA,NA,NA,7.55,NA
2000-01-01,Santa Catarina,95442.8999999999,NA,18.9162617977129,NA,NA,NA,NA,NA,NA,8.38,NA
2001-01-01,Santa Catarina,95442.8999999999,NA,18.6618173670892,NA,NA,NA,NA,NA,NA,8.75,NA
2002-01-01,Santa Catarina,95442.8999999999,NA,18.7241738198307,NA,NA,NA,NA,NA,NA,10.58,NA
2003-01-01,Santa Catarina,95442.8999999999,NA,19.034571983703,NA,NA,NA,NA,NA,NA,11.95,NA
2004-01-01,Santa Catarina,95442.8999999999,NA,19.7023478444677,NA,NA,NA,NA,NA,NA,11.22,NA
2005-01-01,Santa Catarina,95442.8999999999,NA,19.9951073453068,NA,NA,NA,NA,NA,NA,10.79,NA
2006-01-01,Santa Catarina,95442.8999999999,NA,20.5894852553223,NA,NA,NA,NA,NA,NA,11.18,NA
2007-01-01,Santa Catarina,95442.8999999999,NA,21.6214896073496,NA,NA,NA,NA,NA,NA,10.45,NA
2008-01-01,Santa Catarina,95442.8999999999,NA,23.3523722191769,NA,NA,NA,NA,NA,NA,13.25,NA
2009-01-01,Santa Catarina,95442.8999999999,NA,22.8760942222685,NA,NA,NA,NA,NA,NA,13.4,NA
2010-01-01,Santa Catarina,95442.8999999999,NA,24.2034342594317,NA,NA,NA,NA,NA,NA,13.17,NA
2011-01-01,Santa Catarina,95442.8999999999,NA,25.439123658379,NA,NA,NA,NA,NA,NA,12.84,NA
1985-01-01,Rio Grande do Sul,269153.9000000001,NA,15.1019909658,NA,NA,NA,NA,NA,NA,8.11,NA
1986-01-01,Rio Grande do Sul,269153.9000000001,NA,14.3790386099,NA,NA,NA,NA,NA,NA,9.04,NA
1987-01-01,Rio Grande do Sul,269153.9000000001,NA,17.3392000736,NA,NA,NA,NA,NA,NA,9.51,NA
1988-01-01,Rio Grande do Sul,269153.9000000001,NA,15.6852655972,NA,NA,NA,NA,NA,NA,12.54,NA
1989-01-01,Rio Grande do Sul,269153.9000000001,NA,13.9088831907,NA,NA,NA,NA,NA,NA,17.56,NA
1990-01-01,Rio Grande do Sul,269153.9000000001,NA,14.4414257507,NA,NA,NA,NA,NA,NA,18.92,NA
1991-01-01,Rio Grande do Sul,269153.9000000001,NA,15.5644085907,NA,NA,NA,0.949,NA,NA,18.54,NA
1992-01-01,Rio Grande do Sul,269153.9000000001,NA,19.4959405427679,NA,NA,NA,NA,NA,NA,17.01,NA
1993-01-01,Rio Grande do Sul,269153.9000000001,NA,21.0583720286945,NA,NA,NA,NA,NA,NA,12.56,NA
1994-01-01,Rio Grande do Sul,269153.9000000001,NA,21.9705954236283,NA,NA,NA,NA,NA,NA,14.08,NA
1995-01-01,Rio Grande do Sul,269153.9000000001,NA,17.9539130576825,NA,NA,NA,NA,NA,NA,15.02,NA
1996-01-01,Rio Grande do Sul,269153.9000000001,NA,17.7654565511372,NA,NA,NA,NA,NA,NA,15.38,NA
1997-01-01,Rio Grande do Sul,269153.9000000001,NA,17.9870978915953,NA,NA,NA,NA,NA,NA,16.88,NA
1998-01-01,Rio Grande do Sul,269153.9000000001,NA,17.6606810764905,NA,NA,NA,NA,NA,NA,15.45,NA
1999-01-01,Rio Grande do Sul,269153.9000000001,NA,17.6951063520757,NA,NA,NA,NA,NA,NA,15.37,NA
2000-01-01,Rio Grande do Sul,269153.9000000001,NA,18.3276585701266,NA,NA,NA,NA,NA,NA,16.55,NA
2001-01-01,Rio Grande do Sul,269153.9000000001,NA,18.6762107400238,NA,NA,NA,NA,NA,NA,17.98,NA
2002-01-01,Rio Grande do Sul,269153.9000000001,NA,18.0413941485874,NA,NA,NA,NA,NA,NA,18.37,NA
2003-01-01,Rio Grande do Sul,269153.9000000001,NA,18.9031078031339,NA,NA,NA,NA,NA,NA,18.15,NA
2004-01-01,Rio Grande do Sul,269153.9000000001,NA,18.9010585712776,NA,NA,NA,NA,NA,NA,18.67,NA
2005-01-01,Rio Grande do Sul,269153.9000000001,NA,18.0863395898469,NA,NA,NA,NA,NA,NA,18.64,NA
2006-01-01,Rio Grande do Sul,269153.9000000001,NA,18.139948075379,NA,NA,NA,NA,NA,NA,18.09,NA
2007-01-01,Rio Grande do Sul,269153.9000000001,NA,19.6085906350357,NA,NA,NA,NA,NA,NA,19.85,NA
2008-01-01,Rio Grande do Sul,269153.9000000001,NA,20.3899760906685,NA,NA,NA,NA,NA,NA,21.92,NA
2009-01-01,Rio Grande do Sul,269153.9000000001,NA,20.3000739654747,NA,NA,NA,NA,NA,NA,20.54,NA
2010-01-01,Rio Grande do Sul,269153.9000000001,NA,21.8938578463412,NA,NA,NA,NA,NA,NA,19.5,NA
2011-01-01,Rio Grande do Sul,269153.9000000001,NA,22.7988515640115,NA,NA,NA,NA,NA,NA,19.35,NA
1985-01-01,Mato Grosso do Sul,358158.69999999995,NA,9.8419435143,NA,NA,NA,NA,NA,NA,16.26,NA
1986-01-01,Mato Grosso do Sul,358158.69999999995,NA,9.845928734,NA,NA,NA,NA,NA,NA,18.06,NA
1987-01-01,Mato Grosso do Sul,358158.69999999995,NA,10.3938752324,NA,NA,NA,NA,NA,NA,19.18,NA
1988-01-01,Mato Grosso do Sul,358158.69999999995,NA,10.6191236552,NA,NA,NA,NA,NA,NA,19.11,NA
1989-01-01,Mato Grosso do Sul,358158.69999999995,NA,10.7601421085,NA,NA,NA,NA,NA,NA,21.76,NA
1990-01-01,Mato Grosso do Sul,358158.69999999995,NA,10.6071735598,NA,NA,NA,NA,NA,NA,20,NA
1991-01-01,Mato Grosso do Sul,358158.69999999995,NA,10.9668241536,NA,NA,NA,0.923,NA,NA,21.79,NA
1992-01-01,Mato Grosso do Sul,358158.69999999995,NA,10.9026943134051,NA,NA,NA,NA,NA,NA,23.41,NA
1993-01-01,Mato Grosso do Sul,358158.69999999995,NA,11.5528318199377,NA,NA,NA,NA,NA,NA,24.7,NA
1994-01-01,Mato Grosso do Sul,358158.69999999995,NA,13.6736251366721,NA,NA,NA,NA,NA,NA,27.74,NA
1995-01-01,Mato Grosso do Sul,358158.69999999995,NA,11.5857535200058,NA,NA,NA,NA,NA,NA,33.25,NA
1996-01-01,Mato Grosso do Sul,358158.69999999995,NA,11.658486231948,NA,NA,NA,NA,NA,NA,37.45,NA
1997-01-01,Mato Grosso do Sul,358158.69999999995,NA,11.979893126434,NA,NA,NA,NA,NA,NA,37.11,NA
1998-01-01,Mato Grosso do Sul,358158.69999999995,NA,11.9643900177698,NA,NA,NA,NA,NA,NA,33.57,NA
1999-01-01,Mato Grosso do Sul,358158.69999999995,NA,11.9661485277861,NA,NA,NA,NA,NA,NA,28.18,NA
2000-01-01,Mato Grosso do Sul,358158.69999999995,NA,12.4191030138536,NA,NA,NA,NA,NA,NA,31.64,NA
2001-01-01,Mato Grosso do Sul,358158.69999999995,NA,12.9947592111778,NA,NA,NA,NA,NA,NA,29.42,NA
2002-01-01,Mato Grosso do Sul,358158.69999999995,NA,14.5904307482581,NA,NA,NA,NA,NA,NA,31.95,NA
2003-01-01,Mato Grosso do Sul,358158.69999999995,NA,16.7660175155186,NA,NA,NA,NA,NA,NA,32.49,NA
2004-01-01,Mato Grosso do Sul,358158.69999999995,NA,16.2123140333625,NA,NA,NA,NA,NA,NA,29.84,NA
2005-01-01,Mato Grosso do Sul,358158.69999999995,NA,15.0706736583825,NA,NA,NA,NA,NA,NA,27.87,NA
2006-01-01,Mato Grosso do Sul,358158.69999999995,NA,15.6337646105589,NA,NA,NA,NA,NA,NA,29.72,NA
2007-01-01,Mato Grosso do Sul,358158.69999999995,NA,15.9849055575498,NA,NA,NA,NA,NA,NA,30.46,NA
2008-01-01,Mato Grosso do Sul,358158.69999999995,NA,18.0398399632131,NA,NA,NA,NA,NA,NA,29.92,NA
2009-01-01,Mato Grosso do Sul,358158.69999999995,NA,18.1514473265389,NA,NA,NA,NA,NA,NA,30.71,NA
2010-01-01,Mato Grosso do Sul,358158.69999999995,NA,19.0127488626496,NA,NA,NA,NA,NA,NA,26.79,NA
2011-01-01,Mato Grosso do Sul,358158.69999999995,NA,20.5441909815484,NA,NA,NA,NA,NA,NA,27.16,NA
1985-01-01,Mato Grosso,906806.8999999997,NA,7.1157747339,NA,NA,NA,NA,NA,NA,17.51,NA
1986-01-01,Mato Grosso,906806.8999999997,NA,7.5849597172,NA,NA,NA,NA,NA,NA,21.97,NA
1987-01-01,Mato Grosso,906806.8999999997,NA,7.7408505894,NA,NA,NA,NA,NA,NA,22.39,NA
1988-01-01,Mato Grosso,906806.8999999997,NA,8.1186428409,NA,NA,NA,NA,NA,NA,21.11,NA
1989-01-01,Mato Grosso,906806.8999999997,NA,8.3553218384,NA,NA,NA,NA,NA,NA,25.27,NA
1990-01-01,Mato Grosso,906806.8999999997,NA,8.1651272805,NA,NA,NA,NA,NA,NA,21.39,NA
1991-01-01,Mato Grosso,906806.8999999997,NA,8.4679240063,NA,NA,NA,0.855,NA,NA,22.3,NA
1992-01-01,Mato Grosso,906806.8999999997,NA,9.50854604811268,NA,NA,NA,NA,NA,NA,17.19,NA
1993-01-01,Mato Grosso,906806.8999999997,NA,10.7770802647764,NA,NA,NA,NA,NA,NA,16.46,NA
1994-01-01,Mato Grosso,906806.8999999997,NA,11.4929127312083,NA,NA,NA,NA,NA,NA,14.06,NA
1995-01-01,Mato Grosso,906806.8999999997,NA,10.9071604215527,NA,NA,NA,NA,NA,NA,25.2,NA
1996-01-01,Mato Grosso,906806.8999999997,NA,11.2573634841385,NA,NA,NA,NA,NA,NA,29.52,NA
1997-01-01,Mato Grosso,906806.8999999997,NA,11.8901801998842,NA,NA,NA,NA,NA,NA,33.48,NA
1998-01-01,Mato Grosso,906806.8999999997,NA,11.6696522947768,NA,NA,NA,NA,NA,NA,35.68,NA
1999-01-01,Mato Grosso,906806.8999999997,NA,12.408920073318,NA,NA,NA,NA,NA,NA,34.6,NA
2000-01-01,Mato Grosso,906806.8999999997,NA,13.874038702926,NA,NA,NA,NA,NA,NA,40.92,NA
2001-01-01,Mato Grosso,906806.8999999997,NA,13.2863186498069,NA,NA,NA,NA,NA,NA,38,NA
2002-01-01,Mato Grosso,906806.8999999997,NA,13.9965348529804,NA,NA,NA,NA,NA,NA,36.4,NA
2003-01-01,Mato Grosso,906806.8999999997,NA,16.7665402523155,NA,NA,NA,NA,NA,NA,34.25,NA
2004-01-01,Mato Grosso,906806.8999999997,NA,18.8125557780704,NA,NA,NA,NA,NA,NA,31.62,NA
2005-01-01,Mato Grosso,906806.8999999997,NA,17.5781184101777,NA,NA,NA,NA,NA,NA,32.36,NA
2006-01-01,Mato Grosso,906806.8999999997,NA,14.4761109598119,NA,NA,NA,NA,NA,NA,31.36,NA
2007-01-01,Mato Grosso,906806.8999999997,NA,16.5455348017291,NA,NA,NA,NA,NA,NA,30.55,NA
2008-01-01,Mato Grosso,906806.8999999997,NA,19.3555277921159,NA,NA,NA,NA,NA,NA,31.68,NA
2009-01-01,Mato Grosso,906806.8999999997,NA,19.033252510484,NA,NA,NA,NA,NA,NA,33.31,NA
2010-01-01,Mato Grosso,906806.8999999997,NA,18.5616702729044,NA,NA,NA,NA,NA,NA,32.03,NA
2011-01-01,Mato Grosso,906806.8999999997,NA,20.755668874321,NA,NA,NA,NA,NA,NA,32.8,NA
1985-01-01,Goiás,341289.4999999999,NA,8.9125322396,NA,NA,NA,NA,NA,NA,14.82,NA
1986-01-01,Goiás,341289.4999999999,NA,9.2848871354,NA,NA,NA,NA,NA,NA,15.53,NA
1987-01-01,Goiás,341289.4999999999,NA,9.306284364,NA,NA,NA,NA,NA,NA,17.4,NA
1988-01-01,Goiás,341289.4999999999,NA,9.6880128926,NA,NA,NA,NA,NA,NA,20.93,NA
1989-01-01,Goiás,341289.4999999999,NA,11.3622793272,NA,NA,NA,NA,NA,NA,21.02,NA
1990-01-01,Goiás,341289.4999999999,NA,11.1470073868,NA,NA,NA,NA,NA,NA,17.33,NA
1991-01-01,Goiás,341289.4999999999,NA,11.2039309628,NA,NA,NA,0.875,NA,NA,21.2,NA
1992-01-01,Goiás,341289.4999999999,NA,8.96499445959729,NA,NA,NA,NA,NA,NA,20.15,NA
1993-01-01,Goiás,341289.4999999999,NA,9.65260833809941,NA,NA,NA,NA,NA,NA,17.6,NA
1994-01-01,Goiás,341289.4999999999,NA,10.7400489055573,NA,NA,NA,NA,NA,NA,18.25,NA
1995-01-01,Goiás,341289.4999999999,NA,11.5726595761925,NA,NA,NA,NA,NA,NA,18.2,NA
1996-01-01,Goiás,341289.4999999999,NA,11.4249900794245,NA,NA,NA,NA,NA,NA,17.32,NA
1997-01-01,Goiás,341289.4999999999,NA,11.5442677576498,NA,NA,NA,NA,NA,NA,16.04,NA
1998-01-01,Goiás,341289.4999999999,NA,11.4632855879938,NA,NA,NA,NA,NA,NA,14.84,NA
1999-01-01,Goiás,341289.4999999999,NA,10.9109679544323,NA,NA,NA,NA,NA,NA,17.59,NA
2000-01-01,Goiás,341289.4999999999,NA,11.9620686242857,NA,NA,NA,NA,NA,NA,21.9,NA
2001-01-01,Goiás,341289.4999999999,NA,12.1954288990297,NA,NA,NA,NA,NA,NA,22.81,NA
2002-01-01,Goiás,341289.4999999999,NA,14.0846938655988,NA,NA,NA,NA,NA,NA,26.29,NA
2003-01-01,Goiás,341289.4999999999,NA,14.2956135835151,NA,NA,NA,NA,NA,NA,25.37,NA
2004-01-01,Goiás,341289.4999999999,NA,14.3370074191722,NA,NA,NA,NA,NA,NA,28.21,NA
2005-01-01,Goiás,341289.4999999999,NA,13.7868669172848,NA,NA,NA,NA,NA,NA,26.12,NA
2006-01-01,Goiás,341289.4999999999,NA,14.4279274036459,NA,NA,NA,NA,NA,NA,26.33,NA
2007-01-01,Goiás,341289.4999999999,NA,15.4370394561711,NA,NA,NA,NA,NA,NA,26.04,NA
2008-01-01,Goiás,341289.4999999999,NA,16.4063772937514,NA,NA,NA,NA,NA,NA,30.66,NA
2009-01-01,Goiás,341289.4999999999,NA,16.9900509139114,NA,NA,NA,NA,NA,NA,32.09,NA
2010-01-01,Goiás,341289.4999999999,NA,17.3461377061304,NA,NA,NA,NA,NA,NA,32.96,NA
2011-01-01,Goiás,341289.4999999999,NA,18.4158315434,NA,NA,NA,NA,NA,NA,37.36,NA
1985-01-01,Distrito Federal,5822.1,NA,45.3536263621,NA,NA,NA,NA,NA,NA,18.25,NA
1986-01-01,Distrito Federal,5822.1,NA,46.9690541287,NA,NA,NA,NA,NA,NA,17.46,NA
1987-01-01,Distrito Federal,5822.1,NA,46.7542411571,NA,NA,NA,NA,NA,NA,22.38,NA
1988-01-01,Distrito Federal,5822.1,NA,47.3131550059,NA,NA,NA,NA,NA,NA,20.86,NA
1989-01-01,Distrito Federal,5822.1,NA,45.6608739725,NA,NA,NA,NA,NA,NA,21.73,NA
1990-01-01,Distrito Federal,5822.1,NA,46.1145198188,NA,NA,NA,NA,NA,NA,29.69,NA
1991-01-01,Distrito Federal,5822.1,NA,45.743612208,NA,NA,NA,0.969,NA,NA,30.54,NA
1992-01-01,Distrito Federal,5822.1,NA,25.97660221009,NA,NA,NA,NA,NA,NA,25.84,NA
1993-01-01,Distrito Federal,5822.1,NA,25.4836603083653,NA,NA,NA,NA,NA,NA,33.05,NA
1994-01-01,Distrito Federal,5822.1,NA,26.5732165093485,NA,NA,NA,NA,NA,NA,32.59,NA
1995-01-01,Distrito Federal,5822.1,NA,61.7674650262715,NA,NA,NA,NA,NA,NA,36.19,NA
1996-01-01,Distrito Federal,5822.1,NA,61.7549551696467,NA,NA,NA,NA,NA,NA,33.76,NA
1997-01-01,Distrito Federal,5822.1,NA,63.046567586169,NA,NA,NA,NA,NA,NA,32.66,NA
1998-01-01,Distrito Federal,5822.1,NA,63.3053276762451,NA,NA,NA,NA,NA,NA,32.91,NA
1999-01-01,Distrito Federal,5822.1,NA,58.8406939578808,NA,NA,NA,NA,NA,NA,33.45,NA
2000-01-01,Distrito Federal,5822.1,NA,52.0282392991213,NA,NA,NA,NA,NA,NA,34.07,NA
2001-01-01,Distrito Federal,5822.1,NA,51.239380263028,NA,NA,NA,NA,NA,NA,33.04,NA
2002-01-01,Distrito Federal,5822.1,NA,47.7204847887502,NA,NA,NA,NA,NA,NA,29.87,NA
2003-01-01,Distrito Federal,5822.1,NA,44.4500001884612,NA,NA,NA,NA,NA,NA,33.88,NA
2004-01-01,Distrito Federal,5822.1,NA,45.4217535989459,NA,NA,NA,NA,NA,NA,31.16,NA
2005-01-01,Distrito Federal,5822.1,NA,46.6913464943089,NA,NA,NA,NA,NA,NA,28.16,NA
2006-01-01,Distrito Federal,5822.1,NA,47.8453634836059,NA,NA,NA,NA,NA,NA,27.69,NA
2007-01-01,Distrito Federal,5822.1,NA,48.6769337763339,NA,NA,NA,NA,NA,NA,29.21,NA
2008-01-01,Distrito Federal,5822.1,NA,50.1872154464388,NA,NA,NA,NA,NA,NA,31.75,NA
2009-01-01,Distrito Federal,5822.1,NA,51.7076753854428,NA,NA,NA,NA,NA,NA,33.83,NA
2010-01-01,Distrito Federal,5822.1,NA,55.4073796517701,NA,NA,NA,NA,NA,NA,30.58,NA
2011-01-01,Distrito Federal,5822.1,NA,54.6737781793197,NA,NA,NA,NA,NA,NA,34.56,NA
2015-10-01,Rondônia,238512.80000000005,NA,NA,NA,NA,48,NA,NA,NA,NA,NA
2016-04-01,Rondônia,238512.80000000005,NA,NA,NA,NA,50.4,NA,NA,NA,NA,NA
2016-07-01,Rondônia,238512.80000000005,NA,NA,NA,NA,48.2,NA,NA,NA,NA,NA
2016-10-01,Rondônia,238512.80000000005,NA,NA,NA,NA,49.1,NA,NA,NA,NA,NA
2017-04-01,Rondônia,238512.80000000005,NA,NA,NA,NA,50.6,NA,NA,NA,NA,NA
2017-07-01,Rondônia,238512.80000000005,NA,NA,NA,NA,49.5,NA,NA,NA,NA,NA
2017-10-01,Rondônia,238512.80000000005,NA,NA,NA,NA,48.5,NA,NA,NA,NA,NA
2018-04-01,Rondônia,238512.80000000005,NA,NA,NA,NA,48.4,NA,NA,NA,NA,NA
2018-07-01,Rondônia,238512.80000000005,NA,NA,NA,NA,50.7,NA,NA,NA,NA,NA
2018-10-01,Rondônia,238512.80000000005,NA,NA,NA,NA,49.1,NA,NA,NA,NA,NA
2019-04-01,Rondônia,238512.80000000005,NA,NA,NA,NA,51,NA,NA,NA,NA,NA
2019-07-01,Rondônia,238512.80000000005,NA,NA,NA,NA,49.4,NA,NA,NA,NA,NA
2019-10-01,Rondônia,238512.80000000005,NA,NA,NA,NA,47,NA,NA,NA,NA,NA
2020-04-01,Rondônia,238512.80000000005,NA,NA,NA,NA,46,NA,NA,NA,NA,NA
2020-07-01,Rondônia,238512.80000000005,NA,NA,NA,NA,46.8,NA,NA,NA,NA,NA
2020-10-01,Rondônia,238512.80000000005,NA,NA,NA,NA,49.9,NA,NA,NA,NA,NA
2021-04-01,Rondônia,238512.80000000005,NA,NA,NA,NA,47.9,NA,NA,NA,NA,NA
2021-07-01,Rondônia,238512.80000000005,NA,NA,NA,NA,48,NA,NA,NA,NA,NA
2021-10-01,Rondônia,238512.80000000005,NA,NA,NA,NA,47,NA,NA,NA,NA,NA
2022-04-01,Rondônia,238512.80000000005,NA,NA,NA,NA,50.4,NA,NA,NA,NA,NA
2022-07-01,Rondônia,238512.80000000005,NA,NA,NA,NA,47.8,NA,NA,NA,NA,NA
2022-10-01,Rondônia,238512.80000000005,NA,NA,NA,NA,48.9,NA,NA,NA,NA,NA
2023-04-01,Rondônia,238512.80000000005,NA,NA,NA,NA,48.8,NA,NA,NA,NA,NA
2023-07-01,Rondônia,238512.80000000005,NA,NA,NA,NA,45.3,NA,NA,NA,NA,NA
2023-10-01,Rondônia,238512.80000000005,NA,NA,NA,NA,44.5,NA,NA,NA,NA,NA
2024-04-01,Rondônia,238512.80000000005,NA,NA,NA,NA,45,NA,NA,NA,NA,NA
2024-07-01,Rondônia,238512.80000000005,NA,NA,NA,NA,44.5,NA,NA,NA,NA,NA
2024-10-01,Rondônia,238512.80000000005,NA,NA,NA,NA,47.7,NA,NA,NA,NA,NA
2025-01-01,Rondônia,238512.80000000005,NA,NA,NA,NA,48.3,NA,NA,NA,NA,NA
2025-04-01,Rondônia,238512.80000000005,NA,NA,NA,NA,47.7,NA,NA,NA,NA,NA
2015-10-01,Acre,153149.9,NA,NA,NA,NA,52.9,NA,NA,NA,NA,NA
2016-04-01,Acre,153149.9,NA,NA,NA,NA,47.9,NA,NA,NA,NA,NA
2016-07-01,Acre,153149.9,NA,NA,NA,NA,46.5,NA,NA,NA,NA,NA
2016-10-01,Acre,153149.9,NA,NA,NA,NA,49.7,NA,NA,NA,NA,NA
2017-04-01,Acre,153149.9,NA,NA,NA,NA,50,NA,NA,NA,NA,NA
2017-07-01,Acre,153149.9,NA,NA,NA,NA,51.2,NA,NA,NA,NA,NA
2017-10-01,Acre,153149.9,NA,NA,NA,NA,53.2,NA,NA,NA,NA,NA
2018-04-01,Acre,153149.9,NA,NA,NA,NA,50.7,NA,NA,NA,NA,NA
2018-07-01,Acre,153149.9,NA,NA,NA,NA,49.9,NA,NA,NA,NA,NA
2018-10-01,Acre,153149.9,NA,NA,NA,NA,50.2,NA,NA,NA,NA,NA
2019-04-01,Acre,153149.9,NA,NA,NA,NA,50.4,NA,NA,NA,NA,NA
2019-07-01,Acre,153149.9,NA,NA,NA,NA,50.4,NA,NA,NA,NA,NA
2019-10-01,Acre,153149.9,NA,NA,NA,NA,49,NA,NA,NA,NA,NA
2020-04-01,Acre,153149.9,NA,NA,NA,NA,49.1,NA,NA,NA,NA,NA
2020-07-01,Acre,153149.9,NA,NA,NA,NA,46.9,NA,NA,NA,NA,NA
2020-10-01,Acre,153149.9,NA,NA,NA,NA,46.4,NA,NA,NA,NA,NA
2021-04-01,Acre,153149.9,NA,NA,NA,NA,48.9,NA,NA,NA,NA,NA
2021-07-01,Acre,153149.9,NA,NA,NA,NA,46.3,NA,NA,NA,NA,NA
2021-10-01,Acre,153149.9,NA,NA,NA,NA,47.4,NA,NA,NA,NA,NA
2022-04-01,Acre,153149.9,NA,NA,NA,NA,48.2,NA,NA,NA,NA,NA
2022-07-01,Acre,153149.9,NA,NA,NA,NA,46.6,NA,NA,NA,NA,NA
2022-10-01,Acre,153149.9,NA,NA,NA,NA,46.3,NA,NA,NA,NA,NA
2023-04-01,Acre,153149.9,NA,NA,NA,NA,44.7,NA,NA,NA,NA,NA
2023-07-01,Acre,153149.9,NA,NA,NA,NA,44.7,NA,NA,NA,NA,NA
2023-10-01,Acre,153149.9,NA,NA,NA,NA,44.4,NA,NA,NA,NA,NA
2024-04-01,Acre,153149.9,NA,NA,NA,NA,46,NA,NA,NA,NA,NA
2024-07-01,Acre,153149.9,NA,NA,NA,NA,46.8,NA,NA,NA,NA,NA
2024-10-01,Acre,153149.9,NA,NA,NA,NA,47,NA,NA,NA,NA,NA
2025-01-01,Acre,153149.9,NA,NA,NA,NA,46.1,NA,NA,NA,NA,NA
2025-04-01,Acre,153149.9,NA,NA,NA,NA,46.6,NA,NA,NA,NA,NA
2015-10-01,Amazonas,1577820.2000000004,NA,NA,NA,NA,54.1,NA,NA,NA,NA,NA
2016-04-01,Amazonas,1577820.2000000004,NA,NA,NA,NA,56.7,NA,NA,NA,NA,NA
2016-07-01,Amazonas,1577820.2000000004,NA,NA,NA,NA,57.6,NA,NA,NA,NA,NA
2016-10-01,Amazonas,1577820.2000000004,NA,NA,NA,NA,57.9,NA,NA,NA,NA,NA
2017-04-01,Amazonas,1577820.2000000004,NA,NA,NA,NA,57.3,NA,NA,NA,NA,NA
2017-07-01,Amazonas,1577820.2000000004,NA,NA,NA,NA,53.9,NA,NA,NA,NA,NA
2017-10-01,Amazonas,1577820.2000000004,NA,NA,NA,NA,54.8,NA,NA,NA,NA,NA
2018-04-01,Amazonas,1577820.2000000004,NA,NA,NA,NA,53.7,NA,NA,NA,NA,NA
2018-07-01,Amazonas,1577820.2000000004,NA,NA,NA,NA,55.1,NA,NA,NA,NA,NA
2018-10-01,Amazonas,1577820.2000000004,NA,NA,NA,NA,56.3,NA,NA,NA,NA,NA
2019-04-01,Amazonas,1577820.2000000004,NA,NA,NA,NA,58.8,NA,NA,NA,NA,NA
2019-07-01,Amazonas,1577820.2000000004,NA,NA,NA,NA,57.6,NA,NA,NA,NA,NA
2019-10-01,Amazonas,1577820.2000000004,NA,NA,NA,NA,58.3,NA,NA,NA,NA,NA
2020-04-01,Amazonas,1577820.2000000004,NA,NA,NA,NA,55.3,NA,NA,NA,NA,NA
2020-07-01,Amazonas,1577820.2000000004,NA,NA,NA,NA,56.7,NA,NA,NA,NA,NA
2020-10-01,Amazonas,1577820.2000000004,NA,NA,NA,NA,58.9,NA,NA,NA,NA,NA
2021-04-01,Amazonas,1577820.2000000004,NA,NA,NA,NA,59.9,NA,NA,NA,NA,NA
2021-07-01,Amazonas,1577820.2000000004,NA,NA,NA,NA,59.5,NA,NA,NA,NA,NA
2021-10-01,Amazonas,1577820.2000000004,NA,NA,NA,NA,58.7,NA,NA,NA,NA,NA
2022-04-01,Amazonas,1577820.2000000004,NA,NA,NA,NA,57.7,NA,NA,NA,NA,NA
2022-07-01,Amazonas,1577820.2000000004,NA,NA,NA,NA,57.1,NA,NA,NA,NA,NA
2022-10-01,Amazonas,1577820.2000000004,NA,NA,NA,NA,57,NA,NA,NA,NA,NA
2023-04-01,Amazonas,1577820.2000000004,NA,NA,NA,NA,56.8,NA,NA,NA,NA,NA
2023-07-01,Amazonas,1577820.2000000004,NA,NA,NA,NA,55,NA,NA,NA,NA,NA
2023-10-01,Amazonas,1577820.2000000004,NA,NA,NA,NA,54.6,NA,NA,NA,NA,NA
2024-04-01,Amazonas,1577820.2000000004,NA,NA,NA,NA,52.2,NA,NA,NA,NA,NA
2024-07-01,Amazonas,1577820.2000000004,NA,NA,NA,NA,54.1,NA,NA,NA,NA,NA
2024-10-01,Amazonas,1577820.2000000004,NA,NA,NA,NA,52.1,NA,NA,NA,NA,NA
2025-01-01,Amazonas,1577820.2000000004,NA,NA,NA,NA,53.2,NA,NA,NA,NA,NA
2025-04-01,Amazonas,1577820.2000000004,NA,NA,NA,NA,52.1,NA,NA,NA,NA,NA
2015-10-01,Roraima,225116.1,NA,NA,NA,NA,43.4,NA,NA,NA,NA,NA
2016-04-01,Roraima,225116.1,NA,NA,NA,NA,42.9,NA,NA,NA,NA,NA
2016-07-01,Roraima,225116.1,NA,NA,NA,NA,42.8,NA,NA,NA,NA,NA
2016-10-01,Roraima,225116.1,NA,NA,NA,NA,41.9,NA,NA,NA,NA,NA
2017-04-01,Roraima,225116.1,NA,NA,NA,NA,43.9,NA,NA,NA,NA,NA
2017-07-01,Roraima,225116.1,NA,NA,NA,NA,44.7,NA,NA,NA,NA,NA
2017-10-01,Roraima,225116.1,NA,NA,NA,NA,44.7,NA,NA,NA,NA,NA
2018-04-01,Roraima,225116.1,NA,NA,NA,NA,44.3,NA,NA,NA,NA,NA
2018-07-01,Roraima,225116.1,NA,NA,NA,NA,45.8,NA,NA,NA,NA,NA
2018-10-01,Roraima,225116.1,NA,NA,NA,NA,44.9,NA,NA,NA,NA,NA
2019-04-01,Roraima,225116.1,NA,NA,NA,NA,48.2,NA,NA,NA,NA,NA
2019-07-01,Roraima,225116.1,NA,NA,NA,NA,46.3,NA,NA,NA,NA,NA
2019-10-01,Roraima,225116.1,NA,NA,NA,NA,47.7,NA,NA,NA,NA,NA
2020-04-01,Roraima,225116.1,NA,NA,NA,NA,44.8,NA,NA,NA,NA,NA
2020-07-01,Roraima,225116.1,NA,NA,NA,NA,46.7,NA,NA,NA,NA,NA
2020-10-01,Roraima,225116.1,NA,NA,NA,NA,47.7,NA,NA,NA,NA,NA
2021-04-01,Roraima,225116.1,NA,NA,NA,NA,49.6,NA,NA,NA,NA,NA
2021-07-01,Roraima,225116.1,NA,NA,NA,NA,47.3,NA,NA,NA,NA,NA
2021-10-01,Roraima,225116.1,NA,NA,NA,NA,47.6,NA,NA,NA,NA,NA
2022-04-01,Roraima,225116.1,NA,NA,NA,NA,47.9,NA,NA,NA,NA,NA
2022-07-01,Roraima,225116.1,NA,NA,NA,NA,48.5,NA,NA,NA,NA,NA
2022-10-01,Roraima,225116.1,NA,NA,NA,NA,48.8,NA,NA,NA,NA,NA
2023-04-01,Roraima,225116.1,NA,NA,NA,NA,45.1,NA,NA,NA,NA,NA
2023-07-01,Roraima,225116.1,NA,NA,NA,NA,44.3,NA,NA,NA,NA,NA
2023-10-01,Roraima,225116.1,NA,NA,NA,NA,46,NA,NA,NA,NA,NA
2024-04-01,Roraima,225116.1,NA,NA,NA,NA,47.4,NA,NA,NA,NA,NA
2024-07-01,Roraima,225116.1,NA,NA,NA,NA,47.8,NA,NA,NA,NA,NA
2024-10-01,Roraima,225116.1,NA,NA,NA,NA,45.9,NA,NA,NA,NA,NA
2025-01-01,Roraima,225116.1,NA,NA,NA,NA,44,NA,NA,NA,NA,NA
2025-04-01,Roraima,225116.1,NA,NA,NA,NA,41.6,NA,NA,NA,NA,NA
2015-10-01,Pará,1253164.5,NA,NA,NA,NA,60.8,NA,NA,NA,NA,NA
2016-04-01,Pará,1253164.5,NA,NA,NA,NA,60.6,NA,NA,NA,NA,NA
2016-07-01,Pará,1253164.5,NA,NA,NA,NA,60.5,NA,NA,NA,NA,NA
2016-10-01,Pará,1253164.5,NA,NA,NA,NA,61.3,NA,NA,NA,NA,NA
2017-04-01,Pará,1253164.5,NA,NA,NA,NA,62.3,NA,NA,NA,NA,NA
2017-07-01,Pará,1253164.5,NA,NA,NA,NA,61.3,NA,NA,NA,NA,NA
2017-10-01,Pará,1253164.5,NA,NA,NA,NA,61.4,NA,NA,NA,NA,NA
2018-04-01,Pará,1253164.5,NA,NA,NA,NA,60.5,NA,NA,NA,NA,NA
2018-07-01,Pará,1253164.5,NA,NA,NA,NA,61,NA,NA,NA,NA,NA
2018-10-01,Pará,1253164.5,NA,NA,NA,NA,62.2,NA,NA,NA,NA,NA
2019-04-01,Pará,1253164.5,NA,NA,NA,NA,62.1,NA,NA,NA,NA,NA
2019-07-01,Pará,1253164.5,NA,NA,NA,NA,63.3,NA,NA,NA,NA,NA
2019-10-01,Pará,1253164.5,NA,NA,NA,NA,62.3,NA,NA,NA,NA,NA
2020-04-01,Pará,1253164.5,NA,NA,NA,NA,56.1,NA,NA,NA,NA,NA
2020-07-01,Pará,1253164.5,NA,NA,NA,NA,60.5,NA,NA,NA,NA,NA
2020-10-01,Pará,1253164.5,NA,NA,NA,NA,59.4,NA,NA,NA,NA,NA
2021-04-01,Pará,1253164.5,NA,NA,NA,NA,60.5,NA,NA,NA,NA,NA
2021-07-01,Pará,1253164.5,NA,NA,NA,NA,62.2,NA,NA,NA,NA,NA
2021-10-01,Pará,1253164.5,NA,NA,NA,NA,62.7,NA,NA,NA,NA,NA
2022-04-01,Pará,1253164.5,NA,NA,NA,NA,61.8,NA,NA,NA,NA,NA
2022-07-01,Pará,1253164.5,NA,NA,NA,NA,60.5,NA,NA,NA,NA,NA
2022-10-01,Pará,1253164.5,NA,NA,NA,NA,60.8,NA,NA,NA,NA,NA
2023-04-01,Pará,1253164.5,NA,NA,NA,NA,58.7,NA,NA,NA,NA,NA
2023-07-01,Pará,1253164.5,NA,NA,NA,NA,57.1,NA,NA,NA,NA,NA
2023-10-01,Pará,1253164.5,NA,NA,NA,NA,57.4,NA,NA,NA,NA,NA
2024-04-01,Pará,1253164.5,NA,NA,NA,NA,55.9,NA,NA,NA,NA,NA
2024-07-01,Pará,1253164.5,NA,NA,NA,NA,56.9,NA,NA,NA,NA,NA
2024-10-01,Pará,1253164.5,NA,NA,NA,NA,57.9,NA,NA,NA,NA,NA
2025-01-01,Pará,1253164.5,NA,NA,NA,NA,57.7,NA,NA,NA,NA,NA
2025-04-01,Pará,1253164.5,NA,NA,NA,NA,55.9,NA,NA,NA,NA,NA
2015-10-01,Amapá,143453.7,NA,NA,NA,NA,48.9,NA,NA,NA,NA,NA
2016-04-01,Amapá,143453.7,NA,NA,NA,NA,48.8,NA,NA,NA,NA,NA
2016-07-01,Amapá,143453.7,NA,NA,NA,NA,48.3,NA,NA,NA,NA,NA
2016-10-01,Amapá,143453.7,NA,NA,NA,NA,47.8,NA,NA,NA,NA,NA
2017-04-01,Amapá,143453.7,NA,NA,NA,NA,48.3,NA,NA,NA,NA,NA
2017-07-01,Amapá,143453.7,NA,NA,NA,NA,49.9,NA,NA,NA,NA,NA
2017-10-01,Amapá,143453.7,NA,NA,NA,NA,53.4,NA,NA,NA,NA,NA
2018-04-01,Amapá,143453.7,NA,NA,NA,NA,48.1,NA,NA,NA,NA,NA
2018-07-01,Amapá,143453.7,NA,NA,NA,NA,50.3,NA,NA,NA,NA,NA
2018-10-01,Amapá,143453.7,NA,NA,NA,NA,52.1,NA,NA,NA,NA,NA
2019-04-01,Amapá,143453.7,NA,NA,NA,NA,55.2,NA,NA,NA,NA,NA
2019-07-01,Amapá,143453.7,NA,NA,NA,NA,54.4,NA,NA,NA,NA,NA
2019-10-01,Amapá,143453.7,NA,NA,NA,NA,56.2,NA,NA,NA,NA,NA
2020-04-01,Amapá,143453.7,NA,NA,NA,NA,46.1,NA,NA,NA,NA,NA
2020-07-01,Amapá,143453.7,NA,NA,NA,NA,45.4,NA,NA,NA,NA,NA
2020-10-01,Amapá,143453.7,NA,NA,NA,NA,48.8,NA,NA,NA,NA,NA
2021-04-01,Amapá,143453.7,NA,NA,NA,NA,50.5,NA,NA,NA,NA,NA
2021-07-01,Amapá,143453.7,NA,NA,NA,NA,51.6,NA,NA,NA,NA,NA
2021-10-01,Amapá,143453.7,NA,NA,NA,NA,50.3,NA,NA,NA,NA,NA
2022-04-01,Amapá,143453.7,NA,NA,NA,NA,51.4,NA,NA,NA,NA,NA
2022-07-01,Amapá,143453.7,NA,NA,NA,NA,48.8,NA,NA,NA,NA,NA
2022-10-01,Amapá,143453.7,NA,NA,NA,NA,48.7,NA,NA,NA,NA,NA
2023-04-01,Amapá,143453.7,NA,NA,NA,NA,46.1,NA,NA,NA,NA,NA
2023-07-01,Amapá,143453.7,NA,NA,NA,NA,43.4,NA,NA,NA,NA,NA
2023-10-01,Amapá,143453.7,NA,NA,NA,NA,40.1,NA,NA,NA,NA,NA
2024-04-01,Amapá,143453.7,NA,NA,NA,NA,45.5,NA,NA,NA,NA,NA
2024-07-01,Amapá,143453.7,NA,NA,NA,NA,46.4,NA,NA,NA,NA,NA
2024-10-01,Amapá,143453.7,NA,NA,NA,NA,45.1,NA,NA,NA,NA,NA
2025-01-01,Amapá,143453.7,NA,NA,NA,NA,44,NA,NA,NA,NA,NA
2025-04-01,Amapá,143453.7,NA,NA,NA,NA,43.4,NA,NA,NA,NA,NA
2015-10-01,Tocantins,278420.7,NA,NA,NA,NA,43.3,NA,NA,NA,NA,NA
2016-04-01,Tocantins,278420.7,NA,NA,NA,NA,44.5,NA,NA,NA,NA,NA
2016-07-01,Tocantins,278420.7,NA,NA,NA,NA,43.1,NA,NA,NA,NA,NA
2016-10-01,Tocantins,278420.7,NA,NA,NA,NA,45.5,NA,NA,NA,NA,NA
2017-04-01,Tocantins,278420.7,NA,NA,NA,NA,43.3,NA,NA,NA,NA,NA
2017-07-01,Tocantins,278420.7,NA,NA,NA,NA,41.1,NA,NA,NA,NA,NA
2017-10-01,Tocantins,278420.7,NA,NA,NA,NA,44,NA,NA,NA,NA,NA
2018-04-01,Tocantins,278420.7,NA,NA,NA,NA,43.8,NA,NA,NA,NA,NA
2018-07-01,Tocantins,278420.7,NA,NA,NA,NA,45,NA,NA,NA,NA,NA
2018-10-01,Tocantins,278420.7,NA,NA,NA,NA,45.7,NA,NA,NA,NA,NA
2019-04-01,Tocantins,278420.7,NA,NA,NA,NA,49.1,NA,NA,NA,NA,NA
2019-07-01,Tocantins,278420.7,NA,NA,NA,NA,47.2,NA,NA,NA,NA,NA
2019-10-01,Tocantins,278420.7,NA,NA,NA,NA,46.3,NA,NA,NA,NA,NA
2020-04-01,Tocantins,278420.7,NA,NA,NA,NA,40.1,NA,NA,NA,NA,NA
2020-07-01,Tocantins,278420.7,NA,NA,NA,NA,45.4,NA,NA,NA,NA,NA
2020-10-01,Tocantins,278420.7,NA,NA,NA,NA,44.4,NA,NA,NA,NA,NA
2021-04-01,Tocantins,278420.7,NA,NA,NA,NA,44.5,NA,NA,NA,NA,NA
2021-07-01,Tocantins,278420.7,NA,NA,NA,NA,44.6,NA,NA,NA,NA,NA
2021-10-01,Tocantins,278420.7,NA,NA,NA,NA,45.2,NA,NA,NA,NA,NA
2022-04-01,Tocantins,278420.7,NA,NA,NA,NA,41.7,NA,NA,NA,NA,NA
2022-07-01,Tocantins,278420.7,NA,NA,NA,NA,43.6,NA,NA,NA,NA,NA
2022-10-01,Tocantins,278420.7,NA,NA,NA,NA,43.8,NA,NA,NA,NA,NA
2023-04-01,Tocantins,278420.7,NA,NA,NA,NA,44.6,NA,NA,NA,NA,NA
2023-07-01,Tocantins,278420.7,NA,NA,NA,NA,45.6,NA,NA,NA,NA,NA
2023-10-01,Tocantins,278420.7,NA,NA,NA,NA,43.9,NA,NA,NA,NA,NA
2024-04-01,Tocantins,278420.7,NA,NA,NA,NA,43.9,NA,NA,NA,NA,NA
2024-07-01,Tocantins,278420.7,NA,NA,NA,NA,42.8,NA,NA,NA,NA,NA
2024-10-01,Tocantins,278420.7,NA,NA,NA,NA,42,NA,NA,NA,NA,NA
2025-01-01,Tocantins,278420.7,NA,NA,NA,NA,41.3,NA,NA,NA,NA,NA
2025-04-01,Tocantins,278420.7,NA,NA,NA,NA,41.5,NA,NA,NA,NA,NA
2015-10-01,Maranhão,333365.60000000003,NA,NA,NA,NA,65,NA,NA,NA,NA,NA
2016-04-01,Maranhão,333365.60000000003,NA,NA,NA,NA,64.3,NA,NA,NA,NA,NA
2016-07-01,Maranhão,333365.60000000003,NA,NA,NA,NA,63,NA,NA,NA,NA,NA
2016-10-01,Maranhão,333365.60000000003,NA,NA,NA,NA,64.2,NA,NA,NA,NA,NA
2017-04-01,Maranhão,333365.60000000003,NA,NA,NA,NA,61.7,NA,NA,NA,NA,NA
2017-07-01,Maranhão,333365.60000000003,NA,NA,NA,NA,61.1,NA,NA,NA,NA,NA
2017-10-01,Maranhão,333365.60000000003,NA,NA,NA,NA,60.7,NA,NA,NA,NA,NA
2018-04-01,Maranhão,333365.60000000003,NA,NA,NA,NA,59.3,NA,NA,NA,NA,NA
2018-07-01,Maranhão,333365.60000000003,NA,NA,NA,NA,59.6,NA,NA,NA,NA,NA
2018-10-01,Maranhão,333365.60000000003,NA,NA,NA,NA,59.6,NA,NA,NA,NA,NA
2019-04-01,Maranhão,333365.60000000003,NA,NA,NA,NA,60.1,NA,NA,NA,NA,NA
2019-07-01,Maranhão,333365.60000000003,NA,NA,NA,NA,60.6,NA,NA,NA,NA,NA
2019-10-01,Maranhão,333365.60000000003,NA,NA,NA,NA,60.7,NA,NA,NA,NA,NA
2020-04-01,Maranhão,333365.60000000003,NA,NA,NA,NA,56,NA,NA,NA,NA,NA
2020-07-01,Maranhão,333365.60000000003,NA,NA,NA,NA,58.7,NA,NA,NA,NA,NA
2020-10-01,Maranhão,333365.60000000003,NA,NA,NA,NA,60.3,NA,NA,NA,NA,NA
2021-04-01,Maranhão,333365.60000000003,NA,NA,NA,NA,60.8,NA,NA,NA,NA,NA
2021-07-01,Maranhão,333365.60000000003,NA,NA,NA,NA,59.3,NA,NA,NA,NA,NA
2021-10-01,Maranhão,333365.60000000003,NA,NA,NA,NA,59.4,NA,NA,NA,NA,NA
2022-04-01,Maranhão,333365.60000000003,NA,NA,NA,NA,59.4,NA,NA,NA,NA,NA
2022-07-01,Maranhão,333365.60000000003,NA,NA,NA,NA,59.1,NA,NA,NA,NA,NA
2022-10-01,Maranhão,333365.60000000003,NA,NA,NA,NA,57.4,NA,NA,NA,NA,NA
2023-04-01,Maranhão,333365.60000000003,NA,NA,NA,NA,57,NA,NA,NA,NA,NA
2023-07-01,Maranhão,333365.60000000003,NA,NA,NA,NA,57.3,NA,NA,NA,NA,NA
2023-10-01,Maranhão,333365.60000000003,NA,NA,NA,NA,57.8,NA,NA,NA,NA,NA
2024-04-01,Maranhão,333365.60000000003,NA,NA,NA,NA,55.7,NA,NA,NA,NA,NA
2024-07-01,Maranhão,333365.60000000003,NA,NA,NA,NA,55.6,NA,NA,NA,NA,NA
2024-10-01,Maranhão,333365.60000000003,NA,NA,NA,NA,56.6,NA,NA,NA,NA,NA
2025-01-01,Maranhão,333365.60000000003,NA,NA,NA,NA,58.3,NA,NA,NA,NA,NA
2025-04-01,Maranhão,333365.60000000003,NA,NA,NA,NA,56.2,NA,NA,NA,NA,NA
2015-10-01,Piauí,252378.60000000006,NA,NA,NA,NA,58.2,NA,NA,NA,NA,NA
2016-04-01,Piauí,252378.60000000006,NA,NA,NA,NA,59.1,NA,NA,NA,NA,NA
2016-07-01,Piauí,252378.60000000006,NA,NA,NA,NA,59.1,NA,NA,NA,NA,NA
2016-10-01,Piauí,252378.60000000006,NA,NA,NA,NA,59.1,NA,NA,NA,NA,NA
2017-04-01,Piauí,252378.60000000006,NA,NA,NA,NA,58,NA,NA,NA,NA,NA
2017-07-01,Piauí,252378.60000000006,NA,NA,NA,NA,59.4,NA,NA,NA,NA,NA
2017-10-01,Piauí,252378.60000000006,NA,NA,NA,NA,58.2,NA,NA,NA,NA,NA
2018-04-01,Piauí,252378.60000000006,NA,NA,NA,NA,58.5,NA,NA,NA,NA,NA
2018-07-01,Piauí,252378.60000000006,NA,NA,NA,NA,59,NA,NA,NA,NA,NA
2018-10-01,Piauí,252378.60000000006,NA,NA,NA,NA,58.5,NA,NA,NA,NA,NA
2019-04-01,Piauí,252378.60000000006,NA,NA,NA,NA,58.9,NA,NA,NA,NA,NA
2019-07-01,Piauí,252378.60000000006,NA,NA,NA,NA,60.1,NA,NA,NA,NA,NA
2019-10-01,Piauí,252378.60000000006,NA,NA,NA,NA,59.1,NA,NA,NA,NA,NA
2020-04-01,Piauí,252378.60000000006,NA,NA,NA,NA,53.5,NA,NA,NA,NA,NA
2020-07-01,Piauí,252378.60000000006,NA,NA,NA,NA,55.8,NA,NA,NA,NA,NA
2020-10-01,Piauí,252378.60000000006,NA,NA,NA,NA,59.2,NA,NA,NA,NA,NA
2021-04-01,Piauí,252378.60000000006,NA,NA,NA,NA,57.2,NA,NA,NA,NA,NA
2021-07-01,Piauí,252378.60000000006,NA,NA,NA,NA,57.7,NA,NA,NA,NA,NA
2021-10-01,Piauí,252378.60000000006,NA,NA,NA,NA,57.4,NA,NA,NA,NA,NA
2022-04-01,Piauí,252378.60000000006,NA,NA,NA,NA,56.1,NA,NA,NA,NA,NA
2022-07-01,Piauí,252378.60000000006,NA,NA,NA,NA,54.5,NA,NA,NA,NA,NA
2022-10-01,Piauí,252378.60000000006,NA,NA,NA,NA,54,NA,NA,NA,NA,NA
2023-04-01,Piauí,252378.60000000006,NA,NA,NA,NA,52.2,NA,NA,NA,NA,NA
2023-07-01,Piauí,252378.60000000006,NA,NA,NA,NA,55,NA,NA,NA,NA,NA
2023-10-01,Piauí,252378.60000000006,NA,NA,NA,NA,53.4,NA,NA,NA,NA,NA
2024-04-01,Piauí,252378.60000000006,NA,NA,NA,NA,54.6,NA,NA,NA,NA,NA
2024-07-01,Piauí,252378.60000000006,NA,NA,NA,NA,54.5,NA,NA,NA,NA,NA
2024-10-01,Piauí,252378.60000000006,NA,NA,NA,NA,54.8,NA,NA,NA,NA,NA
2025-01-01,Piauí,252378.60000000006,NA,NA,NA,NA,54.5,NA,NA,NA,NA,NA
2025-04-01,Piauí,252378.60000000006,NA,NA,NA,NA,51.8,NA,NA,NA,NA,NA
2015-10-01,Ceará,146348.30000000005,NA,NA,NA,NA,53.9,NA,NA,NA,NA,NA
2016-04-01,Ceará,146348.30000000005,NA,NA,NA,NA,53.7,NA,NA,NA,NA,NA
2016-07-01,Ceará,146348.30000000005,NA,NA,NA,NA,54.7,NA,NA,NA,NA,NA
2016-10-01,Ceará,146348.30000000005,NA,NA,NA,NA,53.7,NA,NA,NA,NA,NA
2017-04-01,Ceará,146348.30000000005,NA,NA,NA,NA,54.1,NA,NA,NA,NA,NA
2017-07-01,Ceará,146348.30000000005,NA,NA,NA,NA,54.6,NA,NA,NA,NA,NA
2017-10-01,Ceará,146348.30000000005,NA,NA,NA,NA,54.8,NA,NA,NA,NA,NA
2018-04-01,Ceará,146348.30000000005,NA,NA,NA,NA,54.2,NA,NA,NA,NA,NA
2018-07-01,Ceará,146348.30000000005,NA,NA,NA,NA,54.5,NA,NA,NA,NA,NA
2018-10-01,Ceará,146348.30000000005,NA,NA,NA,NA,55.2,NA,NA,NA,NA,NA
2019-04-01,Ceará,146348.30000000005,NA,NA,NA,NA,55.2,NA,NA,NA,NA,NA
2019-07-01,Ceará,146348.30000000005,NA,NA,NA,NA,54.1,NA,NA,NA,NA,NA
2019-10-01,Ceará,146348.30000000005,NA,NA,NA,NA,54.5,NA,NA,NA,NA,NA
2020-04-01,Ceará,146348.30000000005,NA,NA,NA,NA,48.9,NA,NA,NA,NA,NA
2020-07-01,Ceará,146348.30000000005,NA,NA,NA,NA,52.2,NA,NA,NA,NA,NA
2020-10-01,Ceará,146348.30000000005,NA,NA,NA,NA,52.7,NA,NA,NA,NA,NA
2021-04-01,Ceará,146348.30000000005,NA,NA,NA,NA,54.1,NA,NA,NA,NA,NA
2021-07-01,Ceará,146348.30000000005,NA,NA,NA,NA,53.2,NA,NA,NA,NA,NA
2021-10-01,Ceará,146348.30000000005,NA,NA,NA,NA,54,NA,NA,NA,NA,NA
2022-04-01,Ceará,146348.30000000005,NA,NA,NA,NA,52.8,NA,NA,NA,NA,NA
2022-07-01,Ceará,146348.30000000005,NA,NA,NA,NA,52.2,NA,NA,NA,NA,NA
2022-10-01,Ceará,146348.30000000005,NA,NA,NA,NA,53.3,NA,NA,NA,NA,NA
2023-04-01,Ceará,146348.30000000005,NA,NA,NA,NA,52.5,NA,NA,NA,NA,NA
2023-07-01,Ceará,146348.30000000005,NA,NA,NA,NA,54,NA,NA,NA,NA,NA
2023-10-01,Ceará,146348.30000000005,NA,NA,NA,NA,53,NA,NA,NA,NA,NA
2024-04-01,Ceará,146348.30000000005,NA,NA,NA,NA,53,NA,NA,NA,NA,NA
2024-07-01,Ceará,146348.30000000005,NA,NA,NA,NA,53.6,NA,NA,NA,NA,NA
2024-10-01,Ceará,146348.30000000005,NA,NA,NA,NA,53.5,NA,NA,NA,NA,NA
2025-01-01,Ceará,146348.30000000005,NA,NA,NA,NA,52.7,NA,NA,NA,NA,NA
2025-04-01,Ceará,146348.30000000005,NA,NA,NA,NA,51,NA,NA,NA,NA,NA
2015-10-01,Rio Grande do Norte,53306.799999999996,NA,NA,NA,NA,44.5,NA,NA,NA,NA,NA
2016-04-01,Rio Grande do Norte,53306.799999999996,NA,NA,NA,NA,44.8,NA,NA,NA,NA,NA
2016-07-01,Rio Grande do Norte,53306.799999999996,NA,NA,NA,NA,45.1,NA,NA,NA,NA,NA
2016-10-01,Rio Grande do Norte,53306.799999999996,NA,NA,NA,NA,44.9,NA,NA,NA,NA,NA
2017-04-01,Rio Grande do Norte,53306.799999999996,NA,NA,NA,NA,45.8,NA,NA,NA,NA,NA
2017-07-01,Rio Grande do Norte,53306.799999999996,NA,NA,NA,NA,47.8,NA,NA,NA,NA,NA
2017-10-01,Rio Grande do Norte,53306.799999999996,NA,NA,NA,NA,48.1,NA,NA,NA,NA,NA
2018-04-01,Rio Grande do Norte,53306.799999999996,NA,NA,NA,NA,47.5,NA,NA,NA,NA,NA
2018-07-01,Rio Grande do Norte,53306.799999999996,NA,NA,NA,NA,48.2,NA,NA,NA,NA,NA
2018-10-01,Rio Grande do Norte,53306.799999999996,NA,NA,NA,NA,48.5,NA,NA,NA,NA,NA
2019-04-01,Rio Grande do Norte,53306.799999999996,NA,NA,NA,NA,48.5,NA,NA,NA,NA,NA
2019-07-01,Rio Grande do Norte,53306.799999999996,NA,NA,NA,NA,48.2,NA,NA,NA,NA,NA
2019-10-01,Rio Grande do Norte,53306.799999999996,NA,NA,NA,NA,48,NA,NA,NA,NA,NA
2020-04-01,Rio Grande do Norte,53306.799999999996,NA,NA,NA,NA,40.6,NA,NA,NA,NA,NA
2020-07-01,Rio Grande do Norte,53306.799999999996,NA,NA,NA,NA,41.8,NA,NA,NA,NA,NA
2020-10-01,Rio Grande do Norte,53306.799999999996,NA,NA,NA,NA,45.7,NA,NA,NA,NA,NA
2021-04-01,Rio Grande do Norte,53306.799999999996,NA,NA,NA,NA,46.1,NA,NA,NA,NA,NA
2021-07-01,Rio Grande do Norte,53306.799999999996,NA,NA,NA,NA,44.5,NA,NA,NA,NA,NA
2021-10-01,Rio Grande do Norte,53306.799999999996,NA,NA,NA,NA,45.1,NA,NA,NA,NA,NA
2022-04-01,Rio Grande do Norte,53306.799999999996,NA,NA,NA,NA,46.3,NA,NA,NA,NA,NA
2022-07-01,Rio Grande do Norte,53306.799999999996,NA,NA,NA,NA,43.9,NA,NA,NA,NA,NA
2022-10-01,Rio Grande do Norte,53306.799999999996,NA,NA,NA,NA,44.6,NA,NA,NA,NA,NA
2023-04-01,Rio Grande do Norte,53306.799999999996,NA,NA,NA,NA,44.1,NA,NA,NA,NA,NA
2023-07-01,Rio Grande do Norte,53306.799999999996,NA,NA,NA,NA,44.3,NA,NA,NA,NA,NA
2023-10-01,Rio Grande do Norte,53306.799999999996,NA,NA,NA,NA,42.2,NA,NA,NA,NA,NA
2024-04-01,Rio Grande do Norte,53306.799999999996,NA,NA,NA,NA,41.3,NA,NA,NA,NA,NA
2024-07-01,Rio Grande do Norte,53306.799999999996,NA,NA,NA,NA,41.6,NA,NA,NA,NA,NA
2024-10-01,Rio Grande do Norte,53306.799999999996,NA,NA,NA,NA,42.5,NA,NA,NA,NA,NA
2025-01-01,Rio Grande do Norte,53306.799999999996,NA,NA,NA,NA,41.8,NA,NA,NA,NA,NA
2025-04-01,Rio Grande do Norte,53306.799999999996,NA,NA,NA,NA,39.5,NA,NA,NA,NA,NA
2015-10-01,Paraíba,56584.59999999997,NA,NA,NA,NA,52,NA,NA,NA,NA,NA
2016-04-01,Paraíba,56584.59999999997,NA,NA,NA,NA,51.6,NA,NA,NA,NA,NA
2016-07-01,Paraíba,56584.59999999997,NA,NA,NA,NA,52,NA,NA,NA,NA,NA
2016-10-01,Paraíba,56584.59999999997,NA,NA,NA,NA,51.4,NA,NA,NA,NA,NA
2017-04-01,Paraíba,56584.59999999997,NA,NA,NA,NA,51.8,NA,NA,NA,NA,NA
2017-07-01,Paraíba,56584.59999999997,NA,NA,NA,NA,52.2,NA,NA,NA,NA,NA
2017-10-01,Paraíba,56584.59999999997,NA,NA,NA,NA,51.9,NA,NA,NA,NA,NA
2018-04-01,Paraíba,56584.59999999997,NA,NA,NA,NA,52.3,NA,NA,NA,NA,NA
2018-07-01,Paraíba,56584.59999999997,NA,NA,NA,NA,53.9,NA,NA,NA,NA,NA
2018-10-01,Paraíba,56584.59999999997,NA,NA,NA,NA,52.7,NA,NA,NA,NA,NA
2019-04-01,Paraíba,56584.59999999997,NA,NA,NA,NA,53.1,NA,NA,NA,NA,NA
2019-07-01,Paraíba,56584.59999999997,NA,NA,NA,NA,53.1,NA,NA,NA,NA,NA
2019-10-01,Paraíba,56584.59999999997,NA,NA,NA,NA,52.2,NA,NA,NA,NA,NA
2020-04-01,Paraíba,56584.59999999997,NA,NA,NA,NA,47.5,NA,NA,NA,NA,NA
2020-07-01,Paraíba,56584.59999999997,NA,NA,NA,NA,47.3,NA,NA,NA,NA,NA
2020-10-01,Paraíba,56584.59999999997,NA,NA,NA,NA,48.8,NA,NA,NA,NA,NA
2021-04-01,Paraíba,56584.59999999997,NA,NA,NA,NA,53.5,NA,NA,NA,NA,NA
2021-07-01,Paraíba,56584.59999999997,NA,NA,NA,NA,50.6,NA,NA,NA,NA,NA
2021-10-01,Paraíba,56584.59999999997,NA,NA,NA,NA,52.5,NA,NA,NA,NA,NA
2022-04-01,Paraíba,56584.59999999997,NA,NA,NA,NA,52.2,NA,NA,NA,NA,NA
2022-07-01,Paraíba,56584.59999999997,NA,NA,NA,NA,50.7,NA,NA,NA,NA,NA
2022-10-01,Paraíba,56584.59999999997,NA,NA,NA,NA,50.9,NA,NA,NA,NA,NA
2023-04-01,Paraíba,56584.59999999997,NA,NA,NA,NA,49.3,NA,NA,NA,NA,NA
2023-07-01,Paraíba,56584.59999999997,NA,NA,NA,NA,49.7,NA,NA,NA,NA,NA
2023-10-01,Paraíba,56584.59999999997,NA,NA,NA,NA,50.8,NA,NA,NA,NA,NA
2024-04-01,Paraíba,56584.59999999997,NA,NA,NA,NA,50.3,NA,NA,NA,NA,NA
2024-07-01,Paraíba,56584.59999999997,NA,NA,NA,NA,50.3,NA,NA,NA,NA,NA
2024-10-01,Paraíba,56584.59999999997,NA,NA,NA,NA,50,NA,NA,NA,NA,NA
2025-01-01,Paraíba,56584.59999999997,NA,NA,NA,NA,51.1,NA,NA,NA,NA,NA
2025-04-01,Paraíba,56584.59999999997,NA,NA,NA,NA,50.4,NA,NA,NA,NA,NA
2015-10-01,Pernambuco,98937.79999999999,NA,NA,NA,NA,46.3,NA,NA,NA,NA,NA
2016-04-01,Pernambuco,98937.79999999999,NA,NA,NA,NA,47.7,NA,NA,NA,NA,NA
2016-07-01,Pernambuco,98937.79999999999,NA,NA,NA,NA,47,NA,NA,NA,NA,NA
2016-10-01,Pernambuco,98937.79999999999,NA,NA,NA,NA,48,NA,NA,NA,NA,NA
2017-04-01,Pernambuco,98937.79999999999,NA,NA,NA,NA,48.1,NA,NA,NA,NA,NA
2017-07-01,Pernambuco,98937.79999999999,NA,NA,NA,NA,49.3,NA,NA,NA,NA,NA
2017-10-01,Pernambuco,98937.79999999999,NA,NA,NA,NA,48.3,NA,NA,NA,NA,NA
2018-04-01,Pernambuco,98937.79999999999,NA,NA,NA,NA,48.3,NA,NA,NA,NA,NA
2018-07-01,Pernambuco,98937.79999999999,NA,NA,NA,NA,48.4,NA,NA,NA,NA,NA
2018-10-01,Pernambuco,98937.79999999999,NA,NA,NA,NA,47.7,NA,NA,NA,NA,NA
2019-04-01,Pernambuco,98937.79999999999,NA,NA,NA,NA,48.2,NA,NA,NA,NA,NA
2019-07-01,Pernambuco,98937.79999999999,NA,NA,NA,NA,49.3,NA,NA,NA,NA,NA
2019-10-01,Pernambuco,98937.79999999999,NA,NA,NA,NA,49.9,NA,NA,NA,NA,NA
2020-04-01,Pernambuco,98937.79999999999,NA,NA,NA,NA,45.4,NA,NA,NA,NA,NA
2020-07-01,Pernambuco,98937.79999999999,NA,NA,NA,NA,47.9,NA,NA,NA,NA,NA
2020-10-01,Pernambuco,98937.79999999999,NA,NA,NA,NA,50.1,NA,NA,NA,NA,NA
2021-04-01,Pernambuco,98937.79999999999,NA,NA,NA,NA,51.2,NA,NA,NA,NA,NA
2021-07-01,Pernambuco,98937.79999999999,NA,NA,NA,NA,52.1,NA,NA,NA,NA,NA
2021-10-01,Pernambuco,98937.79999999999,NA,NA,NA,NA,52.6,NA,NA,NA,NA,NA
2022-04-01,Pernambuco,98937.79999999999,NA,NA,NA,NA,52.9,NA,NA,NA,NA,NA
2022-07-01,Pernambuco,98937.79999999999,NA,NA,NA,NA,50.6,NA,NA,NA,NA,NA
2022-10-01,Pernambuco,98937.79999999999,NA,NA,NA,NA,48.4,NA,NA,NA,NA,NA
2023-04-01,Pernambuco,98937.79999999999,NA,NA,NA,NA,48.1,NA,NA,NA,NA,NA
2023-07-01,Pernambuco,98937.79999999999,NA,NA,NA,NA,49.1,NA,NA,NA,NA,NA
2023-10-01,Pernambuco,98937.79999999999,NA,NA,NA,NA,50.7,NA,NA,NA,NA,NA
2024-04-01,Pernambuco,98937.79999999999,NA,NA,NA,NA,49.9,NA,NA,NA,NA,NA
2024-07-01,Pernambuco,98937.79999999999,NA,NA,NA,NA,50,NA,NA,NA,NA,NA
2024-10-01,Pernambuco,98937.79999999999,NA,NA,NA,NA,48.7,NA,NA,NA,NA,NA
2025-01-01,Pernambuco,98937.79999999999,NA,NA,NA,NA,47.8,NA,NA,NA,NA,NA
2025-04-01,Pernambuco,98937.79999999999,NA,NA,NA,NA,47.5,NA,NA,NA,NA,NA
2015-10-01,Alagoas,27933.099999999995,NA,NA,NA,NA,46.2,NA,NA,NA,NA,NA
2016-04-01,Alagoas,27933.099999999995,NA,NA,NA,NA,48.6,NA,NA,NA,NA,NA
2016-07-01,Alagoas,27933.099999999995,NA,NA,NA,NA,47.8,NA,NA,NA,NA,NA
2016-10-01,Alagoas,27933.099999999995,NA,NA,NA,NA,45.1,NA,NA,NA,NA,NA
2017-04-01,Alagoas,27933.099999999995,NA,NA,NA,NA,47.7,NA,NA,NA,NA,NA
2017-07-01,Alagoas,27933.099999999995,NA,NA,NA,NA,48.1,NA,NA,NA,NA,NA
2017-10-01,Alagoas,27933.099999999995,NA,NA,NA,NA,44.1,NA,NA,NA,NA,NA
2018-04-01,Alagoas,27933.099999999995,NA,NA,NA,NA,45.1,NA,NA,NA,NA,NA
2018-07-01,Alagoas,27933.099999999995,NA,NA,NA,NA,46.2,NA,NA,NA,NA,NA
2018-10-01,Alagoas,27933.099999999995,NA,NA,NA,NA,44,NA,NA,NA,NA,NA
2019-04-01,Alagoas,27933.099999999995,NA,NA,NA,NA,48.2,NA,NA,NA,NA,NA
2019-07-01,Alagoas,27933.099999999995,NA,NA,NA,NA,48.1,NA,NA,NA,NA,NA
2019-10-01,Alagoas,27933.099999999995,NA,NA,NA,NA,46.1,NA,NA,NA,NA,NA
2020-04-01,Alagoas,27933.099999999995,NA,NA,NA,NA,46.9,NA,NA,NA,NA,NA
2020-07-01,Alagoas,27933.099999999995,NA,NA,NA,NA,45.4,NA,NA,NA,NA,NA
2020-10-01,Alagoas,27933.099999999995,NA,NA,NA,NA,44.3,NA,NA,NA,NA,NA
2021-04-01,Alagoas,27933.099999999995,NA,NA,NA,NA,48.4,NA,NA,NA,NA,NA
2021-07-01,Alagoas,27933.099999999995,NA,NA,NA,NA,47.9,NA,NA,NA,NA,NA
2021-10-01,Alagoas,27933.099999999995,NA,NA,NA,NA,47.8,NA,NA,NA,NA,NA
2022-04-01,Alagoas,27933.099999999995,NA,NA,NA,NA,45.2,NA,NA,NA,NA,NA
2022-07-01,Alagoas,27933.099999999995,NA,NA,NA,NA,46.9,NA,NA,NA,NA,NA
2022-10-01,Alagoas,27933.099999999995,NA,NA,NA,NA,44.7,NA,NA,NA,NA,NA
2023-04-01,Alagoas,27933.099999999995,NA,NA,NA,NA,46.3,NA,NA,NA,NA,NA
2023-07-01,Alagoas,27933.099999999995,NA,NA,NA,NA,46.3,NA,NA,NA,NA,NA
2023-10-01,Alagoas,27933.099999999995,NA,NA,NA,NA,46.2,NA,NA,NA,NA,NA
2024-04-01,Alagoas,27933.099999999995,NA,NA,NA,NA,45.9,NA,NA,NA,NA,NA
2024-07-01,Alagoas,27933.099999999995,NA,NA,NA,NA,45.1,NA,NA,NA,NA,NA
2024-10-01,Alagoas,27933.099999999995,NA,NA,NA,NA,45.3,NA,NA,NA,NA,NA
2025-01-01,Alagoas,27933.099999999995,NA,NA,NA,NA,46.2,NA,NA,NA,NA,NA
2025-04-01,Alagoas,27933.099999999995,NA,NA,NA,NA,45.2,NA,NA,NA,NA,NA
2015-10-01,Sergipe,22050.299999999996,NA,NA,NA,NA,50.3,NA,NA,NA,NA,NA
2016-04-01,Sergipe,22050.299999999996,NA,NA,NA,NA,49.9,NA,NA,NA,NA,NA
2016-07-01,Sergipe,22050.299999999996,NA,NA,NA,NA,50.1,NA,NA,NA,NA,NA
2016-10-01,Sergipe,22050.299999999996,NA,NA,NA,NA,51.1,NA,NA,NA,NA,NA
2017-04-01,Sergipe,22050.299999999996,NA,NA,NA,NA,52.1,NA,NA,NA,NA,NA
2017-07-01,Sergipe,22050.299999999996,NA,NA,NA,NA,51.8,NA,NA,NA,NA,NA
2017-10-01,Sergipe,22050.299999999996,NA,NA,NA,NA,54.7,NA,NA,NA,NA,NA
2018-04-01,Sergipe,22050.299999999996,NA,NA,NA,NA,53.8,NA,NA,NA,NA,NA
2018-07-01,Sergipe,22050.299999999996,NA,NA,NA,NA,52.8,NA,NA,NA,NA,NA
2018-10-01,Sergipe,22050.299999999996,NA,NA,NA,NA,53.2,NA,NA,NA,NA,NA
2019-04-01,Sergipe,22050.299999999996,NA,NA,NA,NA,54.5,NA,NA,NA,NA,NA
2019-07-01,Sergipe,22050.299999999996,NA,NA,NA,NA,55.5,NA,NA,NA,NA,NA
2019-10-01,Sergipe,22050.299999999996,NA,NA,NA,NA,53.3,NA,NA,NA,NA,NA
2020-04-01,Sergipe,22050.299999999996,NA,NA,NA,NA,48.1,NA,NA,NA,NA,NA
2020-07-01,Sergipe,22050.299999999996,NA,NA,NA,NA,50.9,NA,NA,NA,NA,NA
2020-10-01,Sergipe,22050.299999999996,NA,NA,NA,NA,53.9,NA,NA,NA,NA,NA
2021-04-01,Sergipe,22050.299999999996,NA,NA,NA,NA,52.8,NA,NA,NA,NA,NA
2021-07-01,Sergipe,22050.299999999996,NA,NA,NA,NA,54.8,NA,NA,NA,NA,NA
2021-10-01,Sergipe,22050.299999999996,NA,NA,NA,NA,53.7,NA,NA,NA,NA,NA
2022-04-01,Sergipe,22050.299999999996,NA,NA,NA,NA,52,NA,NA,NA,NA,NA
2022-07-01,Sergipe,22050.299999999996,NA,NA,NA,NA,51.4,NA,NA,NA,NA,NA
2022-10-01,Sergipe,22050.299999999996,NA,NA,NA,NA,50.8,NA,NA,NA,NA,NA
2023-04-01,Sergipe,22050.299999999996,NA,NA,NA,NA,51,NA,NA,NA,NA,NA
2023-07-01,Sergipe,22050.299999999996,NA,NA,NA,NA,52.7,NA,NA,NA,NA,NA
2023-10-01,Sergipe,22050.299999999996,NA,NA,NA,NA,51.9,NA,NA,NA,NA,NA
2024-04-01,Sergipe,22050.299999999996,NA,NA,NA,NA,49.2,NA,NA,NA,NA,NA
2024-07-01,Sergipe,22050.299999999996,NA,NA,NA,NA,50.2,NA,NA,NA,NA,NA
2024-10-01,Sergipe,22050.299999999996,NA,NA,NA,NA,49.3,NA,NA,NA,NA,NA
2025-01-01,Sergipe,22050.299999999996,NA,NA,NA,NA,49.7,NA,NA,NA,NA,NA
2025-04-01,Sergipe,22050.299999999996,NA,NA,NA,NA,49.1,NA,NA,NA,NA,NA
2015-10-01,Bahia,567295.2999999998,NA,NA,NA,NA,54.2,NA,NA,NA,NA,NA
2016-04-01,Bahia,567295.2999999998,NA,NA,NA,NA,54.5,NA,NA,NA,NA,NA
2016-07-01,Bahia,567295.2999999998,NA,NA,NA,NA,54.3,NA,NA,NA,NA,NA
2016-10-01,Bahia,567295.2999999998,NA,NA,NA,NA,54.7,NA,NA,NA,NA,NA
2017-04-01,Bahia,567295.2999999998,NA,NA,NA,NA,54.6,NA,NA,NA,NA,NA
2017-07-01,Bahia,567295.2999999998,NA,NA,NA,NA,54.3,NA,NA,NA,NA,NA
2017-10-01,Bahia,567295.2999999998,NA,NA,NA,NA,54.5,NA,NA,NA,NA,NA
2018-04-01,Bahia,567295.2999999998,NA,NA,NA,NA,53.5,NA,NA,NA,NA,NA
2018-07-01,Bahia,567295.2999999998,NA,NA,NA,NA,54.6,NA,NA,NA,NA,NA
2018-10-01,Bahia,567295.2999999998,NA,NA,NA,NA,54.7,NA,NA,NA,NA,NA
2019-04-01,Bahia,567295.2999999998,NA,NA,NA,NA,55.1,NA,NA,NA,NA,NA
2019-07-01,Bahia,567295.2999999998,NA,NA,NA,NA,54,NA,NA,NA,NA,NA
2019-10-01,Bahia,567295.2999999998,NA,NA,NA,NA,54.7,NA,NA,NA,NA,NA
2020-04-01,Bahia,567295.2999999998,NA,NA,NA,NA,47.9,NA,NA,NA,NA,NA
2020-07-01,Bahia,567295.2999999998,NA,NA,NA,NA,51.1,NA,NA,NA,NA,NA
2020-10-01,Bahia,567295.2999999998,NA,NA,NA,NA,52.6,NA,NA,NA,NA,NA
2021-04-01,Bahia,567295.2999999998,NA,NA,NA,NA,55,NA,NA,NA,NA,NA
2021-07-01,Bahia,567295.2999999998,NA,NA,NA,NA,55.7,NA,NA,NA,NA,NA
2021-10-01,Bahia,567295.2999999998,NA,NA,NA,NA,55.3,NA,NA,NA,NA,NA
2022-04-01,Bahia,567295.2999999998,NA,NA,NA,NA,53.1,NA,NA,NA,NA,NA
2022-07-01,Bahia,567295.2999999998,NA,NA,NA,NA,53.3,NA,NA,NA,NA,NA
2022-10-01,Bahia,567295.2999999998,NA,NA,NA,NA,52.2,NA,NA,NA,NA,NA
2023-04-01,Bahia,567295.2999999998,NA,NA,NA,NA,52.7,NA,NA,NA,NA,NA
2023-07-01,Bahia,567295.2999999998,NA,NA,NA,NA,52.1,NA,NA,NA,NA,NA
2023-10-01,Bahia,567295.2999999998,NA,NA,NA,NA,52.1,NA,NA,NA,NA,NA
2024-04-01,Bahia,567295.2999999998,NA,NA,NA,NA,49.4,NA,NA,NA,NA,NA
2024-07-01,Bahia,567295.2999999998,NA,NA,NA,NA,51.7,NA,NA,NA,NA,NA
2024-10-01,Bahia,567295.2999999998,NA,NA,NA,NA,51.8,NA,NA,NA,NA,NA
2025-01-01,Bahia,567295.2999999998,NA,NA,NA,NA,52.5,NA,NA,NA,NA,NA
2025-04-01,Bahia,567295.2999999998,NA,NA,NA,NA,52.3,NA,NA,NA,NA,NA
2015-10-01,Minas Gerais,588383.5999999999,NA,NA,NA,NA,37.4,NA,NA,NA,NA,NA
2016-04-01,Minas Gerais,588383.5999999999,NA,NA,NA,NA,37.6,NA,NA,NA,NA,NA
2016-07-01,Minas Gerais,588383.5999999999,NA,NA,NA,NA,37.1,NA,NA,NA,NA,NA
2016-10-01,Minas Gerais,588383.5999999999,NA,NA,NA,NA,38.3,NA,NA,NA,NA,NA
2017-04-01,Minas Gerais,588383.5999999999,NA,NA,NA,NA,39.7,NA,NA,NA,NA,NA
2017-07-01,Minas Gerais,588383.5999999999,NA,NA,NA,NA,39.6,NA,NA,NA,NA,NA
2017-10-01,Minas Gerais,588383.5999999999,NA,NA,NA,NA,39.1,NA,NA,NA,NA,NA
2018-04-01,Minas Gerais,588383.5999999999,NA,NA,NA,NA,39.4,NA,NA,NA,NA,NA
2018-07-01,Minas Gerais,588383.5999999999,NA,NA,NA,NA,39.7,NA,NA,NA,NA,NA
2018-10-01,Minas Gerais,588383.5999999999,NA,NA,NA,NA,39.7,NA,NA,NA,NA,NA
2019-04-01,Minas Gerais,588383.5999999999,NA,NA,NA,NA,39.7,NA,NA,NA,NA,NA
2019-07-01,Minas Gerais,588383.5999999999,NA,NA,NA,NA,39.5,NA,NA,NA,NA,NA
2019-10-01,Minas Gerais,588383.5999999999,NA,NA,NA,NA,39.5,NA,NA,NA,NA,NA
2020-04-01,Minas Gerais,588383.5999999999,NA,NA,NA,NA,35.3,NA,NA,NA,NA,NA
2020-07-01,Minas Gerais,588383.5999999999,NA,NA,NA,NA,37.3,NA,NA,NA,NA,NA
2020-10-01,Minas Gerais,588383.5999999999,NA,NA,NA,NA,38.4,NA,NA,NA,NA,NA
2021-04-01,Minas Gerais,588383.5999999999,NA,NA,NA,NA,39.5,NA,NA,NA,NA,NA
2021-07-01,Minas Gerais,588383.5999999999,NA,NA,NA,NA,39.9,NA,NA,NA,NA,NA
2021-10-01,Minas Gerais,588383.5999999999,NA,NA,NA,NA,39.4,NA,NA,NA,NA,NA
2022-04-01,Minas Gerais,588383.5999999999,NA,NA,NA,NA,38.7,NA,NA,NA,NA,NA
2022-07-01,Minas Gerais,588383.5999999999,NA,NA,NA,NA,37.8,NA,NA,NA,NA,NA
2022-10-01,Minas Gerais,588383.5999999999,NA,NA,NA,NA,36,NA,NA,NA,NA,NA
2023-04-01,Minas Gerais,588383.5999999999,NA,NA,NA,NA,37,NA,NA,NA,NA,NA
2023-07-01,Minas Gerais,588383.5999999999,NA,NA,NA,NA,36.7,NA,NA,NA,NA,NA
2023-10-01,Minas Gerais,588383.5999999999,NA,NA,NA,NA,37.5,NA,NA,NA,NA,NA
2024-04-01,Minas Gerais,588383.5999999999,NA,NA,NA,NA,36.6,NA,NA,NA,NA,NA
2024-07-01,Minas Gerais,588383.5999999999,NA,NA,NA,NA,36.5,NA,NA,NA,NA,NA
2024-10-01,Minas Gerais,588383.5999999999,NA,NA,NA,NA,36.4,NA,NA,NA,NA,NA
2025-01-01,Minas Gerais,588383.5999999999,NA,NA,NA,NA,35.8,NA,NA,NA,NA,NA
2025-04-01,Minas Gerais,588383.5999999999,NA,NA,NA,NA,36.5,NA,NA,NA,NA,NA
2015-10-01,Espírito Santo,46184.10000000001,NA,NA,NA,NA,36.4,NA,NA,NA,NA,NA
2016-04-01,Espírito Santo,46184.10000000001,NA,NA,NA,NA,37.2,NA,NA,NA,NA,NA
2016-07-01,Espírito Santo,46184.10000000001,NA,NA,NA,NA,37.4,NA,NA,NA,NA,NA
2016-10-01,Espírito Santo,46184.10000000001,NA,NA,NA,NA,38,NA,NA,NA,NA,NA
2017-04-01,Espírito Santo,46184.10000000001,NA,NA,NA,NA,40.4,NA,NA,NA,NA,NA
2017-07-01,Espírito Santo,46184.10000000001,NA,NA,NA,NA,40.6,NA,NA,NA,NA,NA
2017-10-01,Espírito Santo,46184.10000000001,NA,NA,NA,NA,40.4,NA,NA,NA,NA,NA
2018-04-01,Espírito Santo,46184.10000000001,NA,NA,NA,NA,42.1,NA,NA,NA,NA,NA
2018-07-01,Espírito Santo,46184.10000000001,NA,NA,NA,NA,41.9,NA,NA,NA,NA,NA
2018-10-01,Espírito Santo,46184.10000000001,NA,NA,NA,NA,41.7,NA,NA,NA,NA,NA
2019-04-01,Espírito Santo,46184.10000000001,NA,NA,NA,NA,41.5,NA,NA,NA,NA,NA
2019-07-01,Espírito Santo,46184.10000000001,NA,NA,NA,NA,40.7,NA,NA,NA,NA,NA
2019-10-01,Espírito Santo,46184.10000000001,NA,NA,NA,NA,40,NA,NA,NA,NA,NA
2020-04-01,Espírito Santo,46184.10000000001,NA,NA,NA,NA,36.6,NA,NA,NA,NA,NA
2020-07-01,Espírito Santo,46184.10000000001,NA,NA,NA,NA,38.6,NA,NA,NA,NA,NA
2020-10-01,Espírito Santo,46184.10000000001,NA,NA,NA,NA,38.6,NA,NA,NA,NA,NA
2021-04-01,Espírito Santo,46184.10000000001,NA,NA,NA,NA,40.1,NA,NA,NA,NA,NA
2021-07-01,Espírito Santo,46184.10000000001,NA,NA,NA,NA,39.4,NA,NA,NA,NA,NA
2021-10-01,Espírito Santo,46184.10000000001,NA,NA,NA,NA,38.2,NA,NA,NA,NA,NA
2022-04-01,Espírito Santo,46184.10000000001,NA,NA,NA,NA,40.1,NA,NA,NA,NA,NA
2022-07-01,Espírito Santo,46184.10000000001,NA,NA,NA,NA,38,NA,NA,NA,NA,NA
2022-10-01,Espírito Santo,46184.10000000001,NA,NA,NA,NA,37.9,NA,NA,NA,NA,NA
2023-04-01,Espírito Santo,46184.10000000001,NA,NA,NA,NA,38.3,NA,NA,NA,NA,NA
2023-07-01,Espírito Santo,46184.10000000001,NA,NA,NA,NA,38.7,NA,NA,NA,NA,NA
2023-10-01,Espírito Santo,46184.10000000001,NA,NA,NA,NA,37.6,NA,NA,NA,NA,NA
2024-04-01,Espírito Santo,46184.10000000001,NA,NA,NA,NA,39.4,NA,NA,NA,NA,NA
2024-07-01,Espírito Santo,46184.10000000001,NA,NA,NA,NA,38.1,NA,NA,NA,NA,NA
2024-10-01,Espírito Santo,46184.10000000001,NA,NA,NA,NA,38.4,NA,NA,NA,NA,NA
2025-01-01,Espírito Santo,46184.10000000001,NA,NA,NA,NA,37.6,NA,NA,NA,NA,NA
2025-04-01,Espírito Santo,46184.10000000001,NA,NA,NA,NA,38.2,NA,NA,NA,NA,NA
2015-10-01,Rio de Janeiro,43909.700000000004,NA,NA,NA,NA,31.3,NA,NA,NA,NA,NA
2016-04-01,Rio de Janeiro,43909.700000000004,NA,NA,NA,NA,32.6,NA,NA,NA,NA,NA
2016-07-01,Rio de Janeiro,43909.700000000004,NA,NA,NA,NA,33.6,NA,NA,NA,NA,NA
2016-10-01,Rio de Janeiro,43909.700000000004,NA,NA,NA,NA,33.8,NA,NA,NA,NA,NA
2017-04-01,Rio de Janeiro,43909.700000000004,NA,NA,NA,NA,35.1,NA,NA,NA,NA,NA
2017-07-01,Rio de Janeiro,43909.700000000004,NA,NA,NA,NA,36.9,NA,NA,NA,NA,NA
2017-10-01,Rio de Janeiro,43909.700000000004,NA,NA,NA,NA,36.4,NA,NA,NA,NA,NA
2018-04-01,Rio de Janeiro,43909.700000000004,NA,NA,NA,NA,36.7,NA,NA,NA,NA,NA
2018-07-01,Rio de Janeiro,43909.700000000004,NA,NA,NA,NA,37.7,NA,NA,NA,NA,NA
2018-10-01,Rio de Janeiro,43909.700000000004,NA,NA,NA,NA,36.5,NA,NA,NA,NA,NA
2019-04-01,Rio de Janeiro,43909.700000000004,NA,NA,NA,NA,37.2,NA,NA,NA,NA,NA
2019-07-01,Rio de Janeiro,43909.700000000004,NA,NA,NA,NA,37.1,NA,NA,NA,NA,NA
2019-10-01,Rio de Janeiro,43909.700000000004,NA,NA,NA,NA,37.9,NA,NA,NA,NA,NA
2020-04-01,Rio de Janeiro,43909.700000000004,NA,NA,NA,NA,33.2,NA,NA,NA,NA,NA
2020-07-01,Rio de Janeiro,43909.700000000004,NA,NA,NA,NA,34.5,NA,NA,NA,NA,NA
2020-10-01,Rio de Janeiro,43909.700000000004,NA,NA,NA,NA,35.2,NA,NA,NA,NA,NA
2021-04-01,Rio de Janeiro,43909.700000000004,NA,NA,NA,NA,35.8,NA,NA,NA,NA,NA
2021-07-01,Rio de Janeiro,43909.700000000004,NA,NA,NA,NA,38.3,NA,NA,NA,NA,NA
2021-10-01,Rio de Janeiro,43909.700000000004,NA,NA,NA,NA,38.4,NA,NA,NA,NA,NA
2022-04-01,Rio de Janeiro,43909.700000000004,NA,NA,NA,NA,36.5,NA,NA,NA,NA,NA
2022-07-01,Rio de Janeiro,43909.700000000004,NA,NA,NA,NA,38,NA,NA,NA,NA,NA
2022-10-01,Rio de Janeiro,43909.700000000004,NA,NA,NA,NA,36.8,NA,NA,NA,NA,NA
2023-04-01,Rio de Janeiro,43909.700000000004,NA,NA,NA,NA,37.2,NA,NA,NA,NA,NA
2023-07-01,Rio de Janeiro,43909.700000000004,NA,NA,NA,NA,37.7,NA,NA,NA,NA,NA
2023-10-01,Rio de Janeiro,43909.700000000004,NA,NA,NA,NA,38,NA,NA,NA,NA,NA
2024-04-01,Rio de Janeiro,43909.700000000004,NA,NA,NA,NA,37.9,NA,NA,NA,NA,NA
2024-07-01,Rio de Janeiro,43909.700000000004,NA,NA,NA,NA,37.9,NA,NA,NA,NA,NA
2024-10-01,Rio de Janeiro,43909.700000000004,NA,NA,NA,NA,38.2,NA,NA,NA,NA,NA
2025-01-01,Rio de Janeiro,43909.700000000004,NA,NA,NA,NA,37.2,NA,NA,NA,NA,NA
2025-04-01,Rio de Janeiro,43909.700000000004,NA,NA,NA,NA,37.6,NA,NA,NA,NA,NA
2015-10-01,São Paulo,248808.80000000008,NA,NA,NA,NA,26.6,NA,NA,NA,NA,NA
2016-04-01,São Paulo,248808.80000000008,NA,NA,NA,NA,27.2,NA,NA,NA,NA,NA
2016-07-01,São Paulo,248808.80000000008,NA,NA,NA,NA,26.6,NA,NA,NA,NA,NA
2016-10-01,São Paulo,248808.80000000008,NA,NA,NA,NA,27.8,NA,NA,NA,NA,NA
2017-04-01,São Paulo,248808.80000000008,NA,NA,NA,NA,29,NA,NA,NA,NA,NA
2017-07-01,São Paulo,248808.80000000008,NA,NA,NA,NA,29.9,NA,NA,NA,NA,NA
2017-10-01,São Paulo,248808.80000000008,NA,NA,NA,NA,30.3,NA,NA,NA,NA,NA
2018-04-01,São Paulo,248808.80000000008,NA,NA,NA,NA,31.3,NA,NA,NA,NA,NA
2018-07-01,São Paulo,248808.80000000008,NA,NA,NA,NA,31.2,NA,NA,NA,NA,NA
2018-10-01,São Paulo,248808.80000000008,NA,NA,NA,NA,31.7,NA,NA,NA,NA,NA
2019-04-01,São Paulo,248808.80000000008,NA,NA,NA,NA,31.5,NA,NA,NA,NA,NA
2019-07-01,São Paulo,248808.80000000008,NA,NA,NA,NA,32.6,NA,NA,NA,NA,NA
2019-10-01,São Paulo,248808.80000000008,NA,NA,NA,NA,31.1,NA,NA,NA,NA,NA
2020-04-01,São Paulo,248808.80000000008,NA,NA,NA,NA,28.2,NA,NA,NA,NA,NA
2020-07-01,São Paulo,248808.80000000008,NA,NA,NA,NA,28.8,NA,NA,NA,NA,NA
2020-10-01,São Paulo,248808.80000000008,NA,NA,NA,NA,29.8,NA,NA,NA,NA,NA
2021-04-01,São Paulo,248808.80000000008,NA,NA,NA,NA,30.6,NA,NA,NA,NA,NA
2021-07-01,São Paulo,248808.80000000008,NA,NA,NA,NA,30.6,NA,NA,NA,NA,NA
2021-10-01,São Paulo,248808.80000000008,NA,NA,NA,NA,31.2,NA,NA,NA,NA,NA
2022-04-01,São Paulo,248808.80000000008,NA,NA,NA,NA,31.1,NA,NA,NA,NA,NA
2022-07-01,São Paulo,248808.80000000008,NA,NA,NA,NA,30.6,NA,NA,NA,NA,NA
2022-10-01,São Paulo,248808.80000000008,NA,NA,NA,NA,30.5,NA,NA,NA,NA,NA
2023-04-01,São Paulo,248808.80000000008,NA,NA,NA,NA,31.6,NA,NA,NA,NA,NA
2023-07-01,São Paulo,248808.80000000008,NA,NA,NA,NA,31.3,NA,NA,NA,NA,NA
2023-10-01,São Paulo,248808.80000000008,NA,NA,NA,NA,31.2,NA,NA,NA,NA,NA
2024-04-01,São Paulo,248808.80000000008,NA,NA,NA,NA,31.2,NA,NA,NA,NA,NA
2024-07-01,São Paulo,248808.80000000008,NA,NA,NA,NA,30.6,NA,NA,NA,NA,NA
2024-10-01,São Paulo,248808.80000000008,NA,NA,NA,NA,30.3,NA,NA,NA,NA,NA
2025-01-01,São Paulo,248808.80000000008,NA,NA,NA,NA,29.3,NA,NA,NA,NA,NA
2025-04-01,São Paulo,248808.80000000008,NA,NA,NA,NA,29.2,NA,NA,NA,NA,NA
2015-10-01,Paraná,199709.10000000006,NA,NA,NA,NA,31.6,NA,NA,NA,NA,NA
2016-04-01,Paraná,199709.10000000006,NA,NA,NA,NA,31.9,NA,NA,NA,NA,NA
2016-07-01,Paraná,199709.10000000006,NA,NA,NA,NA,32.3,NA,NA,NA,NA,NA
2016-10-01,Paraná,199709.10000000006,NA,NA,NA,NA,33,NA,NA,NA,NA,NA
2017-04-01,Paraná,199709.10000000006,NA,NA,NA,NA,33.9,NA,NA,NA,NA,NA
2017-07-01,Paraná,199709.10000000006,NA,NA,NA,NA,34.4,NA,NA,NA,NA,NA
2017-10-01,Paraná,199709.10000000006,NA,NA,NA,NA,35.5,NA,NA,NA,NA,NA
2018-04-01,Paraná,199709.10000000006,NA,NA,NA,NA,34.5,NA,NA,NA,NA,NA
2018-07-01,Paraná,199709.10000000006,NA,NA,NA,NA,35.2,NA,NA,NA,NA,NA
2018-10-01,Paraná,199709.10000000006,NA,NA,NA,NA,34.5,NA,NA,NA,NA,NA
2019-04-01,Paraná,199709.10000000006,NA,NA,NA,NA,34.1,NA,NA,NA,NA,NA
2019-07-01,Paraná,199709.10000000006,NA,NA,NA,NA,33.4,NA,NA,NA,NA,NA
2019-10-01,Paraná,199709.10000000006,NA,NA,NA,NA,32.9,NA,NA,NA,NA,NA
2020-04-01,Paraná,199709.10000000006,NA,NA,NA,NA,30,NA,NA,NA,NA,NA
2020-07-01,Paraná,199709.10000000006,NA,NA,NA,NA,29.4,NA,NA,NA,NA,NA
2020-10-01,Paraná,199709.10000000006,NA,NA,NA,NA,29.3,NA,NA,NA,NA,NA
2021-04-01,Paraná,199709.10000000006,NA,NA,NA,NA,32.6,NA,NA,NA,NA,NA
2021-07-01,Paraná,199709.10000000006,NA,NA,NA,NA,33.9,NA,NA,NA,NA,NA
2021-10-01,Paraná,199709.10000000006,NA,NA,NA,NA,33.5,NA,NA,NA,NA,NA
2022-04-01,Paraná,199709.10000000006,NA,NA,NA,NA,32.2,NA,NA,NA,NA,NA
2022-07-01,Paraná,199709.10000000006,NA,NA,NA,NA,32.2,NA,NA,NA,NA,NA
2022-10-01,Paraná,199709.10000000006,NA,NA,NA,NA,31,NA,NA,NA,NA,NA
2023-04-01,Paraná,199709.10000000006,NA,NA,NA,NA,31.9,NA,NA,NA,NA,NA
2023-07-01,Paraná,199709.10000000006,NA,NA,NA,NA,32.1,NA,NA,NA,NA,NA
2023-10-01,Paraná,199709.10000000006,NA,NA,NA,NA,31.5,NA,NA,NA,NA,NA
2024-04-01,Paraná,199709.10000000006,NA,NA,NA,NA,32,NA,NA,NA,NA,NA
2024-07-01,Paraná,199709.10000000006,NA,NA,NA,NA,31.4,NA,NA,NA,NA,NA
2024-10-01,Paraná,199709.10000000006,NA,NA,NA,NA,32.3,NA,NA,NA,NA,NA
2025-01-01,Paraná,199709.10000000006,NA,NA,NA,NA,31.7,NA,NA,NA,NA,NA
2025-04-01,Paraná,199709.10000000006,NA,NA,NA,NA,31.9,NA,NA,NA,NA,NA
2015-10-01,Santa Catarina,95442.8999999999,NA,NA,NA,NA,26.2,NA,NA,NA,NA,NA
2016-04-01,Santa Catarina,95442.8999999999,NA,NA,NA,NA,27,NA,NA,NA,NA,NA
2016-07-01,Santa Catarina,95442.8999999999,NA,NA,NA,NA,26.9,NA,NA,NA,NA,NA
2016-10-01,Santa Catarina,95442.8999999999,NA,NA,NA,NA,26.9,NA,NA,NA,NA,NA
2017-04-01,Santa Catarina,95442.8999999999,NA,NA,NA,NA,27,NA,NA,NA,NA,NA
2017-07-01,Santa Catarina,95442.8999999999,NA,NA,NA,NA,27.5,NA,NA,NA,NA,NA
2017-10-01,Santa Catarina,95442.8999999999,NA,NA,NA,NA,28,NA,NA,NA,NA,NA
2018-04-01,Santa Catarina,95442.8999999999,NA,NA,NA,NA,26.8,NA,NA,NA,NA,NA
2018-07-01,Santa Catarina,95442.8999999999,NA,NA,NA,NA,27.1,NA,NA,NA,NA,NA
2018-10-01,Santa Catarina,95442.8999999999,NA,NA,NA,NA,27.4,NA,NA,NA,NA,NA
2019-04-01,Santa Catarina,95442.8999999999,NA,NA,NA,NA,27,NA,NA,NA,NA,NA
2019-07-01,Santa Catarina,95442.8999999999,NA,NA,NA,NA,26.2,NA,NA,NA,NA,NA
2019-10-01,Santa Catarina,95442.8999999999,NA,NA,NA,NA,26.8,NA,NA,NA,NA,NA
2020-04-01,Santa Catarina,95442.8999999999,NA,NA,NA,NA,25,NA,NA,NA,NA,NA
2020-07-01,Santa Catarina,95442.8999999999,NA,NA,NA,NA,26.2,NA,NA,NA,NA,NA
2020-10-01,Santa Catarina,95442.8999999999,NA,NA,NA,NA,27.1,NA,NA,NA,NA,NA
2021-04-01,Santa Catarina,95442.8999999999,NA,NA,NA,NA,25.8,NA,NA,NA,NA,NA
2021-07-01,Santa Catarina,95442.8999999999,NA,NA,NA,NA,26.6,NA,NA,NA,NA,NA
2021-10-01,Santa Catarina,95442.8999999999,NA,NA,NA,NA,27.3,NA,NA,NA,NA,NA
2022-04-01,Santa Catarina,95442.8999999999,NA,NA,NA,NA,27.2,NA,NA,NA,NA,NA
2022-07-01,Santa Catarina,95442.8999999999,NA,NA,NA,NA,25.9,NA,NA,NA,NA,NA
2022-10-01,Santa Catarina,95442.8999999999,NA,NA,NA,NA,25.9,NA,NA,NA,NA,NA
2023-04-01,Santa Catarina,95442.8999999999,NA,NA,NA,NA,26.6,NA,NA,NA,NA,NA
2023-07-01,Santa Catarina,95442.8999999999,NA,NA,NA,NA,26.8,NA,NA,NA,NA,NA
2023-10-01,Santa Catarina,95442.8999999999,NA,NA,NA,NA,27.6,NA,NA,NA,NA,NA
2024-04-01,Santa Catarina,95442.8999999999,NA,NA,NA,NA,27.1,NA,NA,NA,NA,NA
2024-07-01,Santa Catarina,95442.8999999999,NA,NA,NA,NA,26.8,NA,NA,NA,NA,NA
2024-10-01,Santa Catarina,95442.8999999999,NA,NA,NA,NA,25.6,NA,NA,NA,NA,NA
2025-01-01,Santa Catarina,95442.8999999999,NA,NA,NA,NA,25.3,NA,NA,NA,NA,NA
2025-04-01,Santa Catarina,95442.8999999999,NA,NA,NA,NA,24.7,NA,NA,NA,NA,NA
2015-10-01,Rio Grande do Sul,269153.9000000001,NA,NA,NA,NA,31.5,NA,NA,NA,NA,NA
2016-04-01,Rio Grande do Sul,269153.9000000001,NA,NA,NA,NA,31.9,NA,NA,NA,NA,NA
2016-07-01,Rio Grande do Sul,269153.9000000001,NA,NA,NA,NA,32.2,NA,NA,NA,NA,NA
2016-10-01,Rio Grande do Sul,269153.9000000001,NA,NA,NA,NA,32.8,NA,NA,NA,NA,NA
2017-04-01,Rio Grande do Sul,269153.9000000001,NA,NA,NA,NA,33.8,NA,NA,NA,NA,NA
2017-07-01,Rio Grande do Sul,269153.9000000001,NA,NA,NA,NA,34.1,NA,NA,NA,NA,NA
2017-10-01,Rio Grande do Sul,269153.9000000001,NA,NA,NA,NA,33.4,NA,NA,NA,NA,NA
2018-04-01,Rio Grande do Sul,269153.9000000001,NA,NA,NA,NA,33.4,NA,NA,NA,NA,NA
2018-07-01,Rio Grande do Sul,269153.9000000001,NA,NA,NA,NA,33.5,NA,NA,NA,NA,NA
2018-10-01,Rio Grande do Sul,269153.9000000001,NA,NA,NA,NA,34.2,NA,NA,NA,NA,NA
2019-04-01,Rio Grande do Sul,269153.9000000001,NA,NA,NA,NA,33.1,NA,NA,NA,NA,NA
2019-07-01,Rio Grande do Sul,269153.9000000001,NA,NA,NA,NA,33.3,NA,NA,NA,NA,NA
2019-10-01,Rio Grande do Sul,269153.9000000001,NA,NA,NA,NA,33.3,NA,NA,NA,NA,NA
2020-04-01,Rio Grande do Sul,269153.9000000001,NA,NA,NA,NA,29.8,NA,NA,NA,NA,NA
2020-07-01,Rio Grande do Sul,269153.9000000001,NA,NA,NA,NA,30.2,NA,NA,NA,NA,NA
2020-10-01,Rio Grande do Sul,269153.9000000001,NA,NA,NA,NA,30.5,NA,NA,NA,NA,NA
2021-04-01,Rio Grande do Sul,269153.9000000001,NA,NA,NA,NA,30.7,NA,NA,NA,NA,NA
2021-07-01,Rio Grande do Sul,269153.9000000001,NA,NA,NA,NA,32.2,NA,NA,NA,NA,NA
2021-10-01,Rio Grande do Sul,269153.9000000001,NA,NA,NA,NA,33,NA,NA,NA,NA,NA
2022-04-01,Rio Grande do Sul,269153.9000000001,NA,NA,NA,NA,32.8,NA,NA,NA,NA,NA
2022-07-01,Rio Grande do Sul,269153.9000000001,NA,NA,NA,NA,31.5,NA,NA,NA,NA,NA
2022-10-01,Rio Grande do Sul,269153.9000000001,NA,NA,NA,NA,31.7,NA,NA,NA,NA,NA
2023-04-01,Rio Grande do Sul,269153.9000000001,NA,NA,NA,NA,32.4,NA,NA,NA,NA,NA
2023-07-01,Rio Grande do Sul,269153.9000000001,NA,NA,NA,NA,31.5,NA,NA,NA,NA,NA
2023-10-01,Rio Grande do Sul,269153.9000000001,NA,NA,NA,NA,32.1,NA,NA,NA,NA,NA
2024-04-01,Rio Grande do Sul,269153.9000000001,NA,NA,NA,NA,32.5,NA,NA,NA,NA,NA
2024-07-01,Rio Grande do Sul,269153.9000000001,NA,NA,NA,NA,32.9,NA,NA,NA,NA,NA
2024-10-01,Rio Grande do Sul,269153.9000000001,NA,NA,NA,NA,32.1,NA,NA,NA,NA,NA
2025-01-01,Rio Grande do Sul,269153.9000000001,NA,NA,NA,NA,31.2,NA,NA,NA,NA,NA
2025-04-01,Rio Grande do Sul,269153.9000000001,NA,NA,NA,NA,31.1,NA,NA,NA,NA,NA
2015-10-01,Mato Grosso do Sul,358158.69999999995,NA,NA,NA,NA,38,NA,NA,NA,NA,NA
2016-04-01,Mato Grosso do Sul,358158.69999999995,NA,NA,NA,NA,35.7,NA,NA,NA,NA,NA
2016-07-01,Mato Grosso do Sul,358158.69999999995,NA,NA,NA,NA,36.4,NA,NA,NA,NA,NA
2016-10-01,Mato Grosso do Sul,358158.69999999995,NA,NA,NA,NA,36.1,NA,NA,NA,NA,NA
2017-04-01,Mato Grosso do Sul,358158.69999999995,NA,NA,NA,NA,34.9,NA,NA,NA,NA,NA
2017-07-01,Mato Grosso do Sul,358158.69999999995,NA,NA,NA,NA,35.6,NA,NA,NA,NA,NA
2017-10-01,Mato Grosso do Sul,358158.69999999995,NA,NA,NA,NA,37.3,NA,NA,NA,NA,NA
2018-04-01,Mato Grosso do Sul,358158.69999999995,NA,NA,NA,NA,36.5,NA,NA,NA,NA,NA
2018-07-01,Mato Grosso do Sul,358158.69999999995,NA,NA,NA,NA,36.2,NA,NA,NA,NA,NA
2018-10-01,Mato Grosso do Sul,358158.69999999995,NA,NA,NA,NA,36,NA,NA,NA,NA,NA
2019-04-01,Mato Grosso do Sul,358158.69999999995,NA,NA,NA,NA,36.4,NA,NA,NA,NA,NA
2019-07-01,Mato Grosso do Sul,358158.69999999995,NA,NA,NA,NA,37.3,NA,NA,NA,NA,NA
2019-10-01,Mato Grosso do Sul,358158.69999999995,NA,NA,NA,NA,38.4,NA,NA,NA,NA,NA
2020-04-01,Mato Grosso do Sul,358158.69999999995,NA,NA,NA,NA,36.2,NA,NA,NA,NA,NA
2020-07-01,Mato Grosso do Sul,358158.69999999995,NA,NA,NA,NA,35.5,NA,NA,NA,NA,NA
2020-10-01,Mato Grosso do Sul,358158.69999999995,NA,NA,NA,NA,36.1,NA,NA,NA,NA,NA
2021-04-01,Mato Grosso do Sul,358158.69999999995,NA,NA,NA,NA,37.2,NA,NA,NA,NA,NA
2021-07-01,Mato Grosso do Sul,358158.69999999995,NA,NA,NA,NA,36.6,NA,NA,NA,NA,NA
2021-10-01,Mato Grosso do Sul,358158.69999999995,NA,NA,NA,NA,35.6,NA,NA,NA,NA,NA
2022-04-01,Mato Grosso do Sul,358158.69999999995,NA,NA,NA,NA,34.3,NA,NA,NA,NA,NA
2022-07-01,Mato Grosso do Sul,358158.69999999995,NA,NA,NA,NA,33.7,NA,NA,NA,NA,NA
2022-10-01,Mato Grosso do Sul,358158.69999999995,NA,NA,NA,NA,32.7,NA,NA,NA,NA,NA
2023-04-01,Mato Grosso do Sul,358158.69999999995,NA,NA,NA,NA,34.1,NA,NA,NA,NA,NA
2023-07-01,Mato Grosso do Sul,358158.69999999995,NA,NA,NA,NA,31.9,NA,NA,NA,NA,NA
2023-10-01,Mato Grosso do Sul,358158.69999999995,NA,NA,NA,NA,33.1,NA,NA,NA,NA,NA
2024-04-01,Mato Grosso do Sul,358158.69999999995,NA,NA,NA,NA,31.8,NA,NA,NA,NA,NA
2024-07-01,Mato Grosso do Sul,358158.69999999995,NA,NA,NA,NA,32.1,NA,NA,NA,NA,NA
2024-10-01,Mato Grosso do Sul,358158.69999999995,NA,NA,NA,NA,33.7,NA,NA,NA,NA,NA
2025-01-01,Mato Grosso do Sul,358158.69999999995,NA,NA,NA,NA,30.5,NA,NA,NA,NA,NA
2025-04-01,Mato Grosso do Sul,358158.69999999995,NA,NA,NA,NA,32,NA,NA,NA,NA,NA
2015-10-01,Mato Grosso,906806.8999999997,NA,NA,NA,NA,38.8,NA,NA,NA,NA,NA
2016-04-01,Mato Grosso,906806.8999999997,NA,NA,NA,NA,37.8,NA,NA,NA,NA,NA
2016-07-01,Mato Grosso,906806.8999999997,NA,NA,NA,NA,37.9,NA,NA,NA,NA,NA
2016-10-01,Mato Grosso,906806.8999999997,NA,NA,NA,NA,38.1,NA,NA,NA,NA,NA
2017-04-01,Mato Grosso,906806.8999999997,NA,NA,NA,NA,38.7,NA,NA,NA,NA,NA
2017-07-01,Mato Grosso,906806.8999999997,NA,NA,NA,NA,37.6,NA,NA,NA,NA,NA
2017-10-01,Mato Grosso,906806.8999999997,NA,NA,NA,NA,37,NA,NA,NA,NA,NA
2018-04-01,Mato Grosso,906806.8999999997,NA,NA,NA,NA,38.2,NA,NA,NA,NA,NA
2018-07-01,Mato Grosso,906806.8999999997,NA,NA,NA,NA,38.2,NA,NA,NA,NA,NA
2018-10-01,Mato Grosso,906806.8999999997,NA,NA,NA,NA,39.6,NA,NA,NA,NA,NA
2019-04-01,Mato Grosso,906806.8999999997,NA,NA,NA,NA,40.4,NA,NA,NA,NA,NA
2019-07-01,Mato Grosso,906806.8999999997,NA,NA,NA,NA,39.3,NA,NA,NA,NA,NA
2019-10-01,Mato Grosso,906806.8999999997,NA,NA,NA,NA,39.5,NA,NA,NA,NA,NA
2020-04-01,Mato Grosso,906806.8999999997,NA,NA,NA,NA,38.1,NA,NA,NA,NA,NA
2020-07-01,Mato Grosso,906806.8999999997,NA,NA,NA,NA,38.4,NA,NA,NA,NA,NA
2020-10-01,Mato Grosso,906806.8999999997,NA,NA,NA,NA,39.8,NA,NA,NA,NA,NA
2021-04-01,Mato Grosso,906806.8999999997,NA,NA,NA,NA,40.3,NA,NA,NA,NA,NA
2021-07-01,Mato Grosso,906806.8999999997,NA,NA,NA,NA,39,NA,NA,NA,NA,NA
2021-10-01,Mato Grosso,906806.8999999997,NA,NA,NA,NA,38.5,NA,NA,NA,NA,NA
2022-04-01,Mato Grosso,906806.8999999997,NA,NA,NA,NA,37.2,NA,NA,NA,NA,NA
2022-07-01,Mato Grosso,906806.8999999997,NA,NA,NA,NA,36.3,NA,NA,NA,NA,NA
2022-10-01,Mato Grosso,906806.8999999997,NA,NA,NA,NA,35.1,NA,NA,NA,NA,NA
2023-04-01,Mato Grosso,906806.8999999997,NA,NA,NA,NA,35,NA,NA,NA,NA,NA
2023-07-01,Mato Grosso,906806.8999999997,NA,NA,NA,NA,35.8,NA,NA,NA,NA,NA
2023-10-01,Mato Grosso,906806.8999999997,NA,NA,NA,NA,36.5,NA,NA,NA,NA,NA
2024-04-01,Mato Grosso,906806.8999999997,NA,NA,NA,NA,33.7,NA,NA,NA,NA,NA
2024-07-01,Mato Grosso,906806.8999999997,NA,NA,NA,NA,35.3,NA,NA,NA,NA,NA
2024-10-01,Mato Grosso,906806.8999999997,NA,NA,NA,NA,34.8,NA,NA,NA,NA,NA
2025-01-01,Mato Grosso,906806.8999999997,NA,NA,NA,NA,35.3,NA,NA,NA,NA,NA
2025-04-01,Mato Grosso,906806.8999999997,NA,NA,NA,NA,35.5,NA,NA,NA,NA,NA
2015-10-01,Goiás,341289.4999999999,NA,NA,NA,NA,38.6,NA,NA,NA,NA,NA
2016-04-01,Goiás,341289.4999999999,NA,NA,NA,NA,39.2,NA,NA,NA,NA,NA
2016-07-01,Goiás,341289.4999999999,NA,NA,NA,NA,38.3,NA,NA,NA,NA,NA
2016-10-01,Goiás,341289.4999999999,NA,NA,NA,NA,39.7,NA,NA,NA,NA,NA
2017-04-01,Goiás,341289.4999999999,NA,NA,NA,NA,40.6,NA,NA,NA,NA,NA
2017-07-01,Goiás,341289.4999999999,NA,NA,NA,NA,40.7,NA,NA,NA,NA,NA
2017-10-01,Goiás,341289.4999999999,NA,NA,NA,NA,40.1,NA,NA,NA,NA,NA
2018-04-01,Goiás,341289.4999999999,NA,NA,NA,NA,40.1,NA,NA,NA,NA,NA
2018-07-01,Goiás,341289.4999999999,NA,NA,NA,NA,40.2,NA,NA,NA,NA,NA
2018-10-01,Goiás,341289.4999999999,NA,NA,NA,NA,40.6,NA,NA,NA,NA,NA
2019-04-01,Goiás,341289.4999999999,NA,NA,NA,NA,40.3,NA,NA,NA,NA,NA
2019-07-01,Goiás,341289.4999999999,NA,NA,NA,NA,40.8,NA,NA,NA,NA,NA
2019-10-01,Goiás,341289.4999999999,NA,NA,NA,NA,40.6,NA,NA,NA,NA,NA
2020-04-01,Goiás,341289.4999999999,NA,NA,NA,NA,36.6,NA,NA,NA,NA,NA
2020-07-01,Goiás,341289.4999999999,NA,NA,NA,NA,37.6,NA,NA,NA,NA,NA
2020-10-01,Goiás,341289.4999999999,NA,NA,NA,NA,39.4,NA,NA,NA,NA,NA
2021-04-01,Goiás,341289.4999999999,NA,NA,NA,NA,40.9,NA,NA,NA,NA,NA
2021-07-01,Goiás,341289.4999999999,NA,NA,NA,NA,41.3,NA,NA,NA,NA,NA
2021-10-01,Goiás,341289.4999999999,NA,NA,NA,NA,41,NA,NA,NA,NA,NA
2022-04-01,Goiás,341289.4999999999,NA,NA,NA,NA,39.5,NA,NA,NA,NA,NA
2022-07-01,Goiás,341289.4999999999,NA,NA,NA,NA,38.8,NA,NA,NA,NA,NA
2022-10-01,Goiás,341289.4999999999,NA,NA,NA,NA,36.7,NA,NA,NA,NA,NA
2023-04-01,Goiás,341289.4999999999,NA,NA,NA,NA,37.4,NA,NA,NA,NA,NA
2023-07-01,Goiás,341289.4999999999,NA,NA,NA,NA,37.4,NA,NA,NA,NA,NA
2023-10-01,Goiás,341289.4999999999,NA,NA,NA,NA,37.2,NA,NA,NA,NA,NA
2024-04-01,Goiás,341289.4999999999,NA,NA,NA,NA,35.1,NA,NA,NA,NA,NA
2024-07-01,Goiás,341289.4999999999,NA,NA,NA,NA,36.3,NA,NA,NA,NA,NA
2024-10-01,Goiás,341289.4999999999,NA,NA,NA,NA,35.5,NA,NA,NA,NA,NA
2025-01-01,Goiás,341289.4999999999,NA,NA,NA,NA,35.3,NA,NA,NA,NA,NA
2025-04-01,Goiás,341289.4999999999,NA,NA,NA,NA,35,NA,NA,NA,NA,NA
2015-10-01,Distrito Federal,5822.1,NA,NA,NA,NA,25.2,NA,NA,NA,NA,NA
2016-04-01,Distrito Federal,5822.1,NA,NA,NA,NA,25.5,NA,NA,NA,NA,NA
2016-07-01,Distrito Federal,5822.1,NA,NA,NA,NA,26.5,NA,NA,NA,NA,NA
2016-10-01,Distrito Federal,5822.1,NA,NA,NA,NA,27,NA,NA,NA,NA,NA
2017-04-01,Distrito Federal,5822.1,NA,NA,NA,NA,27.3,NA,NA,NA,NA,NA
2017-07-01,Distrito Federal,5822.1,NA,NA,NA,NA,28.5,NA,NA,NA,NA,NA
2017-10-01,Distrito Federal,5822.1,NA,NA,NA,NA,27.8,NA,NA,NA,NA,NA
2018-04-01,Distrito Federal,5822.1,NA,NA,NA,NA,28,NA,NA,NA,NA,NA
2018-07-01,Distrito Federal,5822.1,NA,NA,NA,NA,28.6,NA,NA,NA,NA,NA
2018-10-01,Distrito Federal,5822.1,NA,NA,NA,NA,29.1,NA,NA,NA,NA,NA
2019-04-01,Distrito Federal,5822.1,NA,NA,NA,NA,30,NA,NA,NA,NA,NA
2019-07-01,Distrito Federal,5822.1,NA,NA,NA,NA,30.3,NA,NA,NA,NA,NA
2019-10-01,Distrito Federal,5822.1,NA,NA,NA,NA,29.5,NA,NA,NA,NA,NA
2020-04-01,Distrito Federal,5822.1,NA,NA,NA,NA,26,NA,NA,NA,NA,NA
2020-07-01,Distrito Federal,5822.1,NA,NA,NA,NA,28.8,NA,NA,NA,NA,NA
2020-10-01,Distrito Federal,5822.1,NA,NA,NA,NA,28.8,NA,NA,NA,NA,NA
2021-04-01,Distrito Federal,5822.1,NA,NA,NA,NA,30.6,NA,NA,NA,NA,NA
2021-07-01,Distrito Federal,5822.1,NA,NA,NA,NA,31.9,NA,NA,NA,NA,NA
2021-10-01,Distrito Federal,5822.1,NA,NA,NA,NA,33.7,NA,NA,NA,NA,NA
2022-04-01,Distrito Federal,5822.1,NA,NA,NA,NA,31.2,NA,NA,NA,NA,NA
2022-07-01,Distrito Federal,5822.1,NA,NA,NA,NA,29.8,NA,NA,NA,NA,NA
2022-10-01,Distrito Federal,5822.1,NA,NA,NA,NA,29.7,NA,NA,NA,NA,NA
2023-04-01,Distrito Federal,5822.1,NA,NA,NA,NA,31.2,NA,NA,NA,NA,NA
2023-07-01,Distrito Federal,5822.1,NA,NA,NA,NA,30.6,NA,NA,NA,NA,NA
2023-10-01,Distrito Federal,5822.1,NA,NA,NA,NA,30.4,NA,NA,NA,NA,NA
2024-04-01,Distrito Federal,5822.1,NA,NA,NA,NA,29.8,NA,NA,NA,NA,NA
2024-07-01,Distrito Federal,5822.1,NA,NA,NA,NA,30.2,NA,NA,NA,NA,NA
2024-10-01,Distrito Federal,5822.1,NA,NA,NA,NA,29.1,NA,NA,NA,NA,NA
2025-01-01,Distrito Federal,5822.1,NA,NA,NA,NA,28.3,NA,NA,NA,NA,NA
2025-04-01,Distrito Federal,5822.1,NA,NA,NA,NA,28.4,NA,NA,NA,NA,NA
1970-01-01,Rondônia,238512.80000000005,NA,NA,NA,NA,NA,0.479,NA,NA,NA,NA
1980-01-01,Rondônia,238512.80000000005,NA,NA,NA,NA,NA,0.747,NA,NA,24.03,NA
1970-01-01,Acre,153149.9,NA,NA,NA,NA,NA,0.279,NA,NA,NA,NA
1980-01-01,Acre,153149.9,NA,NA,NA,NA,NA,0.578,NA,NA,8.63,NA
1970-01-01,Amazonas,1577820.2000000004,NA,NA,NA,NA,NA,0.304,NA,NA,NA,NA
1980-01-01,Amazonas,1577820.2000000004,NA,NA,NA,NA,NA,0.762,NA,NA,9.65,NA
1970-01-01,Roraima,225116.1,NA,NA,NA,NA,NA,0.38,NA,NA,NA,NA
1980-01-01,Roraima,225116.1,NA,NA,NA,NA,NA,0.939,NA,NA,13.9,NA
1970-01-01,Pará,1253164.5,NA,NA,NA,NA,NA,0.276,NA,NA,NA,NA
1980-01-01,Pará,1253164.5,NA,NA,NA,NA,NA,0.651,NA,NA,8.93,NA
1970-01-01,Amapá,143453.7,NA,NA,NA,NA,NA,0.335,NA,NA,NA,NA
1980-01-01,Amapá,143453.7,NA,NA,NA,NA,NA,0.635,NA,NA,3.99,NA
1970-01-01,Tocantins,278420.7,NA,NA,NA,NA,NA,0.167,NA,NA,NA,NA
1980-01-01,Tocantins,278420.7,NA,NA,NA,NA,NA,0.45,NA,NA,0,NA
1970-01-01,Maranhão,333365.60000000003,NA,NA,NA,NA,NA,0.169,NA,NA,NA,NA
1980-01-01,Maranhão,333365.60000000003,NA,NA,NA,NA,NA,0.334,NA,NA,2.7,NA
1970-01-01,Piauí,252378.60000000006,NA,NA,NA,NA,NA,0.109,NA,NA,NA,NA
1980-01-01,Piauí,252378.60000000006,NA,NA,NA,NA,NA,0.287,NA,NA,2.34,NA
1970-01-01,Ceará,146348.30000000005,NA,NA,NA,NA,NA,0.162,NA,NA,NA,NA
1980-01-01,Ceará,146348.30000000005,NA,NA,NA,NA,NA,0.449,NA,NA,8.41,NA
1970-01-01,Rio Grande do Norte,53306.799999999996,NA,NA,NA,NA,NA,0.162,NA,NA,NA,NA
1980-01-01,Rio Grande do Norte,53306.799999999996,NA,NA,NA,NA,NA,0.477,NA,NA,8.58,NA
1970-01-01,Paraíba,56584.59999999997,NA,NA,NA,NA,NA,0.139,NA,NA,NA,NA
1980-01-01,Paraíba,56584.59999999997,NA,NA,NA,NA,NA,0.392,NA,NA,10.9,NA
1970-01-01,Pernambuco,98937.79999999999,NA,NA,NA,NA,NA,0.248,NA,NA,NA,NA
1980-01-01,Pernambuco,98937.79999999999,NA,NA,NA,NA,NA,0.59,NA,NA,18.25,NA
1970-01-01,Alagoas,27933.099999999995,NA,NA,NA,NA,NA,0.194,NA,NA,NA,NA
1980-01-01,Alagoas,27933.099999999995,NA,NA,NA,NA,NA,0.43,NA,NA,14.12,NA
1970-01-01,Sergipe,22050.299999999996,NA,NA,NA,NA,NA,0.201,NA,NA,NA,NA
1980-01-01,Sergipe,22050.299999999996,NA,NA,NA,NA,NA,0.544,NA,NA,7.19,NA
1970-01-01,Bahia,567295.2999999998,NA,NA,NA,NA,NA,0.236,NA,NA,NA,NA
1980-01-01,Bahia,567295.2999999998,NA,NA,NA,NA,NA,0.599,NA,NA,3.37,NA
1970-01-01,Minas Gerais,588383.5999999999,NA,NA,NA,NA,NA,0.322,NA,NA,NA,NA
1980-01-01,Minas Gerais,588383.5999999999,NA,NA,NA,NA,NA,0.91,NA,NA,8.7,NA
1970-01-01,Espírito Santo,46184.10000000001,NA,NA,NA,NA,NA,0.289,NA,NA,NA,NA
1980-01-01,Espírito Santo,46184.10000000001,NA,NA,NA,NA,NA,0.873,NA,NA,15.07,NA
1970-01-01,Rio de Janeiro,43909.700000000004,NA,NA,NA,NA,NA,0.876,NA,NA,NA,NA
1980-01-01,Rio de Janeiro,43909.700000000004,NA,NA,NA,NA,NA,0.961,NA,NA,26.05,NA
1970-01-01,São Paulo,248808.80000000008,NA,NA,NA,NA,NA,0.834,NA,NA,NA,NA
1980-01-01,São Paulo,248808.80000000008,NA,NA,NA,NA,NA,0.962,NA,NA,13.76,NA
1970-01-01,Paraná,199709.10000000006,NA,NA,NA,NA,NA,0.347,NA,NA,NA,NA
1980-01-01,Paraná,199709.10000000006,NA,NA,NA,NA,NA,0.934,NA,NA,10.89,NA
1970-01-01,Santa Catarina,95442.8999999999,NA,NA,NA,NA,NA,0.328,NA,NA,NA,NA
1980-01-01,Santa Catarina,95442.8999999999,NA,NA,NA,NA,NA,0.943,NA,NA,6.64,NA
1970-01-01,Rio Grande do Sul,269153.9000000001,NA,NA,NA,NA,NA,0.489,NA,NA,NA,NA
1980-01-01,Rio Grande do Sul,269153.9000000001,NA,NA,NA,NA,NA,0.953,NA,NA,8.14,NA
1970-01-01,Mato Grosso do Sul,358158.69999999995,NA,NA,NA,NA,NA,0.357,NA,NA,NA,NA
1980-01-01,Mato Grosso do Sul,358158.69999999995,NA,NA,NA,NA,NA,0.944,NA,NA,16.35,NA
1970-01-01,Mato Grosso,906806.8999999997,NA,NA,NA,NA,NA,0.283,NA,NA,NA,NA
1980-01-01,Mato Grosso,906806.8999999997,NA,NA,NA,NA,NA,0.797,NA,NA,3.34,NA
1970-01-01,Goiás,341289.4999999999,NA,NA,NA,NA,NA,0.309,NA,NA,NA,NA
1980-01-01,Goiás,341289.4999999999,NA,NA,NA,NA,NA,0.887,NA,NA,12.15,NA
1970-01-01,Distrito Federal,5822.1,NA,NA,NA,NA,NA,0.819,NA,NA,NA,NA
1980-01-01,Distrito Federal,5822.1,NA,NA,NA,NA,NA,0.965,NA,NA,12.32,NA
1981-01-01,Rondônia,238512.80000000005,NA,NA,NA,NA,NA,NA,NA,NA,23.67,NA
1982-01-01,Rondônia,238512.80000000005,NA,NA,NA,NA,NA,NA,NA,NA,20.46,NA
1983-01-01,Rondônia,238512.80000000005,NA,NA,NA,NA,NA,NA,NA,NA,21.46,NA
1984-01-01,Rondônia,238512.80000000005,NA,NA,NA,NA,NA,NA,NA,NA,28.66,NA
1981-01-01,Acre,153149.9,NA,NA,NA,NA,NA,NA,NA,NA,9.02,NA
1982-01-01,Acre,153149.9,NA,NA,NA,NA,NA,NA,NA,NA,12.76,NA
1983-01-01,Acre,153149.9,NA,NA,NA,NA,NA,NA,NA,NA,9.93,NA
1984-01-01,Acre,153149.9,NA,NA,NA,NA,NA,NA,NA,NA,10.49,NA
1981-01-01,Amazonas,1577820.2000000004,NA,NA,NA,NA,NA,NA,NA,NA,9.18,NA
1982-01-01,Amazonas,1577820.2000000004,NA,NA,NA,NA,NA,NA,NA,NA,10.16,NA
1983-01-01,Amazonas,1577820.2000000004,NA,NA,NA,NA,NA,NA,NA,NA,9.38,NA
1984-01-01,Amazonas,1577820.2000000004,NA,NA,NA,NA,NA,NA,NA,NA,12.5,NA
1981-01-01,Roraima,225116.1,NA,NA,NA,NA,NA,NA,NA,NA,17.8,NA
1982-01-01,Roraima,225116.1,NA,NA,NA,NA,NA,NA,NA,NA,28.18,NA
1983-01-01,Roraima,225116.1,NA,NA,NA,NA,NA,NA,NA,NA,17.24,NA
1984-01-01,Roraima,225116.1,NA,NA,NA,NA,NA,NA,NA,NA,13.18,NA
1981-01-01,Pará,1253164.5,NA,NA,NA,NA,NA,NA,NA,NA,9.57,NA
1982-01-01,Pará,1253164.5,NA,NA,NA,NA,NA,NA,NA,NA,9.87,NA
1983-01-01,Pará,1253164.5,NA,NA,NA,NA,NA,NA,NA,NA,12.03,NA
1984-01-01,Pará,1253164.5,NA,NA,NA,NA,NA,NA,NA,NA,13.18,NA
1981-01-01,Amapá,143453.7,NA,NA,NA,NA,NA,NA,NA,NA,8.15,NA
1982-01-01,Amapá,143453.7,NA,NA,NA,NA,NA,NA,NA,NA,11.81,NA
1983-01-01,Amapá,143453.7,NA,NA,NA,NA,NA,NA,NA,NA,13.62,NA
1984-01-01,Amapá,143453.7,NA,NA,NA,NA,NA,NA,NA,NA,11.55,NA
1981-01-01,Tocantins,278420.7,NA,NA,NA,NA,NA,NA,NA,NA,0,NA
1982-01-01,Tocantins,278420.7,NA,NA,NA,NA,NA,NA,NA,NA,0,NA
1983-01-01,Tocantins,278420.7,NA,NA,NA,NA,NA,NA,NA,NA,0,NA
1984-01-01,Tocantins,278420.7,NA,NA,NA,NA,NA,NA,NA,NA,0,NA
1985-01-01,Tocantins,278420.7,NA,NA,NA,NA,NA,NA,NA,NA,0,NA
1986-01-01,Tocantins,278420.7,NA,NA,NA,NA,NA,NA,NA,NA,0,NA
1987-01-01,Tocantins,278420.7,NA,NA,NA,NA,NA,NA,NA,NA,0,NA
1988-01-01,Tocantins,278420.7,NA,NA,NA,NA,NA,NA,NA,NA,0,NA
1981-01-01,Maranhão,333365.60000000003,NA,NA,NA,NA,NA,NA,NA,NA,3.56,NA
1982-01-01,Maranhão,333365.60000000003,NA,NA,NA,NA,NA,NA,NA,NA,3.51,NA
1983-01-01,Maranhão,333365.60000000003,NA,NA,NA,NA,NA,NA,NA,NA,3.86,NA
1984-01-01,Maranhão,333365.60000000003,NA,NA,NA,NA,NA,NA,NA,NA,4.25,NA
1981-01-01,Piauí,252378.60000000006,NA,NA,NA,NA,NA,NA,NA,NA,3.4,NA
1982-01-01,Piauí,252378.60000000006,NA,NA,NA,NA,NA,NA,NA,NA,5.01,NA
1983-01-01,Piauí,252378.60000000006,NA,NA,NA,NA,NA,NA,NA,NA,5.54,NA
1984-01-01,Piauí,252378.60000000006,NA,NA,NA,NA,NA,NA,NA,NA,4.09,NA
1981-01-01,Ceará,146348.30000000005,NA,NA,NA,NA,NA,NA,NA,NA,9.23,NA
1982-01-01,Ceará,146348.30000000005,NA,NA,NA,NA,NA,NA,NA,NA,9.04,NA
1983-01-01,Ceará,146348.30000000005,NA,NA,NA,NA,NA,NA,NA,NA,11.01,NA
1984-01-01,Ceará,146348.30000000005,NA,NA,NA,NA,NA,NA,NA,NA,10.45,NA
1981-01-01,Rio Grande do Norte,53306.799999999996,NA,NA,NA,NA,NA,NA,NA,NA,8.82,NA
1982-01-01,Rio Grande do Norte,53306.799999999996,NA,NA,NA,NA,NA,NA,NA,NA,10.12,NA
1983-01-01,Rio Grande do Norte,53306.799999999996,NA,NA,NA,NA,NA,NA,NA,NA,8.55,NA
1984-01-01,Rio Grande do Norte,53306.799999999996,NA,NA,NA,NA,NA,NA,NA,NA,6.52,NA
1981-01-01,Paraíba,56584.59999999997,NA,NA,NA,NA,NA,NA,NA,NA,12.2,NA
1982-01-01,Paraíba,56584.59999999997,NA,NA,NA,NA,NA,NA,NA,NA,11.53,NA
1983-01-01,Paraíba,56584.59999999997,NA,NA,NA,NA,NA,NA,NA,NA,12.48,NA
1984-01-01,Paraíba,56584.59999999997,NA,NA,NA,NA,NA,NA,NA,NA,13.19,NA
1981-01-01,Pernambuco,98937.79999999999,NA,NA,NA,NA,NA,NA,NA,NA,22.62,NA
1982-01-01,Pernambuco,98937.79999999999,NA,NA,NA,NA,NA,NA,NA,NA,23.91,NA
1983-01-01,Pernambuco,98937.79999999999,NA,NA,NA,NA,NA,NA,NA,NA,25.7,NA
1984-01-01,Pernambuco,98937.79999999999,NA,NA,NA,NA,NA,NA,NA,NA,28.58,NA
1981-01-01,Alagoas,27933.099999999995,NA,NA,NA,NA,NA,NA,NA,NA,19.37,NA
1982-01-01,Alagoas,27933.099999999995,NA,NA,NA,NA,NA,NA,NA,NA,20.74,NA
1983-01-01,Alagoas,27933.099999999995,NA,NA,NA,NA,NA,NA,NA,NA,26.27,NA
1984-01-01,Alagoas,27933.099999999995,NA,NA,NA,NA,NA,NA,NA,NA,24.98,NA
1981-01-01,Sergipe,22050.299999999996,NA,NA,NA,NA,NA,NA,NA,NA,8.57,NA
1982-01-01,Sergipe,22050.299999999996,NA,NA,NA,NA,NA,NA,NA,NA,10.08,NA
1983-01-01,Sergipe,22050.299999999996,NA,NA,NA,NA,NA,NA,NA,NA,8.59,NA
1984-01-01,Sergipe,22050.299999999996,NA,NA,NA,NA,NA,NA,NA,NA,4.89,NA
1981-01-01,Bahia,567295.2999999998,NA,NA,NA,NA,NA,NA,NA,NA,3.22,NA
1982-01-01,Bahia,567295.2999999998,NA,NA,NA,NA,NA,NA,NA,NA,4.98,NA
1983-01-01,Bahia,567295.2999999998,NA,NA,NA,NA,NA,NA,NA,NA,3.68,NA
1984-01-01,Bahia,567295.2999999998,NA,NA,NA,NA,NA,NA,NA,NA,4.96,NA
1981-01-01,Minas Gerais,588383.5999999999,NA,NA,NA,NA,NA,NA,NA,NA,8.17,NA
1982-01-01,Minas Gerais,588383.5999999999,NA,NA,NA,NA,NA,NA,NA,NA,8.01,NA
1983-01-01,Minas Gerais,588383.5999999999,NA,NA,NA,NA,NA,NA,NA,NA,7.2,NA
1984-01-01,Minas Gerais,588383.5999999999,NA,NA,NA,NA,NA,NA,NA,NA,7.93,NA
1981-01-01,Espírito Santo,46184.10000000001,NA,NA,NA,NA,NA,NA,NA,NA,17.17,NA
1982-01-01,Espírito Santo,46184.10000000001,NA,NA,NA,NA,NA,NA,NA,NA,16.68,NA
1983-01-01,Espírito Santo,46184.10000000001,NA,NA,NA,NA,NA,NA,NA,NA,16.77,NA
1984-01-01,Espírito Santo,46184.10000000001,NA,NA,NA,NA,NA,NA,NA,NA,18.02,NA
1981-01-01,Rio de Janeiro,43909.700000000004,NA,NA,NA,NA,NA,NA,NA,NA,21.92,NA
1982-01-01,Rio de Janeiro,43909.700000000004,NA,NA,NA,NA,NA,NA,NA,NA,18.87,NA
1983-01-01,Rio de Janeiro,43909.700000000004,NA,NA,NA,NA,NA,NA,NA,NA,15.94,NA
1984-01-01,Rio de Janeiro,43909.700000000004,NA,NA,NA,NA,NA,NA,NA,NA,20.85,NA
1981-01-01,São Paulo,248808.80000000008,NA,NA,NA,NA,NA,NA,NA,NA,16.42,NA
1982-01-01,São Paulo,248808.80000000008,NA,NA,NA,NA,NA,NA,NA,NA,15.99,NA
1983-01-01,São Paulo,248808.80000000008,NA,NA,NA,NA,NA,NA,NA,NA,21.87,NA
1984-01-01,São Paulo,248808.80000000008,NA,NA,NA,NA,NA,NA,NA,NA,25.84,NA
1981-01-01,Paraná,199709.10000000006,NA,NA,NA,NA,NA,NA,NA,NA,12.08,NA
1982-01-01,Paraná,199709.10000000006,NA,NA,NA,NA,NA,NA,NA,NA,13.85,NA
1983-01-01,Paraná,199709.10000000006,NA,NA,NA,NA,NA,NA,NA,NA,14.69,NA
1984-01-01,Paraná,199709.10000000006,NA,NA,NA,NA,NA,NA,NA,NA,13.45,NA
1981-01-01,Santa Catarina,95442.8999999999,NA,NA,NA,NA,NA,NA,NA,NA,7.33,NA
1982-01-01,Santa Catarina,95442.8999999999,NA,NA,NA,NA,NA,NA,NA,NA,7.03,NA
1983-01-01,Santa Catarina,95442.8999999999,NA,NA,NA,NA,NA,NA,NA,NA,8.19,NA
1984-01-01,Santa Catarina,95442.8999999999,NA,NA,NA,NA,NA,NA,NA,NA,7.45,NA
1981-01-01,Rio Grande do Sul,269153.9000000001,NA,NA,NA,NA,NA,NA,NA,NA,8.43,NA
1982-01-01,Rio Grande do Sul,269153.9000000001,NA,NA,NA,NA,NA,NA,NA,NA,8.6,NA
1983-01-01,Rio Grande do Sul,269153.9000000001,NA,NA,NA,NA,NA,NA,NA,NA,8.15,NA
1984-01-01,Rio Grande do Sul,269153.9000000001,NA,NA,NA,NA,NA,NA,NA,NA,8.3,NA
1981-01-01,Mato Grosso do Sul,358158.69999999995,NA,NA,NA,NA,NA,NA,NA,NA,17.98,NA
1982-01-01,Mato Grosso do Sul,358158.69999999995,NA,NA,NA,NA,NA,NA,NA,NA,18.82,NA
1983-01-01,Mato Grosso do Sul,358158.69999999995,NA,NA,NA,NA,NA,NA,NA,NA,20.49,NA
1984-01-01,Mato Grosso do Sul,358158.69999999995,NA,NA,NA,NA,NA,NA,NA,NA,22.4,NA
1981-01-01,Mato Grosso,906806.8999999997,NA,NA,NA,NA,NA,NA,NA,NA,6.38,NA
1982-01-01,Mato Grosso,906806.8999999997,NA,NA,NA,NA,NA,NA,NA,NA,5.03,NA
1983-01-01,Mato Grosso,906806.8999999997,NA,NA,NA,NA,NA,NA,NA,NA,10.4,NA
1984-01-01,Mato Grosso,906806.8999999997,NA,NA,NA,NA,NA,NA,NA,NA,13.3,NA
1981-01-01,Goiás,341289.4999999999,NA,NA,NA,NA,NA,NA,NA,NA,18.78,NA
1982-01-01,Goiás,341289.4999999999,NA,NA,NA,NA,NA,NA,NA,NA,18.38,NA
1983-01-01,Goiás,341289.4999999999,NA,NA,NA,NA,NA,NA,NA,NA,17.95,NA
1984-01-01,Goiás,341289.4999999999,NA,NA,NA,NA,NA,NA,NA,NA,16.29,NA
1981-01-01,Distrito Federal,5822.1,NA,NA,NA,NA,NA,NA,NA,NA,13.89,NA
1982-01-01,Distrito Federal,5822.1,NA,NA,NA,NA,NA,NA,NA,NA,15.76,NA
1983-01-01,Distrito Federal,5822.1,NA,NA,NA,NA,NA,NA,NA,NA,14.03,NA
1984-01-01,Distrito Federal,5822.1,NA,NA,NA,NA,NA,NA,NA,NA,12.41,NA
